symbol,pt_mean,pt_median,pt_high,pt_low,pt_count,rec_mean,last_update,recency_days,source
A,176.5,180.0,195.0,155.0,20.0,1.81818,1970-01-01,20734.0,yfinance.info/recommendations
AA,62.225,56.0,80.0,49.7,12.0,1.76923,1970-01-01,20734.0,yfinance.info/recommendations
AAMI,91.0,95.0,98.0,80.0,3.0,3.0,1970-01-01,20734.0,yfinance.info/recommendations
AAPL,328.09384,340.0,405.0,215.0,39.0,2.20455,1970-01-01,20734.0,yfinance.info/recommendations
AARD,11.11111,6.0,28.0,3.0,9.0,2.25,1970-01-01,20734.0,yfinance.info/recommendations
AAT,23.5,23.5,24.0,23.0,2.0,3.66667,1970-01-01,20734.0,yfinance.info/recommendations
ABAT,6.0,6.0,7.0,5.0,2.0,1.5,1970-01-01,20734.0,yfinance.info/recommendations
ABBV,280.7857,285.0,328.0,200.0,28.0,1.7,1970-01-01,20734.0,yfinance.info/recommendations
ABCB,94.16667,93.5,100.0,88.0,6.0,2.28571,1970-01-01,20734.0,yfinance.info/recommendations
ABM,55.92857,54.0,68.0,49.0,7.0,,1970-01-01,20734.0,yfinance.info/recommendations
ABNB,183.58974,185.0,220.0,135.0,39.0,2.0,1970-01-01,20734.0,yfinance.info/recommendations
ABOS,7.6,8.0,10.0,5.0,5.0,1.0,1970-01-01,20734.0,yfinance.info/recommendations
ABT,120.715,120.0,135.0,103.0,26.0,1.46429,1970-01-01,20734.0,yfinance.info/recommendations
ACET,34.83333,24.0,90.0,18.0,6.0,1.0,1970-01-01,20734.0,yfinance.info/recommendations
ACGL,111.07895,110.0,129.0,95.0,19.0,2.25,1970-01-01,20734.0,yfinance.info/recommendations
ACHC,33.78571,32.5,41.0,17.0,14.0,2.07143,1970-01-01,20734.0,yfinance.info/recommendations
ACHR,10.61111,11.0,18.0,4.5,9.0,,1970-01-01,20734.0,yfinance.info/recommendations
ACI,14.1875,13.0,24.0,10.0,16.0,2.63158,1970-01-01,20734.0,yfinance.info/recommendations
ACIU,8.51935,8.420287,11.887465,5.349359,4.0,1.0,1970-01-01,20734.0,yfinance.info/recommendations
ACMR,115.33333,115.0,159.0,75.0,9.0,1.44444,1970-01-01,20734.0,yfinance.info/recommendations
ACN,223.65459,223.0,275.0,163.0,24.0,2.25926,1970-01-01,20734.0,yfinance.info/recommendations
ACNB,67.66667,67.0,71.0,65.0,3.0,,1970-01-01,20734.0,yfinance.info/recommendations
ACNT,,,,,,,,,yfinance.info/recommendations
ACOG,18.0,20.0,21.0,12.0,5.0,1.5,1970-01-01,20734.0,yfinance.info/recommendations
ACON,7.625,7.625,7.75,7.5,2.0,1.0,1970-01-01,20734.0,yfinance.info/recommendations
ACRE,5.3,5.5,5.5,5.0,5.0,3.25,1970-01-01,20734.0,yfinance.info/recommendations
ACRS,10.18182,10.0,16.0,4.0,11.0,1.25,1970-01-01,20734.0,yfinance.info/recommendations
ACT,50.2,50.0,53.0,48.0,5.0,,1970-01-01,20734.0,yfinance.info/recommendations
ACTG,6.0,6.0,6.0,6.0,1.0,,1970-01-01,20734.0,yfinance.info/recommendations
ACTU,11.68333,12.0,15.05,8.0,3.0,,1970-01-01,20734.0,yfinance.info/recommendations
ACVA,10.1,10.5,13.0,6.0,5.0,2.8,1970-01-01,20734.0,yfinance.info/recommendations
ACXP,17.0,10.0,31.0,10.0,3.0,1.33333,1970-01-01,20734.0,yfinance.info/recommendations
ADBE,275.06375,265.5,373.0,195.0,32.0,2.76923,1970-01-01,20734.0,yfinance.info/recommendations
ADGM,3.33333,3.0,4.0,3.0,3.0,1.33333,1970-01-01,20734.0,yfinance.info/recommendations
ADI,470.71875,463.5,675.0,365.0,32.0,1.41176,1970-01-01,20734.0,yfinance.info/recommendations
ADMA,17.0,17.5,21.0,12.0,4.0,,1970-01-01,20734.0,yfinance.info/recommendations
ADP,286.4,287.0,322.0,225.0,15.0,2.72222,1970-01-01,20734.0,yfinance.info/recommendations
ADSK,307.54147,302.5,375.0,215.0,34.0,1.52778,1970-01-01,20734.0,yfinance.info/recommendations
ADT,8.23,8.5,9.0,7.0,5.0,,1970-01-01,20734.0,yfinance.info/recommendations
AEE,117.875,118.5,136.0,104.0,16.0,1.82353,1970-01-01,20734.0,yfinance.info/recommendations
AEHR,128.0,120.0,175.0,110.0,5.0,,1970-01-01,20734.0,yfinance.info/recommendations
AEM,215.96358,222.745,300.0,87.0,14.0,1.72727,1970-01-01,20734.0,yfinance.info/recommendations
AENT,9.0,9.0,10.0,8.0,3.0,1.33333,1970-01-01,20734.0,yfinance.info/recommendations
AEP,142.525,141.0,173.0,128.0,20.0,2.0,1970-01-01,20734.0,yfinance.info/recommendations
AES,15.0,15.0,15.0,15.0,8.0,3.0,1970-01-01,20734.0,yfinance.info/recommendations
AESI,17.84615,17.0,25.0,12.0,13.0,2.30769,1970-01-01,20734.0,yfinance.info/recommendations
AFBI,,,,,,,,,yfinance.info/recommendations
AFL,118.13333,116.0,138.0,101.0,15.0,3.2,1970-01-01,20734.0,yfinance.info/recommendations
AGCO,124.73333,123.0,151.0,98.0,15.0,2.4375,1970-01-01,20734.0,yfinance.info/recommendations
AGEN,26.33333,25.0,40.0,14.0,3.0,1.0,1970-01-01,20734.0,yfinance.info/recommendations
AGIO,46.0,43.5,73.0,32.0,8.0,1.6,1970-01-01,20734.0,yfinance.info/recommendations
AGM,257.0,255.0,262.0,254.0,3.0,,1970-01-01,20734.0,yfinance.info/recommendations
AGO,91.0,91.0,97.0,85.0,3.0,1.33333,1970-01-01,20734.0,yfinance.info/recommendations
AHR,64.4,65.0,74.0,55.0,15.0,1.4,1970-01-01,20734.0,yfinance.info/recommendations
AHT,,,,,,,,,yfinance.info/recommendations
AI,8.3,7.5,12.0,6.0,10.0,3.69231,1970-01-01,20734.0,yfinance.info/recommendations
AIG,88.3,88.0,101.0,80.0,20.0,2.31818,1970-01-01,20734.0,yfinance.info/recommendations
AII,27.0,26.5,29.0,26.0,4.0,2.0,1970-01-01,20734.0,yfinance.info/recommendations
AIMD,,,,,,,,,yfinance.info/recommendations
AIN,65.66667,61.0,75.0,61.0,3.0,,1970-01-01,20734.0,yfinance.info/recommendations
AIRE,,,,,,,,,yfinance.info/recommendations
AISP,6.5,6.5,6.5,6.5,1.0,,,,yfinance.info/recommendations
AIT,400.0,400.0,420.0,390.0,6.0,,1970-01-01,20734.0,yfinance.info/recommendations
AIZ,326.66666,327.0,355.0,300.0,6.0,1.42857,1970-01-01,20734.0,yfinance.info/recommendations
AJG,287.0,288.5,388.0,250.0,18.0,1.72727,1970-01-01,20734.0,yfinance.info/recommendations
AKAM,158.87318,161.5,225.0,93.0,22.0,2.04167,1970-01-01,20734.0,yfinance.info/recommendations
AKO-B,32.024235,33.44093,36.60287,24.37245,6.0,,1970-01-01,20734.0,yfinance.info/recommendations
ALB,168.564,170.0,225.0,83.28,20.0,1.95455,1970-01-01,20734.0,yfinance.info/recommendations
ALCO,45.0,45.0,45.0,45.0,2.0,,1970-01-01,20734.0,yfinance.info/recommendations
ALGM,54.41667,54.5,62.0,48.0,12.0,1.38462,1970-01-01,20734.0,yfinance.info/recommendations
ALGN,201.7143,202.5,235.0,155.0,14.0,2.125,1970-01-01,20734.0,yfinance.info/recommendations
ALIT,17.0,16.0,22.0,13.0,3.0,2.8,1970-01-01,20734.0,yfinance.info/recommendations
ALL,270.77274,270.5,336.0,191.0,22.0,2.52,1970-01-01,20734.0,yfinance.info/recommendations
ALLR,11.0,11.0,11.0,11.0,1.0,,1970-01-01,20734.0,yfinance.info/recommendations
ALRM,63.0,65.0,85.0,40.0,5.0,,1970-01-01,20734.0,yfinance.info/recommendations
ALSN,140.72726,137.0,185.0,115.0,11.0,2.27273,1970-01-01,20734.0,yfinance.info/recommendations
ALTO,8.33333,8.0,10.0,7.0,3.0,1.0,1970-01-01,20734.0,yfinance.info/recommendations
ALUR,,,,,,,,,yfinance.info/recommendations
AM,24.0,24.0,26.0,22.0,7.0,,1970-01-01,20734.0,yfinance.info/recommendations
AMAL,54.0,54.0,55.0,53.0,3.0,,1970-01-01,20734.0,yfinance.info/recommendations
AMAT,638.94446,650.0,900.0,358.0,36.0,1.45,1970-01-01,20734.0,yfinance.info/recommendations
AMBQ,87.71429,85.0,125.0,73.0,7.0,1.83333,1970-01-01,20734.0,yfinance.info/recommendations
AMCX,9.83333,10.0,11.0,9.0,6.0,3.625,1970-01-01,20734.0,yfinance.info/recommendations
AMD,636.208,635.5,1250.0,365.0,50.0,1.49091,1970-01-01,20734.0,yfinance.info/recommendations
AMG,440.42856,426.0,512.0,360.0,7.0,1.42857,1970-01-01,20734.0,yfinance.info/recommendations
AMGN,391.46103,400.0,500.0,225.0,29.0,2.64706,1970-01-01,20734.0,yfinance.info/recommendations
AMIX,58.80006,58.80006,75.60008,42.00004,2.0,,,,yfinance.info/recommendations
AMOD,60.0,60.0,60.0,60.0,1.0,,,,yfinance.info/recommendations
AMP,568.1818,561.0,645.0,489.0,11.0,2.5,1970-01-01,20734.0,yfinance.info/recommendations
AMPL,14.54545,14.0,18.0,11.0,11.0,1.75,1970-01-01,20734.0,yfinance.info/recommendations
AMRX,22.71429,22.0,27.0,20.0,7.0,1.42857,1970-01-01,20734.0,yfinance.info/recommendations
AMT,215.73914,210.0,260.0,188.0,23.0,1.52,1970-01-01,20734.0,yfinance.info/recommendations
AMTB,31.875,31.5,33.5,31.0,4.0,,1970-01-01,20734.0,yfinance.info/recommendations
AMTM,29.41667,28.0,40.0,20.0,12.0,2.33333,1970-01-01,20734.0,yfinance.info/recommendations
AMTX,13.375,11.5,28.0,2.5,4.0,,1970-01-01,20734.0,yfinance.info/recommendations
AMWL,12.8,12.0,16.0,11.0,5.0,,1970-01-01,20734.0,yfinance.info/recommendations
AMZN,331.53,330.0,405.0,230.0,58.0,1.32203,1970-01-01,20734.0,yfinance.info/recommendations
AN,230.41667,231.0,300.0,175.0,12.0,1.69231,1970-01-01,20734.0,yfinance.info/recommendations
ANDE,88.33333,90.0,90.0,85.0,3.0,,1970-01-01,20734.0,yfinance.info/recommendations
ANET,242.55206,248.0,289.0,190.0,29.0,1.28125,1970-01-01,20734.0,yfinance.info/recommendations
ANF,163.54546,165.0,185.0,134.0,11.0,2.0,1970-01-01,20734.0,yfinance.info/recommendations
ANGX,8.2,9.0,9.0,6.0,5.0,,1970-01-01,20734.0,yfinance.info/recommendations
ANRO,38.382,37.0,55.0,26.0,10.0,1.18182,1970-01-01,20734.0,yfinance.info/recommendations
ANTX,9.0,9.0,9.0,9.0,2.0,,1970-01-01,20734.0,yfinance.info/recommendations
AON,368.6842,380.0,435.0,229.0,19.0,2.14286,1970-01-01,20734.0,yfinance.info/recommendations
AOS,69.90909,70.0,84.0,59.0,11.0,2.53846,1970-01-01,20734.0,yfinance.info/recommendations
APA,46.2,47.0,62.0,36.0,25.0,2.55556,1970-01-01,20734.0,yfinance.info/recommendations
APD,343.4737,351.0,373.0,305.0,19.0,1.81818,1970-01-01,20734.0,yfinance.info/recommendations
APG,52.36364,53.0,55.0,47.0,11.0,1.3,1970-01-01,20734.0,yfinance.info/recommendations
APGE,134.622,135.0,135.11,133.0,5.0,2.71429,1970-01-01,20734.0,yfinance.info/recommendations
APH,101.28947,100.0,116.0,85.0,19.0,1.42105,1970-01-01,20734.0,yfinance.info/recommendations
APLD,65.36667,70.0,93.0,22.0,15.0,1.4,1970-01-01,20734.0,yfinance.info/recommendations
APO,151.45,152.0,173.0,127.0,20.0,1.77273,1970-01-01,20734.0,yfinance.info/recommendations
APOG,44.0,44.0,48.0,40.0,2.0,,1970-01-01,20734.0,yfinance.info/recommendations
APP,495.7229,475.0,790.0,325.0,31.0,1.57576,1970-01-01,20734.0,yfinance.info/recommendations
APVO,25.5,25.5,30.0,21.0,2.0,,1970-01-01,20734.0,yfinance.info/recommendations
APYX,6.5,6.0,8.0,6.0,6.0,1.33333,1970-01-01,20734.0,yfinance.info/recommendations
AQB,,,,,,,,,yfinance.info/recommendations
AQMS,5.0,5.0,5.0,5.0,1.0,,1970-01-01,20734.0,yfinance.info/recommendations
AQST,9.33333,10.0,11.0,6.0,9.0,,1970-01-01,20734.0,yfinance.info/recommendations
AR,49.42857,48.0,57.0,37.0,21.0,1.8,1970-01-01,20734.0,yfinance.info/recommendations
ARAI,1.0,1.0,1.0,1.0,1.0,,1970-01-01,20734.0,yfinance.info/recommendations
ARDT,12.66667,13.0,14.0,10.5,12.0,2.07692,1970-01-01,20734.0,yfinance.info/recommendations
ARDX,12.9,13.5,18.0,8.0,10.0,1.09091,1970-01-01,20734.0,yfinance.info/recommendations
ARE,52.57143,52.5,60.0,40.0,14.0,3.0,1970-01-01,20734.0,yfinance.info/recommendations
AREB,,,,,,,,,yfinance.info/recommendations
AREC,5.66667,5.0,7.0,5.0,3.0,1.33333,1970-01-01,20734.0,yfinance.info/recommendations
ARES,146.65,146.0,168.0,122.0,20.0,1.95,1970-01-01,20734.0,yfinance.info/recommendations
ARKR,,,,,,,,,yfinance.info/recommendations
ARL,,,,,,,,,yfinance.info/recommendations
ARLO,21.0,21.0,25.0,18.0,6.0,,1970-01-01,20734.0,yfinance.info/recommendations
ARMK,68.5,70.0,75.0,47.0,16.0,1.5,1970-01-01,20734.0,yfinance.info/recommendations
ARRY,8.20227,8.0,13.0,4.0,22.0,2.17391,1970-01-01,20734.0,yfinance.info/recommendations
ARTL,,,,,,,,,yfinance.info/recommendations
ARTV,35.8,40.0,41.0,23.0,5.0,1.16667,1970-01-01,20734.0,yfinance.info/recommendations
ARW,235.0,245.0,250.0,200.0,4.0,,1970-01-01,20734.0,yfinance.info/recommendations
ARWR,107.23077,104.0,126.0,74.0,13.0,1.42857,1970-01-01,20734.0,yfinance.info/recommendations
ASAN,10.07692,10.0,15.0,6.25,13.0,2.66667,1970-01-01,20734.0,yfinance.info/recommendations
ASBP,,,,,,,,,yfinance.info/recommendations
ASIC,29.1,29.0,30.0,28.0,5.0,1.8,1970-01-01,20734.0,yfinance.info/recommendations
ASPN,7.75,7.75,10.0,5.0,5.0,1.83333,1970-01-01,20734.0,yfinance.info/recommendations
ASRV,,,,,,,,,yfinance.info/recommendations
ASTC,,,,,,,,,yfinance.info/recommendations
ASTE,67.25,65.5,78.0,60.0,4.0,,1970-01-01,20734.0,yfinance.info/recommendations
ASTS,77.94167,79.0,108.0,42.5,12.0,2.69231,1970-01-01,20734.0,yfinance.info/recommendations
ASUR,13.11111,13.0,15.0,11.0,9.0,1.22222,1970-01-01,20734.0,yfinance.info/recommendations
ATEN,36.66667,37.5,45.0,28.0,6.0,1.83333,1970-01-01,20734.0,yfinance.info/recommendations
ATI,256.0,258.0,270.0,240.0,9.0,1.11111,1970-01-01,20734.0,yfinance.info/recommendations
ATLC,130.6,120.0,179.0,110.0,5.0,1.25,1970-01-01,20734.0,yfinance.info/recommendations
ATLO,33.0,33.0,33.0,33.0,1.0,,1970-01-01,20734.0,yfinance.info/recommendations
ATLX,11.5,11.5,11.5,11.5,1.0,,1970-01-01,20734.0,yfinance.info/recommendations
ATNI,69.0,69.0,69.0,69.0,1.0,,1970-01-01,20734.0,yfinance.info/recommendations
ATO,185.0,183.0,206.0,167.0,11.0,2.71429,1970-01-01,20734.0,yfinance.info/recommendations
ATRA,13.66667,13.0,18.0,10.0,3.0,1.66667,1970-01-01,20734.0,yfinance.info/recommendations
ATRC,54.88889,55.0,65.0,36.0,9.0,1.9,1970-01-01,20734.0,yfinance.info/recommendations
ATRO,100.5,100.0,107.0,95.0,4.0,,1970-01-01,20734.0,yfinance.info/recommendations
AUID,,,,,,,,,yfinance.info/recommendations
AUR,12.04917,12.5,18.0,3.59,12.0,1.92308,1970-01-01,20734.0,yfinance.info/recommendations
AVAH,14.85,15.0,16.0,13.0,10.0,1.72727,1970-01-01,20734.0,yfinance.info/recommendations
AVAV,216.6285,215.0,315.0,148.57,20.0,1.66667,1970-01-01,20734.0,yfinance.info/recommendations
AVB,201.70589,201.0,225.0,189.0,17.0,2.52632,1970-01-01,20734.0,yfinance.info/recommendations
AVBC,25.5,25.5,26.0,25.0,2.0,1.0,1970-01-01,20734.0,yfinance.info/recommendations
AVGO,531.3149,535.0,715.0,215.88,47.0,1.26,1970-01-01,20734.0,yfinance.info/recommendations
AVNT,50.85714,50.0,56.0,46.0,7.0,,1970-01-01,20734.0,yfinance.info/recommendations
AVTR,14.77857,15.0,19.0,12.0,14.0,2.8125,1970-01-01,20734.0,yfinance.info/recommendations
AVXL,,,,,,,1970-01-01,20734.0,yfinance.info/recommendations
AVY,199.6,196.0,225.0,181.0,10.0,1.54545,1970-01-01,20734.0,yfinance.info/recommendations
AWK,141.45454,140.0,162.0,128.0,11.0,2.61538,1970-01-01,20734.0,yfinance.info/recommendations
AWRE,,,,,,,,,yfinance.info/recommendations
AX,117.71429,116.0,128.0,110.0,7.0,1.42857,1970-01-01,20734.0,yfinance.info/recommendations
AXGN,53.81818,55.0,58.0,48.0,11.0,1.27273,1970-01-01,20734.0,yfinance.info/recommendations
AXON,704.1053,700.0,830.0,440.0,19.0,1.66667,1970-01-01,20734.0,yfinance.info/recommendations
AXP,371.37042,375.0,450.0,320.0,24.0,2.17241,1970-01-01,20734.0,yfinance.info/recommendations
AXSM,284.62772,278.0,380.0,246.0,22.0,1.22727,1970-01-01,20734.0,yfinance.info/recommendations
AYTU,9.66667,7.0,15.0,7.0,3.0,1.33333,1970-01-01,20734.0,yfinance.info/recommendations
AZO,3719.9565,3648.0,4800.0,3000.0,23.0,1.48148,1970-01-01,20734.0,yfinance.info/recommendations
BA,271.76923,270.0,305.0,248.0,26.0,1.5,1970-01-01,20734.0,yfinance.info/recommendations
BAC,67.33333,67.0,75.0,62.0,21.0,1.5,1970-01-01,20734.0,yfinance.info/recommendations
BAER,3.66667,4.0,4.0,3.0,3.0,,1970-01-01,20734.0,yfinance.info/recommendations
BALL,71.85714,72.5,79.0,63.0,14.0,1.6,1970-01-01,20734.0,yfinance.info/recommendations
BAP,427.47806,450.0,482.0,219.0,14.0,1.57143,1970-01-01,20734.0,yfinance.info/recommendations
BATRK,63.4,67.0,74.0,49.0,5.0,,1970-01-01,20734.0,yfinance.info/recommendations
BAX,27.91667,27.5,40.0,20.0,12.0,2.78571,1970-01-01,20734.0,yfinance.info/recommendations
BBCP,12.0,12.0,12.0,12.0,1.0,,1970-01-01,20734.0,yfinance.info/recommendations
BBIO,109.04762,110.0,156.0,80.0,21.0,1.5,1970-01-01,20734.0,yfinance.info/recommendations
BBNX,23.8,25.0,30.4,16.0,13.0,1.71429,1970-01-01,20734.0,yfinance.info/recommendations
BBVA,24.52667,24.0,28.58,21.0,3.0,,1970-01-01,20734.0,yfinance.info/recommendations
BBY,86.95,85.0,100.0,71.0,20.0,2.8,1970-01-01,20734.0,yfinance.info/recommendations
BC,91.625,90.0,120.0,80.0,16.0,2.0,1970-01-01,20734.0,yfinance.info/recommendations
BCAB,,,,,,,,,yfinance.info/recommendations
BCBP,8.95,9.0,9.5,8.35,3.0,,1970-01-01,20734.0,yfinance.info/recommendations
BCDA,15.5,15.5,25.0,6.0,2.0,,1970-01-01,20734.0,yfinance.info/recommendations
BCE,26.597654,26.992964,28.196424,24.60358,3.0,2.21053,1970-01-01,20734.0,yfinance.info/recommendations
BCG,,,,,,,,,yfinance.info/recommendations
BCS,29.9225,29.545,33.5,27.1,4.0,2.5,1970-01-01,20734.0,yfinance.info/recommendations
BDTX,10.0,10.0,14.0,8.0,7.0,1.5,1970-01-01,20734.0,yfinance.info/recommendations
BDX,194.07692,195.0,225.0,165.0,13.0,2.2,1970-01-01,20734.0,yfinance.info/recommendations
BEAM,52.15385,45.0,80.0,26.0,13.0,1.33333,1970-01-01,20734.0,yfinance.info/recommendations
BEAT,3.5,3.5,5.0,2.0,2.0,2.0,1970-01-01,20734.0,yfinance.info/recommendations
BEEP,5.83333,6.0,6.5,5.0,3.0,,1970-01-01,20734.0,yfinance.info/recommendations
BELFA,313.0,313.0,326.0,300.0,2.0,,1970-01-01,20734.0,yfinance.info/recommendations
BEN,35.84615,36.0,41.0,26.0,13.0,2.61538,1970-01-01,20734.0,yfinance.info/recommendations
BF-A,,,,,,,,,yfinance.info/recommendations
BF-B,28.25882,28.0,35.0,20.0,17.0,3.16667,1970-01-01,20734.0,yfinance.info/recommendations
BFAM,88.11111,93.0,99.0,66.0,9.0,2.33333,1970-01-01,20734.0,yfinance.info/recommendations
BFC,163.0,163.0,165.0,161.0,2.0,,1970-01-01,20734.0,yfinance.info/recommendations
BFLY,11.4,11.0,15.0,10.0,5.0,1.16667,1970-01-01,20734.0,yfinance.info/recommendations
BFS,43.0,43.0,47.0,39.0,2.0,,1970-01-01,20734.0,yfinance.info/recommendations
BFST,34.9,35.0,37.0,32.5,5.0,1.2,1970-01-01,20734.0,yfinance.info/recommendations
BGMS,,,,,,,,,yfinance.info/recommendations
BGS,4.3,4.5,5.0,3.0,5.0,3.4,1970-01-01,20734.0,yfinance.info/recommendations
BH,,,,,,,,,yfinance.info/recommendations
BHC,7.5,7.0,9.0,6.5,5.0,3.0,1970-01-01,20734.0,yfinance.info/recommendations
BIAF,,,,,,,,,yfinance.info/recommendations
BIIB,238.18195,240.0,300.0,175.0,31.0,1.88571,1970-01-01,20734.0,yfinance.info/recommendations
BIVI,5.255,5.255,5.51,5.0,2.0,,1970-01-01,20734.0,yfinance.info/recommendations
BJ,105.8,105.0,120.0,82.0,20.0,2.13043,1970-01-01,20734.0,yfinance.info/recommendations
BJRI,75.42857,76.0,82.0,65.0,7.0,1.88889,1970-01-01,20734.0,yfinance.info/recommendations
BKE,46.0,46.0,46.0,46.0,1.0,3.0,1970-01-01,20734.0,yfinance.info/recommendations
BKKT,12.0,12.0,12.0,12.0,1.0,,1970-01-01,20734.0,yfinance.info/recommendations
BKNG,237.4,240.0,301.0,188.0,35.0,1.54054,1970-01-01,20734.0,yfinance.info/recommendations
BKR,71.16667,73.0,85.0,51.0,24.0,1.68,1970-01-01,20734.0,yfinance.info/recommendations
BL,38.1,35.5,70.0,23.0,10.0,2.83333,1970-01-01,20734.0,yfinance.info/recommendations
BLBD,89.125,89.5,95.0,82.0,8.0,1.25,1970-01-01,20734.0,yfinance.info/recommendations
BLDR,77.45455,77.5,100.0,52.0,22.0,2.375,1970-01-01,20734.0,yfinance.info/recommendations
BLIN,,,,,,,,,yfinance.info/recommendations
BLK,1315.8235,1300.0,1479.0,1190.0,17.0,1.44444,1970-01-01,20734.0,yfinance.info/recommendations
BLKB,51.5,51.5,58.0,45.0,4.0,2.25,1970-01-01,20734.0,yfinance.info/recommendations
BLNE,4.5,4.5,4.5,4.5,1.0,,,,yfinance.info/recommendations
BLNK,1.625,1.5,2.5,1.0,4.0,,1970-01-01,20734.0,yfinance.info/recommendations
BMBL,3.79,3.75,5.0,3.0,10.0,,1970-01-01,20734.0,yfinance.info/recommendations
BMI,156.66667,162.0,170.0,112.0,9.0,,1970-01-01,20734.0,yfinance.info/recommendations
BMO,165.47212,170.93266,181.60008,143.88364,3.0,2.73333,1970-01-01,20734.0,yfinance.info/recommendations
BMRN,91.61538,90.0,124.0,60.0,26.0,1.74074,1970-01-01,20734.0,yfinance.info/recommendations
BMY,66.16667,65.5,82.0,41.0,24.0,2.53571,1970-01-01,20734.0,yfinance.info/recommendations
BNED,17.25,17.25,18.5,16.0,2.0,,1970-01-01,20734.0,yfinance.info/recommendations
BNGO,5.0,5.0,6.0,4.0,2.0,,1970-01-01,20734.0,yfinance.info/recommendations
BODI,17.0,18.5,22.0,9.0,4.0,,1970-01-01,20734.0,yfinance.info/recommendations
BOKF,147.66667,147.0,160.0,135.0,9.0,3.0,1970-01-01,20734.0,yfinance.info/recommendations
BOOT,217.0,211.0,282.0,160.0,14.0,1.25,1970-01-01,20734.0,yfinance.info/recommendations
BOTJ,,,,,,,,,yfinance.info/recommendations
BOW,34.33333,34.0,36.0,34.0,6.0,,1970-01-01,20734.0,yfinance.info/recommendations
BOX,38.71429,40.0,50.0,26.0,7.0,,1970-01-01,20734.0,yfinance.info/recommendations
BPRN,46.75,46.75,48.0,45.5,2.0,,1970-01-01,20734.0,yfinance.info/recommendations
BR,213.375,220.0,250.0,176.0,8.0,2.33333,1970-01-01,20734.0,yfinance.info/recommendations
BRBR,14.70833,14.5,20.0,10.0,12.0,2.07143,1970-01-01,20734.0,yfinance.info/recommendations
BRC,110.0,110.0,111.0,109.0,2.0,1.0,1970-01-01,20734.0,yfinance.info/recommendations
BRCB,12.0,11.0,20.0,8.0,6.0,2.0,1970-01-01,20734.0,yfinance.info/recommendations
BRK-B,547.6667,529.0,604.0,510.0,3.0,2.0,1970-01-01,20734.0,yfinance.info/recommendations
BRO,75.0625,76.0,90.0,55.0,16.0,2.78947,1970-01-01,20734.0,yfinance.info/recommendations
BROS,72.36,75.0,95.0,29.0,25.0,1.26923,1970-01-01,20734.0,yfinance.info/recommendations
BRT,18.0,18.5,20.0,15.5,3.0,,1970-01-01,20734.0,yfinance.info/recommendations
BRTX,300.0,300.0,300.0,300.0,1.0,2.0,1970-01-01,20734.0,yfinance.info/recommendations
BRX,35.0,35.0,42.0,30.0,15.0,1.46667,1970-01-01,20734.0,yfinance.info/recommendations
BSLK,,,,,,,,,yfinance.info/recommendations
BSX,59.89655,60.0,94.0,44.0,29.0,1.6129,1970-01-01,20734.0,yfinance.info/recommendations
BTG,6.45,7.0,7.5,4.0,5.0,1.76923,1970-01-01,20734.0,yfinance.info/recommendations
BTU,31.58333,31.0,36.0,27.5,6.0,1.66667,1970-01-01,20734.0,yfinance.info/recommendations
BUSE,32.42857,33.0,35.0,30.0,7.0,2.42857,1970-01-01,20734.0,yfinance.info/recommendations
BVFL,,,,,,,,,yfinance.info/recommendations
BWA,81.26667,85.0,95.0,62.0,15.0,1.86667,1970-01-01,20734.0,yfinance.info/recommendations
BWB,24.0,24.0,25.0,23.0,4.0,1.25,1970-01-01,20734.0,yfinance.info/recommendations
BWFG,69.5,69.5,72.0,67.0,2.0,,1970-01-01,20734.0,yfinance.info/recommendations
BWIN,32.91667,32.5,37.0,31.0,6.0,2.75,1970-01-01,20734.0,yfinance.info/recommendations
BWMN,43.0,43.0,43.0,43.0,5.0,,1970-01-01,20734.0,yfinance.info/recommendations
BX,141.63635,138.0,184.0,119.0,22.0,2.08333,1970-01-01,20734.0,yfinance.info/recommendations
BXC,88.33333,84.0,98.0,83.0,3.0,2.0,1970-01-01,20734.0,yfinance.info/recommendations
BXMT,18.85714,18.0,23.0,16.0,7.0,2.0,1970-01-01,20734.0,yfinance.info/recommendations
BXP,75.95,76.5,91.0,60.0,20.0,2.13636,1970-01-01,20734.0,yfinance.info/recommendations
BYD,96.0,93.5,111.0,87.0,16.0,2.26316,1970-01-01,20734.0,yfinance.info/recommendations
BZH,27.5,27.5,33.0,22.0,2.0,,1970-01-01,20734.0,yfinance.info/recommendations
C,152.75,155.0,170.0,130.0,20.0,1.68182,1970-01-01,20734.0,yfinance.info/recommendations
CAG,14.31875,14.0,23.0,11.0,16.0,3.29412,1970-01-01,20734.0,yfinance.info/recommendations
CAH,270.33334,275.0,292.0,235.0,15.0,1.52941,1970-01-01,20734.0,yfinance.info/recommendations
CAKE,97.42857,99.5,122.0,60.0,14.0,2.66667,1970-01-01,20734.0,yfinance.info/recommendations
CAL,17.0,17.0,18.0,16.0,2.0,,1970-01-01,20734.0,yfinance.info/recommendations
CAPR,27.0,25.0,54.0,7.0,5.0,2.3,1970-01-01,20734.0,yfinance.info/recommendations
CARE,35.08333,35.0,35.75,34.5,3.0,,1970-01-01,20734.0,yfinance.info/recommendations
CARL,19.2,18.0,23.0,17.0,5.0,1.4,1970-01-01,20734.0,yfinance.info/recommendations
CARR,75.27818,76.0,90.0,60.0,22.0,1.96,1970-01-01,20734.0,yfinance.info/recommendations
CASH,101.0,101.0,105.0,97.0,2.0,,1970-01-01,20734.0,yfinance.info/recommendations
CAT,970.79846,980.5,1155.0,575.0,26.0,2.07143,1970-01-01,20734.0,yfinance.info/recommendations
CATO,,,,,,,,,yfinance.info/recommendations
CATY,65.0,66.0,75.0,53.0,5.0,2.83333,1970-01-01,20734.0,yfinance.info/recommendations
CB,366.9565,365.0,425.0,307.0,23.0,2.44,1970-01-01,20734.0,yfinance.info/recommendations
CBAN,25.125,25.125,26.25,24.0,2.0,,1970-01-01,20734.0,yfinance.info/recommendations
CBFV,41.66667,41.0,44.0,40.0,3.0,2.0,1970-01-01,20734.0,yfinance.info/recommendations
CBIO,31.5,31.5,36.0,27.0,6.0,1.125,1970-01-01,20734.0,yfinance.info/recommendations
CBLL,28.57143,29.0,33.0,24.0,7.0,1.125,1970-01-01,20734.0,yfinance.info/recommendations
CBNK,41.9375,42.0,43.75,40.0,4.0,2.6,1970-01-01,20734.0,yfinance.info/recommendations
CBRE,182.16667,186.5,200.0,144.0,12.0,1.41667,1970-01-01,20734.0,yfinance.info/recommendations
CBT,90.33333,90.0,100.0,78.0,6.0,2.5,1970-01-01,20734.0,yfinance.info/recommendations
CC,18.33333,18.0,24.0,15.0,9.0,2.22222,1970-01-01,20734.0,yfinance.info/recommendations
CCAP,12.25,12.0,14.0,10.25,7.0,,1970-01-01,20734.0,yfinance.info/recommendations
CCI,94.44762,92.0,120.0,80.0,21.0,2.13043,1970-01-01,20734.0,yfinance.info/recommendations
CCL,33.93077,33.5,43.0,28.7,26.0,1.55172,1970-01-01,20734.0,yfinance.info/recommendations
CCNE,37.83333,38.0,39.0,36.0,6.0,2.0,1970-01-01,20734.0,yfinance.info/recommendations
CCO,2.43,2.43,2.43,2.43,2.0,,1970-01-01,20734.0,yfinance.info/recommendations
CDE,23.95455,23.0,35.0,18.0,11.0,1.72727,1970-01-01,20734.0,yfinance.info/recommendations
CDNS,406.2404,415.435,470.0,300.0,26.0,1.36,1970-01-01,20734.0,yfinance.info/recommendations
CDRE,47.5,45.0,62.0,43.0,6.0,1.2,1970-01-01,20734.0,yfinance.info/recommendations
CDW,158.66667,159.0,171.0,148.0,9.0,,1970-01-01,20734.0,yfinance.info/recommendations
CDXS,6.14286,5.0,11.0,2.0,7.0,1.625,1970-01-01,20734.0,yfinance.info/recommendations
CECO,111.85714,118.0,130.0,85.0,7.0,,1970-01-01,20734.0,yfinance.info/recommendations
CEG,341.532,345.5,395.0,290.0,20.0,1.54545,1970-01-01,20734.0,yfinance.info/recommendations
CELC,156.90909,157.0,177.0,130.0,11.0,1.25,1970-01-01,20734.0,yfinance.info/recommendations
CENT,53.0,53.0,60.0,46.0,2.0,,1970-01-01,20734.0,yfinance.info/recommendations
CENTA,46.25,48.0,50.0,39.0,4.0,,1970-01-01,20734.0,yfinance.info/recommendations
CETX,,,,,,,,,yfinance.info/recommendations
CETY,,,,,,,,,yfinance.info/recommendations
CF,127.686,124.0,195.72,105.0,20.0,2.81818,1970-01-01,20734.0,yfinance.info/recommendations
CFG,79.13889,79.0,89.0,70.0,18.0,1.57895,1970-01-01,20734.0,yfinance.info/recommendations
CFR,173.35715,175.0,201.0,145.0,14.0,2.53333,1970-01-01,20734.0,yfinance.info/recommendations
CGNX,79.10526,80.0,92.0,60.0,19.0,1.85,1970-01-01,20734.0,yfinance.info/recommendations
CHCO,142.4,146.0,147.0,128.0,5.0,3.0,1970-01-01,20734.0,yfinance.info/recommendations
CHCT,17.5,17.5,18.0,17.0,4.0,2.25,1970-01-01,20734.0,yfinance.info/recommendations
CHD,104.84211,105.0,115.0,78.0,19.0,2.2381,1970-01-01,20734.0,yfinance.info/recommendations
CHDN,130.83333,128.0,157.0,100.0,12.0,1.25,1970-01-01,20734.0,yfinance.info/recommendations
CHEF,122.0,125.0,131.0,104.0,8.0,1.25,1970-01-01,20734.0,yfinance.info/recommendations
CHGG,2.79167,2.5,4.0,2.0,6.0,,1970-01-01,20734.0,yfinance.info/recommendations
CHMI,3.1,3.1,3.1,3.1,1.0,3.0,1970-01-01,20734.0,yfinance.info/recommendations
CHPT,7.5,7.5,9.0,6.5,5.0,,1970-01-01,20734.0,yfinance.info/recommendations
CHRW,198.8261,203.0,235.0,135.0,23.0,1.52174,1970-01-01,20734.0,yfinance.info/recommendations
CHTR,175.10526,150.0,380.0,68.0,19.0,3.0,1970-01-01,20734.0,yfinance.info/recommendations
CHWY,28.63636,28.0,36.0,21.0,22.0,1.88462,1970-01-01,20734.0,yfinance.info/recommendations
CHYM,39.40909,40.0,50.0,30.0,22.0,1.43478,1970-01-01,20734.0,yfinance.info/recommendations
CI,342.29166,345.0,400.0,288.0,24.0,1.75,1970-01-01,20734.0,yfinance.info/recommendations
CIA,5.25,5.25,5.5,5.0,2.0,,1970-01-01,20734.0,yfinance.info/recommendations
CIEN,512.9907,536.5,660.0,347.0,20.0,1.71429,1970-01-01,20734.0,yfinance.info/recommendations
CIFR,30.47727,28.0,59.0,18.0,22.0,1.40909,1970-01-01,20734.0,yfinance.info/recommendations
CIM,14.16667,14.0,15.5,13.0,3.0,2.6,1970-01-01,20734.0,yfinance.info/recommendations
CINF,191.0,191.0,200.0,177.0,6.0,2.5,1970-01-01,20734.0,yfinance.info/recommendations
CION,8.75,8.75,9.0,8.5,2.0,,1970-01-01,20734.0,yfinance.info/recommendations
CISO,,,,,,,,,yfinance.info/recommendations
CJMB,,,,,,,,,yfinance.info/recommendations
CL,98.35,100.0,110.0,87.0,20.0,2.04762,1970-01-01,20734.0,yfinance.info/recommendations
CLAR,3.5,3.25,4.5,3.0,5.0,,1970-01-01,20734.0,yfinance.info/recommendations
CLH,358.33334,362.0,390.0,325.0,15.0,1.58824,1970-01-01,20734.0,yfinance.info/recommendations
CLIR,20.0,20.0,20.0,20.0,1.0,,1970-01-01,20734.0,yfinance.info/recommendations
CLNE,4.00833,3.375,7.0,1.8,6.0,,1970-01-01,20734.0,yfinance.info/recommendations
CLRB,11.5,10.5,15.0,10.0,4.0,,1970-01-01,20734.0,yfinance.info/recommendations
CLS,473.9143,480.0,550.0,375.0,18.0,1.22727,1970-01-01,20734.0,yfinance.info/recommendations
CLSK,23.89286,24.0,27.0,21.0,14.0,1.28571,1970-01-01,20734.0,yfinance.info/recommendations
CLX,99.58824,98.0,154.0,74.0,17.0,3.22222,1970-01-01,20734.0,yfinance.info/recommendations
CLYM,27.57143,26.5,40.0,18.0,14.0,1.13333,1970-01-01,20734.0,yfinance.info/recommendations
CMCSA,28.73,28.0,44.0,17.0,23.0,2.64286,1970-01-01,20734.0,yfinance.info/recommendations
CMDB,,,,,,,,,yfinance.info/recommendations
CME,285.1875,285.5,330.0,217.0,16.0,2.47059,1970-01-01,20734.0,yfinance.info/recommendations
CMG,43.75806,44.0,53.0,35.0,31.0,1.74286,1970-01-01,20734.0,yfinance.info/recommendations
CMI,743.0842,761.0,890.0,530.0,19.0,1.86957,1970-01-01,20734.0,yfinance.info/recommendations
CMPX,5.45455,6.0,12.0,1.0,11.0,1.53333,1970-01-01,20734.0,yfinance.info/recommendations
CMRC,4.0,3.0,7.5,2.0,5.0,3.0,1970-01-01,20734.0,yfinance.info/recommendations
CMRE,20.0,20.0,21.0,19.0,2.0,,1970-01-01,20734.0,yfinance.info/recommendations
CMS,77.58333,77.5,86.0,68.0,12.0,2.26667,1970-01-01,20734.0,yfinance.info/recommendations
CMTG,2.21667,2.15,2.75,1.75,3.0,,1970-01-01,20734.0,yfinance.info/recommendations
CMTL,4.25,4.25,6.0,2.5,2.0,1.0,1970-01-01,20734.0,yfinance.info/recommendations
CNA,49.0,49.0,49.0,49.0,1.0,,1970-01-01,20734.0,yfinance.info/recommendations
CNC,71.77778,70.5,85.0,56.0,18.0,2.38095,1970-01-01,20734.0,yfinance.info/recommendations
CNET,,,,,,,,,yfinance.info/recommendations
CNK,39.81818,40.0,44.0,34.0,11.0,2.0,1970-01-01,20734.0,yfinance.info/recommendations
CNM,54.76923,55.0,75.0,40.0,13.0,2.21429,1970-01-01,20734.0,yfinance.info/recommendations
CNNE,16.75,16.75,17.5,16.0,2.0,,1970-01-01,20734.0,yfinance.info/recommendations
CNP,45.05882,46.0,50.0,38.0,17.0,2.15789,1970-01-01,20734.0,yfinance.info/recommendations
CNQ,48.209,45.930233,57.7482,43.22734,4.0,2.22727,1970-01-01,20734.0,yfinance.info/recommendations
CNR,109.5,107.5,118.0,105.0,4.0,,1970-01-01,20734.0,yfinance.info/recommendations
CNS,76.33333,80.0,89.0,60.0,3.0,2.66667,1970-01-01,20734.0,yfinance.info/recommendations
CNSP,10.0,10.0,10.0,10.0,1.0,,,,yfinance.info/recommendations
CNTX,4.0325,4.5,5.0,2.0,8.0,,1970-01-01,20734.0,yfinance.info/recommendations
CNVS,11.5,11.5,14.0,9.0,2.0,,1970-01-01,20734.0,yfinance.info/recommendations
CNXC,33.5,30.0,45.0,29.0,4.0,1.75,1970-01-01,20734.0,yfinance.info/recommendations
COCH,2.16667,2.0,2.5,2.0,3.0,1.0,1970-01-01,20734.0,yfinance.info/recommendations
COF,257.1905,255.0,300.0,220.0,21.0,1.56522,1970-01-01,20734.0,yfinance.info/recommendations
COGT,55.81818,55.0,62.0,45.0,11.0,1.33333,1970-01-01,20734.0,yfinance.info/recommendations
COHU,70.875,70.0,80.0,65.0,8.0,1.125,1970-01-01,20734.0,yfinance.info/recommendations
COIN,211.12424,205.0,330.0,110.0,33.0,1.97368,1970-01-01,20734.0,yfinance.info/recommendations
COLB,33.64286,34.0,36.0,31.0,14.0,2.28571,1970-01-01,20734.0,yfinance.info/recommendations
COLD,16.38235,16.0,21.0,13.0,17.0,2.35294,1970-01-01,20734.0,yfinance.info/recommendations
COLL,49.0,48.5,60.0,43.0,8.0,1.5,1970-01-01,20734.0,yfinance.info/recommendations
COO,65.8,65.0,75.0,58.0,15.0,2.52941,1970-01-01,20734.0,yfinance.info/recommendations
COOK,62.33333,64.5,77.0,43.0,6.0,,1970-01-01,20734.0,yfinance.info/recommendations
COP,146.88461,146.0,189.0,126.0,26.0,1.78571,1970-01-01,20734.0,yfinance.info/recommendations
COR,369.25,365.0,430.0,330.0,12.0,1.71429,1970-01-01,20734.0,yfinance.info/recommendations
CORT,141.0,164.0,165.0,50.0,5.0,2.0,1970-01-01,20734.0,yfinance.info/recommendations
COSM,4.5,4.5,4.5,4.5,1.0,0.0,1970-01-01,20734.0,yfinance.info/recommendations
COST,1057.9429,1065.0,1315.0,770.0,35.0,1.94872,1970-01-01,20734.0,yfinance.info/recommendations
COTY,2.64238,2.701,4.0,1.5,13.0,3.11765,1970-01-01,20734.0,yfinance.info/recommendations
CPAY,461.0,455.0,536.0,390.0,15.0,1.6875,1970-01-01,20734.0,yfinance.info/recommendations
CPB,20.79412,19.0,41.5,16.0,17.0,3.3,1970-01-01,20734.0,yfinance.info/recommendations
CPBI,,,,,,,,,yfinance.info/recommendations
CPNG,23.50556,24.0,30.0,12.0,18.0,1.72222,1970-01-01,20734.0,yfinance.info/recommendations
CPRT,39.0,37.0,55.0,25.0,10.0,2.25,1970-01-01,20734.0,yfinance.info/recommendations
CPT,115.42045,114.5,132.0,102.0,22.0,2.58333,1970-01-01,20734.0,yfinance.info/recommendations
CR,237.2,241.0,253.0,192.0,10.0,1.3,1970-01-01,20734.0,yfinance.info/recommendations
CRBU,9.25,9.5,13.0,5.0,4.0,1.42857,1970-01-01,20734.0,yfinance.info/recommendations
CRCT,4.06667,4.0,4.5,3.7,3.0,,1970-01-01,20734.0,yfinance.info/recommendations
CRD-A,15.0,15.0,15.0,15.0,1.0,2.0,1970-01-01,20734.0,yfinance.info/recommendations
CRD-B,14.0,14.0,14.0,14.0,1.0,,1970-01-01,20734.0,yfinance.info/recommendations
CRDF,5.81429,6.0,12.0,1.2,7.0,,1970-01-01,20734.0,yfinance.info/recommendations
CREG,,,,,,,,,yfinance.info/recommendations
CRL,305.0,322.0,357.0,145.0,15.0,1.66667,1970-01-01,20734.0,yfinance.info/recommendations
CRM,283.36075,282.5,475.0,160.0,54.0,1.75,1970-01-01,20734.0,yfinance.info/recommendations
CRNC,10.75,11.0,12.0,9.0,4.0,,1970-01-01,20734.0,yfinance.info/recommendations
CROX,138.25,150.0,163.0,95.0,12.0,,1970-01-01,20734.0,yfinance.info/recommendations
CRS,612.125,614.0,700.0,430.0,8.0,1.375,1970-01-01,20734.0,yfinance.info/recommendations
CRVO,15.4,15.0,25.0,7.0,5.0,1.0,1970-01-01,20734.0,yfinance.info/recommendations
CRWD,237.77,245.0,325.0,132.0,50.0,1.71698,1970-01-01,20734.0,yfinance.info/recommendations
CRWS,,,,,,,,,yfinance.info/recommendations
CRWV,141.47368,147.5,278.0,39.0,38.0,1.83333,1970-01-01,20734.0,yfinance.info/recommendations
CSCO,136.16,135.0,170.0,110.0,25.0,1.86207,1970-01-01,20734.0,yfinance.info/recommendations
CSGP,37.3,36.0,53.0,25.0,20.0,2.09524,1970-01-01,20734.0,yfinance.info/recommendations
CSL,410.375,411.0,475.0,340.0,8.0,2.2,1970-01-01,20734.0,yfinance.info/recommendations
CSTL,45.11111,45.0,57.0,35.0,9.0,1.0,1970-01-01,20734.0,yfinance.info/recommendations
CSV,51.0,50.0,65.0,42.0,5.0,1.4,1970-01-01,20734.0,yfinance.info/recommendations
CSX,52.84221,54.0,60.0,32.0,23.0,1.92,1970-01-01,20734.0,yfinance.info/recommendations
CTAS,218.3125,224.5,250.0,181.0,16.0,2.2,1970-01-01,20734.0,yfinance.info/recommendations
CTBI,81.33333,81.0,82.0,81.0,3.0,,1970-01-01,20734.0,yfinance.info/recommendations
CTEV,46.0,43.0,73.0,30.0,5.0,1.8,1970-01-01,20734.0,yfinance.info/recommendations
CTKB,5.5625,5.0,7.5,4.75,4.0,,1970-01-01,20734.0,yfinance.info/recommendations
CTO,24.6,25.0,25.0,24.0,5.0,1.0,1970-01-01,20734.0,yfinance.info/recommendations
CTOS,13.33333,13.0,15.0,12.0,6.0,,1970-01-01,20734.0,yfinance.info/recommendations
CTRE,44.76923,44.0,49.0,42.0,13.0,1.30769,1970-01-01,20734.0,yfinance.info/recommendations
CTRN,91.0,91.0,101.0,81.0,2.0,,1970-01-01,20734.0,yfinance.info/recommendations
CTS,70.66667,67.0,80.0,65.0,3.0,1.5,1970-01-01,20734.0,yfinance.info/recommendations
CTSH,65.904,66.0,93.0,47.0,25.0,2.2069,1970-01-01,20734.0,yfinance.info/recommendations
CTVA,16.97911,17.5,20.0,13.65291,8.0,1.75,1970-01-01,20734.0,yfinance.info/recommendations
CTXR,4.0,4.0,4.0,4.0,1.0,,1970-01-01,20734.0,yfinance.info/recommendations
CUBI,93.45455,92.0,110.0,76.0,11.0,2.18182,1970-01-01,20734.0,yfinance.info/recommendations
CURI,5.33333,5.0,6.0,5.0,3.0,1.66667,1970-01-01,20734.0,yfinance.info/recommendations
CURV,2.17,2.5,3.0,0.85,5.0,,1970-01-01,20734.0,yfinance.info/recommendations
CVBF,26.0,26.0,28.0,25.0,6.0,2.16667,1970-01-01,20734.0,yfinance.info/recommendations
CVGI,7.5,7.5,8.0,7.0,3.0,,1970-01-01,20734.0,yfinance.info/recommendations
CVLG,50.5,50.0,60.0,42.0,4.0,1.6,1970-01-01,20734.0,yfinance.info/recommendations
CVLT,162.31766,160.0,200.0,130.0,17.0,1.84211,1970-01-01,20734.0,yfinance.info/recommendations
CVNA,82.28571,83.0,120.0,60.0,21.0,2.0,1970-01-01,20734.0,yfinance.info/recommendations
CVS,115.76,115.0,145.0,103.0,25.0,1.40741,1970-01-01,20734.0,yfinance.info/recommendations
CVX,224.625,227.0,250.0,175.0,24.0,1.72,1970-01-01,20734.0,yfinance.info/recommendations
CWD,,,,,,,,,yfinance.info/recommendations
CXAI,15.0,15.0,15.0,15.0,1.0,,1970-01-01,20734.0,yfinance.info/recommendations
CXM,8.4375,8.0,12.0,6.0,8.0,,1970-01-01,20734.0,yfinance.info/recommendations
CXT,68.71429,65.0,85.0,56.0,7.0,1.42857,1970-01-01,20734.0,yfinance.info/recommendations
CXW,41.8,42.0,45.0,40.0,5.0,1.0,1970-01-01,20734.0,yfinance.info/recommendations
CYH,3.09375,3.0,4.0,2.0,8.0,3.1,1970-01-01,20734.0,yfinance.info/recommendations
CYN,5.0,5.0,5.0,5.0,1.0,,1970-01-01,20734.0,yfinance.info/recommendations
CYRX,19.66667,20.0,25.0,15.0,9.0,1.33333,1970-01-01,20734.0,yfinance.info/recommendations
CZNC,27.0,27.0,27.0,27.0,1.0,,1970-01-01,20734.0,yfinance.info/recommendations
CZR,31.26667,31.0,35.0,31.0,15.0,,1970-01-01,20734.0,yfinance.info/recommendations
D,71.91667,70.5,87.0,63.0,12.0,2.5,1970-01-01,20734.0,yfinance.info/recommendations
DAC,164.5,164.5,174.0,155.0,2.0,1.0,1970-01-01,20734.0,yfinance.info/recommendations
DAIO,5.5,5.5,5.5,5.5,1.0,,,,yfinance.info/recommendations
DAL,101.6875,105.0,125.0,50.0,24.0,1.32,1970-01-01,20734.0,yfinance.info/recommendations
DAN,38.66667,38.5,43.0,35.0,6.0,2.0,1970-01-01,20734.0,yfinance.info/recommendations
DAR,81.58333,81.0,90.0,65.0,12.0,1.25,1970-01-01,20734.0,yfinance.info/recommendations
DASH,257.72287,260.0,350.0,172.0,42.0,1.61364,1970-01-01,20734.0,yfinance.info/recommendations
DAVE,444.2143,450.0,500.0,350.0,14.0,1.6,1970-01-01,20734.0,yfinance.info/recommendations
DB,42.9035,42.9035,43.0,42.807,2.0,2.0,1970-01-01,20734.0,yfinance.info/recommendations
DBD,98.33333,100.0,100.0,95.0,3.0,,1970-01-01,20734.0,yfinance.info/recommendations
DBGI,,,,,,,,,yfinance.info/recommendations
DBI,6.75,6.75,7.0,6.5,2.0,3.0,1970-01-01,20734.0,yfinance.info/recommendations
DD,169.25,171.0,186.0,153.0,16.0,1.52941,1970-01-01,20734.0,yfinance.info/recommendations
DDOG,287.08127,300.0,340.0,158.0,47.0,1.48936,1970-01-01,20734.0,yfinance.info/recommendations
DDS,545.6667,519.0,650.0,468.0,3.0,4.0,1970-01-01,20734.0,yfinance.info/recommendations
DE,691.8339,728.0,813.18,500.0,23.0,1.96,1970-01-01,20734.0,yfinance.info/recommendations
DECK,120.40909,118.5,184.0,70.0,22.0,2.44444,1970-01-01,20734.0,yfinance.info/recommendations
DEI,13.0,13.0,16.0,11.0,10.0,2.91667,1970-01-01,20734.0,yfinance.info/recommendations
DELL,585.96,600.0,735.0,480.0,25.0,1.82759,1970-01-01,20734.0,yfinance.info/recommendations
DFIN,64.0,62.0,70.0,60.0,3.0,,1970-01-01,20734.0,yfinance.info/recommendations
DG,141.44827,140.0,176.0,90.0,29.0,2.36667,1970-01-01,20734.0,yfinance.info/recommendations
DGX,248.06667,251.0,265.0,204.0,15.0,2.11765,1970-01-01,20734.0,yfinance.info/recommendations
DHI,155.35715,150.5,206.0,125.0,14.0,2.75,1970-01-01,20734.0,yfinance.info/recommendations
DHR,239.04546,240.0,310.0,200.0,22.0,1.44,1970-01-01,20734.0,yfinance.info/recommendations
DIN,36.33333,38.0,38.0,33.0,3.0,3.0,1970-01-01,20734.0,yfinance.info/recommendations
DINO,106.46667,100.0,145.0,73.0,15.0,2.5625,1970-01-01,20734.0,yfinance.info/recommendations
DIOD,153.33333,135.0,192.0,133.0,3.0,1.0,1970-01-01,20734.0,yfinance.info/recommendations
DIS,126.45781,127.5,144.0,88.0,32.0,1.48485,1970-01-01,20734.0,yfinance.info/recommendations
DKNG,34.8125,33.0,76.0,20.0,36.0,1.48649,1970-01-01,20734.0,yfinance.info/recommendations
DLB,79.0,85.0,90.0,62.0,3.0,,1970-01-01,20734.0,yfinance.info/recommendations
DLPN,3.0,3.0,3.0,3.0,1.0,,1970-01-01,20734.0,yfinance.info/recommendations
DLR,223.4375,224.5,250.0,190.0,32.0,1.44118,1970-01-01,20734.0,yfinance.info/recommendations
DLTR,136.15385,137.5,170.0,98.0,26.0,2.48276,1970-01-01,20734.0,yfinance.info/recommendations
DNOW,18.75,19.0,19.0,18.0,4.0,1.5,1970-01-01,20734.0,yfinance.info/recommendations
DNUT,4.08333,4.0,5.0,3.0,6.0,,1970-01-01,20734.0,yfinance.info/recommendations
DOC,22.94737,22.0,29.0,17.0,19.0,2.40909,1970-01-01,20734.0,yfinance.info/recommendations
DOCN,175.2,175.0,200.0,140.0,15.0,,1970-01-01,20734.0,yfinance.info/recommendations
DORM,161.625,160.5,170.0,154.0,8.0,1.5,1970-01-01,20734.0,yfinance.info/recommendations
DOV,240.10526,245.0,288.0,168.0,19.0,1.57895,1970-01-01,20734.0,yfinance.info/recommendations
DOW,33.625,32.5,41.0,29.0,16.0,2.57895,1970-01-01,20734.0,yfinance.info/recommendations
DPZ,373.44443,372.0,450.0,260.0,27.0,2.13333,1970-01-01,20734.0,yfinance.info/recommendations
DRCT,32.0,32.0,32.0,32.0,1.0,,1970-01-01,20734.0,yfinance.info/recommendations
DRI,233.44,235.0,276.0,163.0,25.0,1.85185,1970-01-01,20734.0,yfinance.info/recommendations
DRIO,13.6,10.0,28.0,8.0,5.0,1.4,1970-01-01,20734.0,yfinance.info/recommendations
DRMA,4.0,4.0,4.0,4.0,1.0,,1970-01-01,20734.0,yfinance.info/recommendations
DRUG,152.00877,142.02199,219.85948,122.567184,6.0,1.125,1970-01-01,20734.0,yfinance.info/recommendations
DRVN,16.09167,15.5,22.0,12.0,12.0,2.23077,1970-01-01,20734.0,yfinance.info/recommendations
DSGR,35.0,35.0,35.0,35.0,2.0,,1970-01-01,20734.0,yfinance.info/recommendations
DT,59.97059,61.0,74.0,42.0,34.0,1.75,1970-01-01,20734.0,yfinance.info/recommendations
DTE,152.67857,156.5,168.0,134.0,14.0,1.88235,1970-01-01,20734.0,yfinance.info/recommendations
DTI,4.4,4.4,6.0,2.8,2.0,,1970-01-01,20734.0,yfinance.info/recommendations
DUK,136.11111,136.0,147.0,127.0,18.0,2.04545,1970-01-01,20734.0,yfinance.info/recommendations
DUOL,134.2911,132.5,210.0,80.0,18.0,2.70833,1970-01-01,20734.0,yfinance.info/recommendations
DUOT,25.5,25.5,27.0,24.0,2.0,,1970-01-01,20734.0,yfinance.info/recommendations
DVA,219.85715,220.0,270.0,165.0,7.0,2.375,1970-01-01,20734.0,yfinance.info/recommendations
DVN,60.57143,61.5,68.0,44.0,28.0,1.31034,1970-01-01,20734.0,yfinance.info/recommendations
DX,14.25,14.75,15.0,12.0,5.0,1.83333,1970-01-01,20734.0,yfinance.info/recommendations
DXC,11.21429,11.0,14.0,9.0,7.0,,1970-01-01,20734.0,yfinance.info/recommendations
DXCM,96.23077,95.0,115.0,79.0,26.0,1.34483,1970-01-01,20734.0,yfinance.info/recommendations
DXPE,200.0,200.0,220.0,180.0,2.0,,1970-01-01,20734.0,yfinance.info/recommendations
DY,520.9091,525.0,625.0,375.0,11.0,1.09091,1970-01-01,20734.0,yfinance.info/recommendations
E,54.96,55.0,59.5,49.3,5.0,2.8,1970-01-01,20734.0,yfinance.info/recommendations
EA,205.46153,210.0,210.0,168.0,13.0,2.88235,1970-01-01,20734.0,yfinance.info/recommendations
EAF,8.0,8.0,9.0,7.0,2.0,2.75,1970-01-01,20734.0,yfinance.info/recommendations
EBAY,116.11111,118.0,145.0,71.0,27.0,2.53125,1970-01-01,20734.0,yfinance.info/recommendations
EBC,24.875,25.0,27.0,23.0,8.0,1.75,1970-01-01,20734.0,yfinance.info/recommendations
EBF,24.0,24.0,24.0,24.0,1.0,,,,yfinance.info/recommendations
EBMT,24.0,24.0,25.0,23.0,3.0,3.0,1970-01-01,20734.0,yfinance.info/recommendations
ECG,176.0,176.0,200.0,152.0,6.0,1.57143,1970-01-01,20734.0,yfinance.info/recommendations
ECL,325.0476,330.0,360.0,295.0,21.0,1.54167,1970-01-01,20734.0,yfinance.info/recommendations
ECO,100.0,100.0,100.0,100.0,1.0,1.0,1970-01-01,20734.0,yfinance.info/recommendations
ECOR,19.17,19.85,26.0,12.0,5.0,,1970-01-01,20734.0,yfinance.info/recommendations
ED,109.34375,110.0,130.0,94.0,16.0,3.22222,1970-01-01,20734.0,yfinance.info/recommendations
EEFT,84.66667,87.5,94.0,70.0,6.0,2.125,1970-01-01,20734.0,yfinance.info/recommendations
EFSC,71.0,70.0,74.0,68.0,7.0,1.85714,1970-01-01,20734.0,yfinance.info/recommendations
EFX,203.90475,210.0,245.0,148.0,21.0,1.66667,1970-01-01,20734.0,yfinance.info/recommendations
EG,410.8125,407.0,480.0,368.0,16.0,2.41176,1970-01-01,20734.0,yfinance.info/recommendations
EGP,227.85,230.5,268.0,185.0,20.0,1.75,1970-01-01,20734.0,yfinance.info/recommendations
EHC,148.16667,150.0,155.0,140.0,12.0,1.07692,1970-01-01,20734.0,yfinance.info/recommendations
EIG,54.0,54.0,59.0,49.0,2.0,,1970-01-01,20734.0,yfinance.info/recommendations
EIX,65.57143,62.5,86.0,42.0,14.0,3.11765,1970-01-01,20734.0,yfinance.info/recommendations
EL,107.34,108.0,127.0,70.0,28.0,2.23333,1970-01-01,20734.0,yfinance.info/recommendations
ELAN,31.0,31.0,34.0,26.0,13.0,1.5,1970-01-01,20734.0,yfinance.info/recommendations
ELDN,9.0,8.0,12.0,7.0,5.0,1.0,1970-01-01,20734.0,yfinance.info/recommendations
ELF,105.0,112.0,127.0,65.0,16.0,1.72222,1970-01-01,20734.0,yfinance.info/recommendations
ELTX,13.66667,10.0,23.0,8.0,3.0,1.5,1970-01-01,20734.0,yfinance.info/recommendations
ELUT,5.0,5.0,5.0,5.0,1.0,1.0,1970-01-01,20734.0,yfinance.info/recommendations
ELV,451.4762,463.0,492.0,393.0,21.0,1.77273,1970-01-01,20734.0,yfinance.info/recommendations
EMBJ,92.93333,90.0,106.0,80.0,15.0,1.42857,1970-01-01,20734.0,yfinance.info/recommendations
EME,1033.2858,1047.0,1200.0,885.0,7.0,1.6,1970-01-01,20734.0,yfinance.info/recommendations
EMN,79.93333,78.0,100.0,74.0,15.0,2.0625,1970-01-01,20734.0,yfinance.info/recommendations
EMPD,6.0,6.0,6.0,6.0,1.0,1.0,1970-01-01,20734.0,yfinance.info/recommendations
EMR,173.6782,178.0,205.0,104.0,28.0,1.9,1970-01-01,20734.0,yfinance.info/recommendations
ENGN,3.28571,4.0,5.0,2.0,7.0,,1970-01-01,20734.0,yfinance.info/recommendations
ENOV,37.58333,36.5,52.0,24.0,12.0,1.30769,1970-01-01,20734.0,yfinance.info/recommendations
ENPH,51.35769,43.0,212.0,27.0,26.0,2.31034,1970-01-01,20734.0,yfinance.info/recommendations
ENS,249.48,257.5,280.0,202.92,4.0,2.0,1970-01-01,20734.0,yfinance.info/recommendations
ENTG,173.36365,170.0,215.0,120.0,11.0,1.75,1970-01-01,20734.0,yfinance.info/recommendations
ENVA,241.0,220.5,300.0,205.0,6.0,1.33333,1970-01-01,20734.0,yfinance.info/recommendations
EOG,164.0,160.0,193.0,138.0,28.0,2.34375,1970-01-01,20734.0,yfinance.info/recommendations
EPAC,48.0,48.0,50.0,46.0,2.0,,1970-01-01,20734.0,yfinance.info/recommendations
EPAM,122.82353,120.0,200.0,94.0,17.0,2.15789,1970-01-01,20734.0,yfinance.info/recommendations
EPC,31.83333,31.5,35.0,29.0,6.0,2.28571,1970-01-01,20734.0,yfinance.info/recommendations
EPD,41.38095,41.0,46.0,38.0,21.0,2.34783,1970-01-01,20734.0,yfinance.info/recommendations
EPRT,36.15,37.0,40.0,30.0,20.0,1.25,1970-01-01,20734.0,yfinance.info/recommendations
EQBK,55.28571,55.0,61.0,51.0,7.0,2.42857,1970-01-01,20734.0,yfinance.info/recommendations
EQH,62.90909,62.0,68.0,58.0,11.0,1.33333,1970-01-01,20734.0,yfinance.info/recommendations
EQIX,1234.1936,1240.0,1380.0,1060.0,31.0,1.5,1970-01-01,20734.0,yfinance.info/recommendations
EQT,67.19231,67.5,81.0,52.0,26.0,1.46154,1970-01-01,20734.0,yfinance.info/recommendations
ERAS,24.11111,22.0,33.0,20.0,9.0,,1970-01-01,20734.0,yfinance.info/recommendations
ERIE,,,,,,,1970-01-01,20734.0,yfinance.info/recommendations
ES,73.25,74.5,85.0,52.0,12.0,2.6875,1970-01-01,20734.0,yfinance.info/recommendations
ESE,390.75,399.0,420.0,345.0,4.0,,1970-01-01,20734.0,yfinance.info/recommendations
ESEA,90.0,91.0,93.0,85.0,4.0,1.25,1970-01-01,20734.0,yfinance.info/recommendations
ESLA,12.0,12.0,12.0,12.0,1.0,,1970-01-01,20734.0,yfinance.info/recommendations
ESOA,25.0,25.0,30.0,20.0,3.0,1.0,1970-01-01,20734.0,yfinance.info/recommendations
ESQ,134.0,137.0,140.0,125.0,3.0,2.0,1970-01-01,20734.0,yfinance.info/recommendations
ESRT,5.4,5.0,7.0,5.0,5.0,2.66667,1970-01-01,20734.0,yfinance.info/recommendations
ESS,304.07,300.0,352.0,239.0,25.0,2.57692,1970-01-01,20734.0,yfinance.info/recommendations
ETD,22.0,22.0,22.0,22.0,1.0,,1970-01-01,20734.0,yfinance.info/recommendations
ETN,481.54886,488.5,534.0,333.0,26.0,1.57143,1970-01-01,20734.0,yfinance.info/recommendations
ETON,71.0,70.0,76.0,68.0,4.0,1.0,1970-01-01,20734.0,yfinance.info/recommendations
ETR,122.275,124.5,137.0,91.0,20.0,1.73913,1970-01-01,20734.0,yfinance.info/recommendations
ETS,,,,,,,,,yfinance.info/recommendations
ETSY,88.33333,90.0,105.0,73.0,27.0,2.43333,1970-01-01,20734.0,yfinance.info/recommendations
EVER,29.5,28.5,34.0,28.0,6.0,1.875,1970-01-01,20734.0,yfinance.info/recommendations
EVGO,3.5625,2.75,7.0,2.0,8.0,,1970-01-01,20734.0,yfinance.info/recommendations
EVH,5.75,6.0,8.0,3.0,12.0,1.71429,1970-01-01,20734.0,yfinance.info/recommendations
EVLV,9.85,10.0,11.25,8.0,5.0,,1970-01-01,20734.0,yfinance.info/recommendations
EVMN,24.125,24.0,30.0,18.0,8.0,1.72727,1970-01-01,20734.0,yfinance.info/recommendations
EVRG,91.36364,91.0,103.0,80.0,11.0,1.92308,1970-01-01,20734.0,yfinance.info/recommendations
EW,101.96154,102.5,110.0,84.0,26.0,1.58621,1970-01-01,20734.0,yfinance.info/recommendations
EWTX,52.61538,53.0,66.0,36.0,13.0,1.53846,1970-01-01,20734.0,yfinance.info/recommendations
EXC,48.52941,48.0,58.0,41.0,17.0,2.7619,1970-01-01,20734.0,yfinance.info/recommendations
EXE,123.22222,123.0,156.0,93.0,27.0,1.53571,1970-01-01,20734.0,yfinance.info/recommendations
EXOZ,,,,,,0.0,1970-01-01,20734.0,yfinance.info/recommendations
EXP,210.9,213.5,232.0,188.0,10.0,3.0,1970-01-01,20734.0,yfinance.info/recommendations
EXPD,180.46667,180.0,220.0,100.0,15.0,3.16667,1970-01-01,20734.0,yfinance.info/recommendations
EXPE,338.77142,335.0,430.0,235.0,35.0,2.15789,1970-01-01,20734.0,yfinance.info/recommendations
EXPO,84.0,90.0,90.0,72.0,3.0,1.75,1970-01-01,20734.0,yfinance.info/recommendations
EXR,158.25,157.5,178.0,140.0,20.0,2.14286,1970-01-01,20734.0,yfinance.info/recommendations
EZPW,40.8,40.0,45.0,36.0,5.0,,1970-01-01,20734.0,yfinance.info/recommendations
F,15.80778,15.0,20.0,12.8,18.0,2.35,1970-01-01,20734.0,yfinance.info/recommendations
FA,26.25,27.5,30.0,22.0,8.0,,1970-01-01,20734.0,yfinance.info/recommendations
FANG,234.65517,233.0,283.0,205.0,29.0,1.48387,1970-01-01,20734.0,yfinance.info/recommendations
FAST,48.83846,49.0,59.0,39.9,13.0,2.72222,1970-01-01,20734.0,yfinance.info/recommendations
FBK,66.34375,67.0,67.5,65.0,8.0,1.25,1970-01-01,20734.0,yfinance.info/recommendations
FBLA,,,,,,,,,yfinance.info/recommendations
FBNC,69.2,70.0,72.0,65.0,5.0,2.2,1970-01-01,20734.0,yfinance.info/recommendations
FBP,31.57143,31.0,33.0,30.0,7.0,1.57143,1970-01-01,20734.0,yfinance.info/recommendations
FBRT,11.66667,12.0,13.0,10.0,3.0,2.0,1970-01-01,20734.0,yfinance.info/recommendations
FBRX,73.0,77.0,77.0,61.0,4.0,2.5,1970-01-01,20734.0,yfinance.info/recommendations
FBYD,,,,,,,,,yfinance.info/recommendations
FC,31.0,30.0,38.0,25.0,3.0,,1970-01-01,20734.0,yfinance.info/recommendations
FCAP,,,,,,,,,yfinance.info/recommendations
FCF,24.07143,24.0,25.0,23.5,7.0,2.28571,1970-01-01,20734.0,yfinance.info/recommendations
FCNCA,2336.5386,2300.0,2525.0,2100.0,13.0,2.69231,1970-01-01,20734.0,yfinance.info/recommendations
FCUV,,,,,,,,,yfinance.info/recommendations
FDS,277.5625,285.0,340.0,212.0,16.0,3.22222,1970-01-01,20734.0,yfinance.info/recommendations
FDX,354.95743,356.5,479.0,160.0,26.0,1.78571,1970-01-01,20734.0,yfinance.info/recommendations
FE,52.66667,53.0,56.0,48.0,12.0,2.125,1970-01-01,20734.0,yfinance.info/recommendations
FEMY,14.33333,10.0,23.0,10.0,3.0,,1970-01-01,20734.0,yfinance.info/recommendations
FENC,17.66667,18.0,20.0,16.0,6.0,1.33333,1970-01-01,20734.0,yfinance.info/recommendations
FERG,285.86365,289.0,325.0,235.0,22.0,1.91304,1970-01-01,20734.0,yfinance.info/recommendations
FFAI,66.0,66.0,66.0,66.0,1.0,1.0,1970-01-01,20734.0,yfinance.info/recommendations
FFIN,36.28571,36.0,39.0,35.0,7.0,,1970-01-01,20734.0,yfinance.info/recommendations
FFIV,436.1,438.0,515.0,300.0,10.0,,1970-01-01,20734.0,yfinance.info/recommendations
FG,24.0,24.0,24.0,24.0,1.0,3.0,1970-01-01,20734.0,yfinance.info/recommendations
FGBI,9.0,9.0,9.0,9.0,1.0,,1970-01-01,20734.0,yfinance.info/recommendations
FHI,61.0,62.0,64.0,55.0,7.0,,1970-01-01,20734.0,yfinance.info/recommendations
FHTX,6.0,5.0,14.0,2.0,6.0,1.8,1970-01-01,20734.0,yfinance.info/recommendations
FIBK,37.0,37.5,41.0,33.0,8.0,3.44444,1970-01-01,20734.0,yfinance.info/recommendations
FICO,1117.6826,1100.0,1750.0,490.0,19.0,2.28571,1970-01-01,20734.0,yfinance.info/recommendations
FIG,30.8,30.0,37.0,25.0,10.0,2.33333,1970-01-01,20734.0,yfinance.info/recommendations
FIP,9.9375,9.5,12.0,8.75,4.0,1.25,1970-01-01,20734.0,yfinance.info/recommendations
FIS,49.41667,49.5,77.0,37.0,24.0,2.27586,1970-01-01,20734.0,yfinance.info/recommendations
FITB,61.9,62.5,67.0,55.0,20.0,1.66667,1970-01-01,20734.0,yfinance.info/recommendations
FIVE,310.4762,300.0,420.0,250.0,21.0,1.72,1970-01-01,20734.0,yfinance.info/recommendations
FIVN,35.8,35.5,50.0,24.0,20.0,1.71429,1970-01-01,20734.0,yfinance.info/recommendations
FIX,2197.0,2165.5,2500.0,1910.0,8.0,,1970-01-01,20734.0,yfinance.info/recommendations
FIZZ,31.0,31.0,31.0,31.0,1.0,,1970-01-01,20734.0,yfinance.info/recommendations
FKWL,6.0,6.0,6.0,6.0,1.0,,,,yfinance.info/recommendations
FLG,15.76471,16.0,18.0,13.0,17.0,1.88889,1970-01-01,20734.0,yfinance.info/recommendations
FLNT,5.0,5.0,5.5,4.5,2.0,2.33333,1970-01-01,20734.0,yfinance.info/recommendations
FLOC,30.55556,31.0,34.0,27.0,9.0,1.55556,1970-01-01,20734.0,yfinance.info/recommendations
FLR,61.6875,65.5,71.0,50.0,8.0,2.11111,1970-01-01,20734.0,yfinance.info/recommendations
FLWS,4.0,4.0,4.0,4.0,1.0,1.0,1970-01-01,20734.0,yfinance.info/recommendations
FLYW,21.15385,22.0,25.0,18.0,13.0,2.07143,1970-01-01,20734.0,yfinance.info/recommendations
FMAO,36.0,36.0,36.0,36.0,3.0,,1970-01-01,20734.0,yfinance.info/recommendations
FMC,13.2625,12.0,21.0,10.0,16.0,2.47059,1970-01-01,20734.0,yfinance.info/recommendations
FNB,20.72222,21.0,22.0,19.0,9.0,1.77778,1970-01-01,20734.0,yfinance.info/recommendations
FNKO,7.25,7.25,8.0,6.5,2.0,2.0,1970-01-01,20734.0,yfinance.info/recommendations
FNV,286.97,280.0,330.73,256.0,9.0,1.66667,1970-01-01,20734.0,yfinance.info/recommendations
FNWB,15.0,15.0,15.0,15.0,2.0,,1970-01-01,20734.0,yfinance.info/recommendations
FNWD,38.0,38.0,38.0,38.0,1.0,,1970-01-01,20734.0,yfinance.info/recommendations
FOR,34.0,34.0,35.0,33.0,2.0,,1970-01-01,20734.0,yfinance.info/recommendations
FORM,153.88889,165.0,200.0,100.0,9.0,1.90909,1970-01-01,20734.0,yfinance.info/recommendations
FOSL,9.0,8.0,12.0,7.0,3.0,,1970-01-01,20734.0,yfinance.info/recommendations
FOUR,53.90476,50.0,94.0,40.0,21.0,2.08333,1970-01-01,20734.0,yfinance.info/recommendations
FOX,,,,,,,,,yfinance.info/recommendations
FOXA,76.42222,77.0,112.0,52.6,18.0,2.0,1970-01-01,20734.0,yfinance.info/recommendations
FPI,10.5,10.5,10.5,10.5,1.0,,1970-01-01,20734.0,yfinance.info/recommendations
FRD,,,,,,,,,yfinance.info/recommendations
FRHC,,,,,,,,,yfinance.info/recommendations
FRMI,17.125,13.5,35.0,6.0,8.0,,1970-01-01,20734.0,yfinance.info/recommendations
FRPT,83.9375,82.5,104.0,70.0,16.0,1.72222,1970-01-01,20734.0,yfinance.info/recommendations
FRT,130.73685,130.0,149.0,116.0,19.0,1.89474,1970-01-01,20734.0,yfinance.info/recommendations
FSBW,45.0,45.0,45.0,45.0,2.0,3.0,1970-01-01,20734.0,yfinance.info/recommendations
FSLR,275.738,274.5,402.0,197.0,30.0,1.86111,1970-01-01,20734.0,yfinance.info/recommendations
FSS,145.625,146.5,155.0,132.0,8.0,,1970-01-01,20734.0,yfinance.info/recommendations
FTAI,364.1,337.5,600.0,290.0,10.0,1.4,1970-01-01,20734.0,yfinance.info/recommendations
FTCI,10.2,7.0,20.0,3.6,3.0,1.0,1970-01-01,20734.0,yfinance.info/recommendations
FTEK,4.0,4.0,4.0,4.0,1.0,,1970-01-01,20734.0,yfinance.info/recommendations
FTFT,,,,,,,,,yfinance.info/recommendations
FTLF,17.5,17.5,18.0,17.0,2.0,,1970-01-01,20734.0,yfinance.info/recommendations
FTNT,164.31944,165.0,220.0,104.0,36.0,2.79545,1970-01-01,20734.0,yfinance.info/recommendations
FTV,63.64286,63.5,72.0,51.0,14.0,2.75,1970-01-01,20734.0,yfinance.info/recommendations
FUBO,17.0,17.0,23.0,12.0,8.0,1.7,1970-01-01,20734.0,yfinance.info/recommendations
FUL,68.28571,66.0,80.0,62.0,7.0,1.42857,1970-01-01,20734.0,yfinance.info/recommendations
FULC,3.66667,4.0,4.0,3.0,3.0,,1970-01-01,20734.0,yfinance.info/recommendations
FUN,20.69231,22.0,28.0,10.0,13.0,,1970-01-01,20734.0,yfinance.info/recommendations
FUNC,50.0,50.0,50.0,50.0,2.0,,1970-01-01,20734.0,yfinance.info/recommendations
FUSB,,,,,,,,,yfinance.info/recommendations
FWONK,119.29412,120.0,134.0,96.0,17.0,1.41176,1970-01-01,20734.0,yfinance.info/recommendations
G,42.18182,43.0,58.0,31.0,11.0,2.25,1970-01-01,20734.0,yfinance.info/recommendations
GABC,56.2,56.0,60.0,51.0,5.0,,1970-01-01,20734.0,yfinance.info/recommendations
GANX,7.2,8.0,8.0,5.0,5.0,1.0,1970-01-01,20734.0,yfinance.info/recommendations
GAP,26.51053,27.0,42.0,21.0,19.0,2.28571,1970-01-01,20734.0,yfinance.info/recommendations
GASS,14.0,14.0,14.0,14.0,1.0,,1970-01-01,20734.0,yfinance.info/recommendations
GBFH,32.0,35.0,35.0,26.0,3.0,,1970-01-01,20734.0,yfinance.info/recommendations
GBX,45.33333,42.0,52.0,42.0,3.0,4.0,1970-01-01,20734.0,yfinance.info/recommendations
GCBC,,,,,,,,,yfinance.info/recommendations
GCMG,15.5,16.0,17.0,13.0,4.0,1.6,1970-01-01,20734.0,yfinance.info/recommendations
GCTK,,,,,,,,,yfinance.info/recommendations
GD,416.4457,420.0,465.0,319.0,21.0,2.08333,1970-01-01,20734.0,yfinance.info/recommendations
GDC,,,,,,,,,yfinance.info/recommendations
GDDY,106.75,100.0,170.0,76.0,16.0,2.38889,1970-01-01,20734.0,yfinance.info/recommendations
GDOT,16.125,16.125,18.0,14.25,2.0,,1970-01-01,20734.0,yfinance.info/recommendations
GDRX,3.95,4.0,5.0,2.65,12.0,2.64286,1970-01-01,20734.0,yfinance.info/recommendations
GE,394.66666,400.0,450.0,305.0,21.0,1.54545,1970-01-01,20734.0,yfinance.info/recommendations
GEF,88.2,90.0,100.0,75.0,5.0,2.83333,1970-01-01,20734.0,yfinance.info/recommendations
GEF-B,,,,,,,,,yfinance.info/recommendations
GEHC,82.9,84.0,96.0,70.0,20.0,1.7619,1970-01-01,20734.0,yfinance.info/recommendations
GEN,32.55556,32.0,46.0,25.0,9.0,2.2,1970-01-01,20734.0,yfinance.info/recommendations
GETY,,,,,,,1970-01-01,20734.0,yfinance.info/recommendations
GEV,1230.341,1250.0,1450.0,940.0,33.0,1.54054,1970-01-01,20734.0,yfinance.info/recommendations
GEVO,5.175,2.5,14.0,1.7,4.0,2.0,1970-01-01,20734.0,yfinance.info/recommendations
GFF,127.0,125.0,135.0,120.0,7.0,,1970-01-01,20734.0,yfinance.info/recommendations
GGB,5.89597,5.7915807,6.6323485,5.253505,5.0,2.2,1970-01-01,20734.0,yfinance.info/recommendations
GIFT,4.0,4.0,4.0,4.0,1.0,,1970-01-01,20734.0,yfinance.info/recommendations
GIII,34.75,36.0,40.0,27.0,4.0,2.0,1970-01-01,20734.0,yfinance.info/recommendations
GIL,82.0,82.0,111.0,54.0,8.0,1.69231,1970-01-01,20734.0,yfinance.info/recommendations
GILD,159.26923,164.0,180.0,123.0,26.0,1.67857,1970-01-01,20734.0,yfinance.info/recommendations
GIPR,,,,,,,1970-01-01,20734.0,yfinance.info/recommendations
GIS,37.0,37.5,45.0,30.0,18.0,3.05,1970-01-01,20734.0,yfinance.info/recommendations
GL,192.90909,192.0,225.0,166.0,11.0,1.90909,1970-01-01,20734.0,yfinance.info/recommendations
GLBZ,,,,,,,,,yfinance.info/recommendations
GLPI,51.78261,50.0,63.0,43.0,23.0,2.0,1970-01-01,20734.0,yfinance.info/recommendations
GLW,187.70589,182.0,238.0,129.0,17.0,1.55556,1970-01-01,20734.0,yfinance.info/recommendations
GM,104.52174,105.0,132.0,75.0,23.0,1.625,1970-01-01,20734.0,yfinance.info/recommendations
GMED,100.92308,100.0,125.0,84.0,13.0,1.86667,1970-01-01,20734.0,yfinance.info/recommendations
GNE,16.0,16.0,16.0,16.0,1.0,,1970-01-01,20734.0,yfinance.info/recommendations
GNRC,287.3125,284.0,375.0,215.0,16.0,1.7619,1970-01-01,20734.0,yfinance.info/recommendations
GNW,11.5,11.5,11.5,11.5,1.0,,1970-01-01,20734.0,yfinance.info/recommendations
GO,10.92308,11.0,15.0,6.0,13.0,3.0,1970-01-01,20734.0,yfinance.info/recommendations
GOGO,8.5,8.5,10.0,7.0,2.0,,1970-01-01,20734.0,yfinance.info/recommendations
GOLD,64.4,60.0,90.0,52.0,5.0,1.2,1970-01-01,20734.0,yfinance.info/recommendations
GOLF,99.66667,98.5,118.0,88.0,6.0,,1970-01-01,20734.0,yfinance.info/recommendations
GOOGL,429.47406,430.0,515.0,340.0,54.0,1.37705,1970-01-01,20734.0,yfinance.info/recommendations
GOVX,10.0,10.0,10.0,10.0,2.0,,1970-01-01,20734.0,yfinance.info/recommendations
GPC,139.22221,130.0,170.0,122.0,9.0,2.18182,1970-01-01,20734.0,yfinance.info/recommendations
GPI,353.0,358.5,450.0,232.0,12.0,1.91667,1970-01-01,20734.0,yfinance.info/recommendations
GPMT,13.75,13.75,15.0,12.5,2.0,3.0,1970-01-01,20734.0,yfinance.info/recommendations
GPN,105.0,98.0,194.0,70.0,30.0,2.36111,1970-01-01,20734.0,yfinance.info/recommendations
GRDN,49.85714,50.0,52.0,47.0,7.0,1.14286,1970-01-01,20734.0,yfinance.info/recommendations
GRMN,302.0,296.0,370.0,231.0,6.0,2.57143,1970-01-01,20734.0,yfinance.info/recommendations
GRND,20.8,21.0,22.0,19.0,5.0,1.6,1970-01-01,20734.0,yfinance.info/recommendations
GRNT,7.8,7.0,11.0,6.0,5.0,1.8,1970-01-01,20734.0,yfinance.info/recommendations
GROV,2.0,2.0,2.0,2.0,1.0,,1970-01-01,20734.0,yfinance.info/recommendations
GROW,,,,,,,,,yfinance.info/recommendations
GRWG,2.5,2.5,2.5,2.5,2.0,1.66667,1970-01-01,20734.0,yfinance.info/recommendations
GS,1079.5,1087.0,1250.0,730.0,20.0,2.6,1970-01-01,20734.0,yfinance.info/recommendations
GSBC,76.0,76.0,78.0,74.0,2.0,,1970-01-01,20734.0,yfinance.info/recommendations
GSIT,9.0,9.0,9.0,9.0,1.0,,1970-01-01,20734.0,yfinance.info/recommendations
GUTS,60.40002,61.20002,96.00004,24.0,6.0,1.28571,1970-01-01,20734.0,yfinance.info/recommendations
GVA,171.66667,177.5,200.0,119.0,6.0,,1970-01-01,20734.0,yfinance.info/recommendations
GWRE,213.2857,215.0,258.0,170.0,14.0,1.6875,1970-01-01,20734.0,yfinance.info/recommendations
GWW,1331.6428,1352.5,1500.0,1100.0,14.0,2.73684,1970-01-01,20734.0,yfinance.info/recommendations
GXAI,3.2,3.2,3.2,3.2,1.0,,1970-01-01,20734.0,yfinance.info/recommendations
GYRE,18.66667,18.0,20.0,18.0,3.0,,1970-01-01,20734.0,yfinance.info/recommendations
H,196.83333,200.0,221.0,165.0,24.0,,1970-01-01,20734.0,yfinance.info/recommendations
HAE,111.5,116.5,125.0,86.0,10.0,1.72727,1970-01-01,20734.0,yfinance.info/recommendations
HAL,43.44,43.0,53.0,29.0,25.0,1.75,1970-01-01,20734.0,yfinance.info/recommendations
HAS,110.61538,111.0,120.0,90.0,13.0,1.35714,1970-01-01,20734.0,yfinance.info/recommendations
HASI,49.71429,50.5,60.0,43.0,14.0,1.66667,1970-01-01,20734.0,yfinance.info/recommendations
HAYW,17.92857,18.0,19.5,15.0,7.0,2.4,1970-01-01,20734.0,yfinance.info/recommendations
HBAN,19.30526,19.0,22.5,17.0,19.0,1.75,1970-01-01,20734.0,yfinance.info/recommendations
HBB,,,,,,,,,yfinance.info/recommendations
HBNC,23.1,23.0,24.0,22.5,5.0,1.4,1970-01-01,20734.0,yfinance.info/recommendations
HCA,459.27274,475.5,579.0,380.0,22.0,1.96154,1970-01-01,20734.0,yfinance.info/recommendations
HCC,109.33333,105.0,125.0,98.0,6.0,1.85714,1970-01-01,20734.0,yfinance.info/recommendations
HCKT,16.66667,16.0,19.0,15.0,3.0,,1970-01-01,20734.0,yfinance.info/recommendations
HCSG,27.0,27.0,30.0,24.0,6.0,1.85714,1970-01-01,20734.0,yfinance.info/recommendations
HCWB,47.99999,47.99999,47.99999,47.99999,1.0,2.0,1970-01-01,20734.0,yfinance.info/recommendations
HD,378.34375,385.0,425.0,310.0,32.0,1.88889,1970-01-01,20734.0,yfinance.info/recommendations
HDSN,7.3125,7.125,8.0,7.0,4.0,,1970-01-01,20734.0,yfinance.info/recommendations
HE,8.625,8.0,12.0,6.5,4.0,4.0,1970-01-01,20734.0,yfinance.info/recommendations
HELE,31.33333,28.0,40.0,26.0,3.0,2.75,1970-01-01,20734.0,yfinance.info/recommendations
HHS,,,,,,,,,yfinance.info/recommendations
HIG,148.35,147.0,164.0,135.0,20.0,2.3913,1970-01-01,20734.0,yfinance.info/recommendations
HII,367.25,367.0,439.0,304.0,12.0,2.08333,1970-01-01,20734.0,yfinance.info/recommendations
HIT,3.11667,4.0,4.1,1.25,3.0,1.5,1970-01-01,20734.0,yfinance.info/recommendations
HIW,32.33333,32.0,35.0,30.0,9.0,,1970-01-01,20734.0,yfinance.info/recommendations
HLI,154.5,152.5,177.0,147.0,8.0,2.27273,1970-01-01,20734.0,yfinance.info/recommendations
HLIO,94.66667,92.5,110.0,88.0,6.0,,1970-01-01,20734.0,yfinance.info/recommendations
HLT,353.0,361.5,394.0,270.0,26.0,1.96429,1970-01-01,20734.0,yfinance.info/recommendations
HLX,12.25,13.0,14.0,9.0,4.0,2.0,1970-01-01,20734.0,yfinance.info/recommendations
HMC,33.26637,33.79912,34.0,32.0,3.0,,1970-01-01,20734.0,yfinance.info/recommendations
HNGE,110.5625,110.0,140.0,90.0,16.0,1.52941,1970-01-01,20734.0,yfinance.info/recommendations
HNI,71.0,70.5,78.0,65.0,4.0,1.0,1970-01-01,20734.0,yfinance.info/recommendations
HNRG,28.0,28.0,29.0,27.0,3.0,1.0,1970-01-01,20734.0,yfinance.info/recommendations
HOFT,16.5,16.5,17.0,16.0,2.0,,1970-01-01,20734.0,yfinance.info/recommendations
HOMB,33.25,33.0,36.0,31.0,8.0,,1970-01-01,20734.0,yfinance.info/recommendations
HON,258.26086,262.0,303.0,186.0,23.0,2.0,1970-01-01,20734.0,yfinance.info/recommendations
HOOD,134.32643,140.0,170.0,57.0,28.0,1.7,1970-01-01,20734.0,yfinance.info/recommendations
HOUR,,,,,,,,,yfinance.info/recommendations
HPE,72.0281,70.0,92.0,52.59,21.0,1.95833,1970-01-01,20734.0,yfinance.info/recommendations
HPK,10.0,10.0,10.0,10.0,1.0,,1970-01-01,20734.0,yfinance.info/recommendations
HPP,16.81818,15.0,26.0,9.0,11.0,2.5,1970-01-01,20734.0,yfinance.info/recommendations
HPQ,29.66471,28.0,72.0,19.0,17.0,,1970-01-01,20734.0,yfinance.info/recommendations
HRL,25.9375,26.0,30.0,23.0,8.0,2.6,1970-01-01,20734.0,yfinance.info/recommendations
HRMY,47.63636,50.0,70.0,30.0,11.0,2.0,1970-01-01,20734.0,yfinance.info/recommendations
HRTG,39.0,39.0,42.0,36.0,2.0,2.0,1970-01-01,20734.0,yfinance.info/recommendations
HSBC,106.08,102.0,115.24,101.0,3.0,2.66667,1970-01-01,20734.0,yfinance.info/recommendations
HSCS,12.0,12.0,12.0,12.0,1.0,2.0,1970-01-01,20734.0,yfinance.info/recommendations
HSIC,97.26667,100.0,110.0,64.0,15.0,2.375,1970-01-01,20734.0,yfinance.info/recommendations
HST,25.29033,25.25,29.0,21.0,20.0,1.90476,1970-01-01,20734.0,yfinance.info/recommendations
HSTM,34.5,34.5,40.0,29.0,2.0,2.2,1970-01-01,20734.0,yfinance.info/recommendations
HSY,203.14285,200.0,250.0,170.0,21.0,2.47826,1970-01-01,20734.0,yfinance.info/recommendations
HTB,55.25,55.0,58.5,52.5,4.0,2.0,1970-01-01,20734.0,yfinance.info/recommendations
HTLD,13.2,13.0,16.0,12.0,5.0,3.0,1970-01-01,20734.0,yfinance.info/recommendations
HTO,67.0,67.0,72.0,60.0,7.0,1.71429,1970-01-01,20734.0,yfinance.info/recommendations
HUBB,560.5833,562.5,630.0,502.0,12.0,2.0,1970-01-01,20734.0,yfinance.info/recommendations
HUBS,249.70734,250.0,320.0,190.0,30.0,2.37143,1970-01-01,20734.0,yfinance.info/recommendations
HUM,423.73914,420.0,515.0,280.0,23.0,2.15385,1970-01-01,20734.0,yfinance.info/recommendations
HUN,10.61538,10.0,14.0,9.0,13.0,2.92857,1970-01-01,20734.0,yfinance.info/recommendations
HURA,8.04,8.0,10.0,6.2,5.0,1.5,1970-01-01,20734.0,yfinance.info/recommendations
HURN,190.75,194.0,215.0,160.0,4.0,,1970-01-01,20734.0,yfinance.info/recommendations
HUT,156.04546,143.0,273.0,96.0,22.0,1.36364,1970-01-01,20734.0,yfinance.info/recommendations
HVT,33.0,33.0,36.0,30.0,2.0,0.0,1970-01-01,20734.0,yfinance.info/recommendations
HWM,332.25,340.0,377.0,255.0,20.0,1.43478,1970-01-01,20734.0,yfinance.info/recommendations
HYFM,,,,,,,,,yfinance.info/recommendations
HYPR,2.03333,2.0,2.5,1.6,3.0,,1970-01-01,20734.0,yfinance.info/recommendations
HZO,49.4,53.0,53.0,35.0,5.0,2.77778,1970-01-01,20734.0,yfinance.info/recommendations
IART,18.375,16.0,27.0,14.0,8.0,2.72727,1970-01-01,20734.0,yfinance.info/recommendations
IBAC,,,,,,,,,yfinance.info/recommendations
IBKR,105.18571,106.5,121.0,70.0,14.0,1.86667,1970-01-01,20734.0,yfinance.info/recommendations
IBM,240.59,240.5,297.0,174.0,22.0,2.25,1970-01-01,20734.0,yfinance.info/recommendations
IBOC,87.0,87.0,87.0,87.0,1.0,,1970-01-01,20734.0,yfinance.info/recommendations
IBTA,36.14286,38.0,45.0,22.0,7.0,3.22222,1970-01-01,20734.0,yfinance.info/recommendations
ICE,185.46667,182.0,236.0,159.0,15.0,1.8125,1970-01-01,20734.0,yfinance.info/recommendations
IDCC,462.66666,475.0,488.0,425.0,3.0,1.0,1970-01-01,20734.0,yfinance.info/recommendations
IDN,4.83333,5.0,6.0,3.5,3.0,,1970-01-01,20734.0,yfinance.info/recommendations
IDT,85.0,85.0,85.0,85.0,1.0,1.0,1970-01-01,20734.0,yfinance.info/recommendations
IDXX,701.3333,705.0,805.0,470.0,12.0,2.15385,1970-01-01,20734.0,yfinance.info/recommendations
IESC,440.0,440.0,440.0,440.0,1.0,,1970-01-01,20734.0,yfinance.info/recommendations
IEX,255.92857,259.5,280.0,215.0,14.0,1.73333,1970-01-01,20734.0,yfinance.info/recommendations
IFF,96.29412,96.0,105.0,76.0,17.0,1.75,1970-01-01,20734.0,yfinance.info/recommendations
IIIN,39.0,39.0,39.0,39.0,1.0,,1970-01-01,20734.0,yfinance.info/recommendations
IMAX,56.33333,56.5,65.0,45.0,12.0,1.58333,1970-01-01,20734.0,yfinance.info/recommendations
IMRX,17.16667,15.5,30.0,12.0,6.0,1.28571,1970-01-01,20734.0,yfinance.info/recommendations
IMSR,11.66667,12.0,15.0,8.0,3.0,1.0,1970-01-01,20734.0,yfinance.info/recommendations
IMXI,16.0,16.0,16.0,16.0,1.0,,1970-01-01,20734.0,yfinance.info/recommendations
INBK,30.9,29.5,35.0,28.0,5.0,,1970-01-01,20734.0,yfinance.info/recommendations
INCY,128.91667,129.0,157.0,86.0,24.0,2.28571,1970-01-01,20734.0,yfinance.info/recommendations
INDP,,,,,,,,,yfinance.info/recommendations
INGM,32.61538,33.0,37.0,30.0,13.0,,1970-01-01,20734.0,yfinance.info/recommendations
INGN,12.0,12.0,12.0,12.0,2.0,1.5,1970-01-01,20734.0,yfinance.info/recommendations
INGR,120.83333,115.5,150.0,104.0,6.0,2.57143,1970-01-01,20734.0,yfinance.info/recommendations
INMB,7.0,8.0,9.0,4.0,3.0,1.33333,1970-01-01,20734.0,yfinance.info/recommendations
INOD,122.75,120.0,140.0,111.0,4.0,,1970-01-01,20734.0,yfinance.info/recommendations
INSM,197.73914,195.0,243.0,169.0,23.0,1.20833,1970-01-01,20734.0,yfinance.info/recommendations
INTA,40.28571,45.0,47.0,29.0,7.0,,1970-01-01,20734.0,yfinance.info/recommendations
INTC,118.04651,115.0,200.0,80.0,43.0,2.46939,1970-01-01,20734.0,yfinance.info/recommendations
INTU,405.6,400.0,732.0,290.0,31.0,2.05882,1970-01-01,20734.0,yfinance.info/recommendations
INVA,35.0,35.0,46.0,18.0,5.0,1.8,1970-01-01,20734.0,yfinance.info/recommendations
INVE,3.55,3.55,4.0,3.1,2.0,,1970-01-01,20734.0,yfinance.info/recommendations
INVH,33.52174,34.0,41.0,28.0,23.0,2.08,1970-01-01,20734.0,yfinance.info/recommendations
IONQ,66.63214,62.5,100.0,41.85,14.0,1.35714,1970-01-01,20734.0,yfinance.info/recommendations
IOVA,12.8,13.5,20.0,6.0,10.0,1.6,1970-01-01,20734.0,yfinance.info/recommendations
IP,46.72727,46.0,62.0,35.0,11.0,1.58333,1970-01-01,20734.0,yfinance.info/recommendations
IPI,36.5,36.5,44.0,29.0,2.0,3.66667,1970-01-01,20734.0,yfinance.info/recommendations
IQV,290.8421,287.0,345.0,250.0,19.0,1.40909,1970-01-01,20734.0,yfinance.info/recommendations
IR,94.71154,93.25,109.0,82.0,13.0,2.0,1970-01-01,20734.0,yfinance.info/recommendations
IRM,145.09091,145.0,155.0,132.0,11.0,1.66667,1970-01-01,20734.0,yfinance.info/recommendations
ISBA,43.0,43.0,43.0,43.0,1.0,,1970-01-01,20734.0,yfinance.info/recommendations
ISPC,,,,,,,,,yfinance.info/recommendations
ISRG,477.46667,484.0,685.0,324.0,30.0,1.78788,1970-01-01,20734.0,yfinance.info/recommendations
IT,186.07692,184.0,229.0,150.0,13.0,2.8,1970-01-01,20734.0,yfinance.info/recommendations
ITGR,121.8,127.0,127.0,101.0,5.0,,1970-01-01,20734.0,yfinance.info/recommendations
ITRI,129.55556,130.0,150.0,115.0,9.0,1.63636,1970-01-01,20734.0,yfinance.info/recommendations
ITT,258.46155,265.0,285.0,175.0,13.0,1.35714,1970-01-01,20734.0,yfinance.info/recommendations
ITW,299.7857,300.0,350.0,249.0,14.0,3.1875,1970-01-01,20734.0,yfinance.info/recommendations
IVF,20.0,20.0,20.0,20.0,1.0,,,,yfinance.info/recommendations
IVT,36.625,37.0,41.0,32.0,8.0,1.88889,1970-01-01,20734.0,yfinance.info/recommendations
IVZ,34.82143,35.0,41.0,29.5,14.0,2.33333,1970-01-01,20734.0,yfinance.info/recommendations
IZEA,,,,,,,,,yfinance.info/recommendations
J,162.46667,163.0,181.0,144.0,15.0,1.9375,1970-01-01,20734.0,yfinance.info/recommendations
JAKK,28.5,28.5,30.0,27.0,2.0,1.5,1970-01-01,20734.0,yfinance.info/recommendations
JBHT,292.78262,300.0,330.0,182.0,23.0,2.0,1970-01-01,20734.0,yfinance.info/recommendations
JBI,7.62,9.0,9.0,5.5,5.0,,1970-01-01,20734.0,yfinance.info/recommendations
JBL,425.0,430.0,475.0,365.0,9.0,1.4,1970-01-01,20734.0,yfinance.info/recommendations
JBLU,4.78333,4.5,8.0,3.5,15.0,3.52941,1970-01-01,20734.0,yfinance.info/recommendations
JBTM,167.0625,168.0,210.0,118.0,8.0,1.625,1970-01-01,20734.0,yfinance.info/recommendations
JJSF,110.5,110.5,120.0,101.0,2.0,,1970-01-01,20734.0,yfinance.info/recommendations
JKHY,189.72221,194.5,209.0,158.0,18.0,1.75,1970-01-01,20734.0,yfinance.info/recommendations
JNJ,279.63635,283.5,320.0,190.0,22.0,1.91304,1970-01-01,20734.0,yfinance.info/recommendations
JOE,,,,,,,,,yfinance.info/recommendations
JPM,372.8095,375.0,420.0,305.0,21.0,2.08333,1970-01-01,20734.0,yfinance.info/recommendations
JRSH,6.5,6.5,7.0,6.0,2.0,,1970-01-01,20734.0,yfinance.info/recommendations
JSPR,20.0,20.0,20.0,20.0,1.0,,1970-01-01,20734.0,yfinance.info/recommendations
JYNT,10.0,9.0,12.0,9.0,3.0,2.5,1970-01-01,20734.0,yfinance.info/recommendations
KBR,44.28571,45.0,50.0,35.0,7.0,2.0,1970-01-01,20734.0,yfinance.info/recommendations
KD,14.2,14.0,16.0,13.0,5.0,,1970-01-01,20734.0,yfinance.info/recommendations
KDP,36.20588,38.0,42.0,29.0,17.0,1.83333,1970-01-01,20734.0,yfinance.info/recommendations
KELYA,20.0,20.0,21.0,19.0,3.0,2.0,1970-01-01,20734.0,yfinance.info/recommendations
KEY,25.37368,25.0,43.0,22.0,19.0,2.0,1970-01-01,20734.0,yfinance.info/recommendations
KEYS,418.0,417.5,487.0,350.0,12.0,1.58333,1970-01-01,20734.0,yfinance.info/recommendations
KFFB,,,,,,,,,yfinance.info/recommendations
KFRC,60.66667,60.0,63.0,59.0,3.0,2.2,1970-01-01,20734.0,yfinance.info/recommendations
KFY,90.25,89.5,100.0,82.0,4.0,1.4,1970-01-01,20734.0,yfinance.info/recommendations
KGC,34.055,35.0,50.0,9.3,10.0,1.72222,1970-01-01,20734.0,yfinance.info/recommendations
KGEI,9.0,9.0,9.0,9.0,1.0,,1970-01-01,20734.0,yfinance.info/recommendations
KHC,25.25,24.5,41.0,19.0,18.0,3.05,1970-01-01,20734.0,yfinance.info/recommendations
KIDS,27.22222,25.0,35.0,22.0,9.0,,1970-01-01,20734.0,yfinance.info/recommendations
KIDZ,,,,,,,,,yfinance.info/recommendations
KIM,26.70238,26.0,31.0,23.0,21.0,2.34783,1970-01-01,20734.0,yfinance.info/recommendations
KINS,24.0,24.0,24.0,24.0,1.0,,1970-01-01,20734.0,yfinance.info/recommendations
KITT,,,,,,,,,yfinance.info/recommendations
KKR,124.82857,122.0,166.0,97.0,21.0,1.6087,1970-01-01,20734.0,yfinance.info/recommendations
KLAC,232.76923,228.5,325.0,175.0,26.0,1.86667,1970-01-01,20734.0,yfinance.info/recommendations
KLIC,106.66667,105.0,115.0,100.0,3.0,,1970-01-01,20734.0,yfinance.info/recommendations
KLRS,18.71429,20.0,25.0,7.0,7.0,1.5,1970-01-01,20734.0,yfinance.info/recommendations
KMB,115.86667,115.0,162.0,90.0,15.0,2.4375,1970-01-01,20734.0,yfinance.info/recommendations
KMI,36.09091,36.0,43.0,31.0,22.0,2.12,1970-01-01,20734.0,yfinance.info/recommendations
KMT,32.42857,33.0,38.0,27.0,7.0,3.75,1970-01-01,20734.0,yfinance.info/recommendations
KNF,84.375,82.5,118.0,54.0,8.0,2.0,1970-01-01,20734.0,yfinance.info/recommendations
KO,94.43478,95.0,104.0,75.0,23.0,1.75,1970-01-01,20734.0,yfinance.info/recommendations
KOD,116.66667,116.0,145.0,96.0,6.0,1.42857,1970-01-01,20734.0,yfinance.info/recommendations
KOPN,8.42857,7.0,12.0,6.5,7.0,1.0,1970-01-01,20734.0,yfinance.info/recommendations
KR,68.31818,68.0,85.0,57.0,22.0,2.0,1970-01-01,20734.0,yfinance.info/recommendations
KRMD,6.25,6.0,8.0,5.0,4.0,,1970-01-01,20734.0,yfinance.info/recommendations
KRNY,10.66667,10.5,11.0,10.5,3.0,,1970-01-01,20734.0,yfinance.info/recommendations
KRO,8.5,8.5,9.0,8.0,2.0,,1970-01-01,20734.0,yfinance.info/recommendations
KRRO,20.2,21.5,30.0,10.0,10.0,1.36364,1970-01-01,20734.0,yfinance.info/recommendations
KRYS,392.1111,400.0,474.0,284.0,9.0,1.25,1970-01-01,20734.0,yfinance.info/recommendations
KSS,18.73077,18.0,41.5,9.0,13.0,3.28571,1970-01-01,20734.0,yfinance.info/recommendations
KT,21.94458,20.88916,26.0,20.0,4.0,2.5,1970-01-01,20734.0,yfinance.info/recommendations
KTOS,100.72727,102.0,150.0,60.0,22.0,1.36364,1970-01-01,20734.0,yfinance.info/recommendations
KTTA,3.0,3.0,3.0,3.0,1.0,,1970-01-01,20734.0,yfinance.info/recommendations
KURA,31.84615,28.0,76.0,15.0,13.0,1.3125,1970-01-01,20734.0,yfinance.info/recommendations
KVHI,,,,,,,,,yfinance.info/recommendations
KVUE,19.5,19.0,23.0,18.0,12.0,,1970-01-01,20734.0,yfinance.info/recommendations
L,,,,,,,,,yfinance.info/recommendations
LAD,433.53333,461.0,525.0,310.0,15.0,1.8,1970-01-01,20734.0,yfinance.info/recommendations
LARK,34.5,34.5,34.5,34.5,1.0,,1970-01-01,20734.0,yfinance.info/recommendations
LASE,,,,,,,,,yfinance.info/recommendations
LAW,6.66667,6.0,10.0,4.0,3.0,,1970-01-01,20734.0,yfinance.info/recommendations
LAZ,45.25,43.0,60.0,36.0,8.0,2.7,1970-01-01,20734.0,yfinance.info/recommendations
LBRDK,,,,,,3.0,1970-01-01,20734.0,yfinance.info/recommendations
LBRT,28.60714,28.5,36.0,19.0,14.0,2.0,1970-01-01,20734.0,yfinance.info/recommendations
LBRX,57.3,54.5,80.0,35.0,10.0,1.4,1970-01-01,20734.0,yfinance.info/recommendations
LCNB,21.25,21.25,22.0,20.5,2.0,,1970-01-01,20734.0,yfinance.info/recommendations
LCUT,12.5,12.5,13.0,12.0,2.0,1.0,1970-01-01,20734.0,yfinance.info/recommendations
LDI,1.125,1.125,1.25,1.0,2.0,,1970-01-01,20734.0,yfinance.info/recommendations
LDOS,154.6,150.0,225.0,130.0,15.0,2.35294,1970-01-01,20734.0,yfinance.info/recommendations
LEE,,,,,,,,,yfinance.info/recommendations
LEN,78.53333,75.0,120.0,63.0,15.0,3.57143,1970-01-01,20734.0,yfinance.info/recommendations
LENZ,24.0,10.0,60.0,7.0,7.0,,1970-01-01,20734.0,yfinance.info/recommendations
LESL,,,,,,3.0,1970-01-01,20734.0,yfinance.info/recommendations
LEVI,27.53333,27.0,34.0,22.0,15.0,1.73333,1970-01-01,20734.0,yfinance.info/recommendations
LFMD,8.125,7.5,15.0,5.0,8.0,,1970-01-01,20734.0,yfinance.info/recommendations
LFST,14.4,15.0,18.0,12.0,10.0,1.54545,1970-01-01,20734.0,yfinance.info/recommendations
LFT,,,,,,,1970-01-01,20734.0,yfinance.info/recommendations
LFVN,7.5,7.5,9.0,6.0,2.0,,1970-01-01,20734.0,yfinance.info/recommendations
LGIH,93.0,93.0,93.0,93.0,1.0,2.5,1970-01-01,20734.0,yfinance.info/recommendations
LGND,344.25,345.0,397.0,247.0,12.0,1.27273,1970-01-01,20734.0,yfinance.info/recommendations
LH,344.1875,352.5,385.0,293.0,16.0,1.72222,1970-01-01,20734.0,yfinance.info/recommendations
LHAI,,,,,,,,,yfinance.info/recommendations
LHX,330.86667,340.0,405.0,260.0,15.0,1.85,1970-01-01,20734.0,yfinance.info/recommendations
LIF,60.7,61.0,72.0,40.0,9.0,1.5,1970-01-01,20734.0,yfinance.info/recommendations
LII,472.64285,459.5,600.0,375.0,14.0,2.61111,1970-01-01,20734.0,yfinance.info/recommendations
LILA,10.55,10.6,14.0,7.0,4.0,,1970-01-01,20734.0,yfinance.info/recommendations
LILAK,7.2,7.2,9.0,5.4,2.0,,1970-01-01,20734.0,yfinance.info/recommendations
LIN,543.8077,550.0,580.0,400.0,26.0,1.67857,1970-01-01,20734.0,yfinance.info/recommendations
LIND,35.5,37.0,40.0,29.0,6.0,,1970-01-01,20734.0,yfinance.info/recommendations
LINE,43.78947,43.0,55.0,35.0,19.0,2.6,1970-01-01,20734.0,yfinance.info/recommendations
LITS,,,,,,,,,yfinance.info/recommendations
LKFN,66.5,66.5,67.0,66.0,4.0,,1970-01-01,20734.0,yfinance.info/recommendations
LKQ,32.5,31.25,42.5,25.0,8.0,1.77778,1970-01-01,20734.0,yfinance.info/recommendations
LLY,1329.2131,1385.0,1600.0,930.0,29.0,1.63333,1970-01-01,20734.0,yfinance.info/recommendations
LLYVA,,,,,,,,,yfinance.info/recommendations
LMAT,107.0,100.0,132.0,81.0,7.0,2.25,1970-01-01,20734.0,yfinance.info/recommendations
LMB,77.2,85.0,95.0,50.0,5.0,,1970-01-01,20734.0,yfinance.info/recommendations
LMNR,20.83333,16.5,31.0,15.0,3.0,,1970-01-01,20734.0,yfinance.info/recommendations
LMT,630.85,624.5,756.0,503.0,20.0,2.36364,1970-01-01,20734.0,yfinance.info/recommendations
LNAI,,,,,,,,,yfinance.info/recommendations
LNG,310.57144,312.0,340.0,255.0,21.0,1.40909,1970-01-01,20734.0,yfinance.info/recommendations
LNT,77.375,78.0,83.0,66.0,12.0,1.92308,1970-01-01,20734.0,yfinance.info/recommendations
LOAN,,,,,,,1970-01-01,20734.0,yfinance.info/recommendations
LOCL,,,,,,,,,yfinance.info/recommendations
LOVE,23.16667,20.0,35.0,18.0,6.0,1.16667,1970-01-01,20734.0,yfinance.info/recommendations
LOW,249.39394,254.0,290.0,190.0,33.0,1.8,1970-01-01,20734.0,yfinance.info/recommendations
LPG,54.6,55.0,60.0,46.0,5.0,1.6,1970-01-01,20734.0,yfinance.info/recommendations
LPSN,4.0,4.0,5.0,3.0,2.0,,,,yfinance.info/recommendations
LQDA,49.66667,49.0,72.0,30.0,6.0,2.25,1970-01-01,20734.0,yfinance.info/recommendations
LRCX,375.64517,385.0,500.0,290.0,31.0,1.45714,1970-01-01,20734.0,yfinance.info/recommendations
LTC,46.0,45.0,55.0,40.0,7.0,2.5,1970-01-01,20734.0,yfinance.info/recommendations
LTH,56.07143,55.5,64.0,50.0,14.0,1.14286,1970-01-01,20734.0,yfinance.info/recommendations
LTM,74.26,74.0,80.0,69.0,10.0,1.4,1970-01-01,20734.0,yfinance.info/recommendations
LUCD,4.0,3.0,9.5,2.0,5.0,1.4,1970-01-01,20734.0,yfinance.info/recommendations
LUCK,9.0,9.0,14.5,5.0,7.0,2.0,1970-01-01,20734.0,yfinance.info/recommendations
LULU,104.91111,100.0,255.0,44.0,27.0,,1970-01-01,20734.0,yfinance.info/recommendations
LUMN,7.64,7.5,9.0,5.9,10.0,3.0,1970-01-01,20734.0,yfinance.info/recommendations
LUNG,3.4,3.0,5.0,2.5,5.0,,1970-01-01,20734.0,yfinance.info/recommendations
LUNR,29.5,29.0,43.0,13.0,8.0,,1970-01-01,20734.0,yfinance.info/recommendations
LUV,49.43913,50.0,65.0,34.0,23.0,2.44,1970-01-01,20734.0,yfinance.info/recommendations
LVS,59.06842,60.0,71.5,47.0,19.0,1.80952,1970-01-01,20734.0,yfinance.info/recommendations
LW,55.90909,56.0,65.0,52.0,11.0,2.5,1970-01-01,20734.0,yfinance.info/recommendations
LWAY,33.0,32.0,35.0,32.0,3.0,,1970-01-01,20734.0,yfinance.info/recommendations
LXU,13.0,12.0,18.0,11.0,5.0,2.0,1970-01-01,20734.0,yfinance.info/recommendations
LYFT,19.51944,18.0,30.0,14.0,36.0,2.52273,1970-01-01,20734.0,yfinance.info/recommendations
LYTS,30.0,30.0,31.0,29.0,3.0,1.0,1970-01-01,20734.0,yfinance.info/recommendations
LYV,201.95833,209.0,222.0,145.0,24.0,1.64,1970-01-01,20734.0,yfinance.info/recommendations
MA,666.7138,668.0,740.0,550.0,37.0,1.425,1970-01-01,20734.0,yfinance.info/recommendations
MAC,27.0,27.0,30.0,21.0,15.0,1.73333,1970-01-01,20734.0,yfinance.info/recommendations
MAGN,15.5,15.5,16.0,15.0,2.0,,1970-01-01,20734.0,yfinance.info/recommendations
MAIN,60.33333,60.0,70.0,52.0,6.0,2.57143,1970-01-01,20734.0,yfinance.info/recommendations
MAMA,22.28571,22.0,25.0,21.0,7.0,,1970-01-01,20734.0,yfinance.info/recommendations
MAMO,,,,,,,,,yfinance.info/recommendations
MAN,57.33333,57.0,72.0,47.0,9.0,2.41667,1970-01-01,20734.0,yfinance.info/recommendations
MAR,380.8,393.0,425.0,280.0,25.0,2.21429,1970-01-01,20734.0,yfinance.info/recommendations
MARA,18.68615,17.0,30.0,11.0,13.0,2.13333,1970-01-01,20734.0,yfinance.info/recommendations
MAS,80.05263,79.0,96.0,68.0,19.0,2.45455,1970-01-01,20734.0,yfinance.info/recommendations
MATW,31.33333,30.0,40.0,24.0,3.0,2.0,1970-01-01,20734.0,yfinance.info/recommendations
MATX,263.75,265.0,270.0,255.0,4.0,1.25,1970-01-01,20734.0,yfinance.info/recommendations
MBC,10.3,10.0,10.9,10.0,3.0,3.0,1970-01-01,20734.0,yfinance.info/recommendations
MBI,7.0,7.0,7.0,7.0,2.0,,1970-01-01,20734.0,yfinance.info/recommendations
MBIN,64.0,64.0,65.0,63.0,2.0,2.66667,1970-01-01,20734.0,yfinance.info/recommendations
MBIO,,,,,,,,,yfinance.info/recommendations
MBRX,12.0,3.0,31.0,2.0,3.0,1.33333,1970-01-01,20734.0,yfinance.info/recommendations
MBX,94.3,88.0,150.0,70.0,10.0,1.27273,1970-01-01,20734.0,yfinance.info/recommendations
MCB,105.33333,108.0,110.0,98.0,3.0,2.0,1970-01-01,20734.0,yfinance.info/recommendations
MCD,293.7586,295.0,390.0,230.0,29.0,2.05882,1970-01-01,20734.0,yfinance.info/recommendations
MCHB,17.375,17.25,18.0,17.0,4.0,2.25,1970-01-01,20734.0,yfinance.info/recommendations
MCHP,107.84,108.0,135.0,80.0,25.0,1.53846,1970-01-01,20734.0,yfinance.info/recommendations
MCHX,4.0,4.0,4.0,4.0,1.0,,1970-01-01,20734.0,yfinance.info/recommendations
MCK,977.3333,1000.0,1065.0,845.0,12.0,1.6,1970-01-01,20734.0,yfinance.info/recommendations
MCO,559.9048,570.0,610.0,470.0,21.0,1.70833,1970-01-01,20734.0,yfinance.info/recommendations
MCRB,17.0,17.0,22.0,12.0,2.0,,1970-01-01,20734.0,yfinance.info/recommendations
MCS,32.25,33.0,34.0,29.0,4.0,1.6,1970-01-01,20734.0,yfinance.info/recommendations
MDAI,5.11333,5.09,6.25,4.0,3.0,,1970-01-01,20734.0,yfinance.info/recommendations
MDB,446.50378,460.0,565.0,272.64,37.0,1.63415,1970-01-01,20734.0,yfinance.info/recommendations
MDLZ,69.0,70.0,77.0,55.0,22.0,1.86957,1970-01-01,20734.0,yfinance.info/recommendations
MDRR,,,,,,,,,yfinance.info/recommendations
MDT,104.44,106.0,121.0,85.0,25.0,1.7931,1970-01-01,20734.0,yfinance.info/recommendations
MDU,23.0,23.0,25.0,21.0,8.0,1.77778,1970-01-01,20734.0,yfinance.info/recommendations
MDV,18.66667,19.0,19.0,18.0,6.0,,1970-01-01,20734.0,yfinance.info/recommendations
MEC,36.8,36.0,40.0,34.0,5.0,1.0,1970-01-01,20734.0,yfinance.info/recommendations
MED,12.0,12.0,12.0,12.0,1.0,,1970-01-01,20734.0,yfinance.info/recommendations
MEI,22.0,21.0,30.0,16.0,4.0,,1970-01-01,20734.0,yfinance.info/recommendations
MELI,2275.778,2275.0,2800.0,1750.0,26.0,1.57692,1970-01-01,20734.0,yfinance.info/recommendations
MEOH,70.3,70.5,80.0,55.0,10.0,1.8,1970-01-01,20734.0,yfinance.info/recommendations
MET,107.375,110.0,119.0,84.0,16.0,1.88889,1970-01-01,20734.0,yfinance.info/recommendations
META,794.9607,800.0,1000.0,580.0,58.0,1.4127,1970-01-01,20734.0,yfinance.info/recommendations
MFIN,11.5,12.0,12.0,10.5,3.0,2.5,1970-01-01,20734.0,yfinance.info/recommendations
MG,23.0,23.0,24.0,22.0,2.0,,1970-01-01,20734.0,yfinance.info/recommendations
MGM,49.33158,48.3,57.0,40.0,19.0,2.3913,1970-01-01,20734.0,yfinance.info/recommendations
MGRX,,,,,,,,,yfinance.info/recommendations
MGYR,,,,,,,,,yfinance.info/recommendations
MH,17.91667,17.0,24.0,15.0,12.0,1.38462,1970-01-01,20734.0,yfinance.info/recommendations
MHK,137.86667,132.0,188.0,112.0,15.0,2.375,1970-01-01,20734.0,yfinance.info/recommendations
MIDD,155.88889,160.0,169.0,145.0,9.0,,1970-01-01,20734.0,yfinance.info/recommendations
MIND,9.0,9.0,9.0,9.0,1.0,,1970-01-01,20734.0,yfinance.info/recommendations
MIRM,145.7857,138.5,195.0,118.0,14.0,1.28571,1970-01-01,20734.0,yfinance.info/recommendations
MITK,22.625,23.25,26.0,18.0,4.0,,1970-01-01,20734.0,yfinance.info/recommendations
MITT,9.0,9.0,10.25,8.0,6.0,,1970-01-01,20734.0,yfinance.info/recommendations
MKC,54.84615,55.0,65.0,47.0,13.0,2.26667,1970-01-01,20734.0,yfinance.info/recommendations
MKC-V,,,,,,,,,yfinance.info/recommendations
MKL,1933.1666,1955.0,2107.0,1532.0,6.0,3.28571,1970-01-01,20734.0,yfinance.info/recommendations
MKTX,158.0,167.0,167.0,124.0,9.0,,1970-01-01,20734.0,yfinance.info/recommendations
MLI,80.0,80.0,80.0,80.0,2.0,,1970-01-01,20734.0,yfinance.info/recommendations
MLM,641.125,639.5,800.0,496.0,24.0,1.83333,1970-01-01,20734.0,yfinance.info/recommendations
MLR,58.0,58.0,64.0,52.0,2.0,,1970-01-01,20734.0,yfinance.info/recommendations
MLYS,48.5,52.0,56.0,30.0,8.0,,1970-01-01,20734.0,yfinance.info/recommendations
MMI,28.0,28.0,28.0,28.0,1.0,,1970-01-01,20734.0,yfinance.info/recommendations
MMM,187.26111,191.85,218.0,120.0,18.0,2.21053,1970-01-01,20734.0,yfinance.info/recommendations
MMS,92.5,92.5,110.0,75.0,2.0,,1970-01-01,20734.0,yfinance.info/recommendations
MNKD,7.84375,7.5,13.0,4.75,8.0,1.25,1970-01-01,20734.0,yfinance.info/recommendations
MNOV,8.25,8.0,11.0,6.0,4.0,1.25,1970-01-01,20734.0,yfinance.info/recommendations
MNSB,27.5,27.5,27.5,27.5,1.0,,1970-01-01,20734.0,yfinance.info/recommendations
MNST,50.02174,50.0,57.0,35.0,23.0,2.04,1970-01-01,20734.0,yfinance.info/recommendations
MO,70.0,71.0,82.0,58.0,11.0,2.64286,1970-01-01,20734.0,yfinance.info/recommendations
MOD,302.125,301.0,355.0,260.0,8.0,1.11111,1970-01-01,20734.0,yfinance.info/recommendations
MOG-A,446.4,440.0,520.0,405.0,5.0,,1970-01-01,20734.0,yfinance.info/recommendations
MOH,209.11765,209.0,266.0,147.0,17.0,2.68421,1970-01-01,20734.0,yfinance.info/recommendations
MOS,26.66111,26.0,35.0,17.0,18.0,2.5,1970-01-01,20734.0,yfinance.info/recommendations
MOVE,18.75,18.75,18.75,18.75,1.0,,1970-01-01,20734.0,yfinance.info/recommendations
MPC,385.55557,406.5,472.0,236.0,18.0,2.36842,1970-01-01,20734.0,yfinance.info/recommendations
MPWR,1839.8,1820.0,2100.0,1575.0,15.0,1.35294,1970-01-01,20734.0,yfinance.info/recommendations
MRAM,25.66667,20.0,38.0,19.0,3.0,1.33333,1970-01-01,20734.0,yfinance.info/recommendations
MRBK,23.0,23.0,24.0,22.0,2.0,1.5,1970-01-01,20734.0,yfinance.info/recommendations
MRCY,115.7,117.5,131.0,78.0,10.0,,1970-01-01,20734.0,yfinance.info/recommendations
MRK,156.28,161.0,186.0,105.0,25.0,1.77778,1970-01-01,20734.0,yfinance.info/recommendations
MRKR,7.86667,8.0,10.0,5.6,3.0,,1970-01-01,20734.0,yfinance.info/recommendations
MRNA,121.0,125.0,170.0,45.0,18.0,2.82609,1970-01-01,20734.0,yfinance.info/recommendations
MRTN,17.0,17.0,19.0,15.0,2.0,2.33333,1970-01-01,20734.0,yfinance.info/recommendations
MRVI,7.83333,8.0,9.0,7.0,6.0,1.88889,1970-01-01,20734.0,yfinance.info/recommendations
MRVL,330.15643,325.0,450.0,210.0,43.0,1.41304,1970-01-01,20734.0,yfinance.info/recommendations
MS,224.4762,223.0,262.0,184.0,21.0,2.28,1970-01-01,20734.0,yfinance.info/recommendations
MSA,209.14285,215.0,223.0,190.0,7.0,,1970-01-01,20734.0,yfinance.info/recommendations
MSCI,688.41174,700.0,760.0,570.0,17.0,1.5,1970-01-01,20734.0,yfinance.info/recommendations
MSDL,15.60714,16.0,17.0,14.0,7.0,,1970-01-01,20734.0,yfinance.info/recommendations
MSEX,61.0,61.0,66.0,56.0,2.0,,1970-01-01,20734.0,yfinance.info/recommendations
MSFT,587.6338,586.0,870.0,440.0,53.0,1.28571,1970-01-01,20734.0,yfinance.info/recommendations
MSGS,480.66666,475.0,584.0,415.0,6.0,2.0,1970-01-01,20734.0,yfinance.info/recommendations
MSI,526.9091,530.0,550.0,476.0,11.0,,1970-01-01,20734.0,yfinance.info/recommendations
MSIF,14.21429,14.0,16.0,12.5,7.0,,1970-01-01,20734.0,yfinance.info/recommendations
MSPR,,,,,,,,,yfinance.info/recommendations
MSTR,236.8,215.0,435.0,160.0,15.0,1.25,1970-01-01,20734.0,yfinance.info/recommendations
MTB,252.92105,250.0,301.0,224.0,19.0,2.66667,1970-01-01,20734.0,yfinance.info/recommendations
MTCH,41.88235,41.0,51.0,35.0,17.0,,1970-01-01,20734.0,yfinance.info/recommendations
MTEX,,,,,,,,,yfinance.info/recommendations
MTG,31.4,31.0,35.0,29.0,5.0,2.83333,1970-01-01,20734.0,yfinance.info/recommendations
MTH,78.0,75.0,93.0,59.0,9.0,2.22222,1970-01-01,20734.0,yfinance.info/recommendations
MTR,,,,,,,,,yfinance.info/recommendations
MTSI,395.33334,380.0,475.0,300.0,15.0,1.5625,1970-01-01,20734.0,yfinance.info/recommendations
MTVA,19.33333,20.0,30.0,8.0,3.0,,1970-01-01,20734.0,yfinance.info/recommendations
MTW,14.0,14.0,16.0,12.0,2.0,,1970-01-01,20734.0,yfinance.info/recommendations
MTX,91.25,90.0,95.0,90.0,4.0,1.25,1970-01-01,20734.0,yfinance.info/recommendations
MTZ,396.35,373.5,518.0,313.0,20.0,1.2381,1970-01-01,20734.0,yfinance.info/recommendations
MU,1535.5652,1550.0,2200.0,361.0,46.0,1.36735,1970-01-01,20734.0,yfinance.info/recommendations
MUSA,617.8,622.0,680.0,550.0,10.0,1.9,1970-01-01,20734.0,yfinance.info/recommendations
MUX,31.2,31.0,37.0,28.0,5.0,,1970-01-01,20734.0,yfinance.info/recommendations
MVBF,34.0,34.0,34.0,34.0,2.0,2.0,1970-01-01,20734.0,yfinance.info/recommendations
MX,,,,,,,,,yfinance.info/recommendations
MXL,94.54545,100.0,125.0,40.0,11.0,1.81818,1970-01-01,20734.0,yfinance.info/recommendations
MYPS,5.0,5.0,5.0,5.0,1.0,,1970-01-01,20734.0,yfinance.info/recommendations
MYSE,,,,,,,,,yfinance.info/recommendations
MYSZ,,,,,,,,,yfinance.info/recommendations
MZTI,146.6,140.0,185.0,118.0,5.0,,1970-01-01,20734.0,yfinance.info/recommendations
NAII,,,,,,,,,yfinance.info/recommendations
NAT,7.5,7.5,10.0,5.0,2.0,3.0,1970-01-01,20734.0,yfinance.info/recommendations
NATR,30.5,30.5,36.0,25.0,2.0,,1970-01-01,20734.0,yfinance.info/recommendations
NAVI,8.92857,8.5,13.0,7.0,7.0,3.28571,1970-01-01,20734.0,yfinance.info/recommendations
NBHC,46.0,46.0,49.0,43.0,4.0,2.25,1970-01-01,20734.0,yfinance.info/recommendations
NBN,143.5,143.5,151.0,136.0,2.0,,1970-01-01,20734.0,yfinance.info/recommendations
NCDL,13.7,13.5,16.0,12.0,5.0,,1970-01-01,20734.0,yfinance.info/recommendations
NCMI,4.75,4.625,6.0,3.75,4.0,,1970-01-01,20734.0,yfinance.info/recommendations
NCNO,24.27273,25.0,28.0,17.0,11.0,2.0,1970-01-01,20734.0,yfinance.info/recommendations
NDAQ,109.0625,108.5,132.0,84.0,16.0,1.83333,1970-01-01,20734.0,yfinance.info/recommendations
NDSN,349.7143,360.0,375.0,282.0,7.0,,1970-01-01,20734.0,yfinance.info/recommendations
NECB,30.0,30.0,30.0,30.0,2.0,2.0,1970-01-01,20734.0,yfinance.info/recommendations
NEE,97.42105,100.0,114.0,56.0,19.0,1.90476,1970-01-01,20734.0,yfinance.info/recommendations
NEM,137.7381,140.0,170.0,67.0,21.0,1.56522,1970-01-01,20734.0,yfinance.info/recommendations
NEON,,,,,,,,,yfinance.info/recommendations
NEPH,6.25,6.0,8.0,4.75,3.0,,1970-01-01,20734.0,yfinance.info/recommendations
NFBK,14.5,14.5,14.5,14.5,1.0,3.0,1970-01-01,20734.0,yfinance.info/recommendations
NFE,2.0,2.0,2.0,2.0,1.0,,1970-01-01,20734.0,yfinance.info/recommendations
NFLX,92.61556,90.0,135.0,57.0,45.0,1.80392,1970-01-01,20734.0,yfinance.info/recommendations
NGNE,80.42857,65.0,166.0,46.0,7.0,,1970-01-01,20734.0,yfinance.info/recommendations
NGVC,42.25,40.0,54.0,35.0,4.0,,1970-01-01,20734.0,yfinance.info/recommendations
NHI,81.875,80.0,90.0,73.0,8.0,1.75,1970-01-01,20734.0,yfinance.info/recommendations
NI,49.13333,50.0,55.0,43.0,15.0,1.625,1970-01-01,20734.0,yfinance.info/recommendations
NINE,13.38,13.38,14.76,12.0,2.0,,1970-01-01,20734.0,yfinance.info/recommendations
NKE,38.15278,34.9,94.0,19.0,36.0,2.80952,1970-01-01,20734.0,yfinance.info/recommendations
NKSH,46.75,46.75,46.75,46.75,1.0,,1970-01-01,20734.0,yfinance.info/recommendations
NKTR,141.4,150.5,192.0,50.0,10.0,1.41667,1970-01-01,20734.0,yfinance.info/recommendations
NL,,,,,,,,,yfinance.info/recommendations
NNBR,6.66667,7.0,7.0,6.0,3.0,1.0,1970-01-01,20734.0,yfinance.info/recommendations
NNI,125.0,125.0,125.0,125.0,1.0,3.0,1970-01-01,20734.0,yfinance.info/recommendations
NNN,47.25,47.0,50.5,42.0,16.0,2.88889,1970-01-01,20734.0,yfinance.info/recommendations
NOC,634.04346,615.0,815.0,525.0,23.0,2.0,1970-01-01,20734.0,yfinance.info/recommendations
NOEM,,,,,,,,,yfinance.info/recommendations
NOG,30.44444,30.0,38.0,25.0,9.0,2.44444,1970-01-01,20734.0,yfinance.info/recommendations
NOMA,,,,,,,,,yfinance.info/recommendations
NOTE,2.125,2.125,3.0,1.25,2.0,1.0,1970-01-01,20734.0,yfinance.info/recommendations
NOW,146.73174,150.0,248.0,72.0,46.0,1.42857,1970-01-01,20734.0,yfinance.info/recommendations
NPB,20.38333,21.0,21.5,18.65,3.0,,1970-01-01,20734.0,yfinance.info/recommendations
NPK,162.0,162.0,162.0,162.0,1.0,3.0,1970-01-01,20734.0,yfinance.info/recommendations
NPKI,20.33333,21.0,22.0,18.0,3.0,,1970-01-01,20734.0,yfinance.info/recommendations
NPWR,2.85,2.75,3.5,2.5,5.0,,1970-01-01,20734.0,yfinance.info/recommendations
NRC,26.0,26.0,26.0,26.0,1.0,,1970-01-01,20734.0,yfinance.info/recommendations
NRG,185.5,182.0,270.0,104.0,16.0,1.5625,1970-01-01,20734.0,yfinance.info/recommendations
NRGV,6.206,7.0,8.03,3.0,5.0,,1970-01-01,20734.0,yfinance.info/recommendations
NRIX,33.92857,34.0,45.0,25.0,14.0,,1970-01-01,20734.0,yfinance.info/recommendations
NRXP,38.5,47.0,50.0,10.0,4.0,1.0,1970-01-01,20734.0,yfinance.info/recommendations
NSC,359.1111,357.5,414.0,297.0,18.0,2.57143,1970-01-01,20734.0,yfinance.info/recommendations
NSP,51.75,54.0,61.0,38.0,4.0,,1970-01-01,20734.0,yfinance.info/recommendations
NSSC,50.66667,50.0,55.0,48.0,6.0,,1970-01-01,20734.0,yfinance.info/recommendations
NTAP,206.0625,197.0,260.0,170.0,16.0,2.3,1970-01-01,20734.0,yfinance.info/recommendations
NTGR,33.0,34.0,35.0,30.0,3.0,1.33333,1970-01-01,20734.0,yfinance.info/recommendations
NTLA,23.11111,16.0,61.0,8.0,18.0,2.35,1970-01-01,20734.0,yfinance.info/recommendations
NTNX,77.78786,76.5,90.0,63.0,14.0,2.06667,1970-01-01,20734.0,yfinance.info/recommendations
NTRS,182.61539,185.0,194.0,158.0,13.0,3.0,1970-01-01,20734.0,yfinance.info/recommendations
NTST,22.86842,23.0,25.0,20.0,19.0,1.5,1970-01-01,20734.0,yfinance.info/recommendations
NUAI,12.5,12.5,13.0,12.0,2.0,1.0,1970-01-01,20734.0,yfinance.info/recommendations
NUE,283.8125,285.5,310.0,226.0,16.0,1.76471,1970-01-01,20734.0,yfinance.info/recommendations
NUS,12.77,12.77,12.77,12.77,1.0,,1970-01-01,20734.0,yfinance.info/recommendations
NUTR,,,,,,,,,yfinance.info/recommendations
NUVB,13.0,12.0,21.0,7.0,11.0,1.45455,1970-01-01,20734.0,yfinance.info/recommendations
NUVL,124.0,124.0,124.0,124.0,9.0,3.0,1970-01-01,20734.0,yfinance.info/recommendations
NVDA,328.71695,315.0,515.0,180.0,59.0,1.29508,1970-01-01,20734.0,yfinance.info/recommendations
NVEC,,,,,,,,,yfinance.info/recommendations
NVO,46.0618,44.61124,61.804726,39.757156,12.0,2.71429,1970-01-01,20734.0,yfinance.info/recommendations
NVR,6441.1665,6700.0,7400.0,5058.0,6.0,3.0,1970-01-01,20734.0,yfinance.info/recommendations
NVST,29.69231,29.0,35.0,23.0,13.0,2.06667,1970-01-01,20734.0,yfinance.info/recommendations
NVTS,14.075,13.0,21.0,8.0,8.0,2.875,1970-01-01,20734.0,yfinance.info/recommendations
NVVE,,,,,,,,,yfinance.info/recommendations
NWL,6.65625,6.0,11.0,5.0,8.0,2.77778,1970-01-01,20734.0,yfinance.info/recommendations
NWPX,111.0,108.0,130.0,95.0,3.0,3.0,1970-01-01,20734.0,yfinance.info/recommendations
NWS,,,,,,,1970-01-01,20734.0,yfinance.info/recommendations
NWSA,36.1625,36.5,43.0,30.3,8.0,,1970-01-01,20734.0,yfinance.info/recommendations
NXDT,,,,,,,,,yfinance.info/recommendations
NXPI,310.51724,310.0,400.0,190.0,29.0,1.8,1970-01-01,20734.0,yfinance.info/recommendations
NXST,246.75,249.5,290.0,205.0,8.0,1.25,1970-01-01,20734.0,yfinance.info/recommendations
NXTC,20.0,20.0,20.0,20.0,1.0,,1970-01-01,20734.0,yfinance.info/recommendations
NXXT,12.5,12.5,15.0,10.0,2.0,,1970-01-01,20734.0,yfinance.info/recommendations
NYC,,,,,,,,,yfinance.info/recommendations
NYT,78.55556,76.0,90.0,63.0,9.0,1.7,1970-01-01,20734.0,yfinance.info/recommendations
O,66.39286,66.0,74.0,59.0,21.0,2.52,1970-01-01,20734.0,yfinance.info/recommendations
OBDC,13.17308,13.0,15.0,11.0,13.0,1.53846,1970-01-01,20734.0,yfinance.info/recommendations
OBK,59.2,60.0,62.0,56.0,5.0,2.0,1970-01-01,20734.0,yfinance.info/recommendations
OC,165.0625,167.0,198.0,118.0,16.0,1.88889,1970-01-01,20734.0,yfinance.info/recommendations
OCC,,,,,,,,,yfinance.info/recommendations
OCFC,21.58333,22.0,25.0,18.0,6.0,2.28571,1970-01-01,20734.0,yfinance.info/recommendations
OCUL,27.09091,28.0,34.0,18.0,11.0,1.36364,1970-01-01,20734.0,yfinance.info/recommendations
ODFL,227.13635,230.5,263.0,156.0,22.0,2.41667,1970-01-01,20734.0,yfinance.info/recommendations
OFG,56.5,56.5,58.0,55.0,4.0,2.6,1970-01-01,20734.0,yfinance.info/recommendations
OGN,11.25,11.5,14.0,8.0,4.0,,1970-01-01,20734.0,yfinance.info/recommendations
OGS,88.72222,87.0,103.0,79.0,9.0,1.7,1970-01-01,20734.0,yfinance.info/recommendations
OHI,51.77778,51.5,61.0,46.0,18.0,2.4,1970-01-01,20734.0,yfinance.info/recommendations
OKE,101.2,102.0,112.0,89.0,20.0,2.27273,1970-01-01,20734.0,yfinance.info/recommendations
OKLO,75.775,74.5,130.0,14.0,20.0,2.08,1970-01-01,20734.0,yfinance.info/recommendations
OKTA,212.24907,223.0,250.0,127.0,43.0,1.65909,1970-01-01,20734.0,yfinance.info/recommendations
OLED,115.37333,115.0,158.0,80.36,9.0,,1970-01-01,20734.0,yfinance.info/recommendations
OLMA,36.5,38.0,59.0,16.0,10.0,,1970-01-01,20734.0,yfinance.info/recommendations
OLN,20.2,19.0,30.0,16.0,15.0,2.86667,1970-01-01,20734.0,yfinance.info/recommendations
OLP,27.16667,27.0,28.5,26.0,3.0,,1970-01-01,20734.0,yfinance.info/recommendations
OMC,102.16667,100.0,141.0,77.0,12.0,2.07692,1970-01-01,20734.0,yfinance.info/recommendations
OMCC,,,,,,,,,yfinance.info/recommendations
OMDA,28.41667,28.0,35.0,22.0,12.0,1.75,1970-01-01,20734.0,yfinance.info/recommendations
OMER,27.5,27.5,33.0,22.0,2.0,,1970-01-01,20734.0,yfinance.info/recommendations
OMF,68.5,67.0,85.0,60.0,14.0,1.86667,1970-01-01,20734.0,yfinance.info/recommendations
ON,104.46154,100.0,150.0,75.0,26.0,2.13333,1970-01-01,20734.0,yfinance.info/recommendations
ONCO,,,,,,,,,yfinance.info/recommendations
ONEW,13.33333,13.0,14.0,13.0,3.0,,1970-01-01,20734.0,yfinance.info/recommendations
ONTO,387.5,395.0,450.0,330.0,12.0,1.25,1970-01-01,20734.0,yfinance.info/recommendations
OPBK,17.75,17.75,18.0,17.5,2.0,2.0,1970-01-01,20734.0,yfinance.info/recommendations
OPCH,30.68333,32.05,39.0,23.0,9.0,2.36364,1970-01-01,20734.0,yfinance.info/recommendations
OPRT,9.75,10.0,13.0,6.0,4.0,,1970-01-01,20734.0,yfinance.info/recommendations
OPRX,12.6,11.0,18.0,11.0,5.0,1.16667,1970-01-01,20734.0,yfinance.info/recommendations
OPTX,,,,,,,,,yfinance.info/recommendations
OPY,,,,,,,,,yfinance.info/recommendations
ORBS,,,,,,,,,yfinance.info/recommendations
ORC,7.5,7.5,7.5,7.5,1.0,3.0,1970-01-01,20734.0,yfinance.info/recommendations
ORCL,237.97415,240.0,400.0,110.0,41.0,1.5814,1970-01-01,20734.0,yfinance.info/recommendations
ORIC,21.42857,22.5,27.0,14.0,14.0,1.25,1970-01-01,20734.0,yfinance.info/recommendations
ORKA,155.0,155.5,200.0,117.0,12.0,1.15385,1970-01-01,20734.0,yfinance.info/recommendations
ORLY,107.34615,109.0,120.0,91.0,26.0,1.58621,1970-01-01,20734.0,yfinance.info/recommendations
ORRF,45.75,46.0,48.0,43.0,4.0,2.0,1970-01-01,20734.0,yfinance.info/recommendations
OSRH,10.0,10.0,10.0,10.0,1.0,,1970-01-01,20734.0,yfinance.info/recommendations
OTIS,86.53846,86.0,105.0,73.0,13.0,2.35714,1970-01-01,20734.0,yfinance.info/recommendations
OTLK,5.025,4.0,10.5,1.6,4.0,,1970-01-01,20734.0,yfinance.info/recommendations
OVBC,,,,,,,,,yfinance.info/recommendations
OVID,6.024,5.12,9.0,4.0,10.0,1.0,1970-01-01,20734.0,yfinance.info/recommendations
OWLT,13.0,13.5,15.0,10.0,4.0,1.0,1970-01-01,20734.0,yfinance.info/recommendations
OXM,34.0,34.0,35.0,33.0,4.0,3.0,1970-01-01,20734.0,yfinance.info/recommendations
OXY,68.36,69.0,82.0,55.0,25.0,2.23077,1970-01-01,20734.0,yfinance.info/recommendations
PAAS,64.525,61.0,94.0,53.0,8.0,1.77778,1970-01-01,20734.0,yfinance.info/recommendations
PACK,7.08333,7.25,8.0,6.0,3.0,,1970-01-01,20734.0,yfinance.info/recommendations
PACS,59.0,59.0,62.0,57.0,6.0,1.33333,1970-01-01,20734.0,yfinance.info/recommendations
PANL,10.85,10.8,11.5,10.25,3.0,,1970-01-01,20734.0,yfinance.info/recommendations
PANW,396.92,412.5,475.0,190.0,50.0,1.70909,1970-01-01,20734.0,yfinance.info/recommendations
PAR,25.3125,26.5,33.0,18.0,8.0,1.55556,1970-01-01,20734.0,yfinance.info/recommendations
PARR,85.85714,85.0,104.0,65.0,7.0,1.57143,1970-01-01,20734.0,yfinance.info/recommendations
PATH,15.49882,15.0,23.0,10.0,17.0,2.85714,1970-01-01,20734.0,yfinance.info/recommendations
PAYC,220.23529,210.0,286.0,160.0,17.0,2.52381,1970-01-01,20734.0,yfinance.info/recommendations
PAYX,113.92857,111.0,150.0,96.0,14.0,3.0,1970-01-01,20734.0,yfinance.info/recommendations
PB,80.42857,80.0,85.0,70.0,14.0,2.53333,1970-01-01,20734.0,yfinance.info/recommendations
PBF,77.0,75.0,99.0,55.0,13.0,3.35714,1970-01-01,20734.0,yfinance.info/recommendations
PBH,67.8,70.0,75.0,55.0,5.0,1.71429,1970-01-01,20734.0,yfinance.info/recommendations
PBHC,,,,,,,,,yfinance.info/recommendations
PBI,19.56,18.5,22.0,17.3,5.0,,1970-01-01,20734.0,yfinance.info/recommendations
PBT,,,,,,,,,yfinance.info/recommendations
PCAR,141.4375,140.0,164.0,107.0,16.0,2.21053,1970-01-01,20734.0,yfinance.info/recommendations
PCB,30.25,30.25,31.0,29.5,2.0,3.0,1970-01-01,20734.0,yfinance.info/recommendations
PCG,18.8125,18.5,24.0,14.0,16.0,2.17647,1970-01-01,20734.0,yfinance.info/recommendations
PCRX,30.11111,31.0,38.0,23.0,9.0,2.11111,1970-01-01,20734.0,yfinance.info/recommendations
PCSA,,,,,,,,,yfinance.info/recommendations
PCT,10.6,10.0,17.0,6.0,5.0,,1970-01-01,20734.0,yfinance.info/recommendations
PCTY,172.2,170.0,250.0,128.0,20.0,1.42857,1970-01-01,20734.0,yfinance.info/recommendations
PCYO,,,,,,,,,yfinance.info/recommendations
PD,12.64286,12.0,15.0,9.5,7.0,,1970-01-01,20734.0,yfinance.info/recommendations
PDFS,61.5,61.0,74.0,50.0,8.0,1.5,1970-01-01,20734.0,yfinance.info/recommendations
PDLB,24.0,24.0,24.0,24.0,1.0,,1970-01-01,20734.0,yfinance.info/recommendations
PDSB,5.0,5.0,5.0,5.0,1.0,,1970-01-01,20734.0,yfinance.info/recommendations
PEBO,42.33333,42.0,46.0,40.0,6.0,2.57143,1970-01-01,20734.0,yfinance.info/recommendations
PECO,43.61538,44.0,48.0,39.0,13.0,2.0,1970-01-01,20734.0,yfinance.info/recommendations
PEG,84.47222,84.0,96.0,73.0,18.0,2.27273,1970-01-01,20734.0,yfinance.info/recommendations
PEGA,41.42857,39.0,55.0,32.0,7.0,2.4,1970-01-01,20734.0,yfinance.info/recommendations
PEN,361.58334,374.0,374.0,320.0,12.0,2.6875,1970-01-01,20734.0,yfinance.info/recommendations
PEP,148.63635,147.5,180.0,124.0,22.0,2.75,1970-01-01,20734.0,yfinance.info/recommendations
PEPG,10.1875,10.5,20.0,2.5,8.0,,1970-01-01,20734.0,yfinance.info/recommendations
PEW,5.0,5.0,5.0,5.0,1.0,,1970-01-01,20734.0,yfinance.info/recommendations
PFBC,114.4,111.0,120.0,110.0,5.0,2.5,1970-01-01,20734.0,yfinance.info/recommendations
PFE,28.91346,28.0,35.75,25.0,26.0,2.46429,1970-01-01,20734.0,yfinance.info/recommendations
PFG,111.58333,113.5,128.0,86.0,12.0,3.0,1970-01-01,20734.0,yfinance.info/recommendations
PFGC,125.58333,130.0,144.0,79.0,12.0,1.46154,1970-01-01,20734.0,yfinance.info/recommendations
PFLT,9.75,10.0,10.5,9.0,6.0,,1970-01-01,20734.0,yfinance.info/recommendations
PG,160.78261,162.0,186.0,143.0,23.0,2.12,1970-01-01,20734.0,yfinance.info/recommendations
PGC,56.0,55.5,58.0,55.0,4.0,,1970-01-01,20734.0,yfinance.info/recommendations
PGNY,34.41667,35.0,40.0,30.0,12.0,,1970-01-01,20734.0,yfinance.info/recommendations
PGR,232.80952,232.0,314.0,198.0,21.0,2.6,1970-01-01,20734.0,yfinance.info/recommendations
PHIN,91.6,95.0,105.0,68.0,5.0,,1970-01-01,20734.0,yfinance.info/recommendations
PHIO,14.0,14.0,14.0,14.0,1.0,1.0,1970-01-01,20734.0,yfinance.info/recommendations
PHM,138.70589,145.0,166.0,100.0,17.0,2.05882,1970-01-01,20734.0,yfinance.info/recommendations
PHR,14.06667,14.0,20.0,10.0,15.0,2.0,1970-01-01,20734.0,yfinance.info/recommendations
PHUN,,,,,,,,,yfinance.info/recommendations
PII,71.46667,73.0,85.0,46.0,15.0,,1970-01-01,20734.0,yfinance.info/recommendations
PIII,18.0,18.0,23.0,13.0,2.0,,1970-01-01,20734.0,yfinance.info/recommendations
PJT,168.0,165.0,195.0,138.0,5.0,2.57143,1970-01-01,20734.0,yfinance.info/recommendations
PK,16.05882,15.5,20.5,11.0,17.0,2.5,1970-01-01,20734.0,yfinance.info/recommendations
PKE,42.5,42.5,43.0,42.0,2.0,,1970-01-01,20734.0,yfinance.info/recommendations
PKG,258.9,265.0,320.0,167.0,10.0,2.0,1970-01-01,20734.0,yfinance.info/recommendations
PKX,68.0386,68.0386,68.0386,68.0386,1.0,,1970-01-01,20734.0,yfinance.info/recommendations
PLAB,41.33333,41.0,44.0,39.0,3.0,,1970-01-01,20734.0,yfinance.info/recommendations
PLBY,2.83333,3.0,4.0,1.5,3.0,,1970-01-01,20734.0,yfinance.info/recommendations
PLD,158.23077,160.0,170.0,140.0,13.0,2.0,1970-01-01,20734.0,yfinance.info/recommendations
PLMR,162.0,166.0,168.0,152.0,6.0,1.625,1970-01-01,20734.0,yfinance.info/recommendations
PLNT,65.30588,62.0,106.0,49.2,17.0,1.83333,1970-01-01,20734.0,yfinance.info/recommendations
PLOW,54.0,54.5,57.0,50.0,4.0,,1970-01-01,20734.0,yfinance.info/recommendations
PLSE,56.5,58.0,73.0,35.0,6.0,1.16667,1970-01-01,20734.0,yfinance.info/recommendations
PLTK,4.775,4.0,14.0,2.75,10.0,2.63636,1970-01-01,20734.0,yfinance.info/recommendations
PLTR,199.844,205.1,255.0,80.0,25.0,1.83871,1970-01-01,20734.0,yfinance.info/recommendations
PLUG,3.53667,4.0,7.0,0.75,15.0,2.78947,1970-01-01,20734.0,yfinance.info/recommendations
PM,208.13333,211.0,230.0,175.0,15.0,,1970-01-01,20734.0,yfinance.info/recommendations
PNBK,,,,,,,,,yfinance.info/recommendations
PNC,272.3,275.0,291.0,250.0,20.0,1.77273,1970-01-01,20734.0,yfinance.info/recommendations
PNFP,119.18182,117.5,139.0,105.0,22.0,1.59091,1970-01-01,20734.0,yfinance.info/recommendations
PNTG,46.83333,47.0,49.0,44.0,6.0,1.14286,1970-01-01,20734.0,yfinance.info/recommendations
PNW,102.92857,104.0,118.0,89.0,14.0,2.52941,1970-01-01,20734.0,yfinance.info/recommendations
PODD,170.95651,165.0,275.0,144.0,23.0,2.0,1970-01-01,20734.0,yfinance.info/recommendations
POOL,217.0,212.5,260.0,185.0,12.0,2.4,1970-01-01,20734.0,yfinance.info/recommendations
POR,52.09091,51.0,62.0,44.0,11.0,2.53846,1970-01-01,20734.0,yfinance.info/recommendations
POST,104.0,102.0,125.0,79.0,6.0,1.85714,1970-01-01,20734.0,yfinance.info/recommendations
POWI,75.5,76.0,85.0,65.0,4.0,2.0,1970-01-01,20734.0,yfinance.info/recommendations
PPCB,,,,,,,,,yfinance.info/recommendations
PPG,125.71429,125.0,138.0,115.0,21.0,2.08333,1970-01-01,20734.0,yfinance.info/recommendations
PPIH,38.0,38.0,38.0,38.0,1.0,,1970-01-01,20734.0,yfinance.info/recommendations
PPL,40.125,40.0,45.0,35.0,16.0,1.70588,1970-01-01,20734.0,yfinance.info/recommendations
PR,27.19048,28.0,30.0,22.0,21.0,1.30435,1970-01-01,20734.0,yfinance.info/recommendations
PRDO,44.0,44.0,44.0,44.0,1.0,2.0,1970-01-01,20734.0,yfinance.info/recommendations
PRI,324.5,327.5,360.0,276.0,6.0,2.5,1970-01-01,20734.0,yfinance.info/recommendations
PRIM,117.8,115.0,165.0,85.0,15.0,1.8125,1970-01-01,20734.0,yfinance.info/recommendations
PRKS,47.3,47.5,55.0,40.0,10.0,,1970-01-01,20734.0,yfinance.info/recommendations
PRLB,95.5,92.5,110.0,87.0,4.0,,1970-01-01,20734.0,yfinance.info/recommendations
PRLD,9.2,10.0,12.0,6.0,5.0,1.4,1970-01-01,20734.0,yfinance.info/recommendations
PRM,42.75,42.5,48.0,38.0,4.0,1.75,1970-01-01,20734.0,yfinance.info/recommendations
PRMB,30.27273,31.0,35.0,24.0,11.0,1.75,1970-01-01,20734.0,yfinance.info/recommendations
PRME,7.11364,7.0,11.0,4.25,11.0,1.5,1970-01-01,20734.0,yfinance.info/recommendations
PRPH,,,,,,,,,yfinance.info/recommendations
PRPO,,,,,,,,,yfinance.info/recommendations
PRSU,62.14286,61.0,70.0,58.0,7.0,1.14286,1970-01-01,20734.0,yfinance.info/recommendations
PRTH,8.03333,8.05,8.05,8.0,3.0,3.0,1970-01-01,20734.0,yfinance.info/recommendations
PRU,113.66667,113.0,131.0,92.0,15.0,3.38889,1970-01-01,20734.0,yfinance.info/recommendations
PSA,335.05557,339.5,374.0,285.0,18.0,2.5,1970-01-01,20734.0,yfinance.info/recommendations
PSKY,9.92438,9.5,16.0,2.0,16.0,3.45455,1970-01-01,20734.0,yfinance.info/recommendations
PSMT,166.0,165.0,198.0,135.0,3.0,,1970-01-01,20734.0,yfinance.info/recommendations
PSQH,15.0,15.0,15.0,15.0,1.0,,1970-01-01,20734.0,yfinance.info/recommendations
PSX,257.1579,264.0,340.0,173.0,19.0,2.1,1970-01-01,20734.0,yfinance.info/recommendations
PTC,196.66667,205.0,205.0,140.0,15.0,2.88235,1970-01-01,20734.0,yfinance.info/recommendations
PTRN,27.625,27.5,30.0,25.0,8.0,,1970-01-01,20734.0,yfinance.info/recommendations
PULM,,,,,,,,,yfinance.info/recommendations
PUMP,16.15385,17.5,21.0,11.0,13.0,2.0,1970-01-01,20734.0,yfinance.info/recommendations
PVH,90.83333,85.5,128.0,70.0,12.0,2.30769,1970-01-01,20734.0,yfinance.info/recommendations
PVLA,230.53333,232.0,270.0,205.0,15.0,,1970-01-01,20734.0,yfinance.info/recommendations
PWR,767.97174,800.0,945.0,410.0,29.0,1.45161,1970-01-01,20734.0,yfinance.info/recommendations
PXED,41.0,39.0,51.0,33.0,8.0,1.85714,1970-01-01,20734.0,yfinance.info/recommendations
PYPL,56.91719,56.5,80.0,36.0,32.0,2.88095,1970-01-01,20734.0,yfinance.info/recommendations
PYXS,8.66667,8.0,19.0,6.0,9.0,,1970-01-01,20734.0,yfinance.info/recommendations
Q,174.25,177.5,189.0,150.0,8.0,1.25,1970-01-01,20734.0,yfinance.info/recommendations
QCLS,,,,,,,,,yfinance.info/recommendations
QCOM,194.13333,175.0,400.0,100.0,30.0,2.56757,1970-01-01,20734.0,yfinance.info/recommendations
QETA,,,,,,,,,yfinance.info/recommendations
QRHC,3.25,3.25,4.0,2.5,2.0,,1970-01-01,20734.0,yfinance.info/recommendations
QS,6.6625,7.5,10.0,2.5,8.0,3.44444,1970-01-01,20734.0,yfinance.info/recommendations
QTRX,3.0,3.0,3.0,3.0,3.0,,1970-01-01,20734.0,yfinance.info/recommendations
QTTB,39.6,36.0,59.0,29.0,5.0,1.16667,1970-01-01,20734.0,yfinance.info/recommendations
QUIK,23.0,22.0,27.0,20.0,3.0,,1970-01-01,20734.0,yfinance.info/recommendations
QXO,28.31579,27.0,50.0,17.0,19.0,1.21053,1970-01-01,20734.0,yfinance.info/recommendations
RAPP,63.04462,62.0,80.0,50.0,13.0,1.07143,1970-01-01,20734.0,yfinance.info/recommendations
RARE,28.05263,28.0,40.0,18.0,19.0,2.0,1970-01-01,20734.0,yfinance.info/recommendations
RBA,128.63635,130.0,152.0,104.0,11.0,1.58333,1970-01-01,20734.0,yfinance.info/recommendations
RBBN,3.3,3.3,4.0,2.2,5.0,,1970-01-01,20734.0,yfinance.info/recommendations
RBNE,,,,,,,,,yfinance.info/recommendations
RBOT,,,,,,,,,yfinance.info/recommendations
RCAT,16.5,15.0,25.0,9.0,8.0,,1970-01-01,20734.0,yfinance.info/recommendations
RCL,350.33334,355.0,425.0,262.0,27.0,1.62069,1970-01-01,20734.0,yfinance.info/recommendations
RCMT,45.0,45.0,45.0,45.0,2.0,,1970-01-01,20734.0,yfinance.info/recommendations
RCUS,39.90909,43.0,47.0,23.0,11.0,1.30769,1970-01-01,20734.0,yfinance.info/recommendations
RDDT,213.70909,210.0,300.0,130.0,33.0,1.94118,1970-01-01,20734.0,yfinance.info/recommendations
RDI,,,,,,,,,yfinance.info/recommendations
RDIB,,,,,,,,,yfinance.info/recommendations
RDNT,94.625,95.5,105.0,79.0,8.0,,1970-01-01,20734.0,yfinance.info/recommendations
RDY,13.237649,12.928149,15.246116,11.248516,5.0,,1970-01-01,20734.0,yfinance.info/recommendations
REAL,18.0,18.0,20.0,15.0,8.0,1.44444,1970-01-01,20734.0,yfinance.info/recommendations
REBN,,,,,,,,,yfinance.info/recommendations
REFI,15.125,15.0,20.0,10.5,4.0,,1970-01-01,20734.0,yfinance.info/recommendations
REFR,,,,,,,,,yfinance.info/recommendations
REG,86.11111,85.0,102.0,76.0,18.0,2.05,1970-01-01,20734.0,yfinance.info/recommendations
REGN,856.2308,857.0,1030.0,730.0,26.0,1.85185,1970-01-01,20734.0,yfinance.info/recommendations
RELY,32.11111,32.0,36.0,29.0,9.0,1.2,1970-01-01,20734.0,yfinance.info/recommendations
RENT,,,,,,,,,yfinance.info/recommendations
RES,6.4,6.0,9.0,5.0,5.0,3.0,1970-01-01,20734.0,yfinance.info/recommendations
REXR,40.375,40.0,45.0,36.0,16.0,2.55556,1970-01-01,20734.0,yfinance.info/recommendations
REYN,27.14286,27.0,30.0,24.0,7.0,2.42857,1970-01-01,20734.0,yfinance.info/recommendations
REZI,33.4,30.0,45.0,27.0,5.0,1.6,1970-01-01,20734.0,yfinance.info/recommendations
RF,32.0325,32.5,36.0,27.0,20.0,2.77273,1970-01-01,20734.0,yfinance.info/recommendations
RFIL,14.5,14.5,17.0,12.0,2.0,1.0,1970-01-01,20734.0,yfinance.info/recommendations
RGA,276.8889,286.0,302.0,235.0,9.0,2.1,1970-01-01,20734.0,yfinance.info/recommendations
RGEN,194.95,200.0,225.0,145.0,20.0,1.5,1970-01-01,20734.0,yfinance.info/recommendations
RGLD,309.83334,313.5,380.0,218.0,12.0,1.83333,1970-01-01,20734.0,yfinance.info/recommendations
RGNX,23.58333,20.0,50.0,10.0,12.0,1.58333,1970-01-01,20734.0,yfinance.info/recommendations
RGTI,28.525,30.0,40.0,17.3,12.0,1.69231,1970-01-01,20734.0,yfinance.info/recommendations
RHLD,,,,,,,,,yfinance.info/recommendations
RICK,,,,,,,,,yfinance.info/recommendations
RITM,13.1,13.0,14.0,12.5,10.0,1.36364,1970-01-01,20734.0,yfinance.info/recommendations
RIVN,19.23077,18.5,25.0,13.0,26.0,2.5,1970-01-01,20734.0,yfinance.info/recommendations
RJF,185.64285,186.0,209.0,160.0,14.0,2.4375,1970-01-01,20734.0,yfinance.info/recommendations
RKDA,,,,,,,,,yfinance.info/recommendations
RKLB,109.15,110.0,150.0,64.0,20.0,1.57143,1970-01-01,20734.0,yfinance.info/recommendations
RL,446.70587,455.0,520.0,250.0,17.0,1.52632,1970-01-01,20734.0,yfinance.info/recommendations
RLMD,10.75,11.0,12.0,9.0,4.0,,1970-01-01,20734.0,yfinance.info/recommendations
RMAX,11.4,11.4,13.8,9.0,2.0,2.0,1970-01-01,20734.0,yfinance.info/recommendations
RMBS,141.57143,145.0,165.0,100.0,7.0,1.5,1970-01-01,20734.0,yfinance.info/recommendations
RMCF,,,,,,,,,yfinance.info/recommendations
RMCO,4.0,4.0,4.0,4.0,1.0,,1970-01-01,20734.0,yfinance.info/recommendations
RMD,250.22295,235.0,320.0,175.0,17.0,2.3,1970-01-01,20734.0,yfinance.info/recommendations
RNAC,33.66667,38.5,44.0,16.0,6.0,1.14286,1970-01-01,20734.0,yfinance.info/recommendations
RNG,57.64286,50.0,85.0,38.0,14.0,,1970-01-01,20734.0,yfinance.info/recommendations
RNR,347.375,345.0,422.0,312.0,16.0,2.66667,1970-01-01,20734.0,yfinance.info/recommendations
RNST,47.71429,48.0,50.0,45.0,7.0,1.57143,1970-01-01,20734.0,yfinance.info/recommendations
RNTX,6.0,6.0,8.0,4.0,2.0,,1970-01-01,20734.0,yfinance.info/recommendations
RNXT,7.125,5.5,14.5,3.0,4.0,,1970-01-01,20734.0,yfinance.info/recommendations
ROK,477.1154,491.5,550.0,282.0,26.0,2.32143,1970-01-01,20734.0,yfinance.info/recommendations
ROKU,162.3265,160.0,205.0,150.0,20.0,2.51852,1970-01-01,20734.0,yfinance.info/recommendations
ROL,42.41176,43.0,66.0,27.0,17.0,2.52632,1970-01-01,20734.0,yfinance.info/recommendations
ROP,439.42856,422.0,550.0,335.0,14.0,2.42105,1970-01-01,20734.0,yfinance.info/recommendations
ROST,270.55557,282.5,310.0,187.0,18.0,1.75,1970-01-01,20734.0,yfinance.info/recommendations
RPAY,6.85,6.0,10.0,4.25,5.0,,1970-01-01,20734.0,yfinance.info/recommendations
RPID,5.75,6.0,8.0,3.0,4.0,1.0,1970-01-01,20734.0,yfinance.info/recommendations
RPM,126.33333,125.0,147.0,114.0,15.0,1.26667,1970-01-01,20734.0,yfinance.info/recommendations
RR,2.0,2.0,2.0,2.0,1.0,,1970-01-01,20734.0,yfinance.info/recommendations
RRC,45.56522,45.0,57.0,36.0,23.0,2.58333,1970-01-01,20734.0,yfinance.info/recommendations
RSG,245.5,245.5,272.0,208.0,24.0,2.0,1970-01-01,20734.0,yfinance.info/recommendations
RSSS,3.83333,4.0,4.0,3.5,3.0,,1970-01-01,20734.0,yfinance.info/recommendations
RSVR,13.0,13.0,15.0,11.0,2.0,,1970-01-01,20734.0,yfinance.info/recommendations
RTX,231.13635,238.0,250.0,200.0,22.0,1.82609,1970-01-01,20734.0,yfinance.info/recommendations
RVLV,30.84615,30.0,37.0,24.0,13.0,,1970-01-01,20734.0,yfinance.info/recommendations
RVMD,258.83698,260.0,320.0,179.0,23.0,1.29167,1970-01-01,20734.0,yfinance.info/recommendations
RVPH,17.5,17.5,30.0,5.0,2.0,,1970-01-01,20734.0,yfinance.info/recommendations
RVSB,7.0,7.0,7.0,7.0,1.0,,1970-01-01,20734.0,yfinance.info/recommendations
RVTY,135.86667,135.0,165.0,110.0,15.0,2.38889,1970-01-01,20734.0,yfinance.info/recommendations
RWT,5.58,5.5,6.5,4.75,9.0,1.77778,1970-01-01,20734.0,yfinance.info/recommendations
RXO,26.7,30.0,31.0,13.0,15.0,2.55556,1970-01-01,20734.0,yfinance.info/recommendations
RXST,7.56875,6.65,11.0,5.5,8.0,,1970-01-01,20734.0,yfinance.info/recommendations
RXT,4.76667,5.0,5.3,4.0,3.0,,1970-01-01,20734.0,yfinance.info/recommendations
RY,207.25972,214.78093,224.52762,182.47058,3.0,2.13333,1970-01-01,20734.0,yfinance.info/recommendations
RYM,,,,,,,,,yfinance.info/recommendations
RYN,25.33333,24.5,32.0,19.0,6.0,2.33333,1970-01-01,20734.0,yfinance.info/recommendations
SABS,11.63636,12.0,16.0,6.0,11.0,,1970-01-01,20734.0,yfinance.info/recommendations
SAFE,17.9,16.5,28.0,13.0,10.0,2.72727,1970-01-01,20734.0,yfinance.info/recommendations
SAFT,,,,,,,,,yfinance.info/recommendations
SAFX,1.1,1.1,1.2,1.0,2.0,,,,yfinance.info/recommendations
SAH,95.36364,98.0,139.0,57.0,11.0,2.41667,1970-01-01,20734.0,yfinance.info/recommendations
SAIC,132.7,131.0,154.0,103.0,10.0,2.81818,1970-01-01,20734.0,yfinance.info/recommendations
SANA,8.42857,7.0,12.0,6.0,7.0,,1970-01-01,20734.0,yfinance.info/recommendations
SANM,260.0,265.0,300.0,210.0,4.0,,1970-01-01,20734.0,yfinance.info/recommendations
SARO,34.38571,34.5,42.4,25.0,14.0,1.66667,1970-01-01,20734.0,yfinance.info/recommendations
SB,9.5,9.5,9.8,9.2,2.0,,1970-01-01,20734.0,yfinance.info/recommendations
SBAC,226.2,224.5,280.0,167.0,20.0,2.09524,1970-01-01,20734.0,yfinance.info/recommendations
SBCF,37.04167,37.0,38.75,35.5,6.0,2.66667,1970-01-01,20734.0,yfinance.info/recommendations
SBDS,,,,,,,,,yfinance.info/recommendations
SBET,16.625,14.0,30.0,8.0,8.0,1.125,1970-01-01,20734.0,yfinance.info/recommendations
SBGI,17.57143,16.0,30.0,12.0,7.0,,1970-01-01,20734.0,yfinance.info/recommendations
SBR,,,,,,,,,yfinance.info/recommendations
SBSI,34.33333,35.0,35.0,33.0,3.0,,1970-01-01,20734.0,yfinance.info/recommendations
SBUX,111.56667,112.0,143.0,82.0,30.0,2.33333,1970-01-01,20734.0,yfinance.info/recommendations
SCCO,174.12796,170.0,275.0,138.33992,17.0,3.77778,1970-01-01,20734.0,yfinance.info/recommendations
SCHW,122.47619,124.0,145.0,95.0,21.0,1.78261,1970-01-01,20734.0,yfinance.info/recommendations
SCI,100.33333,100.0,105.0,97.0,6.0,,1970-01-01,20734.0,yfinance.info/recommendations
SCKT,,,,,,,,,yfinance.info/recommendations
SCL,85.0,85.0,85.0,85.0,1.0,,1970-01-01,20734.0,yfinance.info/recommendations
SCNX,37.5,37.5,37.5,37.5,1.0,2.0,1970-01-01,20734.0,yfinance.info/recommendations
SCOR,5.0,5.0,5.0,5.0,1.0,,1970-01-01,20734.0,yfinance.info/recommendations
SD,14.0,14.0,14.0,14.0,1.0,,1970-01-01,20734.0,yfinance.info/recommendations
SDGR,21.42857,20.0,30.0,17.0,7.0,,1970-01-01,20734.0,yfinance.info/recommendations
SDHC,13.16667,14.0,15.0,10.5,3.0,,1970-01-01,20734.0,yfinance.info/recommendations
SDOT,,,,,,,,,yfinance.info/recommendations
SEAT,11.67857,10.0,16.0,7.5,7.0,,1970-01-01,20734.0,yfinance.info/recommendations
SEG,36.0,36.0,36.0,36.0,1.0,,1970-01-01,20734.0,yfinance.info/recommendations
SEI,101.27143,102.5,120.0,82.0,14.0,1.35714,1970-01-01,20734.0,yfinance.info/recommendations
SENEB,,,,,,,,,yfinance.info/recommendations
SEPN,54.22222,51.0,62.0,48.0,9.0,1.1,1970-01-01,20734.0,yfinance.info/recommendations
SERA,5.5,5.5,6.0,5.0,2.0,,1970-01-01,20734.0,yfinance.info/recommendations
SF,85.25,84.0,103.0,75.0,8.0,2.375,1970-01-01,20734.0,yfinance.info/recommendations
SFBS,46.33333,46.0,48.0,45.0,3.0,1.66667,1970-01-01,20734.0,yfinance.info/recommendations
SFM,93.57143,95.0,114.0,70.0,14.0,2.1875,1970-01-01,20734.0,yfinance.info/recommendations
SFNC,25.92857,26.0,28.0,24.0,7.0,2.28571,1970-01-01,20734.0,yfinance.info/recommendations
SGI,93.44444,95.0,105.0,80.0,9.0,,1970-01-01,20734.0,yfinance.info/recommendations
SGLY,,,,,,,,,yfinance.info/recommendations
SGRP,,,,,,,,,yfinance.info/recommendations
SGU,,,,,,,,,yfinance.info/recommendations
SHBI,25.6,25.0,26.5,25.0,5.0,2.4,1970-01-01,20734.0,yfinance.info/recommendations
SHFS,,,,,,,,,yfinance.info/recommendations
SHLS,11.16667,11.5,15.0,6.5,18.0,2.05556,1970-01-01,20734.0,yfinance.info/recommendations
SI,26.25,26.0,28.0,25.0,4.0,1.25,1970-01-01,20734.0,yfinance.info/recommendations
SIBN,25.22222,25.0,32.0,20.0,9.0,1.33333,1970-01-01,20734.0,yfinance.info/recommendations
SID,1.15,1.15,1.5,0.8,2.0,,1970-01-01,20734.0,yfinance.info/recommendations
SILO,,,,,,,,,yfinance.info/recommendations
SINT,9.25,9.25,12.5,6.0,4.0,1.25,1970-01-01,20734.0,yfinance.info/recommendations
SIRI,33.23077,32.0,46.0,24.0,13.0,2.64286,1970-01-01,20734.0,yfinance.info/recommendations
SITC,,,,,,,1970-01-01,20734.0,yfinance.info/recommendations
SITM,849.5,850.0,900.0,730.0,10.0,,1970-01-01,20734.0,yfinance.info/recommendations
SJM,142.125,145.0,157.0,120.0,16.0,2.10526,1970-01-01,20734.0,yfinance.info/recommendations
SKIL,,,,,,,1970-01-01,20734.0,yfinance.info/recommendations
SKM,35.0,35.0,40.0,30.0,2.0,3.0,1970-01-01,20734.0,yfinance.info/recommendations
SKT,41.0,41.0,46.0,37.0,10.0,2.72727,1970-01-01,20734.0,yfinance.info/recommendations
SKWD,70.45455,72.0,80.0,56.0,11.0,1.92308,1970-01-01,20734.0,yfinance.info/recommendations
SKYT,35.0,35.0,35.0,35.0,1.0,3.0,1970-01-01,20734.0,yfinance.info/recommendations
SKYX,4.0,4.0,5.0,2.5,7.0,1.16667,1970-01-01,20734.0,yfinance.info/recommendations
SLB,62.48276,63.0,75.0,43.0,29.0,1.6,1970-01-01,20734.0,yfinance.info/recommendations
SLDB,18.61538,18.0,26.0,11.0,13.0,1.38462,1970-01-01,20734.0,yfinance.info/recommendations
SLG,58.5,59.0,79.0,43.0,17.0,2.47059,1970-01-01,20734.0,yfinance.info/recommendations
SLGN,53.84615,56.0,61.0,38.0,13.0,1.38462,1970-01-01,20734.0,yfinance.info/recommendations
SLM,28.54545,28.0,35.0,23.0,11.0,2.09091,1970-01-01,20734.0,yfinance.info/recommendations
SLVM,50.4,47.0,65.0,45.0,5.0,2.0,1970-01-01,20734.0,yfinance.info/recommendations
SMA,36.84091,37.0,40.0,33.0,11.0,2.0,1970-01-01,20734.0,yfinance.info/recommendations
SMBK,52.70833,51.375,60.0,47.0,6.0,2.33333,1970-01-01,20734.0,yfinance.info/recommendations
SMCI,41.86667,43.0,60.0,15.0,15.0,2.84211,1970-01-01,20734.0,yfinance.info/recommendations
SMHI,11.0,11.0,11.0,11.0,1.0,,1970-01-01,20734.0,yfinance.info/recommendations
SMMT,29.732197,32.675007,43.01492,11.882902,13.0,1.76471,1970-01-01,20734.0,yfinance.info/recommendations
SMP,50.0,48.0,54.0,48.0,3.0,,1970-01-01,20734.0,yfinance.info/recommendations
SMR,11.96667,11.0,20.0,6.0,15.0,,1970-01-01,20734.0,yfinance.info/recommendations
SMRT,1.45,1.45,1.5,1.4,2.0,,1970-01-01,20734.0,yfinance.info/recommendations
SMSI,11.0,11.0,12.0,10.0,2.0,,1970-01-01,20734.0,yfinance.info/recommendations
SMXT,,,,,,,,,yfinance.info/recommendations
SNAP,7.4,6.75,16.0,5.0,35.0,2.64286,1970-01-01,20734.0,yfinance.info/recommendations
SND,,,,,,,,,yfinance.info/recommendations
SNDK,2173.0,2150.0,3600.0,1000.0,24.0,1.52,1970-01-01,20734.0,yfinance.info/recommendations
SNDR,36.64286,36.0,45.0,30.0,14.0,2.3125,1970-01-01,20734.0,yfinance.info/recommendations
SNES,6.75,6.75,10.0,3.5,2.0,,1970-01-01,20734.0,yfinance.info/recommendations
SNFCA,,,,,,,,,yfinance.info/recommendations
SNPS,570.5712,580.0,700.0,414.77,25.0,1.32,1970-01-01,20734.0,yfinance.info/recommendations
SNTI,13.5,13.5,15.0,12.0,2.0,,1970-01-01,20734.0,yfinance.info/recommendations
SNX,339.63635,340.0,379.0,287.0,11.0,1.54545,1970-01-01,20734.0,yfinance.info/recommendations
SO,98.13158,101.0,112.0,79.0,19.0,2.6087,1970-01-01,20734.0,yfinance.info/recommendations
SOC,9.33333,9.5,11.0,8.0,6.0,1.42857,1970-01-01,20734.0,yfinance.info/recommendations
SOLS,79.125,81.5,86.0,65.0,8.0,1.375,1970-01-01,20734.0,yfinance.info/recommendations
SOLV,94.30769,95.0,113.0,71.0,13.0,2.2,1970-01-01,20734.0,yfinance.info/recommendations
SOTK,8.5,8.5,10.0,7.0,2.0,2.0,1970-01-01,20734.0,yfinance.info/recommendations
SPB,99.0,100.0,110.0,85.0,7.0,2.125,1970-01-01,20734.0,yfinance.info/recommendations
SPFI,50.75,50.0,53.0,50.0,4.0,,1970-01-01,20734.0,yfinance.info/recommendations
SPG,233.5,224.5,285.0,207.0,18.0,2.45,1970-01-01,20734.0,yfinance.info/recommendations
SPGI,518.5238,525.0,553.0,477.0,21.0,1.33333,1970-01-01,20734.0,yfinance.info/recommendations
SPRY,22.5,22.5,30.0,15.0,4.0,,1970-01-01,20734.0,yfinance.info/recommendations
SPSC,75.45455,70.0,103.0,59.0,11.0,,1970-01-01,20734.0,yfinance.info/recommendations
SPXC,257.35715,257.5,310.0,215.0,14.0,1.21429,1970-01-01,20734.0,yfinance.info/recommendations
SQFT,,,,,,,,,yfinance.info/recommendations
SRBK,,,,,,,1970-01-01,20734.0,yfinance.info/recommendations
SRE,99.91667,100.5,118.0,83.0,18.0,1.6,1970-01-01,20734.0,yfinance.info/recommendations
SRFM,4.926,3.88,12.0,1.0,5.0,1.5,1970-01-01,20734.0,yfinance.info/recommendations
SRG,,,,,,,,,yfinance.info/recommendations
SRRK,70.4375,71.5,84.0,58.0,16.0,1.22222,1970-01-01,20734.0,yfinance.info/recommendations
SRTA,9.5625,8.75,12.75,8.0,4.0,,1970-01-01,20734.0,yfinance.info/recommendations
SRZN,48.4,52.0,54.0,40.0,5.0,1.0,1970-01-01,20734.0,yfinance.info/recommendations
SSD,219.0,218.0,230.0,212.0,5.0,,1970-01-01,20734.0,yfinance.info/recommendations
SSNC,93.55556,90.0,112.0,82.0,9.0,1.7,1970-01-01,20734.0,yfinance.info/recommendations
SST,6.5,6.5,6.5,6.5,1.0,,1970-01-01,20734.0,yfinance.info/recommendations
SSTI,8.84,8.7,10.0,8.0,5.0,3.0,1970-01-01,20734.0,yfinance.info/recommendations
STI,,,,,,,,,yfinance.info/recommendations
STIM,5.75,5.5,7.0,5.0,4.0,1.25,1970-01-01,20734.0,yfinance.info/recommendations
STLD,270.96072,272.0,310.0,205.45,14.0,2.0,1970-01-01,20734.0,yfinance.info/recommendations
STM,75.04167,73.5,98.0,52.0,12.0,1.92857,1970-01-01,20734.0,yfinance.info/recommendations
STRS,,,,,,,,,yfinance.info/recommendations
STT,198.25,200.0,215.0,150.0,14.0,2.0625,1970-01-01,20734.0,yfinance.info/recommendations
STTK,15.22222,15.0,19.0,10.0,9.0,1.27273,1970-01-01,20734.0,yfinance.info/recommendations
STZ,160.95651,161.0,209.0,110.0,23.0,2.04167,1970-01-01,20734.0,yfinance.info/recommendations
SU,69.71554,67.28784,75.64642,66.21235,3.0,1.85714,1970-01-01,20734.0,yfinance.info/recommendations
SUNE,,,,,,,,,yfinance.info/recommendations
SUPN,61.75,62.5,67.0,55.0,4.0,,1970-01-01,20734.0,yfinance.info/recommendations
SVCO,15.16667,14.5,18.0,14.0,6.0,1.16667,1970-01-01,20734.0,yfinance.info/recommendations
SVRA,11.05556,10.5,16.0,9.0,9.0,,1970-01-01,20734.0,yfinance.info/recommendations
SVV,14.22727,14.0,20.0,11.0,11.0,,1970-01-01,20734.0,yfinance.info/recommendations
SWK,101.09091,100.0,110.0,93.0,11.0,2.46667,1970-01-01,20734.0,yfinance.info/recommendations
SWKS,75.11765,70.0,107.0,52.0,17.0,2.91667,1970-01-01,20734.0,yfinance.info/recommendations
SWX,100.5,102.5,107.0,91.0,8.0,1.22222,1970-01-01,20734.0,yfinance.info/recommendations
SXC,9.5,9.5,10.0,9.0,2.0,,1970-01-01,20734.0,yfinance.info/recommendations
SXI,338.4,342.0,350.0,310.0,5.0,,1970-01-01,20734.0,yfinance.info/recommendations
SXTP,3.7,3.7,3.7,3.7,1.0,,1970-01-01,20734.0,yfinance.info/recommendations
SYF,88.47826,89.0,104.0,78.0,23.0,1.78261,1970-01-01,20734.0,yfinance.info/recommendations
SYK,366.15384,367.5,465.0,298.0,26.0,1.68966,1970-01-01,20734.0,yfinance.info/recommendations
SYRE,120.21429,122.0,130.0,97.0,14.0,1.17647,1970-01-01,20734.0,yfinance.info/recommendations
SYY,90.83333,90.5,100.0,78.0,12.0,2.28571,1970-01-01,20734.0,yfinance.info/recommendations
TACT,7.0,7.0,7.0,7.0,1.0,,1970-01-01,20734.0,yfinance.info/recommendations
TAIT,,,,,,,,,yfinance.info/recommendations
TALK,6.375,5.625,9.0,5.25,4.0,2.33333,1970-01-01,20734.0,yfinance.info/recommendations
TALO,20.22222,20.0,24.0,17.0,9.0,1.7,1970-01-01,20734.0,yfinance.info/recommendations
TAP,45.09524,44.0,61.0,33.0,21.0,2.7619,1970-01-01,20734.0,yfinance.info/recommendations
TAP-A,,,,,,,,,yfinance.info/recommendations
TASK,8.5,8.0,12.0,7.0,6.0,2.75,1970-01-01,20734.0,yfinance.info/recommendations
TAYD,70.0,70.0,70.0,70.0,1.0,,1970-01-01,20734.0,yfinance.info/recommendations
TBCH,16.4,17.0,21.0,11.0,5.0,,1970-01-01,20734.0,yfinance.info/recommendations
TBI,9.75,9.75,10.0,9.5,2.0,2.0,1970-01-01,20734.0,yfinance.info/recommendations
TCBS,,,,,,,,,yfinance.info/recommendations
TCBX,48.14286,48.0,54.0,40.0,7.0,2.14286,1970-01-01,20734.0,yfinance.info/recommendations
TCI,,,,,,,,,yfinance.info/recommendations
TD,119.36045,127.734505,135.09827,95.24859,3.0,2.21429,1970-01-01,20734.0,yfinance.info/recommendations
TDC,33.5,31.5,49.0,27.0,8.0,,1970-01-01,20734.0,yfinance.info/recommendations
TDG,1475.55,1410.0,1972.0,1210.0,20.0,2.08696,1970-01-01,20734.0,yfinance.info/recommendations
TDOC,7.58824,7.0,10.5,5.5,17.0,2.52174,1970-01-01,20734.0,yfinance.info/recommendations
TDUP,7.24,6.5,10.0,5.7,5.0,1.28571,1970-01-01,20734.0,yfinance.info/recommendations
TDY,758.0833,760.0,877.0,640.0,12.0,1.75,1970-01-01,20734.0,yfinance.info/recommendations
TE,8.0,9.0,11.0,5.0,9.0,1.77778,1970-01-01,20734.0,yfinance.info/recommendations
TEAM,205.3942,185.0,480.0,145.0,31.0,1.54545,1970-01-01,20734.0,yfinance.info/recommendations
TECH,70.5,73.0,73.0,50.0,10.0,2.84615,1970-01-01,20734.0,yfinance.info/recommendations
TECX,76.625,78.0,93.0,60.0,8.0,1.11111,1970-01-01,20734.0,yfinance.info/recommendations
TELA,2.08333,2.0,3.0,1.0,6.0,1.5,1970-01-01,20734.0,yfinance.info/recommendations
TENX,12.55556,5.0,36.0,4.0,9.0,,1970-01-01,20734.0,yfinance.info/recommendations
TER,446.46667,450.0,550.0,350.0,15.0,1.70588,1970-01-01,20734.0,yfinance.info/recommendations
TFC,54.31389,55.0,61.0,45.0,18.0,2.61905,1970-01-01,20734.0,yfinance.info/recommendations
TFIN,77.6,82.0,88.0,67.0,5.0,2.4,1970-01-01,20734.0,yfinance.info/recommendations
TFSL,18.25,18.25,18.5,18.0,2.0,3.0,1970-01-01,20734.0,yfinance.info/recommendations
TFX,154.72726,155.0,170.0,138.0,11.0,2.38462,1970-01-01,20734.0,yfinance.info/recommendations
TG,,,,,,,,,yfinance.info/recommendations
TGT,164.67647,164.0,200.0,128.0,34.0,2.47368,1970-01-01,20734.0,yfinance.info/recommendations
TH,25.2,25.0,27.0,23.0,5.0,,1970-01-01,20734.0,yfinance.info/recommendations
THC,285.31818,284.0,315.0,260.0,22.0,1.56522,1970-01-01,20734.0,yfinance.info/recommendations
THO,84.2,81.0,126.0,53.0,10.0,2.52941,1970-01-01,20734.0,yfinance.info/recommendations
TIL,7.0,7.0,7.0,7.0,1.0,,1970-01-01,20734.0,yfinance.info/recommendations
TITN,25.25,25.0,29.0,22.0,4.0,,1970-01-01,20734.0,yfinance.info/recommendations
TJX,169.8,175.0,198.0,136.0,20.0,,1970-01-01,20734.0,yfinance.info/recommendations
TKO,231.42105,235.0,250.0,185.0,19.0,1.5,1970-01-01,20734.0,yfinance.info/recommendations
TKR,146.47363,150.0,160.0,130.0,11.0,2.0,1970-01-01,20734.0,yfinance.info/recommendations
TLPH,3.125,3.0,3.5,3.0,4.0,,1970-01-01,20734.0,yfinance.info/recommendations
TLS,6.33333,5.5,9.0,4.0,6.0,,1970-01-01,20734.0,yfinance.info/recommendations
TLYS,5.5,5.5,5.5,5.5,1.0,,1970-01-01,20734.0,yfinance.info/recommendations
TMC,10.9,10.0,12.3,10.0,7.0,1.5,1970-01-01,20734.0,yfinance.info/recommendations
TMDX,99.81818,100.0,125.0,65.0,11.0,1.84615,1970-01-01,20734.0,yfinance.info/recommendations
TMO,665.16,660.0,780.0,560.0,25.0,1.48148,1970-01-01,20734.0,yfinance.info/recommendations
TMUS,241.24,235.0,296.0,169.0,25.0,1.67857,1970-01-01,20734.0,yfinance.info/recommendations
TNC,87.75,90.5,93.0,77.0,4.0,1.66667,1970-01-01,20734.0,yfinance.info/recommendations
TNDM,27.85714,26.0,50.0,18.0,21.0,2.0,1970-01-01,20734.0,yfinance.info/recommendations
TNGX,45.18182,40.0,69.0,24.0,11.0,1.25,1970-01-01,20734.0,yfinance.info/recommendations
TNYA,3.2,3.0,5.0,2.0,5.0,1.33333,1970-01-01,20734.0,yfinance.info/recommendations
TOL,170.88235,175.0,195.0,118.0,17.0,1.78947,1970-01-01,20734.0,yfinance.info/recommendations
TOMZ,7.0,7.0,7.0,7.0,1.0,,1970-01-01,20734.0,yfinance.info/recommendations
TORO,,,,,,,,,yfinance.info/recommendations
TOST,38.92308,39.0,45.0,25.0,26.0,1.83333,1970-01-01,20734.0,yfinance.info/recommendations
TPC,116.25,117.5,125.0,105.0,4.0,,1970-01-01,20734.0,yfinance.info/recommendations
TPG,58.52941,58.0,68.0,47.0,17.0,1.82353,1970-01-01,20734.0,yfinance.info/recommendations
TPL,443.0,443.0,639.0,247.0,2.0,,1970-01-01,20734.0,yfinance.info/recommendations
TPR,166.5,167.0,232.0,96.0,20.0,,1970-01-01,20734.0,yfinance.info/recommendations
TRAK,16.0,16.0,16.0,16.0,1.0,2.0,1970-01-01,20734.0,yfinance.info/recommendations
TRC,26.25,26.25,26.25,26.25,1.0,,1970-01-01,20734.0,yfinance.info/recommendations
TRDA,19.0,20.0,25.0,11.0,4.0,,1970-01-01,20734.0,yfinance.info/recommendations
TRGP,325.4762,325.0,359.0,284.0,21.0,1.36364,1970-01-01,20734.0,yfinance.info/recommendations
TRIN,18.5,19.0,21.0,15.0,9.0,,1970-01-01,20734.0,yfinance.info/recommendations
TRMB,79.5,80.0,94.0,61.0,10.0,1.33333,1970-01-01,20734.0,yfinance.info/recommendations
TRN,33.0,33.0,34.0,32.0,2.0,3.0,1970-01-01,20734.0,yfinance.info/recommendations
TRNO,74.11765,74.0,91.0,60.0,17.0,2.26316,1970-01-01,20734.0,yfinance.info/recommendations
TRNS,104.33333,105.0,113.0,95.0,3.0,,1970-01-01,20734.0,yfinance.info/recommendations
TROW,107.30769,110.0,120.0,90.0,13.0,3.35714,1970-01-01,20734.0,yfinance.info/recommendations
TRP,66.58792,70.66391,71.49538,57.60446,3.0,1.875,1970-01-01,20734.0,yfinance.info/recommendations
TRST,,,,,,,,,yfinance.info/recommendations
TRTX,9.875,10.0,11.0,8.25,6.0,,1970-01-01,20734.0,yfinance.info/recommendations
TRUP,34.25,33.0,42.0,29.0,4.0,2.33333,1970-01-01,20734.0,yfinance.info/recommendations
TRV,360.16666,359.5,430.0,262.0,24.0,2.96552,1970-01-01,20734.0,yfinance.info/recommendations
TSBK,,,,,,,,,yfinance.info/recommendations
TSCO,35.48148,35.0,42.0,28.0,27.0,,1970-01-01,20734.0,yfinance.info/recommendations
TSLA,396.56894,412.5,600.0,128.11,38.0,2.34884,1970-01-01,20734.0,yfinance.info/recommendations
TSN,63.41667,64.0,75.0,56.0,12.0,2.53846,1970-01-01,20734.0,yfinance.info/recommendations
TSSI,16.5,16.5,20.0,13.0,2.0,,1970-01-01,20734.0,yfinance.info/recommendations
TTD,13.56667,13.5,20.0,9.0,30.0,3.11111,1970-01-01,20734.0,yfinance.info/recommendations
TTEK,40.33333,40.0,46.0,36.0,6.0,,1970-01-01,20734.0,yfinance.info/recommendations
TTI,11.625,11.75,13.0,10.0,4.0,,1970-01-01,20734.0,yfinance.info/recommendations
TTWO,286.4417,290.0,368.0,170.0,29.0,1.2069,1970-01-01,20734.0,yfinance.info/recommendations
TUSK,,,,,,,,,yfinance.info/recommendations
TWI,12.0,12.0,13.0,11.0,4.0,,1970-01-01,20734.0,yfinance.info/recommendations
TWIN,30.0,30.0,30.0,30.0,1.0,1.0,1970-01-01,20734.0,yfinance.info/recommendations
TWST,133.75,132.0,215.0,36.0,12.0,1.92308,1970-01-01,20734.0,yfinance.info/recommendations
TXN,324.7097,340.0,400.0,225.0,31.0,2.11111,1970-01-01,20734.0,yfinance.info/recommendations
TXT,101.46667,100.0,115.0,86.0,15.0,2.1875,1970-01-01,20734.0,yfinance.info/recommendations
TYL,424.77274,427.5,525.0,335.0,22.0,1.54545,1970-01-01,20734.0,yfinance.info/recommendations
TYRA,47.45455,50.0,59.0,29.0,11.0,1.26667,1970-01-01,20734.0,yfinance.info/recommendations
TZOO,18.875,18.0,30.0,9.5,4.0,,1970-01-01,20734.0,yfinance.info/recommendations
UA,,,,,,,,,yfinance.info/recommendations
UAA,6.27105,5.5,12.0,4.0,19.0,3.0,1970-01-01,20734.0,yfinance.info/recommendations
UAL,153.69565,160.0,203.0,102.0,23.0,1.32,1970-01-01,20734.0,yfinance.info/recommendations
UBER,100.85522,100.5,150.0,70.0,46.0,1.58,1970-01-01,20734.0,yfinance.info/recommendations
UCB,40.16667,40.5,42.0,38.0,6.0,2.28571,1970-01-01,20734.0,yfinance.info/recommendations
UCFI,,,,,,,,,yfinance.info/recommendations
UDR,41.2619,41.0,46.0,38.0,21.0,2.36364,1970-01-01,20734.0,yfinance.info/recommendations
UFI,12.0,12.0,12.0,12.0,1.0,,1970-01-01,20734.0,yfinance.info/recommendations
UFPI,102.6,105.0,115.0,90.0,5.0,2.0,1970-01-01,20734.0,yfinance.info/recommendations
UG,,,,,,,,,yfinance.info/recommendations
UGI,43.25,42.5,46.0,42.0,4.0,1.25,1970-01-01,20734.0,yfinance.info/recommendations
UHS,194.94118,191.0,290.0,166.0,17.0,2.4,1970-01-01,20734.0,yfinance.info/recommendations
UIS,4.8125,5.0,6.0,3.25,4.0,2.0,1970-01-01,20734.0,yfinance.info/recommendations
ULS,96.48333,95.5,120.0,79.0,12.0,1.84615,1970-01-01,20734.0,yfinance.info/recommendations
ULTA,631.44,635.0,731.0,500.0,25.0,1.78571,1970-01-01,20734.0,yfinance.info/recommendations
UMBF,165.0625,166.0,182.0,145.0,16.0,1.8125,1970-01-01,20734.0,yfinance.info/recommendations
UMH,18.875,18.25,23.5,16.0,8.0,1.66667,1970-01-01,20734.0,yfinance.info/recommendations
UNCY,28.4,27.5,42.0,13.0,10.0,1.2,1970-01-01,20734.0,yfinance.info/recommendations
UNF,273.33334,278.0,280.0,262.0,3.0,,1970-01-01,20734.0,yfinance.info/recommendations
UNFI,53.0,51.5,61.0,45.0,8.0,2.4,1970-01-01,20734.0,yfinance.info/recommendations
UNH,481.72,490.0,529.0,380.0,25.0,1.57692,1970-01-01,20734.0,yfinance.info/recommendations
UNIT,10.41667,11.0,16.0,7.0,9.0,2.66667,1970-01-01,20734.0,yfinance.info/recommendations
UNP,328.91666,334.0,375.0,245.0,24.0,1.72,1970-01-01,20734.0,yfinance.info/recommendations
UNTY,68.55,68.0,72.0,66.75,5.0,1.4,1970-01-01,20734.0,yfinance.info/recommendations
UONEK,,,,,,,,,yfinance.info/recommendations
UP,,,,,,,,,yfinance.info/recommendations
UPS,115.23077,117.5,135.0,76.0,26.0,2.17241,1970-01-01,20734.0,yfinance.info/recommendations
URI,1265.9524,1317.0,1610.0,950.0,21.0,1.77273,1970-01-01,20734.0,yfinance.info/recommendations
USB,69.0,68.0,76.0,64.0,21.0,1.86957,1970-01-01,20734.0,yfinance.info/recommendations
USGO,40.5,35.75,55.0,30.75,3.0,,1970-01-01,20734.0,yfinance.info/recommendations
UTHR,649.6429,685.0,728.0,321.0,14.0,1.86667,1970-01-01,20734.0,yfinance.info/recommendations
UTI,38.83333,37.5,48.0,30.0,6.0,1.16667,1970-01-01,20734.0,yfinance.info/recommendations
UVE,45.0,45.0,45.0,45.0,1.0,3.0,1970-01-01,20734.0,yfinance.info/recommendations
UVV,67.0,67.0,67.0,67.0,1.0,0.0,1970-01-01,20734.0,yfinance.info/recommendations
V,419.36163,422.0,466.0,330.0,37.0,1.45,1970-01-01,20734.0,yfinance.info/recommendations
VABK,,,,,,,,,yfinance.info/recommendations
VANI,3.83333,4.0,4.0,3.5,3.0,,1970-01-01,20734.0,yfinance.info/recommendations
VC,124.5,129.0,145.0,104.0,10.0,2.0,1970-01-01,20734.0,yfinance.info/recommendations
VECO,61.33333,63.0,66.0,55.0,3.0,,1970-01-01,20734.0,yfinance.info/recommendations
VEEV,295.26923,300.0,340.0,180.0,26.0,1.96552,1970-01-01,20734.0,yfinance.info/recommendations
VERU,24.5,24.5,25.0,24.0,2.0,,1970-01-01,20734.0,yfinance.info/recommendations
VFC,18.32727,16.0,40.0,13.0,22.0,2.625,1970-01-01,20734.0,yfinance.info/recommendations
VG,16.66667,16.0,22.0,14.0,18.0,2.11111,1970-01-01,20734.0,yfinance.info/recommendations
VGAS,,,,,,,,,yfinance.info/recommendations
VHI,,,,,,,,,yfinance.info/recommendations
VICI,31.66667,31.5,38.0,26.0,24.0,1.88,1970-01-01,20734.0,yfinance.info/recommendations
VIR,20.77778,20.0,30.0,15.0,9.0,1.3,1970-01-01,20734.0,yfinance.info/recommendations
VIRC,6.7,6.7,6.7,6.7,1.0,,1970-01-01,20734.0,yfinance.info/recommendations
VIRT,69.57143,70.0,84.0,57.0,7.0,2.42857,1970-01-01,20734.0,yfinance.info/recommendations
VITL,13.22222,14.0,18.0,10.0,9.0,2.3,1970-01-01,20734.0,yfinance.info/recommendations
VKTX,94.71053,95.0,125.0,38.0,19.0,1.45,1970-01-01,20734.0,yfinance.info/recommendations
VLGEA,,,,,,,,,yfinance.info/recommendations
VLO,374.73685,389.0,467.0,238.0,19.0,2.4,1970-01-01,20734.0,yfinance.info/recommendations
VLTO,114.0,111.0,133.0,100.0,15.0,1.875,1970-01-01,20734.0,yfinance.info/recommendations
VLY,16.5,16.75,18.0,15.0,14.0,1.64286,1970-01-01,20734.0,yfinance.info/recommendations
VMC,315.21738,320.0,365.0,238.0,23.0,1.83333,1970-01-01,20734.0,yfinance.info/recommendations
VMI,624.5,610.0,678.0,600.0,4.0,,1970-01-01,20734.0,yfinance.info/recommendations
VNO,39.92308,40.0,50.0,31.0,13.0,2.76923,1970-01-01,20734.0,yfinance.info/recommendations
VNOM,54.95,55.5,65.0,45.0,20.0,1.25,1970-01-01,20734.0,yfinance.info/recommendations
VNT,40.849,40.745,48.0,35.0,10.0,2.0,1970-01-01,20734.0,yfinance.info/recommendations
VOYA,108.58333,109.5,127.0,90.0,12.0,2.08333,1970-01-01,20734.0,yfinance.info/recommendations
VPG,93.33333,98.0,105.0,77.0,3.0,,1970-01-01,20734.0,yfinance.info/recommendations
VRDN,36.75,36.5,50.0,22.0,16.0,1.17647,1970-01-01,20734.0,yfinance.info/recommendations
VRM,,,,,,,,,yfinance.info/recommendations
VRNS,51.31818,54.0,60.0,28.0,22.0,,1970-01-01,20734.0,yfinance.info/recommendations
VRRM,7.0,6.0,10.0,5.0,6.0,3.0,1970-01-01,20734.0,yfinance.info/recommendations
VRSK,234.76471,235.0,260.0,195.0,17.0,2.05263,1970-01-01,20734.0,yfinance.info/recommendations
VRSN,324.4,325.0,355.0,285.0,5.0,1.8,1970-01-01,20734.0,yfinance.info/recommendations
VRTS,145.5,145.0,172.0,120.0,4.0,3.5,1970-01-01,20734.0,yfinance.info/recommendations
VRTX,571.3929,577.5,672.0,350.0,28.0,1.625,1970-01-01,20734.0,yfinance.info/recommendations
VSEC,270.0,270.0,290.0,245.0,9.0,1.45455,1970-01-01,20734.0,yfinance.info/recommendations
VST,210.25,211.0,305.0,106.0,20.0,1.33333,1970-01-01,20734.0,yfinance.info/recommendations
VSTD,,,,,,,,,yfinance.info/recommendations
VSTS,13.0,13.0,17.0,9.3,7.0,,1970-01-01,20734.0,yfinance.info/recommendations
VTR,101.81818,102.0,113.0,90.0,22.0,1.56522,1970-01-01,20734.0,yfinance.info/recommendations
VTRS,19.7,20.0,26.0,13.0,10.0,2.0,1970-01-01,20734.0,yfinance.info/recommendations
VTS,21.5,21.5,22.5,20.5,4.0,1.5,1970-01-01,20734.0,yfinance.info/recommendations
VTSI,6.25,6.25,7.5,5.0,2.0,,1970-01-01,20734.0,yfinance.info/recommendations
VUZI,6.0,6.0,6.0,6.0,1.0,,1970-01-01,20734.0,yfinance.info/recommendations
VZ,51.12174,51.0,62.0,44.0,23.0,2.26923,1970-01-01,20734.0,yfinance.info/recommendations
W,123.68966,125.0,156.0,83.0,29.0,1.93939,1970-01-01,20734.0,yfinance.info/recommendations
WAB,329.58334,335.0,355.0,292.0,12.0,1.41667,1970-01-01,20734.0,yfinance.info/recommendations
WABC,64.0,64.0,64.0,64.0,1.0,,1970-01-01,20734.0,yfinance.info/recommendations
WAL,91.75,93.0,97.0,84.0,16.0,1.8125,1970-01-01,20734.0,yfinance.info/recommendations
WAT,453.26086,456.0,515.0,349.0,23.0,1.625,1970-01-01,20734.0,yfinance.info/recommendations
WATT,28.25,28.25,28.25,28.25,1.0,,1970-01-01,20734.0,yfinance.info/recommendations
WAY,33.77273,33.0,44.0,28.0,22.0,1.36364,1970-01-01,20734.0,yfinance.info/recommendations
WBD,30.66667,31.0,31.25,27.75,9.0,2.93333,1970-01-01,20734.0,yfinance.info/recommendations
WBS,76.18182,77.0,81.0,72.0,11.0,2.75,1970-01-01,20734.0,yfinance.info/recommendations
WBTN,11.28571,11.0,13.0,10.0,7.0,,1970-01-01,20734.0,yfinance.info/recommendations
WCC,399.18182,400.0,440.0,275.0,11.0,1.54545,1970-01-01,20734.0,yfinance.info/recommendations
WDAY,208.25974,215.0,275.0,92.0,38.0,2.2619,1970-01-01,20734.0,yfinance.info/recommendations
WDC,673.5,650.0,1050.0,420.0,24.0,1.53846,1970-01-01,20734.0,yfinance.info/recommendations
WEAV,7.4,7.4,7.4,7.4,3.0,,1970-01-01,20734.0,yfinance.info/recommendations
WEC,120.26471,120.0,135.0,108.5,17.0,2.36842,1970-01-01,20734.0,yfinance.info/recommendations
WELL,262.04544,262.5,292.0,219.0,22.0,1.63636,1970-01-01,20734.0,yfinance.info/recommendations
WEST,10.0,10.0,11.0,9.0,4.0,,1970-01-01,20734.0,yfinance.info/recommendations
WETH,,,,,,,,,yfinance.info/recommendations
WEX,195.36365,195.0,224.0,172.0,11.0,2.4,1970-01-01,20734.0,yfinance.info/recommendations
WEYS,,,,,,,,,yfinance.info/recommendations
WF,90.11582,90.11582,90.11582,90.11582,1.0,1.0,1970-01-01,20734.0,yfinance.info/recommendations
WFC,99.19565,100.0,115.0,90.0,23.0,1.80769,1970-01-01,20734.0,yfinance.info/recommendations
WFCF,,,,,,,,,yfinance.info/recommendations
WFG,86.5,86.5,90.0,83.0,6.0,1.85714,1970-01-01,20734.0,yfinance.info/recommendations
WGO,37.8,34.0,73.0,29.0,10.0,2.28571,1970-01-01,20734.0,yfinance.info/recommendations
WGS,93.5,92.5,103.0,83.0,8.0,1.125,1970-01-01,20734.0,yfinance.info/recommendations
WH,97.58824,98.0,115.0,80.0,17.0,1.58824,1970-01-01,20734.0,yfinance.info/recommendations
WHD,70.22222,72.0,83.0,57.0,9.0,2.22222,1970-01-01,20734.0,yfinance.info/recommendations
WHG,,,,,,,,,yfinance.info/recommendations
WHR,50.66667,42.5,137.0,31.0,12.0,,1970-01-01,20734.0,yfinance.info/recommendations
WHWK,7.71429,8.0,10.0,4.0,7.0,1.77778,1970-01-01,20734.0,yfinance.info/recommendations
WIT,1.66566,1.65,1.9,1.56,7.0,4.0,1970-01-01,20734.0,yfinance.info/recommendations
WK,89.8,90.0,105.0,80.0,10.0,1.18182,1970-01-01,20734.0,yfinance.info/recommendations
WLDN,137.5,137.5,145.0,130.0,2.0,1.0,1970-01-01,20734.0,yfinance.info/recommendations
WLFC,75.5,75.5,80.0,71.0,2.0,,1970-01-01,20734.0,yfinance.info/recommendations
WLK,85.625,85.5,114.0,67.0,16.0,2.375,1970-01-01,20734.0,yfinance.info/recommendations
WLYB,,,,,,,,,yfinance.info/recommendations
WM,258.56,262.0,277.0,220.0,25.0,1.75,1970-01-01,20734.0,yfinance.info/recommendations
WMB,85.45833,85.0,103.0,69.0,24.0,1.4,1970-01-01,20734.0,yfinance.info/recommendations
WMT,126.775,127.0,155.0,81.0,40.0,1.53488,1970-01-01,20734.0,yfinance.info/recommendations
WNEB,14.75,14.75,15.5,14.0,2.0,,1970-01-01,20734.0,yfinance.info/recommendations
WOLF,27.5,27.5,30.0,25.0,2.0,3.0,1970-01-01,20734.0,yfinance.info/recommendations
WPM,177.811,173.0,224.11,153.0,10.0,1.3125,1970-01-01,20734.0,yfinance.info/recommendations
WRB,69.05882,70.0,83.0,51.0,17.0,3.38889,1970-01-01,20734.0,yfinance.info/recommendations
WRBY,30.46154,32.0,35.0,24.0,13.0,1.71429,1970-01-01,20734.0,yfinance.info/recommendations
WSBC,44.14286,44.0,47.0,41.0,7.0,2.375,1970-01-01,20734.0,yfinance.info/recommendations
WSC,29.9,29.0,37.0,26.0,10.0,2.4,1970-01-01,20734.0,yfinance.info/recommendations
WSO,375.9,360.0,485.0,330.0,10.0,2.78571,1970-01-01,20734.0,yfinance.info/recommendations
WSO-B,,,,,,,,,yfinance.info/recommendations
WST,411.0,410.0,459.0,340.0,16.0,1.35294,1970-01-01,20734.0,yfinance.info/recommendations
WT,26.32857,27.0,29.0,21.3,7.0,1.71429,1970-01-01,20734.0,yfinance.info/recommendations
WTFC,176.2,180.0,195.0,160.0,15.0,2.06667,1970-01-01,20734.0,yfinance.info/recommendations
WTI,4.15,4.2,4.25,4.0,3.0,1.33333,1970-01-01,20734.0,yfinance.info/recommendations
WTRG,42.2,41.0,49.0,38.0,5.0,2.71429,1970-01-01,20734.0,yfinance.info/recommendations
WWD,433.75,426.5,502.0,388.0,12.0,1.53846,1970-01-01,20734.0,yfinance.info/recommendations
WWW,24.3,24.5,31.0,19.0,10.0,,1970-01-01,20734.0,yfinance.info/recommendations
WY,29.90909,30.0,38.0,21.0,11.0,1.66667,1970-01-01,20734.0,yfinance.info/recommendations
WYNN,131.905,133.0,144.0,116.0,20.0,1.19048,1970-01-01,20734.0,yfinance.info/recommendations
XAIR,20.0,20.0,30.0,10.0,2.0,,1970-01-01,20734.0,yfinance.info/recommendations
XBIT,,,,,,,,,yfinance.info/recommendations
XBP,5.0,5.0,5.0,5.0,1.0,,,,yfinance.info/recommendations
XEL,90.61111,92.0,101.0,74.0,18.0,1.42105,1970-01-01,20734.0,yfinance.info/recommendations
XHR,21.1,21.0,22.0,20.5,5.0,,1970-01-01,20734.0,yfinance.info/recommendations
XMTR,112.09091,110.0,126.0,95.0,11.0,1.75,1970-01-01,20734.0,yfinance.info/recommendations
XOM,173.63635,177.0,200.0,142.0,22.0,2.4,1970-01-01,20734.0,yfinance.info/recommendations
XPEL,61.66667,60.0,65.0,60.0,3.0,,1970-01-01,20734.0,yfinance.info/recommendations
XPO,228.86957,240.0,275.0,115.0,23.0,1.72,1970-01-01,20734.0,yfinance.info/recommendations
XPON,,,,,,,,,yfinance.info/recommendations
XPRO,17.75,17.5,20.0,16.0,4.0,,1970-01-01,20734.0,yfinance.info/recommendations
XTIA,5.0,5.0,5.0,5.0,1.0,,,,yfinance.info/recommendations
XYL,151.3125,158.5,180.0,112.0,16.0,1.85714,1970-01-01,20734.0,yfinance.info/recommendations
XYZ,98.38738,99.0,125.0,75.0,42.0,1.59574,1970-01-01,20734.0,yfinance.info/recommendations
XZO,26.0,26.0,27.0,25.0,2.0,,1970-01-01,20734.0,yfinance.info/recommendations
YELP,25.125,25.0,30.0,19.0,8.0,,1970-01-01,20734.0,yfinance.info/recommendations
YEXT,7.0,7.0,7.0,7.0,1.0,,1970-01-01,20734.0,yfinance.info/recommendations
YHC,,,,,,,,,yfinance.info/recommendations
ZBH,107.22727,105.5,130.0,93.0,22.0,2.46429,1970-01-01,20734.0,yfinance.info/recommendations
ZBRA,413.85266,420.0,455.0,350.0,15.0,1.9375,1970-01-01,20734.0,yfinance.info/recommendations
ZETA,32.42857,30.0,44.0,25.0,14.0,1.53333,1970-01-01,20734.0,yfinance.info/recommendations
ZS,226.34302,230.0,298.0,164.75,43.0,1.57778,1970-01-01,20734.0,yfinance.info/recommendations
ZTEK,,,,,,,,,yfinance.info/recommendations
ZTS,96.0,89.5,155.0,80.0,14.0,2.29412,1970-01-01,20734.0,yfinance.info/recommendations
ZVIA,3.95833,4.0,6.0,1.75,6.0,,1970-01-01,20734.0,yfinance.info/recommendations
ZWS,58.0,58.0,65.0,51.0,9.0,2.3,1970-01-01,20734.0,yfinance.info/recommendations
