symbol,sector,last_price,intrinsic_value,margin_%,pt_mean,pt_median,pt_high,pt_low,pt_count,rec_mean,last_update,source
2S,Basic Materials,3.5799999237060547,6.771039095694503,89.13517430148575,,,,,,,,yfinance.info/recommendations
88TH,Consumer Defensive,3.4800000190734863,5.6946041344326135,63.63804894313599,,,,,,,,yfinance.info/recommendations
A,Real Estate,1.5,0.0,-100.0,,,,,,,,yfinance.info/recommendations
A5,Real Estate,1.7899999618530271,2.611162073137676,45.87497926170754,,,,,,,,yfinance.info/recommendations
AAI,Consumer Defensive,4.21999979019165,6.360185941615695,50.715314166564184,4.4,4.4,4.8,4.0,2.0,1.66667,1970-01-01,yfinance.info/recommendations
AAV,Industrials,0.8199999928474426,1.1178899231975028,36.3280406034688,1.08455,1.03,1.36,0.9,11.0,2.54545,1970-01-01,yfinance.info/recommendations
ABM,Utilities,0.7400000095367432,-0.2614781897554682,-135.33489005211763,,,,,,,,yfinance.info/recommendations
ACC,Industrials,0.3100000023841858,-0.048432943214668255,-115.62352994908846,,,,,,,,yfinance.info/recommendations
ACE,Utilities,1.350000023841858,0.8756805483894812,-35.134775338932855,,,,,,,,yfinance.info/recommendations
ACG,Consumer Cyclical,1.0099999904632568,0.7772053244005803,-23.04897705552458,,,,,,,,yfinance.info/recommendations
ADB,Basic Materials,0.9800000190734864,0.6730930636822332,-31.317035654898234,,,,,,,,yfinance.info/recommendations
ADD,Communication Services,3.759999990463257,6.420974726704644,70.77060486677122,,,,,,,,yfinance.info/recommendations
ADVANC,Communication Services,345.0,221.30757397028285,-35.85287711006294,407.15,410.5,450.0,323.0,20.0,1.57143,1970-01-01,yfinance.info/recommendations
ADVICE,Technology,6.75,3.5318282553479303,-47.67661843928992,8.15,8.1,9.1,7.5,6.0,1.0,1970-01-01,yfinance.info/recommendations
AE,Consumer Cyclical,0.2199999988079071,-0.1608522302783954,-173.1146505227227,,,,,,,,yfinance.info/recommendations
AEONTS,Financial Services,89.75,52.853065990168645,-41.110789983099004,111.7,116.0,135.0,70.0,10.0,2.2,1970-01-01,yfinance.info/recommendations
AF,Financial Services,0.3799999952316284,-0.7290825238246099,-291.8638244666816,,,,,,,,yfinance.info/recommendations
AFC,Consumer Cyclical,4.539999961853027,10.866808087793355,139.35700835023806,,,,,,,,yfinance.info/recommendations
AGE,Energy,1.3300000429153442,1.0281260073505216,-22.6972951747519,,,,,,,,yfinance.info/recommendations
AH,Consumer Cyclical,15.100000381469728,33.48525499028542,121.75664996258895,18.06667,18.0,19.2,17.0,3.0,1.66667,1970-01-01,yfinance.info/recommendations
AHC,Healthcare,12.100000381469728,19.294782636176567,59.46100849488505,,,,,,,,yfinance.info/recommendations
AI,Industrials,3.2799999713897705,3.2727393009877184,-0.22136190443244777,,,,,,,,yfinance.info/recommendations
AIE,Consumer Defensive,1.5099999904632568,2.138107967751137,41.596555049989206,,,,,,,,yfinance.info/recommendations
AIMCG,Real Estate,1.399999976158142,0.0,-100.0,,,,,,,,yfinance.info/recommendations
AIMIRT,Real Estate,12.399999618530272,6.441552048891492,-48.05199800760166,13.2,13.2,13.2,13.2,1.0,2.0,1970-01-01,yfinance.info/recommendations
AIRA,Financial Services,1.0099999904632568,-0.048803624699081456,-104.8320420950397,,,,,,,,yfinance.info/recommendations
AIT,Technology,4.78000020980835,6.56619833610416,37.368159997788496,,,,,,,,yfinance.info/recommendations
AJ,Consumer Cyclical,3.3399999141693115,-6.005210646080955,-279.7967305509499,,,,,,,,yfinance.info/recommendations
AJA,Technology,0.1400000005960464,-0.05789650648093542,-141.3546473103161,,,,,,,,yfinance.info/recommendations
AKP,Industrials,0.7200000286102295,1.9262319969583381,167.53221116899425,,,,,,,,yfinance.info/recommendations
AKR,Industrials,1.100000023841858,1.5574982453435462,41.590746507789234,,,,,,,,yfinance.info/recommendations
AKS,Real Estate,0.0099999997764825,0.0,-100.0,,,,,,,,yfinance.info/recommendations
ALLA,Industrials,1.1100000143051147,2.8515577002598502,156.8970868027412,,,,,,,,yfinance.info/recommendations
ALLY,Real Estate,4.960000038146973,6.850286647889676,38.11061683880356,5.3,5.3,5.3,5.3,1.0,3.0,1970-01-01,yfinance.info/recommendations
ALPHAX,Utilities,0.2199999988079071,0.4343388412386659,97.42674708735278,,,,,,,,yfinance.info/recommendations
ALT,Technology,1.7400000095367432,3.1332861547263233,80.07391595132968,,,,,,,,yfinance.info/recommendations
ALUCON,Basic Materials,258.0,196.5718875560216,-23.809345908518758,,,,,,,,yfinance.info/recommendations
AMA,Industrials,3.7799999713897705,11.498357065384887,204.18934265645916,,,,,,,,yfinance.info/recommendations
AMANAH,Financial Services,0.7200000286102295,-0.7310493375309713,-201.5346261780113,0.72,0.72,0.72,0.72,1.0,,1970-01-01,yfinance.info/recommendations
AMARC,Technology,2.9200000762939453,6.923112885716302,137.09290085030045,3.8,3.8,3.8,3.8,1.0,1.0,1970-01-01,yfinance.info/recommendations
AMARIN,Communication Services,2.039999961853028,2.1535142241412517,5.5644247260237,,,,,,,,yfinance.info/recommendations
AMATA,Real Estate,30.75,2.619745776062189,-91.48050154126118,33.70714,35.0,40.0,19.0,14.0,1.86667,1970-01-01,yfinance.info/recommendations
AMATAR,Real Estate,7.349999904632568,3.853369157386202,-47.57320806279882,,,,,,,,yfinance.info/recommendations
AMATAV,Real Estate,2.200000047683716,1.5642447679302633,-28.89796663517401,,,,,,,,yfinance.info/recommendations
AMC,Basic Materials,2.4800000190734863,3.203084102760445,29.156616053458695,,,,,,,,yfinance.info/recommendations
AMR,Industrials,0.3899999856948852,-1.2482891517940762,-420.0741532259106,,,,,,,,yfinance.info/recommendations
ANAN,Real Estate,0.3000000119209289,1.0458655735009346,248.62184398065747,,,,,,,,yfinance.info/recommendations
ANI,Industrials,3.319999933242798,3.7750383875828932,13.705977815958514,,,,,,,,yfinance.info/recommendations
AOT,Industrials,59.75,19.142247526443175,-67.96276564612022,68.39286,70.0,85.0,46.0,21.0,1.85714,1970-01-01,yfinance.info/recommendations
AP,Real Estate,7.800000190734863,7.028131604006073,-9.895750869924917,10.11154,10.0,11.5,9.25,13.0,1.15385,1970-01-01,yfinance.info/recommendations
APCO,Consumer Defensive,2.5199999809265137,1.4241224555778538,-43.487203715999435,,,,,,,,yfinance.info/recommendations
APCS,Industrials,1.3300000429153442,-0.45553809335562656,-134.25098335764656,,,,,,,,yfinance.info/recommendations
APO,Consumer Defensive,1.7799999713897705,6.300841637493463,253.97987296448972,,,,,,,,yfinance.info/recommendations
APP,Technology,3.559999942779541,5.039803353304236,41.56751219971393,,,,,,,,yfinance.info/recommendations
APURE,Consumer Defensive,2.180000066757202,0.30717149507267816,-85.90956487769276,,,,,,,,yfinance.info/recommendations
AQUA,Consumer Cyclical,0.1099999994039535,-0.25389792703711367,-330.8162985571692,,,,,,,,yfinance.info/recommendations
ARIN,Real Estate,0.4600000083446502,-0.4670112428512759,-201.52418138683436,,,,,,,,yfinance.info/recommendations
ARIP,Industrials,0.4199999868869781,0.8427407253935046,100.65255992979019,,,,,,,,yfinance.info/recommendations
ARROW,Industrials,5.75,4.348748176464165,-24.369596931058005,,,,,,,,yfinance.info/recommendations
AS,Communication Services,2.200000047683716,6.5063312574642485,195.74232347469632,,,,,,,,yfinance.info/recommendations
ASAP,Industrials,2.140000104904175,5.415883825126775,153.07867101105998,,,,,,,,yfinance.info/recommendations
ASEFA,Industrials,6.449999809265137,4.632157351665065,-28.183604827225295,,,,,,,,yfinance.info/recommendations
ASIA,Consumer Cyclical,5.449999809265137,2.479013563902216,-54.51351099704937,,,,,,,,yfinance.info/recommendations
ASIAN,Consumer Defensive,7.099999904632568,17.702871816586963,149.3362261179228,,,,,,,,yfinance.info/recommendations
ASIMAR,Industrials,1.4500000476837158,3.110015459930938,114.48381776945406,,,,,,,,yfinance.info/recommendations
ASK,Financial Services,9.850000381469728,3.849535162561242,-60.918426259118085,13.25,13.0,14.0,12.75,3.0,,1970-01-01,yfinance.info/recommendations
ASN,Financial Services,0.949999988079071,0.7336265923872548,-22.776147200731007,,,,,,,,yfinance.info/recommendations
ASP,Financial Services,2.299999952316284,1.1543696456890091,-49.810014364284385,,,,,,,,yfinance.info/recommendations
ASTR,Financial Services,3.400000095367432,1.0230441002811708,-69.91046848277772,,,,,,,,yfinance.info/recommendations
ASW,Real Estate,7.650000095367432,1.7620333954206542,-76.96688400712989,9.575,9.9,11.0,7.5,4.0,,1970-01-01,yfinance.info/recommendations
ATLAS,Energy,1.7799999713897705,5.140063976891961,188.76764379264307,,,,,,,,yfinance.info/recommendations
ATP30,Industrials,0.7699999809265137,2.2670191192949884,194.41807473386748,1.08,1.08,1.08,1.08,1.0,,1970-01-01,yfinance.info/recommendations
AU,Consumer Cyclical,4.139999866485596,7.050645991033473,70.30546421294201,5.25,5.25,6.2,4.3,2.0,2.0,1970-01-01,yfinance.info/recommendations
AUCT,Consumer Cyclical,4.059999942779541,7.283095674300011,79.38659549127695,,,,,,,,yfinance.info/recommendations
AURA,Consumer Cyclical,13.199999809265137,-1.6974178938036415,-112.85922665402023,19.6,19.3,22.3,17.5,4.0,,1970-01-01,yfinance.info/recommendations
AWC,Consumer Cyclical,3.0799999237060547,0.8477695322573919,-72.47501450463346,3.28583,3.415,4.0,1.9,12.0,2.16667,1970-01-01,yfinance.info/recommendations
AXTRART,Real Estate,12.5,6.112178717375915,-51.10257026099268,14.5,14.5,14.7,14.3,2.0,,1970-01-01,yfinance.info/recommendations
AYUD,Financial Services,42.5,15.470453724866287,-63.59893241207932,,,,,,,,yfinance.info/recommendations
B,Industrials,0.0299999993294477,-0.34804053976422833,-1260.135158478471,,,,,,,,yfinance.info/recommendations
B-WORK,Unknown,6.199999809265137,0.7289868898863007,-88.2421465756028,,,,,,,,yfinance.info/recommendations
B52,Real Estate,0.2399999946355819,0.0,-100.0,,,,,,,,yfinance.info/recommendations
BA,Industrials,19.0,50.95425964422852,168.18031391699222,21.44444,22.5,25.0,11.7,9.0,1.55556,1970-01-01,yfinance.info/recommendations
BAFS,Industrials,9.850000381469728,8.197252653963544,-16.77916409643404,14.0,14.0,14.0,14.0,1.0,,1970-01-01,yfinance.info/recommendations
BAM,Financial Services,6.449999809265137,1.8630324670145626,-71.11577485105659,7.14286,7.2,9.0,5.7,7.0,2.77778,1970-01-01,yfinance.info/recommendations
BANPU,Utilities,14.4,-0.182401637381713,-101.266678037373,15.52222,15.7,20.0,6.5,9.0,1.66667,1970-01-01,yfinance.info/recommendations
BAREIT,Real Estate,11.399999618530272,4.505865014754927,-60.47486696902329,,,,,,,,yfinance.info/recommendations
BAY,Financial Services,36.0,18.61982903385819,-48.27825268372725,47.0,48.0,50.0,43.0,3.0,1.66667,1970-01-01,yfinance.info/recommendations
BBGI,Basic Materials,6.449999809265137,6.124135522164867,-5.052159639325577,9.7,9.7,9.7,9.7,1.0,,1970-01-01,yfinance.info/recommendations
BBIK,Industrials,18.899999618530277,16.940875686881377,-10.3657352973071,26.725,26.75,29.25,23.7,6.0,1.0,1970-01-01,yfinance.info/recommendations
BBL,Financial Services,184.5,418.2111865835014,126.67272985555631,202.25,210.0,240.0,120.0,20.0,2.3,1970-01-01,yfinance.info/recommendations
BC,Real Estate,0.5600000023841858,-4.408679685589686,-887.2642262178292,,,,,,,,yfinance.info/recommendations
BCH,Healthcare,11.0,8.970596866832787,-18.449119392429207,11.86429,12.35,15.0,8.8,14.0,2.13333,1970-01-01,yfinance.info/recommendations
BCP,Energy,49.5,44.10322164482456,-10.902582535707964,59.6,60.0,75.0,47.0,14.0,1.35714,1970-01-01,yfinance.info/recommendations
BCPG,Utilities,6.349999904632568,1.4333045808559308,-77.42827397823612,8.75,8.7,11.0,6.85,7.0,,1970-01-01,yfinance.info/recommendations
BCT,Basic Materials,56.0,17.300847055617982,-69.10563025782504,,,,,,,,yfinance.info/recommendations
BDMS,Healthcare,19.0,17.194452786799594,-9.50288006947582,24.79348,25.0,29.8,20.5,23.0,1.3913,1970-01-01,yfinance.info/recommendations
BE8,Technology,4.900000095367432,0.040600476641776434,-99.17141886017184,5.9,5.9,6.0,5.8,2.0,,1970-01-01,yfinance.info/recommendations
BEAUTY,Consumer Cyclical,0.3000000119209289,-0.03195315849723452,-110.65105240917671,,,,,,,,yfinance.info/recommendations
BEC,Communication Services,1.870000004768372,5.2767200424430145,182.17754165709837,2.36,1.7,4.0,1.38,3.0,,1970-01-01,yfinance.info/recommendations
BEM,Industrials,6.400000095367432,-5.653247270543079,-188.33198728598643,8.81818,8.8,10.5,7.3,11.0,1.08333,1970-01-01,yfinance.info/recommendations
BEYOND,Consumer Cyclical,7.050000190734863,8.399558713366018,19.142673561977336,,,,,,,,yfinance.info/recommendations
BGC,Consumer Cyclical,6.5,14.426405424267099,121.94469883487844,,,,,,,,yfinance.info/recommendations
BGRIM,Utilities,18.299999237060547,1.767115572583926,-90.34363034832688,19.73125,19.85,25.0,14.8,16.0,1.8125,1970-01-01,yfinance.info/recommendations
BGT,Consumer Cyclical,0.3600000143051147,1.2369691000089809,243.6025141267353,,,,,,,,yfinance.info/recommendations
BH,Healthcare,193.5,104.70997764927216,-45.886316460324466,215.45454,220.0,240.0,160.0,22.0,1.63636,1970-01-01,yfinance.info/recommendations
BIG,Consumer Cyclical,0.3100000023841858,0.628137459654358,102.62498542690382,,,,,,,,yfinance.info/recommendations
BIOTEC,Basic Materials,0.3000000119209289,0.41416180172632827,38.05392842300587,,,,,,,,yfinance.info/recommendations
BIS,Consumer Defensive,2.4600000381469727,3.229254240355935,31.270495539846127,,,,,,,,yfinance.info/recommendations
BIZ,Healthcare,6.150000095367432,5.317251575875986,-13.540626123221115,,,,,,,,yfinance.info/recommendations
BJC,Industrials,17.799999237060547,3.554764857197858,-80.029410058644,17.54667,18.5,21.0,12.0,15.0,2.29412,1970-01-01,yfinance.info/recommendations
BJCHI,Industrials,3.220000028610229,2.341033323719718,-27.297102393812033,,,,,,,,yfinance.info/recommendations
BKA,Unknown,0.6299999952316284,0.0,-100.0,,,,,,,,yfinance.info/recommendations
BKD,Unknown,1.1299999952316284,1.6893596375127762,49.500853508100214,,,,,,,1970-01-01,yfinance.info/recommendations
BKGI,Healthcare,2.299999952316284,0.346315520906505,-84.94280312668104,,,,,,,,yfinance.info/recommendations
BKIH,Financial Services,386.0,63.45506803757756,-83.5608632027001,,,,,,,,yfinance.info/recommendations
BLA,Financial Services,22.600000381469727,11.731793068723308,-48.0894120765481,31.0,31.0,31.0,31.0,1.0,,1970-01-01,yfinance.info/recommendations
BLAND,Real Estate,0.550000011920929,0.4428779152546809,-19.47674442626167,,,,,,,,yfinance.info/recommendations
BLC,Consumer Defensive,3.9600000381469727,2.1688905640009164,-45.23003679020622,,,,,,,,yfinance.info/recommendations
BLESS,Real Estate,0.2599999904632568,-0.13081923136321685,-150.3150908313992,,,,,,,,yfinance.info/recommendations
BM,Industrials,1.5299999713897705,2.3774609625117176,55.38960829863014,,,,,,,,yfinance.info/recommendations
BOFFICE,Real Estate,5.150000095367432,3.8479645897246355,-25.28224235984021,,,,,,,,yfinance.info/recommendations
BOL,Industrials,4.980000019073486,3.089043748751208,-37.971009298792836,,,,,,,,yfinance.info/recommendations
BPS,Technology,0.6399999856948853,0.25504243264895815,-60.14961900787487,,,,,,,,yfinance.info/recommendations
BR,Consumer Defensive,1.8799999952316284,4.531417361489,141.0328389884224,,,,,,,,yfinance.info/recommendations
BRI,Real Estate,1.1699999570846558,2.1312916205230756,82.16168364943498,,,,,,,,yfinance.info/recommendations
BROCK,Real Estate,1.2400000095367432,0.07636486701220627,-93.84154303025079,,,,,,,,yfinance.info/recommendations
BRR,Consumer Defensive,3.7200000286102295,4.680217551052664,25.812298791867644,,,,,,,,yfinance.info/recommendations
BSBM,Basic Materials,0.6200000047683716,-0.6083852071151884,-198.12664555421696,,,,,,,,yfinance.info/recommendations
BSM,Industrials,0.699999988079071,0.0761627900963885,-89.11960122950956,,,,,,,,yfinance.info/recommendations
BTC,Financial Services,0.2800000011920929,0.026627823138934043,-90.49006320515474,,,,,,,,yfinance.info/recommendations
BTG,Consumer Defensive,20.0,57.62618246937428,188.13091234687138,23.81667,23.5,25.5,21.2,9.0,1.44444,1970-01-01,yfinance.info/recommendations
BTNC,Consumer Cyclical,12.399999618530272,14.86843182673957,19.906711968930473,,,,,,,,yfinance.info/recommendations
BTS,Industrials,1.940000057220459,0.6326144631386595,-67.39100801651315,2.66167,2.85,3.57,1.7,6.0,2.66667,1970-01-01,yfinance.info/recommendations
BTW,Industrials,0.1099999994039535,-0.6290461539314887,-671.8601430364009,,,,,,,,yfinance.info/recommendations
BUI,Financial Services,12.300000190734863,4.337943009676422,-64.73217119993188,,,,,,,,yfinance.info/recommendations
BVG,Technology,1.5700000524520874,4.016797826561923,155.84698677483047,,,,,,,,yfinance.info/recommendations
BWG,Industrials,0.2399999946355819,0.8263601016733763,244.31671672665192,,,,,,,,yfinance.info/recommendations
BYD,Financial Services,0.3700000047683716,-0.07969618716296335,-121.53950976645392,,,,,,,,yfinance.info/recommendations
CAZ,Industrials,2.2799999713897705,12.309986678804153,439.9117032137776,,,,,,,,yfinance.info/recommendations
CBG,Consumer Defensive,51.0,41.95286047018682,-17.739489274143487,62.38667,64.0,81.0,48.8,15.0,1.66667,1970-01-01,yfinance.info/recommendations
CCET,Technology,9.0,0.7261930785849344,-91.93118801572295,9.28,9.5,10.2,7.5,5.0,1.66667,1970-01-01,yfinance.info/recommendations
CCP,Basic Materials,0.2800000011920929,0.6923094198659191,147.25336318515332,,,,,,,,yfinance.info/recommendations
CEN,Basic Materials,0.5600000023841858,-1.3367667895989535,-338.70835426923264,,,,,,,,yfinance.info/recommendations
CENTEL,Consumer Cyclical,44.0,20.70236257394689,-52.94917596830252,44.90556,46.25,50.0,31.0,18.0,1.55556,1970-01-01,yfinance.info/recommendations
CEYE,Communication Services,1.190000057220459,1.0085430950432317,-15.248483483359248,,,,,,,,yfinance.info/recommendations
CFARM,Consumer Defensive,0.8700000047683716,0.9611240560623828,10.47402882696214,,,,,,,,yfinance.info/recommendations
CFRESH,Consumer Defensive,1.690000057220459,2.3568822133234004,39.46048127357828,,,,,,,,yfinance.info/recommendations
CGD,Real Estate,0.0900000035762786,-0.14053386894084588,-256.1487370628134,,,,,,,,yfinance.info/recommendations
CGH,Financial Services,0.6800000071525574,-0.038439056640265826,-105.6528023876391,,,,,,,,yfinance.info/recommendations
CH,Consumer Defensive,1.5700000524520874,-1.4151328318253777,-190.13584614950605,,,,,,,,yfinance.info/recommendations
CHAO,Consumer Defensive,3.940000057220459,1.1597621251919485,-70.56441349368602,,,,,,,,yfinance.info/recommendations
CHARAN,Financial Services,20.5,5.562330648455257,-72.86667976363289,,,,,,,,yfinance.info/recommendations
CHASE,Financial Services,0.4399999976158142,0.3332094170421938,-24.270586625517335,,,,,,,,yfinance.info/recommendations
CHAYO,Financial Services,1.2699999809265137,-1.6422395372956955,-229.310201729107,1.15,1.15,1.15,1.15,1.0,,1970-01-01,yfinance.info/recommendations
CHEWA,Real Estate,0.1400000005960464,-1.3349043813190888,-1053.50312545412,,,,,,,,yfinance.info/recommendations
CHG,Healthcare,1.5299999713897705,1.256100999653147,-17.9018939123135,1.77636,1.85,2.05,1.3,11.0,2.0,1970-01-01,yfinance.info/recommendations
CHIC,Consumer Cyclical,0.3000000119209289,0.28513386087035325,-4.955383486615969,,,,,,,,yfinance.info/recommendations
CHO,Industrials,0.0199999995529651,-4.3579117281344955,-21889.559127707143,,,,,,,,yfinance.info/recommendations
CHOTI,Consumer Defensive,70.0,-256.48889143783157,-466.4127020540451,,,,,,,,yfinance.info/recommendations
CHOW,Basic Materials,1.350000023841858,1.8126600903978642,34.271115435935975,,,,,,,,yfinance.info/recommendations
CI,Real Estate,0.3400000035762787,-1.3986039102636532,-511.35408692720137,,,,,,,,yfinance.info/recommendations
CIG,Industrials,0.0299999993294477,-0.0733108290645787,-344.3694356773452,,,,,,,,yfinance.info/recommendations
CITY,Industrials,1.4600000381469729,0.0,-100.0,,,,,,,,yfinance.info/recommendations
CIVIL,Industrials,0.949999988079071,0.20547230732961397,-78.37133579916298,,,,,,,,yfinance.info/recommendations
CK,Industrials,18.399999618530277,17.9328299728628,-2.5389655182220845,23.84583,23.0,27.0,21.6,12.0,1.07692,1970-01-01,yfinance.info/recommendations
CKP,Utilities,2.319999933242798,6.6009400832654395,184.5232876381563,3.1325,3.15,4.0,2.1,8.0,,1970-01-01,yfinance.info/recommendations
CM,Consumer Defensive,1.5099999904632568,-1.3429285162958375,-188.9356638925433,,,,,,,,yfinance.info/recommendations
CMAN,Basic Materials,2.680000066757202,4.50794081730797,68.20674272454683,,,,,,,,yfinance.info/recommendations
CMC,Real Estate,0.4099999964237213,1.0598095030769734,158.4901249564148,,,,,,,,yfinance.info/recommendations
CMO,Communication Services,0.6100000143051147,1.034293743801122,69.55634746653965,,,,,,,,yfinance.info/recommendations
CMR,Healthcare,1.2300000190734863,2.559557797757978,108.09412667212793,,,,,,,,yfinance.info/recommendations
CNT,Industrials,3.220000028610229,3.128678565465831,-2.83607025878857,,,,,,,,yfinance.info/recommendations
COCOCO,Consumer Defensive,5.599999904632568,0.890422909496112,-84.09959063107279,6.3,6.5,8.0,4.4,3.0,,1970-01-01,yfinance.info/recommendations
COLOUR,Basic Materials,0.9800000190734864,0.7173201626981429,-26.804066455395258,,,,,,,,yfinance.info/recommendations
COM7,Consumer Cyclical,30.0,8.938591240468984,-70.20469586510339,34.54167,35.0,38.0,30.0,12.0,1.25,1970-01-01,yfinance.info/recommendations
COMAN,Consumer Cyclical,0.4300000071525574,-3.064400193158924,-812.6511958572415,,,,,,,,yfinance.info/recommendations
CPALL,Consumer Defensive,42.25,21.618364392464855,-48.83227362730212,62.385,62.0,69.0,56.0,22.0,1.13043,1970-01-01,yfinance.info/recommendations
CPANEL,Basic Materials,1.409999966621399,-2.35196820168688,-266.8062593875515,,,,,,,,yfinance.info/recommendations
CPAXT,Consumer Defensive,14.399999618530272,11.424661287056537,-20.66207229370337,15.07222,15.05,17.0,12.0,18.0,3.33333,1970-01-01,yfinance.info/recommendations
CPF,Consumer Defensive,21.200000762939453,25.464050881848685,20.113443233282254,25.925,26.5,28.0,23.0,14.0,1.5,1970-01-01,yfinance.info/recommendations
CPH,Consumer Cyclical,10.600000381469728,35.547283158147174,235.35171583850848,,,,,,,,yfinance.info/recommendations
CPI,Consumer Defensive,3.5,12.532014404692207,258.0575544197774,,,,,,,,yfinance.info/recommendations
CPL,Consumer Cyclical,0.699999988079071,-0.20900242009896464,-129.8574890940364,,,,,,,,yfinance.info/recommendations
CPN,Real Estate,61.5,48.81711712861623,-20.62257377460775,76.63905,76.0,83.0,70.67,21.0,,1970-01-01,yfinance.info/recommendations
CPNREIT,Real Estate,13.0,5.037175072216561,-61.252499444487995,12.58,12.5,14.7,11.4,5.0,2.2,1970-01-01,yfinance.info/recommendations
CPR,Consumer Cyclical,2.5199999809265137,2.791393985318523,10.769603430402706,,,,,,,,yfinance.info/recommendations
CPT,Industrials,1.1399999856948853,0.5697620253680511,-50.02087434055944,,,,,,,,yfinance.info/recommendations
CPW,Technology,2.299999952316284,3.666845428970085,59.42806543440482,,,,,,,,yfinance.info/recommendations
CRANE,Industrials,0.3199999928474426,-0.12561523528468124,-139.2547619038752,,,,,,,,yfinance.info/recommendations
CRC,Consumer Cyclical,29.5,21.386135374639018,-27.504625848681297,29.64881,31.0,36.0,19.0,21.0,1.95238,1970-01-01,yfinance.info/recommendations
CRD,Industrials,0.449999988079071,1.9571665105037288,334.92590274465266,,,,,,,,yfinance.info/recommendations
CREDIT,Financial Services,21.299999237060547,9.831033318086826,-53.84491234637465,27.5,27.5,29.0,26.0,2.0,,1970-01-01,yfinance.info/recommendations
CSC,Consumer Cyclical,47.25,78.08656693817537,65.26257553052987,,,,,,,,yfinance.info/recommendations
CSP,Basic Materials,0.7699999809265137,-0.11736475332038462,-115.24217613345442,,,,,,,,yfinance.info/recommendations
CSR,Consumer Cyclical,79.0,41.76441275459202,-47.13365474102276,,,,,,,,yfinance.info/recommendations
CSS,Technology,0.9300000071525574,2.297318413476872,147.02348342025545,,,,,,,,yfinance.info/recommendations
CTW,Industrials,6.550000190734863,0.7927590463210066,-87.89680880555723,,,,,,,,yfinance.info/recommendations
CWT,Industrials,0.9100000262260436,-2.713227671321045,-398.15687836552655,,,,,,,,yfinance.info/recommendations
D,Healthcare,2.9600000381469727,3.2183415993445372,8.7277553333848,3.92,3.92,3.92,3.92,1.0,,,yfinance.info/recommendations
DCC,Industrials,1.340000033378601,1.7805368198133573,32.87587876576477,1.65,1.65,1.65,1.65,1.0,,1970-01-01,yfinance.info/recommendations
DCON,Basic Materials,0.1700000017881393,-0.32520749162284385,-291.29852247185875,,,,,,,,yfinance.info/recommendations
DDD,Consumer Defensive,4.739999771118164,5.592033341206298,17.975392641994564,,,,,,,,yfinance.info/recommendations
DELTA,Industrials,263.0,18.078134733275146,-93.12618451206268,335.5263,330.0,450.0,268.0,19.0,1.42105,1970-01-01,yfinance.info/recommendations
DEMCO,Industrials,3.240000009536743,0.45762831960646067,-85.87566918952287,,,,,,,,yfinance.info/recommendations
DEXON,Energy,1.0800000429153442,0.37259587104196584,-65.50038368182067,,,,,,,,yfinance.info/recommendations
DHOUSE,Real Estate,0.2800000011920929,-0.23979338409635723,-185.64049395551535,,,,,,,,yfinance.info/recommendations
DIMET,Basic Materials,0.050000000745058,0.0,-100.0,,,,,,,,yfinance.info/recommendations
DITTO,Technology,12.100000381469728,8.610572845017586,-28.83824319374359,,,,,,,,yfinance.info/recommendations
DMT,Industrials,12.0,16.09907796807216,34.15898306726799,13.1,13.1,13.1,13.1,1.0,,1970-01-01,yfinance.info/recommendations
DOD,Consumer Defensive,0.7699999809265137,-0.2484372135840861,-132.2645739919565,,,,,,,,yfinance.info/recommendations
DOHOME,Consumer Cyclical,3.5799999237060547,0.29889342726259527,-91.65102140691731,4.07308,4.02,4.6,3.2,13.0,2.38462,1970-01-01,yfinance.info/recommendations
DPAINT,Basic Materials,0.1899999976158142,-0.02598428434010236,-113.67593929798008,,,,,,,,yfinance.info/recommendations
DREIT,Real Estate,4.840000152587891,0.7429366731025479,-84.65006922147907,6.3,6.3,6.3,6.3,1.0,,,yfinance.info/recommendations
DRT,Industrials,5.349999904632568,5.672495591125742,6.027956864334225,,,,,,,,yfinance.info/recommendations
DTCENT,Technology,0.9200000166893004,1.4445966598331237,57.021373220364666,,,,,,,,yfinance.info/recommendations
DTCI,Industrials,15.5,12.63057352517405,-18.51242886984484,,,,,,,,yfinance.info/recommendations
DUSIT,Consumer Cyclical,10.600000381469728,-6.181199893282696,-158.31320444184408,13.5,13.5,13.5,13.5,2.0,1.0,1970-01-01,yfinance.info/recommendations
EA,Utilities,2.680000066757202,-1.4013449260690252,-152.28898847620744,1.0,1.0,1.0,1.0,1.0,,1970-01-01,yfinance.info/recommendations
EASON,Basic Materials,1.25,1.9399359037846033,55.194872302768275,,,,,,,,yfinance.info/recommendations
EAST,Financial Services,0.7599999904632568,-1.3637731683847352,-279.4438401970834,,,,,,,,yfinance.info/recommendations
EASTW,Utilities,4.960000038146973,-0.7340934470961007,-114.80027099698074,,,,,,,,yfinance.info/recommendations
ECF,Consumer Cyclical,0.1000000014901161,0.0,-100.0,,,,,,,,yfinance.info/recommendations
EFORL,Healthcare,0.1099999994039535,0.13966490928757833,26.96810004033386,,,,,,,,yfinance.info/recommendations
EGCO,Utilities,126.5,97.40548422055448,-22.999617216952977,144.8,145.5,187.0,100.0,10.0,1.8,1970-01-01,yfinance.info/recommendations
EKH,Healthcare,5.150000095367432,2.430101409155915,-52.81356574455486,5.15,5.4,5.85,4.2,3.0,2.66667,1970-01-01,yfinance.info/recommendations
EMC,Industrials,0.0199999995529651,-0.05818504676641006,-390.92524033473705,,,,,,,,yfinance.info/recommendations
EMPIRE,Industrials,0.25,-1.2606396862341525,-604.2558744936609,,,,,,,,yfinance.info/recommendations
EP,Industrials,1.0399999618530271,-4.777718364021659,-559.3960133910896,,,,,,,,yfinance.info/recommendations
EPG,Basic Materials,5.949999809265137,4.606395290558648,-22.58158927357062,8.825,8.9,9.0,8.5,4.0,,1970-01-01,yfinance.info/recommendations
ERW,Consumer Cyclical,3.5,2.720908527839481,-22.259756347443396,4.12765,4.2,4.5,3.3,17.0,1.35294,1970-01-01,yfinance.info/recommendations
ESTAR,Real Estate,0.25,0.239805668442397,-4.0777326230411965,,,,,,,,yfinance.info/recommendations
ETC,Utilities,0.7099999785423279,1.693891412709415,138.5762625214545,,,,,,,,yfinance.info/recommendations
ETE,Industrials,0.6499999761581421,0.5312939011988407,-18.2624737405253,,,,,,,,yfinance.info/recommendations
ETL,Industrials,0.4099999964237213,0.6317441895989968,54.083950026699576,,,,,,,,yfinance.info/recommendations
EURO,Consumer Cyclical,7.300000190734863,5.012797848679459,-31.331538113633396,,,,,,,,yfinance.info/recommendations
EVER,Real Estate,0.0700000002980232,-0.016312458135890304,-123.30351152348634,,,,,,,,yfinance.info/recommendations
FANCY,Consumer Cyclical,0.1800000071525573,0.0,-100.0,,,,,,,,yfinance.info/recommendations
FE,Communication Services,180.0,103.97014880812844,-42.23880621770642,,,,,,,,yfinance.info/recommendations
FLE,Industrials,1.2200000286102295,0.5531116088880395,-54.66298394122827,2.1,2.1,2.1,2.1,1.0,,1970-01-01,yfinance.info/recommendations
FLOYD,Industrials,1.1200000047683716,4.256794160802626,280.07090559637794,,,,,,,,yfinance.info/recommendations
FM,Consumer Defensive,4.099999904632568,9.54837687418575,132.88724625083745,5.5,5.5,5.5,5.5,1.0,,1970-01-01,yfinance.info/recommendations
FMT,Industrials,20.100000381469727,3.3422920999769024,-83.37168141022437,,,,,,,,yfinance.info/recommendations
FN,Consumer Cyclical,0.4399999976158142,-0.024015314610410097,-105.45802607739536,,,,,,,,yfinance.info/recommendations
FNS,Financial Services,0.4900000095367431,-4.9319460259749635,-1106.5195775481177,,,,,,,,yfinance.info/recommendations
FORTH,Industrials,14.0,9.124653968352037,-34.82390022605688,21.3,21.3,21.3,21.3,1.0,,1970-01-01,yfinance.info/recommendations
FPI,Consumer Cyclical,1.6200000047683716,1.29495273105064,-20.06464646672684,,,,,,,,yfinance.info/recommendations
FPT,Real Estate,7.150000095367432,1.7412543394944742,-75.64679277944832,,,,,,,,yfinance.info/recommendations
FSMART,Communication Services,6.599999904632568,12.361721956498954,87.29882022910648,10.5,10.5,10.5,10.5,1.0,,,yfinance.info/recommendations
FSX,Financial Services,0.949999988079071,-0.1166675693668223,-112.28079692955866,,,,,,,,yfinance.info/recommendations
FTE,Industrials,2.5999999046325684,1.9429318494378172,-25.271849203687104,,,,,,,,yfinance.info/recommendations
FTI,Industrials,2.039999961853028,1.798535163582216,-11.836509940494214,,,,,,,,yfinance.info/recommendations
FTREIT,Real Estate,12.899999618530272,13.312182480245086,3.195216076772068,13.5,13.5,13.5,13.5,1.0,,1970-01-01,yfinance.info/recommendations
FUTURERT,Real Estate,9.350000381469728,15.069644620281904,61.17266315996774,,,,,,,,yfinance.info/recommendations
FVC,Industrials,0.3300000131130218,-0.1273558962951382,-138.59269431347568,,,,,,,,yfinance.info/recommendations
GABLE,Technology,3.880000114440918,4.989443079179551,28.593890000400084,4.2,4.2,4.2,4.2,1.0,,,yfinance.info/recommendations
GAHREIT,Real Estate,3.5999999046325684,0.0,-100.0,,,,,,,,yfinance.info/recommendations
GBX,Financial Services,0.6600000262260437,0.9858211714891467,49.36683822971734,,,,,,,,yfinance.info/recommendations
GC,Basic Materials,5.300000190734863,1.496282879253765,-71.76824857724581,,,,,,,,yfinance.info/recommendations
GCAP,Financial Services,0.2399999946355819,-0.8241512731894892,-443.39637150446094,,,,,,,,yfinance.info/recommendations
GEL,Basic Materials,0.050000000745058,-0.22181912437419826,-543.6382421376721,,,,,,,,yfinance.info/recommendations
GENCO,Industrials,0.3300000131130218,0.5573940549642683,68.90728267133925,,,,,,,,yfinance.info/recommendations
GFC,Healthcare,2.140000104904175,2.9355961024251136,37.177381239267,9.7,9.2,11.7,8.2,3.0,,,yfinance.info/recommendations
GFPT,Consumer Defensive,11.0,30.982344668094292,181.65767880085718,11.4875,11.3,14.8,8.6,12.0,,1970-01-01,yfinance.info/recommendations
GGC,Basic Materials,5.400000095367432,6.919955930944694,28.14732979136808,,,,,,,,yfinance.info/recommendations
GJS,Basic Materials,0.1000000014901161,-0.07145112844132426,-171.4511273766195,,,,,,,,yfinance.info/recommendations
GLOBAL,Consumer Cyclical,6.300000190734863,0.6134726055520516,-90.26233988922318,8.12667,8.3,9.0,6.6,15.0,1.53333,1970-01-01,yfinance.info/recommendations
GLORY,Industrials,0.9100000262260436,-0.08704146401743444,-109.56499577021037,,,,,,,,yfinance.info/recommendations
GPI,Communication Services,1.7799999713897705,7.1528007117180135,301.8427430722553,,,,,,,,yfinance.info/recommendations
GPSC,Utilities,47.5,21.26377320521913,-55.23416167322288,56.46429,59.5,66.5,35.0,14.0,1.92857,1970-01-01,yfinance.info/recommendations
GRAMMY,Communication Services,4.21999979019165,2.6667180506575976,-36.80762598956221,,,,,,,,yfinance.info/recommendations
GRAND,Consumer Cyclical,0.0199999995529651,-0.7722834785229294,-3961.4174789240656,,,,,,,,yfinance.info/recommendations
GREEN,Utilities,0.7900000214576721,0.5117424511183655,-35.222476301440906,,,,,,,,yfinance.info/recommendations
GROREIT,Real Estate,9.699999809265137,2.0999846375016156,-78.35067341449043,,,,,,,,yfinance.info/recommendations
GST,Communication Services,9.300000190734863,2.543242667860905,-72.65330520751372,12.4125,12.725,14.7,9.5,4.0,,1970-01-01,yfinance.info/recommendations
GTB,Industrials,0.7599999904632568,0.9211253070938888,21.200699822695828,,,,,,,,yfinance.info/recommendations
GTV,Utilities,0.0299999993294477,0.013227218977302401,-55.90926909015397,,,,,,,,yfinance.info/recommendations
GULF,Utilities,59.0,106.91686994260222,81.21503380102071,77.67647,77.0,91.0,64.5,17.0,1.11765,1970-01-01,yfinance.info/recommendations
GUNKUL,Utilities,5.0,1.5524680513396105,-68.95063897320779,5.91667,6.15,8.7,2.4,6.0,1.0,1970-01-01,yfinance.info/recommendations
GVREIT,Real Estate,7.349999904632568,11.604417667048923,57.883235613851824,,,,,,,,yfinance.info/recommendations
GYT,Consumer Cyclical,185.0,640.672722334437,246.30957964023622,,,,,,,,yfinance.info/recommendations
HANA,Technology,53.5,26.282098672556238,-50.87458192045563,54.17812,54.125,64.6,40.0,16.0,1.5,1970-01-01,yfinance.info/recommendations
HANN,Healthcare,0.800000011920929,0.7363342961152548,-7.958214357122634,,,,,,,,yfinance.info/recommendations
HARN,Industrials,1.9900000095367432,2.455904624569862,23.41229210052003,,,,,,,,yfinance.info/recommendations
HENG,Financial Services,0.8600000143051147,2.327992041678748,170.69674452968235,,,,,,,,yfinance.info/recommendations
HFT,Consumer Cyclical,4.099999904632568,7.190229220642239,75.37144848510941,,,,,,,,yfinance.info/recommendations
HL,Healthcare,4.460000038146973,6.229259000732029,39.6694831267343,,,,,,,,yfinance.info/recommendations
HMPRO,Consumer Cyclical,6.349999904632568,7.250064212069511,14.174241274874849,7.264,7.0,10.0,5.7,20.0,2.47619,1970-01-01,yfinance.info/recommendations
HPT,Consumer Cyclical,0.1400000005960464,-0.027696550263011273,-119.78325010363851,,,,,,,,yfinance.info/recommendations
HTC,Consumer Defensive,15.100000381469728,31.96257312431713,111.67266434999996,,,,,,,,yfinance.info/recommendations
HTECH,Industrials,4.920000076293945,3.9753326570098193,-19.20055700478178,,,,,,,,yfinance.info/recommendations
HUMAN,Technology,4.420000076293945,7.640043821905664,72.85166719525581,8.4,8.4,8.4,8.4,1.0,,1970-01-01,yfinance.info/recommendations
HYDRO,Industrials,0.050000000745058,0.0,-100.0,,,,,,,,yfinance.info/recommendations
HYDROGEN,Real Estate,8.399999618530273,3.150851463331487,-62.489861828317764,,,,,,,,yfinance.info/recommendations
I2,Technology,0.699999988079071,-0.9323914296900417,-233.19877793836764,,,,,,,,yfinance.info/recommendations
ICC,Consumer Cyclical,24.399999618530277,16.575635871133777,-32.0670650398469,,,,,,,,yfinance.info/recommendations
ICHI,Consumer Defensive,13.5,14.066675382640188,4.197595426964356,16.9,16.7,18.1,16.0,6.0,,1970-01-01,yfinance.info/recommendations
ICN,Communication Services,2.119999885559082,-0.06389858975067186,-103.01408458490651,,,,,,,,yfinance.info/recommendations
IDG,Technology,1.3700000047683716,0.77456253868868,-43.46258861366671,,,,,,,,yfinance.info/recommendations
IFS,Financial Services,1.7999999523162842,-0.30019108821843304,-116.67728312059896,,,,,,,,yfinance.info/recommendations
IHL,Consumer Cyclical,1.3799999952316284,3.0482263514841152,120.88596826208544,,,,,,,,yfinance.info/recommendations
IIG,Technology,1.340000033378601,-8.526114445721008,-736.2771815925811,,,,,,,,yfinance.info/recommendations
III,Industrials,4.760000228881836,3.674663015079966,-22.801200874245016,6.45,6.45,7.4,5.5,2.0,,1970-01-01,yfinance.info/recommendations
ILINK,Technology,4.739999771118164,7.340964066690994,54.87266711321514,7.0,7.0,7.0,7.0,1.0,,1970-01-01,yfinance.info/recommendations
ILM,Consumer Cyclical,13.699999809265137,24.111614600245506,75.99718931338325,14.6,14.6,15.0,14.2,2.0,,1970-01-01,yfinance.info/recommendations
IMH,Healthcare,3.0999999046325684,-0.5824703045478195,-118.78936524086305,,,,,,,,yfinance.info/recommendations
IMPACT,Real Estate,13.100000381469728,1.4103282081477637,-89.23413612916602,12.2,12.2,12.2,12.2,1.0,,1970-01-01,yfinance.info/recommendations
IND,Industrials,0.8799999952316284,3.8109489532523373,333.0623833979955,,,,,,,,yfinance.info/recommendations
INET,Technology,3.880000114440918,0.7168124078210787,-81.52545395158148,5.85,5.85,5.85,5.85,1.0,,1970-01-01,yfinance.info/recommendations
INETREIT,Real Estate,13.199999809265137,4.694550873889075,-64.43522013845828,14.55,14.55,14.6,14.5,2.0,2.5,1970-01-01,yfinance.info/recommendations
INGRS,Consumer Cyclical,0.0900000035762786,0.6695461198845247,643.9401036435045,,,,,,,,yfinance.info/recommendations
INOX,Basic Materials,3.900000095367432,3.896880622312153,-0.07998648664097965,,,,,,,,yfinance.info/recommendations
INSET,Technology,4.619999885559082,-0.4849040296933713,-110.49575847845918,5.44,5.44,6.34,4.54,2.0,,1970-01-01,yfinance.info/recommendations
INSURE,Financial Services,45.0,0.0,-100.0,,,,,,,,yfinance.info/recommendations
IP,Healthcare,4.900000095367432,2.8487616987081608,-41.86200728033775,,,,,,,,yfinance.info/recommendations
IRC,Consumer Cyclical,13.399999618530272,21.340440374143284,59.25702225119862,,,,,,,,yfinance.info/recommendations
IRCP,Technology,0.2899999916553497,-1.1373567939730298,-492.19200920692475,,,,,,,,yfinance.info/recommendations
IROYAL,Industrials,3.819999933242798,3.6046307620300735,-5.637936517708194,,,,,,,,yfinance.info/recommendations
IRPC,Energy,2.8399999141693115,3.180201539720976,11.978930839199418,2.28214,2.4,3.2,1.25,14.0,3.42857,1970-01-01,yfinance.info/recommendations
ISSARA,Unknown,5.449999809265137,9.67239983109984,77.47523246985288,,,,,,,,yfinance.info/recommendations
IT,Technology,7.0,5.589464504369639,-20.15050708043373,,,,,,,,yfinance.info/recommendations
ITC,Consumer Defensive,16.299999237060547,10.414396903717394,-36.10799146518568,21.48333,21.45,25.0,18.7,18.0,1.05556,1970-01-01,yfinance.info/recommendations
ITD,Industrials,0.3400000035762787,-2.702953128447597,-894.9862058872573,0.54,0.54,0.54,0.54,1.0,,,yfinance.info/recommendations
ITEL,Communication Services,1.559999942779541,-0.7780993338919261,-149.8781642584898,1.4,1.4,1.5,1.3,2.0,2.33333,1970-01-01,yfinance.info/recommendations
ITNS,Technology,2.7799999713897705,0.7321643604678956,-73.6631522301105,,,,,,,,yfinance.info/recommendations
ITTHI,Consumer Cyclical,1.190000057220459,1.291415266494627,8.522286083838388,,,,,,,,yfinance.info/recommendations
IVF,Healthcare,0.7200000286102295,0.3739024830360621,-48.06910164187321,,,,,,,,yfinance.info/recommendations
IVL,Basic Materials,27.0,20.96166330636536,-22.364209976424597,26.57333,28.0,32.0,19.0,15.0,,1970-01-01,yfinance.info/recommendations
J,Real Estate,0.7799999713897705,-1.9966431317799826,-355.9798980790281,,,,,,,,yfinance.info/recommendations
JAK,Real Estate,1.159999966621399,1.4311746957029143,23.377132490040967,,,,,,,,yfinance.info/recommendations
JAS,Communication Services,0.7799999713897705,-0.1541158036590375,-119.75843709127842,,,,,,,,yfinance.info/recommendations
JCK,Real Estate,0.1599999964237213,-0.40360098204334716,-352.25061941533266,,,,,,,,yfinance.info/recommendations
JCT,Consumer Defensive,84.75,101.59726177278397,19.878774953137423,,,,,,,,yfinance.info/recommendations
JDF,Consumer Defensive,2.0999999046325684,2.6472699048595216,26.06047738476958,,,,,,,,yfinance.info/recommendations
JMART,Consumer Cyclical,9.550000190734863,-4.590935942966684,-148.07262671492592,,,,,,,,yfinance.info/recommendations
JMT,Financial Services,10.100000381469728,17.058856401208548,68.89956194958266,11.66429,13.2,16.0,6.0,7.0,,1970-01-01,yfinance.info/recommendations
JPARK,Industrials,2.900000095367432,2.3285664263742687,-19.704608627633935,4.7,4.7,4.7,4.7,1.0,,,yfinance.info/recommendations
JR,Industrials,1.8799999952316284,1.2138539023411659,-35.43330290319437,,,,,,,,yfinance.info/recommendations
JSP,Consumer Defensive,1.7300000190734863,1.1020980931838373,-36.29490861080604,,,,,,,,yfinance.info/recommendations
JTS,Communication Services,22.200000762939453,1.7219759160349914,-92.24335199614205,,,,,,,,yfinance.info/recommendations
JUBILE,Consumer Cyclical,7.550000190734863,10.481698820713106,38.83044444920593,,,,,,,,yfinance.info/recommendations
K,Industrials,0.9399999976158142,0.7498068289767101,-20.23331586398978,,,,,,,,yfinance.info/recommendations
KAMART,Consumer Defensive,6.650000095367432,9.513510108576224,43.0603003329818,,,,,,,,yfinance.info/recommendations
KASET,Consumer Defensive,0.6399999856948853,-1.2940600073757684,-302.1968806719163,,,,,,,,yfinance.info/recommendations
KBANK,Financial Services,233.0,102.7692108580244,-55.89304255020412,262.11,267.5,304.0,199.2,20.0,1.61905,1970-01-01,yfinance.info/recommendations
KBS,Consumer Defensive,6.300000190734863,27.723587792480433,340.0569357641022,,,,,,,,yfinance.info/recommendations
KC,Real Estate,0.0199999995529651,-0.1781723015737936,-990.8615277812777,,,,,,,,yfinance.info/recommendations
KCAR,Industrials,4.800000190734863,33.213793695544965,591.9540078280716,,,,,,,,yfinance.info/recommendations
KCC,Financial Services,2.5999999046325684,3.3637886783122477,29.3764923728956,,,,,,,,yfinance.info/recommendations
KCE,Technology,76.25,10.686577354214048,-85.98481658463731,65.86538,65.0,104.0,36.5,13.0,1.76923,1970-01-01,yfinance.info/recommendations
KCG,Consumer Defensive,9.899999618530272,14.038292989750216,41.800944754322174,12.85,12.75,13.9,12.0,4.0,1.0,1970-01-01,yfinance.info/recommendations
KCM,Industrials,0.270000010728836,0.126566776800998,-53.12341786233837,,,,,,,,yfinance.info/recommendations
KDH,Healthcare,84.5,111.57614991026753,32.042780958896486,,,,,,,,yfinance.info/recommendations
KGEN,Industrials,1.4700000286102295,-0.17091865066558723,-111.62711886660148,,,,,,,,yfinance.info/recommendations
KGI,Financial Services,4.71999979019165,2.2350688159058736,-52.64684501574689,,,,,,,,yfinance.info/recommendations
KIAT,Industrials,0.3300000131130218,0.48150370179353186,45.91020686675595,,,,,,,,yfinance.info/recommendations
KISS,Consumer Defensive,3.220000028610229,4.371978995570474,35.775743997662204,,,,,,,,yfinance.info/recommendations
KJL,Industrials,6.150000095367432,6.38387697517561,3.8028760354711144,9.8,9.8,9.8,9.8,1.0,,1970-01-01,yfinance.info/recommendations
KK,Consumer Defensive,0.949999988079071,1.7297277296303961,82.07660540374935,,,,,,,,yfinance.info/recommendations
KKP,Financial Services,111.5,12.815609814040911,-88.50617953897675,118.66667,125.0,152.0,56.0,15.0,2.0,1970-01-01,yfinance.info/recommendations
KLINIQ,Consumer Cyclical,27.25,22.906937062054315,-15.937845643837377,34.33333,35.0,40.0,28.0,3.0,,1970-01-01,yfinance.info/recommendations
KOOL,Consumer Cyclical,0.2800000011920929,0.5597828331709601,99.92243956703533,,,,,,,,yfinance.info/recommendations
KPNREIT,Real Estate,2.0199999809265137,0.01007099838919579,-99.50143571859952,,,,,,,,yfinance.info/recommendations
KSL,Consumer Defensive,1.6399999856948853,-0.9823278118464839,-159.8980378301809,,,,,,,,yfinance.info/recommendations
KTB,Financial Services,41.25,16.19765964022008,-60.7329463267392,46.765,46.55,55.0,34.5,20.0,1.75,1970-01-01,yfinance.info/recommendations
KTBSTMR,Real Estate,6.449999809265137,2.070838411326276,-67.89397716955573,,,,,,,,yfinance.info/recommendations
KTC,Financial Services,34.0,8.131962512420145,-76.08246319876429,43.07143,44.5,54.0,30.0,14.0,1.75,1970-01-01,yfinance.info/recommendations
KTIS,Consumer Defensive,1.899999976158142,-2.081567112352586,-209.55616518277952,,,,,,,,yfinance.info/recommendations
KTMS,Healthcare,1.2999999523162842,3.0133571878237206,131.79671525792367,,,,,,,,yfinance.info/recommendations
KUMWEL,Industrials,2.119999885559082,1.543326069378613,-27.20159657123706,,,,,,,,yfinance.info/recommendations
KUN,Real Estate,0.5299999713897705,-0.8424631272468688,-258.9553156083678,,,,,,,,yfinance.info/recommendations
KWC,Real Estate,280.0,246.53074741664994,-11.953304494053592,,,,,,,,yfinance.info/recommendations
KWM,Industrials,0.8100000023841858,2.2078431466153474,172.57322717490064,,,,,,,,yfinance.info/recommendations
KYE,Consumer Cyclical,282.0,751.2664001243725,166.40652486679875,,,,,,,,yfinance.info/recommendations
LALIN,Real Estate,4.239999771118164,5.909128110446998,39.366236543183945,,,,,,,,yfinance.info/recommendations
LANNA,Energy,14.699999809265137,17.335574163883187,17.929077474932324,,,,,,,,yfinance.info/recommendations
LDC,Healthcare,0.2199999988079071,0.03580161121588764,-83.72654026823527,,,,,,,,yfinance.info/recommendations
LEE,Consumer Defensive,2.440000057220459,5.215072420522109,113.73247123866426,,,,,,,,yfinance.info/recommendations
LEO,Industrials,1.840000033378601,0.7827828589143772,-57.457454091615745,,,,,,,,yfinance.info/recommendations
LH,Real Estate,3.440000057220459,4.752808321284905,38.16303029730771,3.69364,3.75,4.28,3.2,11.0,3.16667,1970-01-01,yfinance.info/recommendations
LHFG,Financial Services,1.2200000286102295,0.5164488135580808,-57.668131028947876,,,,,,,,yfinance.info/recommendations
LHHOTEL,Real Estate,13.600000381469728,26.64126443407547,95.89164475594224,15.5,15.5,15.5,15.5,1.0,,1970-01-01,yfinance.info/recommendations
LHK,Basic Materials,3.539999961853028,3.873588853820845,9.42341512888601,,,,,,,,yfinance.info/recommendations
LHRREIT,Real Estate,4.260000228881836,0.667036674747492,-84.34186293641173,,,,,,,,yfinance.info/recommendations
LHSC,Real Estate,15.300000190734863,26.36231761724137,72.30272737647057,16.5,16.5,16.5,16.5,1.0,,1970-01-01,yfinance.info/recommendations
LIT,Financial Services,0.6899999976158142,-0.03472228113868303,-105.03221467516816,,,,,,,,yfinance.info/recommendations
LOXLEY,Industrials,1.8600000143051147,2.4674950069495196,32.66102085872088,,,,,,,,yfinance.info/recommendations
LPH,Healthcare,3.619999885559082,5.328010593117201,47.182617722495564,,,,,,,,yfinance.info/recommendations
LPN,Real Estate,1.559999942779541,1.8018115002156874,15.500741429855239,1.608,1.44,2.5,1.3,5.0,,1970-01-01,yfinance.info/recommendations
LST,Consumer Defensive,4.619999885559082,6.512704223666484,40.967627380760405,,,,,,,,yfinance.info/recommendations
LTMH,Communication Services,10.5,2.435599339424943,-76.80381581500055,,,,,,,,yfinance.info/recommendations
LTS,Consumer Cyclical,2.4200000762939453,3.215231257960876,32.86079159488167,,,,,,,,yfinance.info/recommendations
M,Consumer Cyclical,20.200000762939453,29.69284248416897,46.994264171741264,23.75,23.75,24.0,23.5,2.0,,1970-01-01,yfinance.info/recommendations
M-CHAI,Healthcare,18.600000381469727,16.495951880576474,-11.312088482478815,,,,,,,,yfinance.info/recommendations
MADAME,Consumer Defensive,1.0299999713897705,0.35210904468516174,-65.81465490624588,,,,,,,,yfinance.info/recommendations
MAGURO,Consumer Cyclical,17.600000381469727,18.803596708761788,6.838615347754624,26.1,25.5,30.0,23.5,6.0,1.0,1970-01-01,yfinance.info/recommendations
MAJOR,Communication Services,7.099999904632568,13.407531230962489,88.8384705782097,8.2375,8.35,9.75,6.5,4.0,2.16667,1970-01-01,yfinance.info/recommendations
MALEE,Consumer Defensive,3.819999933242798,6.83147486745311,78.83442373921382,4.2,4.2,4.3,4.1,2.0,,1970-01-01,yfinance.info/recommendations
MANRIN,Consumer Cyclical,21.0,42.58899069277357,102.80471758463605,,,,,,,,yfinance.info/recommendations
MASTEC,Industrials,1.8899999856948853,0.42230242581054434,-77.65595613720183,,,,,,,,yfinance.info/recommendations
MASTER,Healthcare,8.199999809265137,8.22252352371762,0.27467945093161045,9.75,9.8,10.3,9.1,4.0,,1970-01-01,yfinance.info/recommendations
MATCH,Communication Services,0.8100000023841858,0.18942383289428813,-76.61434168682338,,,,,,,,yfinance.info/recommendations
MATI,Communication Services,3.180000066757202,-2.7894518290241574,-187.7186091341405,,,,,,,,yfinance.info/recommendations
MBAX,Consumer Cyclical,2.0199999809265137,2.96515116982259,46.789663258440406,,,,,,,,yfinance.info/recommendations
MBK,Industrials,19.5,23.66340644713064,21.35080229297764,,,,,,,,yfinance.info/recommendations
MC,Consumer Cyclical,11.399999618530272,10.040613876520714,-11.924436732435735,11.55,11.55,12.0,11.1,2.0,,1970-01-01,yfinance.info/recommendations
MCA,Communication Services,1.2599999904632568,1.8363587411155575,45.74275833449762,,,,,,,,yfinance.info/recommendations
MCOT,Communication Services,5.150000095367432,3.187064773641914,-38.11524825972785,,,,,,,,yfinance.info/recommendations
MCS,Basic Materials,7.650000095367432,40.59808100485186,430.6938627286635,,,,,,,,yfinance.info/recommendations
MDX,Real Estate,3.5799999237060547,6.693452046521719,86.96793824488645,,,,,,,,yfinance.info/recommendations
MEB,Technology,10.399999618530272,29.778518189467,186.33191617054405,17.5,17.5,23.0,12.0,2.0,,1970-01-01,yfinance.info/recommendations
MEDEZE,Healthcare,6.099999904632568,3.59739014095174,-41.02639020994497,8.05,8.05,9.3,6.8,2.0,,1970-01-01,yfinance.info/recommendations
MEGA,Healthcare,34.0,27.75469046980851,-18.36855744173968,42.71429,44.0,45.0,35.0,7.0,,1970-01-01,yfinance.info/recommendations
MENA,Industrials,0.800000011920929,0.7824590537695892,-2.192619736244884,,,,,,,,yfinance.info/recommendations
META,Utilities,0.0599999986588954,-0.8461884963824851,-1510.3141921604558,,,,,,,,yfinance.info/recommendations
METCO,Technology,298.0,979.1394982019958,228.5703014100657,,,,,,,,yfinance.info/recommendations
MFC,Financial Services,25.0,25.82247324562666,3.289892982506643,,,,,,,,yfinance.info/recommendations
MFEC,Technology,6.199999809265137,9.550249371215305,54.036284919616165,,,,,,,,yfinance.info/recommendations
MGC,Consumer Cyclical,6.449999809265137,22.05877034198315,241.99644952386993,20.2,20.2,20.2,20.2,1.0,,1970-01-01,yfinance.info/recommendations
MGI,Unknown,4.840000152587891,5.7650176149215895,19.11193043742164,,,,,,,,yfinance.info/recommendations
MGT,Basic Materials,2.2799999713897705,2.272094310926597,-0.3467394983498466,2.7,2.7,2.7,2.7,1.0,1.0,1970-01-01,yfinance.info/recommendations
MICRO,Financial Services,1.2799999713897705,2.336989945688226,82.57734358781428,2.1,2.1,2.1,2.1,1.0,,1970-01-01,yfinance.info/recommendations
MIDA,Financial Services,0.4600000083446502,0.0,-100.0,,,,,,,,yfinance.info/recommendations
MII,Real Estate,5.900000095367432,3.3656990735364,-42.95425391299429,,,,,,,,yfinance.info/recommendations
MILL,Basic Materials,0.0099999997764825,0.0,-100.0,,,,,,,,yfinance.info/recommendations
MINT,Consumer Cyclical,21.0,19.19544915422059,-8.593099265616237,30.94444,31.75,36.0,24.0,18.0,1.35,1970-01-01,yfinance.info/recommendations
MIPF,Real Estate,9.399999618530272,3.293593128006309,-64.96177381205813,,,,,,,,yfinance.info/recommendations
MITSIB,Consumer Cyclical,0.6299999952316284,0.9247531641392985,46.78621764104934,,,,,,,,yfinance.info/recommendations
MJD,Real Estate,0.3199999928474426,-7.421127735550061,-2419.1024691953735,,,,,,,,yfinance.info/recommendations
MK,Real Estate,0.5099999904632568,-4.1989692578479945,-923.3273208561974,,,,,,,,yfinance.info/recommendations
ML,Financial Services,0.449999988079071,0.0,-100.0,,,,,,,,yfinance.info/recommendations
MMM,Unknown,2.5999999046325684,1.720939506590415,-33.810016549457615,,,,,,,,yfinance.info/recommendations
MNIT,Real Estate,1.940000057220459,1.3887779262125635,-28.413511069564645,,,,,,,,yfinance.info/recommendations
MODERN,Consumer Cyclical,1.9900000095367432,2.046812067073451,2.8548772494696175,,,,,,,,yfinance.info/recommendations
MONO,Communication Services,0.5,0.1694859744369899,-66.10280511260203,,,,,,,,yfinance.info/recommendations
MOONG,Consumer Defensive,2.3399999141693115,2.2015181506841683,-5.918024297633512,,,,,,,,yfinance.info/recommendations
MORE,Utilities,0.1099999994039535,0.01750459659597615,-84.08673028106669,,,,,,,,yfinance.info/recommendations
MOSHI,Consumer Cyclical,34.75,23.934618420516088,-31.12340022873068,49.77273,50.0,55.0,44.5,11.0,1.08333,1970-01-01,yfinance.info/recommendations
MOTHER,Consumer Cyclical,1.0399999618530271,1.7384370701962522,67.15741672709102,,,,,,,,yfinance.info/recommendations
MPJ,Industrials,4.21999979019165,2.3396298150846047,-44.55853243115088,,,,,,,,yfinance.info/recommendations
MRDIYT,Consumer Cyclical,8.550000190734863,4.744599288546317,-44.50761189821069,11.04286,11.0,13.0,10.0,14.0,1.78571,1970-01-01,yfinance.info/recommendations
MSC,Technology,5.599999904632568,12.11826594166173,116.39760978633167,,,,,,,,yfinance.info/recommendations
MST,Financial Services,7.449999809265137,18.963317443283916,154.54118025211662,,,,,,,,yfinance.info/recommendations
MTC,Financial Services,27.25,8.680823560519512,-68.1437667503871,43.20588,42.5,58.0,32.0,17.0,1.29412,1970-01-01,yfinance.info/recommendations
MTI,Financial Services,21.399999618530277,3.441228561177652,-83.91949241813121,,,,,,,,yfinance.info/recommendations
MTW,Consumer Cyclical,0.8799999952316284,-0.3047429026885233,-134.6298754931596,,,,,,,,yfinance.info/recommendations
MUD,Consumer Cyclical,0.7400000095367432,-1.8256196635185287,-346.7053567555233,,,,,,,,yfinance.info/recommendations
MVP,Communication Services,0.0599999986588954,0.0,-100.0,,,,,,,,yfinance.info/recommendations
NAM,Healthcare,3.200000047683716,2.934807342829417,-8.287271903206864,,,,,,,,yfinance.info/recommendations
NAT,Technology,2.440000057220459,-1.010001228569425,-141.39349200343767,,,,,,,,yfinance.info/recommendations
NATION,Communication Services,0.0299999993294477,-0.0015964978902537122,-105.32165975312739,,,,,,,,yfinance.info/recommendations
NC,Consumer Cyclical,1.7599999904632568,-0.08485151937075242,-104.82110908128006,,,,,,,,yfinance.info/recommendations
NCAP,Financial Services,3.119999885559082,0.8112871574303762,-73.99720553883932,6.0,6.0,6.0,6.0,1.0,,1970-01-01,yfinance.info/recommendations
NCH,Real Estate,0.4099999964237213,0.2389938263800983,-41.708822325669935,,,,,,,,yfinance.info/recommendations
NCL,Industrials,0.0399999991059303,-0.7472598068103947,-1968.1495587823847,,,,,,,,yfinance.info/recommendations
NCP,Industrials,0.949999988079071,2.0548581582289396,116.30086147515912,,,,,,,,yfinance.info/recommendations
NDR,Consumer Cyclical,1.8200000524520876,1.7091367683798786,-6.091389059183972,,,,,,,,yfinance.info/recommendations
NEO,Consumer Defensive,24.299999237060547,6.8518231448849285,-71.80319604934374,28.375,27.75,34.0,24.0,4.0,1.5,1970-01-01,yfinance.info/recommendations
NEP,Consumer Cyclical,0.209999993443489,0.027598843161031995,-86.85769332251962,,,,,,,,yfinance.info/recommendations
NER,Basic Materials,4.539999961853027,25.182799963902724,454.6872285352227,5.7,5.65,6.5,5.0,4.0,,1970-01-01,yfinance.info/recommendations
NETBAY,Technology,11.600000381469728,28.65912344160726,147.06140085467933,8.2,8.2,8.2,8.2,1.0,,1970-01-01,yfinance.info/recommendations
NEW,Healthcare,92.75,65.66036231266936,-29.207156536205538,,,,,,,,yfinance.info/recommendations
NEX,Industrials,0.8899999856948853,-0.6611468821697637,-174.28616772994218,,,,,,,,yfinance.info/recommendations
NFC,Basic Materials,1.2300000190734863,1.1099996301907291,-9.756129026172625,,,,,,,,yfinance.info/recommendations
NKI,Financial Services,17.0,1.5372635462458384,-90.95727325737741,,,,,,,,yfinance.info/recommendations
NKT,Healthcare,3.660000085830689,2.4876717521925777,-32.03082803677134,4.7,4.7,4.7,4.7,1.0,,1970-01-01,yfinance.info/recommendations
NL,Industrials,0.6600000262260437,0.19627426388370886,-70.26147635083778,,,,,,,,yfinance.info/recommendations
NNCL,Utilities,1.75,2.682698117176241,53.297035267213765,,,,,,,,yfinance.info/recommendations
NOBLE,Real Estate,1.399999976158142,4.669791953615412,233.5565737958212,,,,,,,,yfinance.info/recommendations
NOVA,Energy,5.650000095367432,3.392512041324244,-39.955540105108234,,,,,,,,yfinance.info/recommendations
NPK,Consumer Cyclical,12.899999618530272,57.96387275226047,349.3323602040884,,,,,,,,yfinance.info/recommendations
NRF,Consumer Defensive,0.209999993443489,-1.3690171375595834,-751.9129430011083,,,,,,,,yfinance.info/recommendations
NSL,Consumer Defensive,21.0,23.100252610895915,10.001202909028164,28.625,28.5,32.0,25.5,4.0,,1970-01-01,yfinance.info/recommendations
NTF,Consumer Defensive,12.800000190734863,6.603294195500094,-48.41176486638012,,,,,,,,yfinance.info/recommendations
NTSC,Basic Materials,7.099999904632568,8.61879671510604,21.39150466019718,,,,,,,,yfinance.info/recommendations
NTV,Healthcare,18.899999618530277,40.15961853535348,112.48475844401322,,,,,,,,yfinance.info/recommendations
NUT,Consumer Defensive,4.800000190734863,12.826621473275864,167.2212700748279,,,,,,,,yfinance.info/recommendations
NV,Consumer Defensive,0.7300000190734863,-0.462015264858037,-163.28976065568125,,,,,,,,yfinance.info/recommendations
NVD,Real Estate,0.7900000214576721,0.07246013598997209,-90.82783113647618,,,,,,,,yfinance.info/recommendations
NWR,Industrials,0.0399999991059303,-2.6700372618389308,-6775.0933037972945,,,,,,,,yfinance.info/recommendations
NYT,Industrials,3.900000095367432,6.410560215673282,64.37333484396548,,,,,,,,yfinance.info/recommendations
OCC,Consumer Defensive,9.649999618530272,0.522876254590174,-94.58159300248956,,,,,,,,yfinance.info/recommendations
OGC,Consumer Cyclical,8.600000381469727,-8.443486272321516,-198.1800685790032,,,,,,,,yfinance.info/recommendations
OHTL,Consumer Cyclical,265.0,428.29264935284266,61.61986768031799,,,,,,,,yfinance.info/recommendations
OKJ,Consumer Defensive,3.400000095367432,0.3734333134247798,-89.01666756028654,7.4345,7.4345,9.439,5.43,2.0,,1970-01-01,yfinance.info/recommendations
ONEE,Communication Services,2.880000114440918,5.7890168572273994,101.00752177751897,3.015,3.0,3.9,2.5,6.0,2.66667,1970-01-01,yfinance.info/recommendations
ONSENS,Consumer Cyclical,0.959999978542328,0.7789642231652166,-18.85789160662249,3.0,3.0,3.0,3.0,1.0,,,yfinance.info/recommendations
OR,Energy,12.199999809265137,15.387529070343644,26.12728943370785,13.87059,14.0,17.3,10.0,17.0,,1970-01-01,yfinance.info/recommendations
ORI,Real Estate,1.7200000286102295,2.8272361925915925,64.37419450952083,2.02,2.06,2.26,1.7,4.0,,1970-01-01,yfinance.info/recommendations
ORN,Real Estate,0.699999988079071,0.3190038382941412,-54.42802232475081,1.0,1.0,1.0,1.0,1.0,,,yfinance.info/recommendations
OSP,Consumer Defensive,15.899999618530272,23.490492908633637,47.73895265542779,19.74737,19.2,22.0,16.0,19.0,1.77778,1970-01-01,yfinance.info/recommendations
PACO,Consumer Cyclical,1.4600000381469729,3.1557909140693488,116.1500569599072,,,,,,,,yfinance.info/recommendations
PAF,Consumer Cyclical,0.8299999833106995,1.4134800568226928,70.29880545112918,,,,,,,,yfinance.info/recommendations
PANEL,Industrials,1.1799999475479126,0.9029263798479296,-23.480811865776186,,,,,,,,yfinance.info/recommendations
PAP,Basic Materials,3.140000104904175,6.076523794103666,93.51985958895716,,,,,,,,yfinance.info/recommendations
PATO,Basic Materials,6.050000190734863,7.904726054991987,30.656624888995903,,,,,,,,yfinance.info/recommendations
PB,Consumer Defensive,47.0,46.57234044932959,-0.9099139375966226,,,,,,,,yfinance.info/recommendations
PCC,Industrials,3.380000114440918,6.317838858899773,86.91830310617605,,,,,,,,yfinance.info/recommendations
PCE,Consumer Defensive,2.140000104904175,-0.25657018383567665,-111.98926033917954,2.6,2.6,2.6,2.6,1.0,,1970-01-01,yfinance.info/recommendations
PCSGH,Consumer Cyclical,2.900000095367432,8.628916455977086,197.54883352456568,,,,,,,,yfinance.info/recommendations
PDG,Consumer Cyclical,3.200000047683716,5.3867278585031,68.3352430698313,,,,,,,,yfinance.info/recommendations
PDJ,Consumer Cyclical,1.5,-0.37797517595350294,-125.19834506356686,,,,,,,,yfinance.info/recommendations
PEACE,Real Estate,1.5499999523162842,-0.08325402029468167,-105.37122728102469,,,,,,,,yfinance.info/recommendations
PEER,Industrials,0.1500000059604644,-0.8442745752121374,-662.8496944424545,,,,,,,,yfinance.info/recommendations
PERM,Basic Materials,0.2800000011920929,-1.6564474280060948,-691.5883646263615,,,,,,,,yfinance.info/recommendations
PF,Real Estate,0.0399999991059303,614.9256274477248,1537214.1029809609,,,,,,,,yfinance.info/recommendations
PG,Consumer Cyclical,6.449999809265137,2.824436520472894,-56.210285209377574,,,,,,,,yfinance.info/recommendations
PHAT,Consumer Defensive,1.5099999904632568,0.35733782015152044,-76.33524354911472,,,,,,,,yfinance.info/recommendations
PHG,Healthcare,10.0,21.379089023185408,113.79089023185406,,,,,,,,yfinance.info/recommendations
PHOL,Industrials,3.240000009536743,3.550348085583007,9.578644294221391,,,,,,,,yfinance.info/recommendations
PICO,Communication Services,4.199999809265137,1.3973896964473902,-66.72881524030622,,,,,,,,yfinance.info/recommendations
PIMO,Industrials,1.2200000286102295,1.485366270538501,21.75133079550539,,,,,,,,yfinance.info/recommendations
PIN,Real Estate,4.179999828338623,2.420524867237309,-42.09270414732607,5.625,5.625,5.65,5.6,2.0,,1970-01-01,yfinance.info/recommendations
PIS,Technology,6.099999904632568,1.3972729252940328,-77.09388611247533,7.1,7.1,7.1,7.1,1.0,,1970-01-01,yfinance.info/recommendations
PJW,Consumer Cyclical,2.0199999809265137,6.050084125534564,199.5091179535344,,,,,,,,yfinance.info/recommendations
PK,Industrials,0.4699999988079071,-0.21332742498366164,-145.38881394143374,,,,,,,,yfinance.info/recommendations
PL,Industrials,1.340000033378601,6.850370455830795,411.2216630740415,,,,,,,,yfinance.info/recommendations
PLANB,Communication Services,7.199999809265137,6.087581283548082,-15.450257710917814,7.12333,6.8,8.1,6.45,9.0,1.0,1970-01-01,yfinance.info/recommendations
PLANET,Technology,0.449999988079071,-0.06862779954838004,-115.25062252586575,,,,,,,,yfinance.info/recommendations
PLAT,Real Estate,1.2699999809265137,2.1643280893156214,70.41953715122587,,,,,,,,yfinance.info/recommendations
PLE,Industrials,0.0599999986588954,-1.3632276945954265,-2372.046208443238,,,,,,,,yfinance.info/recommendations
PLT,Energy,0.5199999809265137,0.9019609886096953,73.45404263335162,,,,,,,,yfinance.info/recommendations
PLUS,Consumer Defensive,1.1100000143051147,-1.5408636001835212,-238.81653876807712,6.4,6.4,6.4,6.4,1.0,,,yfinance.info/recommendations
PM,Consumer Defensive,11.0,18.618068242063913,69.25516583694467,,,,,,,,yfinance.info/recommendations
PMC,Consumer Cyclical,0.959999978542328,2.010202318572917,109.3960795317126,,,,,,,,yfinance.info/recommendations
PMTA,Basic Materials,8.5,16.311130656266233,91.89565477960274,,,,,,,,yfinance.info/recommendations
POLY,Industrials,7.150000095367432,7.591608894311895,6.176346756003354,,,,,,,,yfinance.info/recommendations
PORT,Industrials,0.7900000214576721,1.7076021007784696,116.15215878446179,,,,,,,,yfinance.info/recommendations
POWER,Energy,0.4099999964237213,-1.4035724253015058,-442.3347408644757,,,,,,,,yfinance.info/recommendations
PPM,Industrials,1.9900000095367432,1.6184055036407081,-18.6730906590568,,,,,,,,yfinance.info/recommendations
PPP,Industrials,0.699999988079071,-1.1107948482120604,-258.68498101839776,,,,,,,,yfinance.info/recommendations
PPPM,Consumer Defensive,0.3100000023841858,-1.0585764102714805,-441.47625875162976,,,,,,,,yfinance.info/recommendations
PPS,Industrials,0.1700000017881393,0.09068858475716246,-46.65377423337786,,,,,,,,yfinance.info/recommendations
PQS,Consumer Defensive,1.2899999618530271,0.6175879664896491,-52.124962422284746,,,,,,,,yfinance.info/recommendations
PR9,Healthcare,18.799999237060547,14.688232755030848,-21.871099196239065,23.21429,23.7,27.0,20.0,14.0,1.14286,1970-01-01,yfinance.info/recommendations
PRAKIT,Communication Services,10.600000381469728,10.616836763141883,0.15883378364388717,,,,,,,,yfinance.info/recommendations
PRAPAT,Basic Materials,0.8199999928474426,1.0530084069599897,28.415660505487004,,,,,,,,yfinance.info/recommendations
PREB,Industrials,3.400000095367432,7.9496817124406185,133.81416145464874,,,,,,,,yfinance.info/recommendations
PRECHA,Real Estate,0.2300000041723251,-0.881585273500366,-483.29793804692605,,,,,,,,yfinance.info/recommendations
PRG,Consumer Defensive,10.699999809265137,4.958724122178191,-53.65678307877698,,,,,,,,yfinance.info/recommendations
PRI,Real Estate,3.440000057220459,12.313781270296412,257.9587519032201,,,,,,,,yfinance.info/recommendations
PRIME,Utilities,0.050000000745058,0.08266813417118833,65.33626587867451,,,,,,,,yfinance.info/recommendations
PRIN,Real Estate,1.350000023841858,-0.6297710518164981,-146.64970671809937,,,,,,,,yfinance.info/recommendations
PRINC,Healthcare,1.6799999475479126,-1.1267732967121855,-167.0698411840308,,,,,,,,yfinance.info/recommendations
PRM,Energy,8.649999618530273,16.697044554145542,93.02942532363426,11.5,11.6,12.0,10.8,4.0,,1970-01-01,yfinance.info/recommendations
PROEN,Communication Services,0.7699999809265137,-0.44100871857452456,-157.27386097385022,,,,,,,,yfinance.info/recommendations
PROS,Industrials,0.1599999964237213,-0.8659598963973383,-641.2249473456567,,,,,,,,yfinance.info/recommendations
PROSPECT,Real Estate,9.199999809265137,1.3328766198264204,-85.51221035369907,10.2,10.2,10.2,10.2,1.0,3.0,1970-01-01,yfinance.info/recommendations
PROUD,Real Estate,1.149999976158142,5.526751227940492,380.58707326272867,,,,,,,,yfinance.info/recommendations
PRTR,Industrials,3.259999990463257,6.15666845313735,88.85486107815805,,,,,,,,yfinance.info/recommendations
PSGC,Industrials,4.840000152587891,0.8018004291136147,-83.43387595380753,,,,,,,,yfinance.info/recommendations
PSH,Real Estate,3.7799999713897705,4.5332710001379235,19.927805144167827,3.565,3.64,3.98,3.0,4.0,,1970-01-01,yfinance.info/recommendations
PSL,Industrials,9.350000381469728,-3.6873869078865105,-139.43729152347788,7.76667,6.8,10.0,6.5,3.0,,1970-01-01,yfinance.info/recommendations
PSP,Basic Materials,6.800000190734863,5.577592721424518,-17.97657992680501,9.7,9.7,9.7,9.7,1.0,,1970-01-01,yfinance.info/recommendations
PT,Technology,11.399999618530272,13.647078128901159,19.71121566283516,,,,,,,,yfinance.info/recommendations
PTC,Energy,0.5899999737739563,0.1693052434110865,-71.30419475646426,,,,,,,,yfinance.info/recommendations
PTG,Consumer Cyclical,8.300000190734863,9.055536683380202,9.102849099795568,9.03333,9.5,10.5,7.2,9.0,1.88889,1970-01-01,yfinance.info/recommendations
PTL,Basic Materials,14.5,14.14128426524034,-2.473901619032134,,,,,,,,yfinance.info/recommendations
PTT,Energy,40.75,29.90211123342013,-26.620585930257352,42.29737,44.0,49.0,35.0,19.0,1.42105,1970-01-01,yfinance.info/recommendations
PTTEP,Energy,144.5,148.0637469672272,2.4662608769738332,166.04546,169.5,193.0,111.0,22.0,1.81818,1970-01-01,yfinance.info/recommendations
PTTGC,Basic Materials,49.25,73.54872136794401,49.33750531562236,42.29474,45.0,59.0,16.0,19.0,2.36842,1970-01-01,yfinance.info/recommendations
PYLON,Industrials,4.0,3.2573061930192444,-18.56734517451889,,,,,,,,yfinance.info/recommendations
Q-CON,Industrials,5.949999809265137,12.719406044126108,113.77153700610012,,,,,,,,yfinance.info/recommendations
QDC,Consumer Cyclical,0.0799999982118606,0.0,-100.0,,,,,,,,yfinance.info/recommendations
QH,Real Estate,1.3700000047683716,2.067774647840159,50.93245552139697,1.4,1.44,1.5,1.1,7.0,,1970-01-01,yfinance.info/recommendations
QHBREIT,Real Estate,3.680000066757202,0.0,-100.0,,,,,,,,yfinance.info/recommendations
QHHRREIT,Real Estate,8.199999809265137,16.658418267754385,103.15144701506122,,,,,,,,yfinance.info/recommendations
QHOP,Real Estate,3.359999895095825,0.49712277844680297,-85.20467875096092,,,,,,,,yfinance.info/recommendations
QLT,Industrials,1.8600000143051147,1.3218108176127017,-28.93490282544312,,,,,,,,yfinance.info/recommendations
QTC,Industrials,5.199999809265137,-0.5990155385910234,-111.51953001082275,,,,,,,,yfinance.info/recommendations
QTCG,Industrials,0.1500000059604644,-0.11405656817789421,-176.03770909712907,,,,,,,,yfinance.info/recommendations
RABBIT,Industrials,0.3100000023841858,0.3166361109059956,2.140680151861935,,,,,,,,yfinance.info/recommendations
RAM,Healthcare,17.399999618530273,10.647652541848156,-38.806593245503,17.35,17.35,17.5,17.2,2.0,,1970-01-01,yfinance.info/recommendations
RATCH,Utilities,36.75,39.35378106131806,7.085118534198802,42.5,43.5,55.0,32.0,9.0,1.77778,1970-01-01,yfinance.info/recommendations
RBF,Consumer Defensive,4.639999866485596,9.041593497849842,94.86193444005589,5.825,6.65,7.2,2.8,4.0,,1970-01-01,yfinance.info/recommendations
RCL,Industrials,45.0,150.2242059627226,233.83156880605026,60.0,60.0,60.0,60.0,1.0,,1970-01-01,yfinance.info/recommendations
READY,Technology,3.0199999809265137,7.854168838289366,160.07181747993803,,,,,,,,yfinance.info/recommendations
RICHY,Real Estate,0.1599999964237213,-0.043938452889895376,-127.4615336699977,,,,,,,,yfinance.info/recommendations
RJH,Healthcare,14.800000190734863,8.825518142669821,-40.36812142614162,18.6,18.6,18.6,18.6,1.0,,1970-01-01,yfinance.info/recommendations
RML,Real Estate,0.0900000035762786,-0.6089231922031799,-776.5812977852752,,,,,,,,yfinance.info/recommendations
ROCK,Consumer Cyclical,10.699999809265137,20.97219772483489,96.00185138952104,,,,,,,,yfinance.info/recommendations
ROCTEC,Technology,0.5899999737739563,1.8366255916682164,211.2924870013424,0.835,0.835,0.835,0.835,1.0,,,yfinance.info/recommendations
ROH,Consumer Cyclical,1.069875955581665,-4.5105787345581465,-521.5982900658663,,,,,,,,yfinance.info/recommendations
ROJNA,Utilities,5.650000095367432,10.716315904715426,89.66930484659613,,,,,,,,yfinance.info/recommendations
RP,Industrials,0.7300000190734863,2.253050965097405,208.63711044240384,,,,,,,,yfinance.info/recommendations
RPC,Consumer Cyclical,0.3799999952316284,0.2888934177678582,-23.975415422896607,,,,,,,,yfinance.info/recommendations
RPH,Healthcare,4.880000114440918,7.029147139641134,44.039897024601515,,,,,,,,yfinance.info/recommendations
RS,Communication Services,0.1599999964237213,-1.1468247020650426,-816.7654548116079,,,,,,,,yfinance.info/recommendations
RSP,Consumer Cyclical,1.0499999523162842,1.9744086042923892,88.03892323393666,,,,,,,,yfinance.info/recommendations
RT,Industrials,0.2899999916553497,2.5878022317506435,792.3456228323329,,,,,,,,yfinance.info/recommendations
RWI,Basic Materials,0.5,0.0,-100.0,,,,,,,,yfinance.info/recommendations
S,Consumer Cyclical,0.5099999904632568,-2.428042835379585,-576.0868393691694,,,,,,,,yfinance.info/recommendations
S11,Financial Services,4.519999980926514,3.9190670075117735,-13.294977344038847,,,,,,,,yfinance.info/recommendations
SA,Real Estate,6.900000095367432,-4.501860898991698,-165.2443599531859,,,,,,,,yfinance.info/recommendations
SAAM,Utilities,4.659999847412109,-0.1534753021616146,-103.29346152761883,,,,,,,,yfinance.info/recommendations
SABINA,Consumer Cyclical,15.399999618530272,17.953267670112087,16.579663083300073,16.73333,17.6,18.2,14.4,3.0,,1970-01-01,yfinance.info/recommendations
SAF,Basic Materials,0.4000000059604645,0.04454957358628305,-88.86260676938933,,,,,,,,yfinance.info/recommendations
SAFE,Healthcare,5.25,7.69352473196253,46.543328227857714,9.8,9.8,9.8,9.8,1.0,1.0,1970-01-01,yfinance.info/recommendations
SAK,Financial Services,3.119999885559082,3.3211071697878327,6.445746525811607,3.79,3.53,4.8,3.04,3.0,,1970-01-01,yfinance.info/recommendations
SALEE,Basic Materials,0.5799999833106995,0.5036660814154725,-13.16101794684634,,,,,,,,yfinance.info/recommendations
SAM,Basic Materials,0.1000000014901161,-0.8582619579780457,-958.2619451889462,,,,,,,,yfinance.info/recommendations
SAMART,Technology,5.550000190734863,11.748500668559984,111.68468945591859,8.7,8.7,8.7,8.7,1.0,,1970-01-01,yfinance.info/recommendations
SAMCO,Real Estate,0.800000011920929,0.5781555201621542,-27.730561056629284,,,,,,,,yfinance.info/recommendations
SAMTEL,Communication Services,3.200000047683716,9.856449972079846,208.01405703772807,,,,,,,,yfinance.info/recommendations
SANKO,Consumer Cyclical,1.1399999856948853,1.960964519390423,72.01443368397238,,,,,,,,yfinance.info/recommendations
SAPPE,Consumer Defensive,31.25,54.57045808695324,74.62546587825037,38.09375,40.625,45.0,26.0,8.0,,1970-01-01,yfinance.info/recommendations
SAT,Consumer Cyclical,16.299999237060547,27.59506799086116,69.29490357348939,16.66667,16.6,18.8,14.5,6.0,2.33333,1970-01-01,yfinance.info/recommendations
SAUCE,Consumer Defensive,40.5,30.44521050521623,-24.826640727861157,,,,,,,,yfinance.info/recommendations
SAV,Industrials,10.899999618530272,13.753567425801567,26.179522083837124,16.125,16.0,18.0,14.5,4.0,1.0,1970-01-01,yfinance.info/recommendations
SAWAD,Financial Services,21.399999618530277,7.767859520555114,-63.701590378399274,30.95588,31.0,37.0,22.0,17.0,1.44444,1970-01-01,yfinance.info/recommendations
SAWANG,Consumer Cyclical,5.849999904632568,-4.887327646930065,-183.54406370263064,,,,,,,,yfinance.info/recommendations
SC,Real Estate,1.950000047683716,0.5818395774230838,-70.16207368229477,2.33286,2.3,2.8,1.95,7.0,,1970-01-01,yfinance.info/recommendations
SCAP,Financial Services,1.5800000429153442,0.2966576345842804,-81.22420085274801,,,,,,,,yfinance.info/recommendations
SCB,Financial Services,149.0,184.03659786473196,23.5144952112295,158.95,160.0,180.0,137.0,20.0,2.57143,1970-01-01,yfinance.info/recommendations
SCC,Industrials,245.0,94.87107143792585,-61.27711369880578,242.85,223.0,332.0,162.0,20.0,2.78947,1970-01-01,yfinance.info/recommendations
SCCC,Basic Materials,152.0,149.96460910519932,-1.3390729571057136,193.5,193.5,202.0,185.0,2.0,,1970-01-01,yfinance.info/recommendations
SCG,Utilities,2.6600000858306885,-0.4976508348968588,-118.70867739996514,,,,,,,,yfinance.info/recommendations
SCGD,Basic Materials,5.400000095367432,10.29282307353729,90.60783132887957,7.1,7.1,9.0,5.2,2.0,,1970-01-01,yfinance.info/recommendations
SCGP,Consumer Cyclical,29.5,14.582711676657782,-50.567079062177015,33.79056,35.0,40.0,18.9,18.0,1.66667,1970-01-01,yfinance.info/recommendations
SCI,Industrials,0.8799999952316284,0.24354388415450856,-72.32455846884358,,,,,,,,yfinance.info/recommendations
SCL,Consumer Cyclical,1.7699999809265137,1.8321942143673193,3.513798537345172,,,,,,,,yfinance.info/recommendations
SCM,Consumer Defensive,0.1500000059604644,-0.11665802718568918,-177.7720150334106,,,,,,,,yfinance.info/recommendations
SCN,Utilities,0.449999988079071,-0.8097752434292854,-279.95005886244536,,,,,,,,yfinance.info/recommendations
SCP,Basic Materials,9.399999618530272,16.830135632238044,79.0440033535821,,,,,,,,yfinance.info/recommendations
SDC,Technology,0.0299999993294477,0.05323566393373566,77.4522170788186,,,,,,,,yfinance.info/recommendations
SE,Industrials,0.4699999988079071,1.2167694244770502,158.8871122474947,,,,,,,,yfinance.info/recommendations
SE-ED,Consumer Cyclical,1.340000033378601,0.05186613673776113,-96.12939287717862,,,,,,,,yfinance.info/recommendations
SEAFCO,Industrials,2.9200000762939453,413.1585902975956,14049.266421320615,3.5,3.5,3.5,3.5,1.0,,1970-01-01,yfinance.info/recommendations
SEAOIL,Energy,3.4600000381469727,1.8703088260518794,-45.94483221296331,,,,,,,,yfinance.info/recommendations
SECURE,Technology,12.600000381469728,33.06100960094663,162.38895714295393,22.2,22.2,22.2,22.2,1.0,,1970-01-01,yfinance.info/recommendations
SEI,Healthcare,1.909999966621399,3.2566874851337704,70.5072011542769,,,,,,,,yfinance.info/recommendations
SELIC,Basic Materials,3.259999990463257,3.138429782351564,-3.729147498997919,,,,,,,,yfinance.info/recommendations
SENA,Real Estate,1.659999966621399,-2.1464384045852047,-229.3035209484886,,,,,,,,yfinance.info/recommendations
SENX,Real Estate,0.2199999988079071,0.6152462718416736,179.65739780702253,,,,,,,,yfinance.info/recommendations
SFLEX,Consumer Cyclical,3.220000028610229,2.2888784712727563,-28.916818293922507,4.0,4.0,4.0,4.0,1.0,,1970-01-01,yfinance.info/recommendations
SFT,Industrials,1.4800000190734863,1.5419958546223709,4.188907753372554,,,,,,,,yfinance.info/recommendations
SGC,Financial Services,1.5700000524520874,0.12627628146660683,-91.95692501606077,,,,,,,,yfinance.info/recommendations
SGF,Financial Services,0.1400000005960464,0.64536553006265,360.9753766535877,,,,,,,,yfinance.info/recommendations
SGP,Energy,8.850000381469727,10.916992261501381,23.35583944560675,,,,,,,,yfinance.info/recommendations
SHANG,Consumer Cyclical,43.25,45.70959954490353,5.686935363938804,,,,,,,,yfinance.info/recommendations
SHR,Consumer Cyclical,1.5199999809265137,0.486807832988829,-67.97316848043012,2.04,2.1,2.5,1.6,5.0,1.66667,1970-01-01,yfinance.info/recommendations
SIAM,Consumer Cyclical,0.8999999761581421,0.0938360667475088,-89.57377008518715,,,,,,,,yfinance.info/recommendations
SICT,Technology,3.0799999237060547,2.2766747902562834,-26.081985498335943,,,,,,,,yfinance.info/recommendations
SIMAT,Technology,1.090000033378601,1.3892136189304571,27.450786824694262,,,,,,,,yfinance.info/recommendations
SINGER,Financial Services,11.0,3.710794809362269,-66.26550173307028,13.85,13.85,14.0,13.7,2.0,1.0,1970-01-01,yfinance.info/recommendations
SINO,Industrials,0.949999988079071,1.3767672598238978,44.92287127368951,,,,,,,,yfinance.info/recommendations
SIRI,Real Estate,1.4299999475479126,0.2796074064903964,-80.44703379396256,1.65364,1.61,1.9,1.46,11.0,1.33333,1970-01-01,yfinance.info/recommendations
SIRIPRT,Real Estate,5.050000190734863,1.9005738412265756,-62.364875852608456,,,,,,,,yfinance.info/recommendations
SIS,Technology,23.799999237060547,12.853349951255549,-45.99432620468008,25.5,25.5,27.0,24.0,2.0,2.33333,1970-01-01,yfinance.info/recommendations
SISB,Consumer Defensive,8.600000381469727,13.488957737637108,56.84833882916487,12.25,11.3,16.0,9.6,6.0,,1970-01-01,yfinance.info/recommendations
SITHAI,Consumer Cyclical,1.0499999523162842,1.6393162064354752,56.12536008398554,,,,,,,,yfinance.info/recommendations
SJWD,Industrials,9.300000190734863,6.765390464993395,-27.25386745977249,12.68571,13.0,13.4,11.6,7.0,1.0,1970-01-01,yfinance.info/recommendations
SK,Basic Materials,0.5299999713897705,1.1119059756793623,109.79359164184723,,,,,,,,yfinance.info/recommendations
SKE,Utilities,0.1899999976158142,-0.36105017314236065,-290.0264093015491,,,,,,,,yfinance.info/recommendations
SKIN,Consumer Defensive,0.8399999737739563,0.0,-100.0,,,,,,,,yfinance.info/recommendations
SKN,Basic Materials,4.960000038146973,5.172599121082682,4.2862718004158475,,,,,,,,yfinance.info/recommendations
SKR,Healthcare,7.800000190734863,9.226112850301345,18.28349518837797,,,,,,,,yfinance.info/recommendations
SKY,Technology,17.299999237060547,8.684317576195209,-49.801630293766614,22.475,22.475,25.75,19.2,2.0,1.0,1970-01-01,yfinance.info/recommendations
SLP,Industrials,0.5,0.4162408391551109,-16.75183216897782,,,,,,,,yfinance.info/recommendations
SMART,Unknown,0.6000000238418579,0.4955454936704144,-17.409087670132262,,,,,,,,yfinance.info/recommendations
SMD100,Healthcare,1.6399999856948853,2.0655067843323325,25.945536728596707,,,,,,,,yfinance.info/recommendations
SMIT,Basic Materials,3.640000104904175,3.704862975313529,1.7819469379125659,,,,,,,,yfinance.info/recommendations
SMO,Consumer Defensive,3.2799999713897705,8.381840201011354,155.54391079643455,,,,,,,,yfinance.info/recommendations
SMPC,Consumer Cyclical,9.399999618530272,9.299942883100117,-1.064433398836656,,,,,,,,yfinance.info/recommendations
SMT,Technology,6.300000190734863,0.37742547772730506,-94.00911958253003,7.6,7.6,7.6,7.6,1.0,,1970-01-01,yfinance.info/recommendations
SNC,Technology,6.849999904632568,36.27060007370144,429.497818666714,,,,,,,,yfinance.info/recommendations
SNNP,Consumer Defensive,6.650000095367432,6.496899804685317,-2.3022599772407344,7.7875,7.875,9.0,6.4,4.0,,1970-01-01,yfinance.info/recommendations
SNP,Consumer Cyclical,8.699999809265137,16.71073991690624,92.07747452028674,,,,,,,,yfinance.info/recommendations
SNPS,Consumer Defensive,4.320000171661377,3.438783118237144,-20.39854209277349,5.0,5.0,5.0,5.0,1.0,,1970-01-01,yfinance.info/recommendations
SO,Industrials,4.760000228881836,12.324103957633852,158.9097345595903,,,,,,,,yfinance.info/recommendations
SOLAR,Technology,0.25,-1.2053599357257707,-582.1439742903083,,,,,,,,yfinance.info/recommendations
SONIC,Industrials,1.4800000190734863,1.749426568360053,18.204496338806386,,,,,,,,yfinance.info/recommendations
SORKON,Consumer Defensive,3.200000047683716,1.3370382761949928,-58.21755449151343,,,,,,,,yfinance.info/recommendations
SPA,Consumer Cyclical,2.9800000190734863,2.901681545271723,-2.6281366879357786,3.88333,3.95,4.5,3.0,6.0,2.0,1970-01-01,yfinance.info/recommendations
SPACK,Consumer Cyclical,1.590000033378601,1.169539030471012,-26.44408767804544,,,,,,,,yfinance.info/recommendations
SPALI,Real Estate,15.899999618530272,11.621154913064142,-26.910973635995894,17.62143,17.5,21.0,15.6,14.0,2.0,1970-01-01,yfinance.info/recommendations
SPC,Consumer Defensive,56.25,76.2936806546595,35.63321005272799,,,,,,,,yfinance.info/recommendations
SPCG,Utilities,12.0,7.5196542661567065,-37.33621444869411,,,,,,,,yfinance.info/recommendations
SPG,Basic Materials,12.100000381469728,10.67404449646238,-11.784759008694705,,,,,,,,yfinance.info/recommendations
SPI,Real Estate,35.25,24.60848935239294,-30.188682688246978,,,,,,,,yfinance.info/recommendations
SPRC,Energy,14.0,21.576723386393468,54.11945275995335,14.70714,14.75,19.7,12.0,14.0,1.57143,1970-01-01,yfinance.info/recommendations
SPREME,Technology,1.5,-2.890117590827038,-292.67450605513585,,,,,,,,yfinance.info/recommendations
SPRIME,Real Estate,4.21999979019165,1.6535435558362828,-60.8165014680916,,,,,,,,yfinance.info/recommendations
SPTX,Technology,0.0099999997764825,-0.00026289329528232154,-102.62893301158446,,,,,,,,yfinance.info/recommendations
SPVI,Technology,3.4800000190734863,4.7922784044735085,37.70914879906819,,,,,,,,yfinance.info/recommendations
SQ,Industrials,0.1800000071525573,-2.0030479547736735,-1212.8043750998352,,,,,,,,yfinance.info/recommendations
SR,Industrials,0.4600000083446502,-0.07577034405434799,-116.47181362605059,,,,,,,,yfinance.info/recommendations
SRICHA,Industrials,17.299999237060547,44.21251001967147,155.56365300270176,,,,,,,,yfinance.info/recommendations
SRIPANWA,Real Estate,5.0,7.537092951260514,50.74185902521029,,,,,,,,yfinance.info/recommendations
SRS,Technology,2.5799999237060547,2.7957904619066554,8.363974596194065,,,,,,,,yfinance.info/recommendations
SSF,Consumer Defensive,5.050000190734863,14.64593545144318,190.01851283716366,,,,,,,,yfinance.info/recommendations
SSP,Utilities,7.5,1.7091287817237037,-77.21161624368395,14.1,14.1,14.1,14.1,1.0,,1970-01-01,yfinance.info/recommendations
SSSC,Basic Materials,2.299999952316284,0.5984537247424943,-73.98027229784056,,,,,,,,yfinance.info/recommendations
SST,Consumer Defensive,1.0199999809265137,-4.1932443469459,-511.1023946428882,,,,,,,,yfinance.info/recommendations
SSTRT,Real Estate,4.639999866485596,1.055576316954229,-77.25050975586043,,,,,,,,yfinance.info/recommendations
STA,Basic Materials,21.899999618530277,1.6138412490528493,-92.63086174811012,23.875,23.5,25.5,23.0,4.0,,1970-01-01,yfinance.info/recommendations
STANLY,Consumer Cyclical,225.0,262.76571720615124,16.78476320273388,246.175,244.0,266.7,230.0,4.0,,1970-01-01,yfinance.info/recommendations
STARM,Financial Services,0.9300000071525574,0.9529383041461392,2.466483528727441,,,,,,,,yfinance.info/recommendations
STC,Basic Materials,0.7099999785423279,0.28900347471175425,-59.29528402168468,,,,,,,,yfinance.info/recommendations
STECH,Basic Materials,1.6100000143051147,3.5680478332924066,121.6178758751376,,,,,,,,yfinance.info/recommendations
STECON,Industrials,18.100000381469727,9.260143523755877,-48.83898713485027,21.3,21.0,25.0,17.7,13.0,1.42857,1970-01-01,yfinance.info/recommendations
STELLA,Real Estate,0.2399999946355819,-0.5982570500527951,-349.2737764270344,,,,,,,,yfinance.info/recommendations
STGT,Basic Materials,10.5,6.173449897055523,-41.20523907566169,12.43333,11.9,14.0,11.4,3.0,,1970-01-01,yfinance.info/recommendations
STI,Industrials,1.7100000381469729,1.5134130852192875,-11.496312780245031,,,,,,,,yfinance.info/recommendations
STOWER,Basic Materials,0.0399999991059303,-0.06995741921572708,-274.8935519484933,,,,,,,,yfinance.info/recommendations
STP,Basic Materials,11.300000190734863,20.32552378455232,79.87188886260105,,,,,,,,yfinance.info/recommendations
STPI,Industrials,5.25,3.2783668287693866,-37.55491754724978,,,,,,,,yfinance.info/recommendations
STX,Basic Materials,0.8100000023841858,0.8166085673592913,0.8158722167473611,,,,,,,,yfinance.info/recommendations
SUC,Industrials,27.25,142.37870500787704,422.49066057936534,,,,,,,,yfinance.info/recommendations
SUN,Consumer Defensive,2.0999999046325684,2.236681278613937,6.508637151832805,2.4,2.4,2.4,2.4,1.0,,1970-01-01,yfinance.info/recommendations
SUPER,Utilities,0.1199999973177909,0.31265838191223255,160.54865741724362,,,,,,,,yfinance.info/recommendations
SUSCO,Energy,2.319999933242798,3.215805969141627,38.61233024462675,3.1,3.1,3.1,3.1,1.0,,1970-01-01,yfinance.info/recommendations
SUTHA,Basic Materials,3.0999999046325684,1.9395598225660913,-37.4335521859966,,,,,,,,yfinance.info/recommendations
SVOA,Technology,1.9800000190734863,-2.433223951467975,-222.89009737517924,,,,,,,,yfinance.info/recommendations
SVR,Real Estate,0.3100000023841858,0.0,-100.0,,,,,,,,yfinance.info/recommendations
SVT,Industrials,1.5700000524520874,2.9376215135327644,87.10964429234714,,,,,,,,yfinance.info/recommendations
SWC,Basic Materials,5.0,3.997796190883421,-20.044076182331576,,,,,,,,yfinance.info/recommendations
SYMC,Communication Services,6.099999904632568,4.903769049794702,-19.610342189176162,9.2,9.2,9.2,9.2,1.0,,1970-01-01,yfinance.info/recommendations
SYNEX,Technology,9.300000190734863,5.685348758504956,-38.8672189042642,11.66,12.0,12.6,10.2,5.0,1.4,1970-01-01,yfinance.info/recommendations
SYNTEC,Industrials,1.7799999713897705,3.474211545523244,95.18042704296697,,,,,,,,yfinance.info/recommendations
TACC,Consumer Defensive,6.25,6.130587612516649,-1.9105981997336132,7.4125,7.35,8.1,6.85,4.0,1.0,1970-01-01,yfinance.info/recommendations
TAE,Basic Materials,1.5700000524520874,2.4349263796357707,55.09084702467415,,,,,,,,yfinance.info/recommendations
TAKUNI,Energy,0.4399999976158142,1.6424759422634012,273.2899889007564,,,,,,,,yfinance.info/recommendations
TAN,Consumer Cyclical,4.059999942779541,7.407332334052226,82.4466117844585,,,,,,,,yfinance.info/recommendations
TAPAC,Unknown,0.5400000214576721,0.45891720175744394,-15.015336384867876,,,,,,,,yfinance.info/recommendations
TASCO,Basic Materials,17.100000381469727,15.826430064602938,-7.447779464653593,19.46,19.4,21.0,18.0,5.0,1.6,1970-01-01,yfinance.info/recommendations
TATG,Consumer Cyclical,1.0099999904632568,2.4888697690258126,146.42275173529876,,,,,,,,yfinance.info/recommendations
TBN,Technology,3.5,2.5392270253070626,-27.450656419798214,,,,,,,,yfinance.info/recommendations
TBSP,Industrials,0.959999978542328,-6.395751251491929,-766.224103588345,,,,,,,,yfinance.info/recommendations
TC,Consumer Defensive,8.300000190734863,3.921920192079828,-52.74795057887114,,,,,,,,yfinance.info/recommendations
TCAP,Financial Services,79.25,12.593116588102703,-84.10963206548556,93.0,92.5,100.0,85.0,6.0,,1970-01-01,yfinance.info/recommendations
TCC,Energy,0.2800000011920929,0.20883037639068353,-25.41772303514518,,,,,,,,yfinance.info/recommendations
TCJ,Industrials,2.8399999141693115,6.850446085505448,141.21289762465275,,,,,,,,yfinance.info/recommendations
TCMC,Consumer Cyclical,0.2899999916553497,-2.652983453536761,-1014.8219068536034,,,,,,,,yfinance.info/recommendations
TCOAT,Consumer Cyclical,25.0,20.613290562828315,-17.54683774868674,,,,,,,,yfinance.info/recommendations
TEAM,Technology,6.150000095367432,2.006395421770053,-67.3756847047629,,,,,,,1970-01-01,yfinance.info/recommendations
TEAMG,Industrials,2.8399999141693115,2.2180054653408794,-21.90121364881671,,,,,,,,yfinance.info/recommendations
TEGH,Basic Materials,3.180000066757202,11.379391264863118,257.84248509363164,4.0,4.0,4.0,4.0,1.0,,1970-01-01,yfinance.info/recommendations
TEKA,Industrials,1.8600000143051147,5.722079329693975,207.63867127343602,,,,,,,,yfinance.info/recommendations
TERA,Technology,1.340000033378601,1.1145318767404035,-16.82598141954629,,,,,,,,yfinance.info/recommendations
TFG,Consumer Defensive,9.399999618530272,25.380611749091834,170.00651892643583,11.485,12.05,14.2,5.9,10.0,,1970-01-01,yfinance.info/recommendations
TFI,Consumer Cyclical,0.050000000745058,-0.07129742692608411,-242.59485172733952,,,,,,,,yfinance.info/recommendations
TFM,Consumer Defensive,6.199999809265137,6.837943271284817,10.289410994277004,5.0,5.0,5.0,5.0,1.0,4.0,1970-01-01,yfinance.info/recommendations
TFMAMA,Consumer Defensive,184.0,164.59412208000114,-10.546672782608075,,,,,,,,yfinance.info/recommendations
TGE,Utilities,1.059999942779541,1.9445936578503145,83.4522417757103,,,,,,,,yfinance.info/recommendations
TGH,Financial Services,10.300000190734863,25.60683218973865,148.6100166558512,,,,,,,,yfinance.info/recommendations
TGPRO,Basic Materials,0.0299999993294477,-0.061002805688719415,-303.34269017412834,,,,,,,,yfinance.info/recommendations
TH,Financial Services,0.449999988079071,0.3323828808415039,-26.13713563407921,,,,,,,,yfinance.info/recommendations
THAI,Industrials,5.650000095367432,25.222533524147373,346.41651501613114,7.99706,8.0,12.0,5.5,17.0,1.47059,1970-01-01,yfinance.info/recommendations
THANA,Real Estate,1.5800000429153442,-1.294922345100509,-181.95710822331225,,,,,,,,yfinance.info/recommendations
THANI,Financial Services,2.0199999809265137,1.5790307499467633,-21.83016015561995,2.725,2.75,2.9,2.5,4.0,,1970-01-01,yfinance.info/recommendations
THE,Basic Materials,0.8999999761581421,2.5784777707402466,186.4975376718425,,,,,,,,yfinance.info/recommendations
THG,Healthcare,6.75,3.987436816120083,-40.926861983406184,7.3,7.3,7.4,7.2,2.0,4.0,1970-01-01,yfinance.info/recommendations
THIP,Consumer Cyclical,22.0,50.713759466980804,130.51708848627638,,,,,,,,yfinance.info/recommendations
THMUI,Industrials,0.3100000023841858,0.37381046843912463,20.58402114973469,,,,,,,,yfinance.info/recommendations
THRE,Financial Services,0.5400000214576721,0.11272990114202654,-79.1240932106402,,,,,,,,yfinance.info/recommendations
THREL,Financial Services,1.2000000476837158,0.0,-100.0,,,,,,,,yfinance.info/recommendations
TIDLOR,Financial Services,16.700000762939453,1.0455861759213456,-93.73900522063624,24.09375,24.0,28.0,20.0,16.0,1.3125,1970-01-01,yfinance.info/recommendations
TIF1,Financial Services,7.949999809265137,1.926993518099252,-75.7610872411156,,,,,,,,yfinance.info/recommendations
TIGER,Industrials,0.4399999976158142,-0.35591367840450766,-180.88947280296884,,,,,,,,yfinance.info/recommendations
TIPCO,Consumer Defensive,6.699999809265137,10.50685321498844,56.81870916561779,,,,,,,,yfinance.info/recommendations
TIPH,Financial Services,24.299999237060547,5.538780355361513,-77.20666448863842,,,,,,,,yfinance.info/recommendations
TISCO,Financial Services,124.5,36.60830818574314,-70.59573639699346,117.73438,119.5,138.0,89.0,16.0,3.25,1970-01-01,yfinance.info/recommendations
TITLE,Real Estate,8.699999809265137,2.132921272534459,-75.48366299660161,12.5,12.5,12.5,12.5,1.0,,1970-01-01,yfinance.info/recommendations
TK,Financial Services,4.380000114440918,3.3658717834224268,-23.15361425847677,,,,,,,,yfinance.info/recommendations
TKC,Industrials,8.550000190734863,1.6705569545741514,-80.46132260459554,,,,,,,,yfinance.info/recommendations
TKN,Consumer Defensive,4.820000171661377,2.6408640790794693,-45.21029076708091,7.33333,4.5,13.5,4.0,3.0,,,yfinance.info/recommendations
TKS,Industrials,7.949999809265137,6.193797686609094,-22.0905932678051,,,,,,,,yfinance.info/recommendations
TKT,Consumer Cyclical,0.6800000071525574,0.8591549780356943,26.346318970397252,,,,,,,,yfinance.info/recommendations
TL,Technology,0.4399999976158142,0.8410355964776584,91.14445478065848,,,,,,,,yfinance.info/recommendations
TLHPF,Unknown,4.94,0.18177998891740835,-96.32024313932372,,,,,,,,yfinance.info/recommendations
TLI,Financial Services,11.199999809265137,3.9815460063663606,-64.45048148060994,15.88,15.0,19.0,13.6,5.0,,1970-01-01,yfinance.info/recommendations
TM,Healthcare,1.2699999809265137,4.472372979804562,252.15535802935955,,,,,,,,yfinance.info/recommendations
TMAN,Healthcare,10.5,15.86979052804693,51.14086217187553,17.4,17.4,17.4,17.4,1.0,,1970-01-01,yfinance.info/recommendations
TMC,Industrials,0.699999988079071,0.004841468710769204,-99.30836160096874,,,,,,,,yfinance.info/recommendations
TMD,Consumer Cyclical,27.0,26.3276673190432,-2.490121040580738,,,,,,,,yfinance.info/recommendations
TMI,Industrials,0.4900000095367431,1.5216931931266426,210.5496252061883,,,,,,,,yfinance.info/recommendations
TMILL,Consumer Defensive,2.5,2.6498165023690228,5.992660094760911,,,,,,,,yfinance.info/recommendations
TMT,Basic Materials,4.460000038146973,1.4959363739951608,-66.45882598205789,,,,,,,,yfinance.info/recommendations
TMW,Basic Materials,56.0,408.6993714268223,629.8203061193256,,,,,,,,yfinance.info/recommendations
TNDT,Industrials,0.2199999988079071,0.04924602493493085,-77.615443090102,,,,,,,,yfinance.info/recommendations
TNH,Healthcare,28.25,46.302225778697974,63.90168417238221,,,,,,,,yfinance.info/recommendations
TNITY,Financial Services,2.319999933242798,-1.9774105429456585,-185.233215510559,,,,,,,,yfinance.info/recommendations
TNL,Financial Services,19.799999237060547,-15.759969677297077,-179.59580951800461,,,,,,,,yfinance.info/recommendations
TNP,Consumer Defensive,2.7799999713897705,2.572419244852979,-7.466932686082672,3.73,3.73,3.88,3.58,2.0,1.0,1970-01-01,yfinance.info/recommendations
TNPC,Consumer Cyclical,0.9100000262260436,-0.05526968813503181,-106.07359192771088,,,,,,,,yfinance.info/recommendations
TNR,Consumer Defensive,5.900000095367432,5.734158677420432,-2.8108714451922734,,,,,,,,yfinance.info/recommendations
TOA,Basic Materials,14.800000190734863,18.47830164602349,24.85338789111183,17.2,16.6,19.0,16.0,3.0,,1970-01-01,yfinance.info/recommendations
TOG,Healthcare,6.900000095367432,9.941057724721658,44.073298366994976,,,,,,,,yfinance.info/recommendations
TOP,Energy,67.0,70.72523344435564,5.560049916948713,73.55,74.5,94.0,30.0,20.0,1.94737,1970-01-01,yfinance.info/recommendations
TOPP,Consumer Cyclical,132.0,239.45527126308266,81.40550853263838,,,,,,,,yfinance.info/recommendations
TPA,Basic Materials,2.5999999046325684,1.1940393413459551,-54.075408263728505,,,,,,,,yfinance.info/recommendations
TPAC,Consumer Cyclical,9.0,14.851206216592873,65.01340240658747,,,,,,,,yfinance.info/recommendations
TPBI,Consumer Cyclical,3.759999990463257,6.403904687036932,70.31661444892528,,,,,,,,yfinance.info/recommendations
TPCH,Utilities,0.8299999833106995,-4.009429649010613,-583.0638228470586,,,,,,,,yfinance.info/recommendations
TPCS,Consumer Cyclical,10.100000381469728,17.326467936800707,71.54918101378726,,,,,,,,yfinance.info/recommendations
TPIPL,Basic Materials,0.8799999952316284,-0.4736617144271935,-153.8251951129294,,,,,,,,yfinance.info/recommendations
TPIPP,Utilities,1.6399999856948853,2.6091061798997015,59.0918416254861,,,,,,,,yfinance.info/recommendations
TPL,Industrials,0.4600000083446502,0.09034105037854956,-80.36064157832308,,,,,,,,yfinance.info/recommendations
TPLAS,Consumer Cyclical,1.1399999856948853,0.8361781083680775,-26.651042205199115,,,,,,,,yfinance.info/recommendations
TPOLY,Industrials,0.1000000014901161,0.0,-100.0,,,,,,,,yfinance.info/recommendations
TPP,Consumer Cyclical,13.199999809265137,16.022647799904234,21.383697207767145,,,,,,,,yfinance.info/recommendations
TPRIME,Real Estate,8.600000381469727,1.208012312917372,-85.95334582170187,,,,,,,,yfinance.info/recommendations
TPS,Technology,3.0199999809265137,5.297099518163312,75.40064740458047,,,,,,,,yfinance.info/recommendations
TQM,Financial Services,15.100000381469728,24.612477157881106,62.996533351646846,20.0,20.0,20.0,20.0,2.0,,1970-01-01,yfinance.info/recommendations
TQR,Financial Services,5.849999904632568,1.9092914268241998,-67.36253918034689,,,,,,,,yfinance.info/recommendations
TR,Consumer Cyclical,26.25,-20.306585802679457,-177.35842210544556,,,,,,,,yfinance.info/recommendations
TRC,Industrials,0.3899999856948852,-0.8455693432922451,-316.81266007885773,,,,,,,,yfinance.info/recommendations
TRITN,Industrials,0.0299999993294477,0.026864505538326127,-10.45164620401776,,,,,,,,yfinance.info/recommendations
TRP,Healthcare,3.920000076293945,2.085233100702869,-46.80527907860924,5.05,5.05,5.05,5.05,1.0,,1970-01-01,yfinance.info/recommendations
TRT,Industrials,11.800000190734863,11.428627822313604,-3.1472234103254797,,,,,,,,yfinance.info/recommendations
TRU,Consumer Cyclical,3.5199999809265137,9.683385150822732,175.0961705481012,,,,,,,,yfinance.info/recommendations
TRUBB,Basic Materials,1.0499999523162842,-0.3894894956302592,-137.09423936363532,,,,,,,,yfinance.info/recommendations
TRUE,Communication Services,12.5,8.257133220794865,-33.94293423364108,17.23421,17.1,21.3,14.0,19.0,1.42857,1970-01-01,yfinance.info/recommendations
TRV,Consumer Cyclical,1.5299999713897705,0.7969081604896215,-47.91449834043117,,,,,,,,yfinance.info/recommendations
TSC,Consumer Cyclical,15.0,26.016617264234313,73.44411509489542,,,,,,,,yfinance.info/recommendations
TSE,Utilities,1.159999966621399,0.4185987085542435,-63.91390339661399,,,,,,,,yfinance.info/recommendations
TSI,Financial Services,0.0399999991059303,0.0,-100.0,,,,,,,,yfinance.info/recommendations
TSR,Unknown,0.0399999991059303,-2.1239527225083905,-5409.881924956089,,,,,,,,yfinance.info/recommendations
TSTE,Consumer Defensive,9.149999618530272,4.04298148242083,-55.81440818606025,,,,,,,,yfinance.info/recommendations
TSTH,Basic Materials,0.9399999976158142,2.637338774738507,180.56795547103917,,,,,,,,yfinance.info/recommendations
TTA,Industrials,5.050000190734863,15.106781746615761,199.144181703832,6.8,6.8,6.8,6.8,1.0,,1970-01-01,yfinance.info/recommendations
TTB,Financial Services,2.940000057220459,0.5510099022877905,-81.25816695361812,2.92526,3.05,3.5,1.83,19.0,2.3,1970-01-01,yfinance.info/recommendations
TTCL,Industrials,0.0799999982118606,-22.38721235952721,-28084.016074900534,,,,,,,,yfinance.info/recommendations
TTI,Consumer Cyclical,24.600000381469727,1.555851109266674,-93.67540209292584,,,,,,,,yfinance.info/recommendations
TTT,Consumer Cyclical,47.75,109.83750730968882,130.02619331872003,,,,,,,,yfinance.info/recommendations
TTW,Utilities,10.0,12.499456967324436,24.99456967324436,10.28,10.0,11.0,9.9,5.0,,1970-01-01,yfinance.info/recommendations
TU,Consumer Defensive,12.399999618530272,2.566488629560233,-79.3025104152025,14.75,14.95,20.5,10.7,16.0,1.55556,1970-01-01,yfinance.info/recommendations
TU-PF,Unknown,1.0800000429153442,2.513737099235824,132.75342586563795,,,,,,,,yfinance.info/recommendations
TURBO,Financial Services,1.5199999809265137,0.03387101216827282,-97.77164390833566,2.12,2.12,2.3,1.94,2.0,,1970-01-01,yfinance.info/recommendations
TURTLE,Consumer Cyclical,3.7799999713897705,0.0,-100.0,,,,,,,,yfinance.info/recommendations
TVDH,Consumer Cyclical,0.0399999991059303,0.15843175803567405,296.07940394225,,,,,,,,yfinance.info/recommendations
TVH,Financial Services,10.199999809265137,3.6088401247177706,-64.61921380194838,,,,,,,,yfinance.info/recommendations
TVO,Consumer Defensive,27.75,22.722215523601957,-18.118142257290245,32.91667,33.75,36.0,29.0,3.0,1.66667,1970-01-01,yfinance.info/recommendations
TVT,Communication Services,0.2300000041723251,0.03790807569117513,-83.51822825934694,,,,,,,,yfinance.info/recommendations
TWP,Basic Materials,1.4800000190734863,-2.4361256357438252,-264.60308137488374,,,,,,,,yfinance.info/recommendations
TWPC,Consumer Defensive,2.5999999046325684,4.374826598442413,68.26256765038853,3.3,3.3,3.3,3.3,1.0,,,yfinance.info/recommendations
TWZ,Consumer Cyclical,0.0099999997764825,-0.2731223323153335,-2831.2233842009578,,,,,,,,yfinance.info/recommendations
TYCN,Basic Materials,1.6799999475479126,-0.20833263138604652,-112.4007522553869,,,,,,,,yfinance.info/recommendations
UAC,Basic Materials,2.4600000381469727,3.9397385916873278,60.15197278838206,,,,,,,,yfinance.info/recommendations
UBA,Industrials,1.3600000143051147,1.1744943612921706,-13.640121401596264,,,,,,,,yfinance.info/recommendations
UBE,Consumer Defensive,0.5699999928474426,0.9147031450242689,60.47423798285628,,,,,,,,yfinance.info/recommendations
UBIS,Basic Materials,1.350000023841858,1.4069025155268222,4.214999309631864,,,,,,,,yfinance.info/recommendations
UEC,Basic Materials,0.7699999809265137,0.2022722257821759,-73.73087911784246,,,,,,,,yfinance.info/recommendations
UKEM,Basic Materials,1.3300000429153442,2.010372826579209,51.15584674512458,,,,,,,,yfinance.info/recommendations
UMI,Industrials,0.9200000166893004,4.142823426819754,350.3068860507266,,,,,,,,yfinance.info/recommendations
UMS,Energy,0.6499999761581421,0.4368003238252337,-32.799947715850045,,,,,,,,yfinance.info/recommendations
UNIQ,Industrials,2.640000104904175,10.518243109394088,298.41828376654075,,,,,,,,yfinance.info/recommendations
UNIX,Consumer Cyclical,2.180000066757202,1.2018997423667195,-44.866985983419184,,,,,,,,yfinance.info/recommendations
UP,Consumer Cyclical,26.0,57.179064915423865,119.91948044393794,,,,,,,,yfinance.info/recommendations
UPF,Consumer Cyclical,22.5,25.544881182803465,13.53280525690429,,,,,,,,yfinance.info/recommendations
UPOIC,Consumer Defensive,6.800000190734863,8.537291979678836,25.548407944327224,,,,,,,,yfinance.info/recommendations
UREKA,Industrials,0.3799999952316284,0.17812904235550808,-53.12393563401763,,,,,,,,yfinance.info/recommendations
UTP,Basic Materials,8.949999809265137,10.479969883202063,17.09463806192582,,,,,,,,yfinance.info/recommendations
UV,Utilities,0.8700000047683716,1.5789109003252508,81.4840105369447,,,,,,,,yfinance.info/recommendations
UVAN,Consumer Defensive,13.800000190734863,35.28668053734193,155.7005800697955,,,,,,,,yfinance.info/recommendations
VARO,Basic Materials,5.849999904632568,11.636490079881588,98.91436358258304,,,,,,,,yfinance.info/recommendations
VCOM,Technology,3.700000047683716,1.8384896732236242,-50.311090553240376,,,,,,,,yfinance.info/recommendations
VGI,Industrials,0.9300000071525574,5.902895167975153e-05,-99.99365280094347,1.19,1.19,1.19,1.19,1.0,,1970-01-01,yfinance.info/recommendations
VIBE,Consumer Cyclical,0.5,-0.04775901090960191,-109.55180218192038,,,,,,,,yfinance.info/recommendations
VIBHA,Healthcare,1.340000033378601,0.6018193408455713,-55.088110010849945,,,,,,,,yfinance.info/recommendations
VIH,Healthcare,8.449999809265137,10.021034610814711,18.592128248653783,,,,,,,,yfinance.info/recommendations
VL,Industrials,0.7900000214576721,0.9295101902949102,17.659514563027514,,,,,,,,yfinance.info/recommendations
VNG,Basic Materials,1.909999966621399,-4.594937879849405,-340.5726680706385,,,,,,,,yfinance.info/recommendations
VPO,Consumer Defensive,0.4399999976158142,-1.0084424373559604,-329.19146427734336,,,,,,,,yfinance.info/recommendations
VRANDA,Real Estate,4.340000152587891,-1.0687219711724716,-124.62492934557167,,,,,,,,yfinance.info/recommendations
VS,Industrials,0.2399999946355819,-0.07786170595345232,-132.4423782057488,,,,,,,,yfinance.info/recommendations
WACOAL,Consumer Cyclical,15.899999618530272,1.4301422824198398,-91.00539423439284,,,,,,,,yfinance.info/recommendations
WARRIX,Consumer Cyclical,1.1799999475479126,0.1486930699765621,-87.39889181473674,1.4,1.4,1.4,1.4,1.0,,1970-01-01,yfinance.info/recommendations
WASH,Industrials,3.640000104904175,4.939567530792747,35.70240078118855,7.25,7.25,7.25,7.25,1.0,,1970-01-01,yfinance.info/recommendations
WAVE,Consumer Defensive,0.0399999991059303,0.656051754802905,1540.1294236670128,,,,,,,,yfinance.info/recommendations
WFX,Consumer Cyclical,1.1100000143051147,1.1939162856205112,7.560024345398768,,,,,,,,yfinance.info/recommendations
WGE,Industrials,0.6600000262260437,6.255503415111479,847.8035100818356,,,,,,,,yfinance.info/recommendations
WHA,Real Estate,4.599999904632568,4.693301675140164,2.0282994009115836,5.28625,5.45,6.2,3.8,16.0,2.0625,1970-01-01,yfinance.info/recommendations
WHABT,Real Estate,6.25,2.232676937955663,-64.27716899270939,,,,,,,,yfinance.info/recommendations
WHAIR,Real Estate,8.449999809265137,13.027236983796858,54.168488495265244,8.7,8.7,8.7,8.7,1.0,,1970-01-01,yfinance.info/recommendations
WHART,Real Estate,10.899999618530272,3.2161452871516234,-70.49407890176347,11.7,11.7,11.7,11.7,1.0,,1970-01-01,yfinance.info/recommendations
WHAUP,Utilities,6.900000095367432,1.1038896421128488,-84.00159961078863,8.82143,9.2,10.1,7.2,7.0,,1970-01-01,yfinance.info/recommendations
WICE,Industrials,2.9800000190734863,4.79667672468968,60.96230516740124,4.0,4.0,4.0,4.0,1.0,,1970-01-01,yfinance.info/recommendations
WIIK,Industrials,1.2100000381469729,2.1137963993256736,74.69391179216814,,,,,,,,yfinance.info/recommendations
WIN,Real Estate,0.3100000023841858,0.04412436785038769,-85.76633306095786,,,,,,,,yfinance.info/recommendations
WINDOW,Basic Materials,0.7099999785423279,0.6528712701824315,-8.046297195273864,,,,,,,,yfinance.info/recommendations
WINMED,Healthcare,1.2899999618530271,0.5631963905735168,-56.34136378077792,,,,,,,,yfinance.info/recommendations
WINNER,Consumer Defensive,2.180000066757202,2.4471138338643987,12.252924721444352,,,,,,,,yfinance.info/recommendations
WORK,Communication Services,3.359999895095825,4.034158567516978,20.06424682944599,8.45,8.45,9.45,7.45,2.0,,1970-01-01,yfinance.info/recommendations
WP,Utilities,3.700000047683716,6.233254290745478,68.46633001120195,,,,,,,,yfinance.info/recommendations
WPH,Healthcare,6.150000095367432,7.461991223606432,21.33318874624531,,,,,,,,yfinance.info/recommendations
WSOL,Industrials,0.0299999993294477,-7.649417660718496,-25598.059438987733,,,,,,,,yfinance.info/recommendations
XBIO,Consumer Cyclical,0.0599999986588954,-0.27966806501645186,-566.1134521125346,,,,,,,,yfinance.info/recommendations
XO,Consumer Defensive,17.799999237060547,18.747297545392314,5.3219008367115075,20.5,20.5,21.8,19.2,2.0,,1970-01-01,yfinance.info/recommendations
XPG,Financial Services,0.4799999892711639,-0.07677581648969764,-115.99496212620227,,,,,,,,yfinance.info/recommendations
XYZ,Basic Materials,0.2599999904632568,-1.1133168696446163,-528.1988117233991,,,,,,,,yfinance.info/recommendations
YGG,Communication Services,0.1800000071525573,0.0,-100.0,,,,,,,,yfinance.info/recommendations
YONG,Basic Materials,0.6600000262260437,0.7903942806049833,19.756704423869344,,,,,,,,yfinance.info/recommendations
YUASA,Consumer Cyclical,15.899999618530272,31.460084704357335,97.86217269900395,,,,,,,,yfinance.info/recommendations
ZAA,Communication Services,1.559999942779541,-0.25026377692713814,-116.04255039145892,,,,,,,,yfinance.info/recommendations
ZEN,Consumer Cyclical,5.449999809265137,9.388598146225132,72.26786192293582,5.8,5.8,5.8,5.8,1.0,,,yfinance.info/recommendations
ZIGA,Basic Materials,1.1399999856948853,0.4915819943353251,-56.87877188562577,,,,,,,,yfinance.info/recommendations
