symbol,sector,last_price,intrinsic_value,margin_%,pt_mean,pt_median,pt_high,pt_low,pt_count,rec_mean,last_update,source
A,Healthcare,174.94500732421875,47.91517088381503,-72.61129561987687,175.42857,180.0,190.0,155.0,21.0,1.78261,1970-01-01,yfinance.info/recommendations
AA,Basic Materials,42.125,39.99553728079755,-5.055104377928666,62.64167,56.5,80.0,49.7,12.0,1.84615,1970-01-01,yfinance.info/recommendations
AAMI,Financial Services,93.16000366210938,8.746003703657134,-90.61184697310787,91.0,95.0,98.0,80.0,3.0,3.0,1970-01-01,yfinance.info/recommendations
AAPL,Technology,333.1549987792969,97.08668383063984,-70.8584039902231,328.22205,340.0,405.0,215.0,39.0,2.20455,1970-01-01,yfinance.info/recommendations
AARD,Healthcare,5.119999885559082,,,11.11111,6.0,28.0,3.0,9.0,2.25,1970-01-01,yfinance.info/recommendations
AAT,Real Estate,21.625,3.0286931654052407,-85.9944824721145,23.5,23.5,24.0,23.0,2.0,3.66667,1970-01-01,yfinance.info/recommendations
ABAT,Industrials,2.244999885559082,-3.4001766068316077,-251.45553586453065,6.0,6.0,7.0,5.0,2.0,1.5,1970-01-01,yfinance.info/recommendations
ABBV,Healthcare,266.0000915527344,73.4407544971832,-72.39070330070786,278.60715,283.5,328.0,200.0,28.0,1.7,1970-01-01,yfinance.info/recommendations
ABCB,Financial Services,81.49500274658203,239.8206696043037,194.27653416989668,94.16667,93.5,100.0,88.0,6.0,2.28571,1970-01-01,yfinance.info/recommendations
ABM,Industrials,49.040000915527344,37.35298094125476,-23.831606354175587,55.92857,54.0,68.0,49.0,7.0,,1970-01-01,yfinance.info/recommendations
ABNB,Consumer Cyclical,155.0800018310547,,,184.35,185.0,220.0,135.0,40.0,2.0,1970-01-01,yfinance.info/recommendations
ABOS,Healthcare,2.3310000896453857,,,7.6,8.0,10.0,5.0,5.0,1.0,1970-01-01,yfinance.info/recommendations
ABT,Healthcare,100.33999633789062,43.02219501385622,-57.1235832329704,120.2636,120.0,135.0,103.0,25.0,1.51852,1970-01-01,yfinance.info/recommendations
ACET,Healthcare,6.619900226593018,-80.84418615804258,-1321.2296770468042,34.83333,24.0,90.0,18.0,6.0,1.0,1970-01-01,yfinance.info/recommendations
ACGL,Financial Services,94.8000030517578,343.5549078990437,262.39968021042534,111.65789,111.0,134.0,95.0,19.0,2.25,1970-01-01,yfinance.info/recommendations
ACHC,Healthcare,27.46999931335449,-82.46470967627893,-400.1991690483548,33.78571,32.5,41.0,17.0,14.0,2.07143,1970-01-01,yfinance.info/recommendations
ACHR,Industrials,5.210000038146973,-6.5151660580068445,-225.0511710231019,10.61111,11.0,18.0,4.5,9.0,,1970-01-01,yfinance.info/recommendations
ACI,Consumer Defensive,11.645000457763672,13.432967296769274,15.353943913446324,14.1875,13.0,24.0,10.0,16.0,,1970-01-01,yfinance.info/recommendations
ACIU,Healthcare,2.650000095367432,-4.468614182431928,-268.6269442119525,8.5171,8.418064,11.884325,5.3479466,4.0,1.0,1970-01-01,yfinance.info/recommendations
ACMR,Technology,77.26000213623047,12.173085007677708,-84.24400120231262,115.875,112.5,166.0,75.0,8.0,1.44444,1970-01-01,yfinance.info/recommendations
ACN,Technology,173.80999755859375,192.00724138939464,10.469618598703647,193.02959,190.0,275.0,130.0,24.0,2.22222,1970-01-01,yfinance.info/recommendations
ACNB,Financial Services,63.09000015258789,29.264730580382725,-53.614312078611846,67.66667,67.0,71.0,65.0,3.0,,1970-01-01,yfinance.info/recommendations
ACNT,Basic Materials,14.634699821472168,-3.55781751757528,-124.31083357347185,,,,,,,,yfinance.info/recommendations
ACOG,Healthcare,8.75,-9.779875541210508,-211.77000618526293,18.0,20.0,21.0,12.0,5.0,1.4,1970-01-01,yfinance.info/recommendations
ACON,Healthcare,2.490000009536743,-22.50344049715656,-1003.7526269465058,7.5,7.5,7.5,7.5,1.0,,,yfinance.info/recommendations
ACRE,Real Estate,4.135000228881836,,,5.3,5.5,5.5,5.0,5.0,,1970-01-01,yfinance.info/recommendations
ACRS,Healthcare,5.304999828338623,-4.966809021115075,-193.62505526546906,10.18182,10.0,16.0,4.0,11.0,1.25,1970-01-01,yfinance.info/recommendations
ACT,Financial Services,46.57500076293945,40.05963805873674,-13.988969613473639,50.2,50.0,53.0,48.0,5.0,2.66667,1970-01-01,yfinance.info/recommendations
ACTG,Industrials,4.320000171661377,2.878215884211484,-33.374634957373495,6.0,6.0,6.0,6.0,1.0,,1970-01-01,yfinance.info/recommendations
ACTU,Healthcare,0.7289000153541565,,,11.68333,12.0,15.05,8.0,3.0,,1970-01-01,yfinance.info/recommendations
ACVA,Consumer Cyclical,10.44499969482422,-0.0323393564401522,-100.30961567625683,10.1,10.5,13.0,6.0,5.0,2.8,1970-01-01,yfinance.info/recommendations
ACXP,Healthcare,1.3595000505447388,,,17.0,10.0,31.0,10.0,3.0,,1970-01-01,yfinance.info/recommendations
ADBE,Technology,231.4900054931641,228.07787073739573,-1.4739879367574356,275.06375,265.5,373.0,195.0,32.0,2.76923,1970-01-01,yfinance.info/recommendations
ADGM,Healthcare,0.1599999964237213,-10.346666658313186,-6566.666805987008,3.33333,3.0,4.0,3.0,3.0,1.33333,1970-01-01,yfinance.info/recommendations
ADI,Technology,402.9400024414063,102.8278659795357,-74.48060124174728,470.71875,463.5,675.0,365.0,32.0,1.41176,1970-01-01,yfinance.info/recommendations
ADMA,Healthcare,10.078900337219238,7.91071405694416,-21.51213136088296,17.0,17.5,21.0,12.0,4.0,,1970-01-01,yfinance.info/recommendations
ADP,Technology,259.5299987792969,145.47554466918177,-43.94653976286822,287.6,287.0,322.0,225.0,15.0,2.72222,1970-01-01,yfinance.info/recommendations
ADSK,Technology,205.19000244140625,113.1724431755456,-44.8450500370441,307.54147,302.5,375.0,215.0,34.0,1.52778,1970-01-01,yfinance.info/recommendations
ADT,Industrials,6.190000057220459,19.24713554460404,210.93918201426837,8.23,8.5,9.0,7.0,5.0,,1970-01-01,yfinance.info/recommendations
AEE,Utilities,99.68499755859376,50.54495078929055,-49.29532825681138,119.53333,120.0,136.0,107.0,15.0,1.75,1970-01-01,yfinance.info/recommendations
AEHR,Technology,107.7300033569336,1.5514432654123511,-98.55987819820996,128.0,120.0,175.0,110.0,5.0,,1970-01-01,yfinance.info/recommendations
AEM,Basic Materials,185.0200042724609,168.64922763716703,-8.848111694552895,215.96358,222.745,300.0,87.0,14.0,1.72727,1970-01-01,yfinance.info/recommendations
AENT,Communication Services,4.699999809265137,1.7060171618089308,-63.70176104165262,9.0,9.0,10.0,8.0,3.0,1.33333,1970-01-01,yfinance.info/recommendations
AEP,Utilities,118.63500213623048,310.34585857095914,161.59721244374742,142.975,141.0,173.0,128.0,20.0,2.0,1970-01-01,yfinance.info/recommendations
AES,Utilities,14.890000343322754,6.6548711875440345,-55.30644033511837,15.0,15.0,15.0,15.0,8.0,3.0,1970-01-01,yfinance.info/recommendations
AESI,Energy,12.204999923706056,-8.037275036572012,-165.85231533644688,18.08333,17.5,25.0,12.0,12.0,2.33333,1970-01-01,yfinance.info/recommendations
AFBI,Financial Services,23.0,8.113208267053515,-64.72518144759341,,,,,,,,yfinance.info/recommendations
AFL,Financial Services,113.2750015258789,139.3330937980271,23.00427448345251,118.53333,116.0,138.0,99.0,15.0,3.2,1970-01-01,yfinance.info/recommendations
AGCO,Industrials,116.94000244140624,71.96418550934035,-38.46059175054438,124.0,123.0,151.0,98.0,15.0,2.5,1970-01-01,yfinance.info/recommendations
AGEN,Healthcare,9.720000267028809,,,26.33333,25.0,40.0,14.0,3.0,1.0,1970-01-01,yfinance.info/recommendations
AGIO,Healthcare,33.290000915527344,-72.15614235565168,-316.7501963690128,46.25,44.5,73.0,32.0,8.0,1.6,1970-01-01,yfinance.info/recommendations
AGM,Financial Services,216.0500030517578,105.97087874633615,-50.950762670922366,257.0,255.0,262.0,254.0,3.0,,1970-01-01,yfinance.info/recommendations
AGO,Financial Services,69.05999755859375,340.54084555956706,393.1086846196833,91.0,91.0,97.0,85.0,3.0,1.33333,1970-01-01,yfinance.info/recommendations
AHR,Real Estate,51.90999984741211,9.372190137656204,-81.94530887072726,64.4,65.0,74.0,55.0,15.0,1.4,1970-01-01,yfinance.info/recommendations
AHT,Real Estate,2.509999990463257,,,,,,,,,,yfinance.info/recommendations
AI,Technology,10.407899856567385,-14.918104921806204,-243.33443948726003,8.3,7.5,12.0,6.0,10.0,3.69231,1970-01-01,yfinance.info/recommendations
AIG,Financial Services,73.9800033569336,39.50843783754591,-46.59578799026497,88.45,88.0,101.0,80.0,20.0,2.31818,1970-01-01,yfinance.info/recommendations
AII,Financial Services,25.1299991607666,25.762055853353218,2.515148084737679,27.0,26.5,29.0,26.0,4.0,,1970-01-01,yfinance.info/recommendations
AIMD,Technology,1.3514000177383425,-8.204169531892727,-707.0866822706536,,,,,,,,yfinance.info/recommendations
AIN,Consumer Cyclical,60.36460113525391,5.928848579252618,-90.17826927081263,65.66667,61.0,75.0,61.0,3.0,,1970-01-01,yfinance.info/recommendations
AIRE,Real Estate,1.3775999546051023,,,,,,,,,,yfinance.info/recommendations
AISP,Technology,1.8450000286102293,,,6.5,6.5,6.5,6.5,1.0,,,yfinance.info/recommendations
AIT,Industrials,337.5775146484375,149.74861247055605,-55.640228992589044,400.0,400.0,420.0,390.0,6.0,1.5,1970-01-01,yfinance.info/recommendations
AIZ,Financial Services,262.4200134277344,108.45498449461331,-58.67122210765384,330.0,327.0,355.0,320.0,6.0,,1970-01-01,yfinance.info/recommendations
AJG,Financial Services,228.68499755859372,21.355534664826035,-90.66159350512082,289.66666,288.5,388.0,250.0,18.0,1.72727,1970-01-01,yfinance.info/recommendations
AKAM,Technology,107.41000366210938,16.511797929480238,-84.62731834418041,158.87318,161.5,225.0,93.0,22.0,2.04167,1970-01-01,yfinance.info/recommendations
AKO-B,Consumer Defensive,29.82999992370605,,,32.558556,33.99889,37.21359,24.779102,6.0,2.0,1970-01-01,yfinance.info/recommendations
ALB,Basic Materials,107.23500061035156,85.77835306595385,-20.008996523777206,171.564,172.5,225.0,83.28,20.0,1.95455,1970-01-01,yfinance.info/recommendations
ALCO,Consumer Defensive,39.15,10.991907599255788,-71.92360766473617,45.0,45.0,45.0,45.0,2.0,1.0,1970-01-01,yfinance.info/recommendations
ALGM,Technology,37.22200012207031,3.422538653761472,-90.80506516969216,54.81818,55.0,62.0,48.0,11.0,1.33333,1970-01-01,yfinance.info/recommendations
ALGN,Healthcare,143.8000030517578,109.0647435001575,-24.155256477357707,206.35715,207.0,235.0,170.0,14.0,2.0,1970-01-01,yfinance.info/recommendations
ALIT,Technology,9.914999961853027,-315.80733824154555,-3285.147145300885,17.0,16.0,22.0,13.0,3.0,2.8,1970-01-01,yfinance.info/recommendations
ALL,Financial Services,225.90499877929688,351.3038564108129,55.50955415290626,276.0909,281.0,334.0,191.0,22.0,2.6,1970-01-01,yfinance.info/recommendations
ALLR,Healthcare,0.9399999976158142,,,11.0,11.0,11.0,11.0,1.0,1.0,1970-01-01,yfinance.info/recommendations
ALRM,Technology,53.54999923706055,38.95121600311957,-27.261967211826853,63.0,65.0,85.0,40.0,5.0,,1970-01-01,yfinance.info/recommendations
ALSN,Consumer Cyclical,112.81999969482422,67.18215223503282,-40.451912412019894,140.4,136.0,185.0,115.0,10.0,2.4,1970-01-01,yfinance.info/recommendations
ALTO,Basic Materials,3.640000104904175,8.63716030347286,137.28461688328,9.0,9.0,10.0,8.0,2.0,,1970-01-01,yfinance.info/recommendations
ALUR,Healthcare,1.106,,,,,,,,,1970-01-01,yfinance.info/recommendations
AM,Energy,20.59499931335449,11.616953263202934,-43.59333017471813,24.0,24.0,26.0,22.0,7.0,2.85714,1970-01-01,yfinance.info/recommendations
AMAL,Financial Services,47.2599983215332,14.42183732485759,-69.48405028129989,54.0,54.0,55.0,53.0,3.0,,1970-01-01,yfinance.info/recommendations
AMAT,Technology,505.1813049316406,97.9956262347752,-80.60188980112088,638.94446,650.0,900.0,358.0,36.0,1.45,1970-01-01,yfinance.info/recommendations
AMBQ,Technology,68.45999908447266,0.1500717811550886,-99.78078909850711,85.66667,78.0,125.0,73.0,6.0,,1970-01-01,yfinance.info/recommendations
AMCX,Communication Services,11.739999771118164,126.39188938091038,976.5919237226044,9.83333,10.0,11.0,9.0,6.0,3.625,1970-01-01,yfinance.info/recommendations
AMD,Technology,622.47998046875,44.88284237627598,-92.78967295583102,618.508,616.0,1250.0,365.0,50.0,1.49091,1970-01-01,yfinance.info/recommendations
AMG,Financial Services,368.2300109863281,95.10203783189225,-74.17319745961085,437.57144,437.0,512.0,360.0,7.0,1.42857,1970-01-01,yfinance.info/recommendations
AMGN,Healthcare,418.5549926757813,195.35533869924768,-53.32624335685019,389.21967,400.0,457.0,225.0,29.0,2.64706,1970-01-01,yfinance.info/recommendations
AMIX,Healthcare,3.820600032806397,,,58.80006,58.80006,75.60008,42.00004,2.0,,1970-01-01,yfinance.info/recommendations
AMOD,Technology,1.4601000547409058,,,60.0,60.0,60.0,60.0,1.0,,,yfinance.info/recommendations
AMP,Financial Services,495.0950012207031,328.406122763793,-33.66805927062949,579.4545,562.0,645.0,489.0,11.0,2.5,1970-01-01,yfinance.info/recommendations
AMPL,Technology,13.210000038146973,-2.219864949063124,-116.80442802916535,14.09091,14.0,18.0,11.0,11.0,1.75,1970-01-01,yfinance.info/recommendations
AMRX,Healthcare,20.51000022888184,1.6427700316123044,-91.99039486455499,22.71429,22.0,27.0,20.0,7.0,1.42857,1970-01-01,yfinance.info/recommendations
AMT,Real Estate,168.56500244140625,24.191010835196213,-85.6488532703548,215.69565,210.0,260.0,188.0,23.0,1.52,1970-01-01,yfinance.info/recommendations
AMTB,Financial Services,29.420000076293945,15.039596691416197,-48.87968506997113,31.875,31.5,33.5,31.0,4.0,2.5,1970-01-01,yfinance.info/recommendations
AMTM,Industrials,18.23500061035156,18.887254924604683,3.576936070311154,29.5,28.0,40.0,21.0,12.0,2.41667,1970-01-01,yfinance.info/recommendations
AMTX,Basic Materials,1.815000057220459,-8.247007171498634,-554.3805460881542,13.375,11.5,28.0,2.5,4.0,1.5,1970-01-01,yfinance.info/recommendations
AMWL,Healthcare,13.475000381469728,-10.16151845176102,-175.4101533513478,12.8,12.0,16.0,11.0,5.0,,1970-01-01,yfinance.info/recommendations
AMZN,Consumer Cyclical,245.82730102539065,81.13577176170557,-66.99480837837237,329.5393,330.0,405.0,230.0,57.0,1.32203,1970-01-01,yfinance.info/recommendations
AN,Consumer Cyclical,161.5800018310547,-30.91057372983221,-119.13019766032171,244.16667,249.0,300.0,210.0,12.0,1.61538,1970-01-01,yfinance.info/recommendations
ANDE,Consumer Defensive,65.90499877929688,52.92435802098091,-19.695988162879154,88.33333,90.0,90.0,85.0,3.0,1.0,1970-01-01,yfinance.info/recommendations
ANET,Technology,205.8249969482422,35.08169529759685,-82.95557108332245,241.92892,246.5,289.0,190.0,28.0,1.29032,1970-01-01,yfinance.info/recommendations
ANF,Consumer Cyclical,133.10000610351562,164.68897233197472,23.73325678429456,163.54546,165.0,185.0,134.0,11.0,,1970-01-01,yfinance.info/recommendations
ANGX,Communication Services,4.6407999992370605,-2.5915197015686324,-155.8420897688906,8.2,9.0,9.0,6.0,5.0,1.2,1970-01-01,yfinance.info/recommendations
ANRO,Healthcare,26.315000534057617,,,38.382,37.0,55.0,26.0,10.0,1.18182,1970-01-01,yfinance.info/recommendations
ANTX,Healthcare,4.875,,,9.0,9.0,9.0,9.0,2.0,,1970-01-01,yfinance.info/recommendations
AON,Financial Services,272.5400085449219,66.84949444571019,-75.47167668973943,383.8421,387.0,435.0,264.0,19.0,2.14286,1970-01-01,yfinance.info/recommendations
AOS,Industrials,58.09000015258789,46.42192477237157,-20.086203046251004,69.90909,70.0,84.0,59.0,11.0,2.53846,1970-01-01,yfinance.info/recommendations
APA,Energy,42.26499938964844,107.70757609510588,154.8387025920215,45.96,46.0,62.0,36.0,25.0,2.55556,1970-01-01,yfinance.info/recommendations
APD,Basic Materials,279.489990234375,-49.6882213479635,-117.77817563566263,345.10526,351.0,373.0,314.0,19.0,1.81818,1970-01-01,yfinance.info/recommendations
APG,Industrials,38.56499862670898,10.23130228671061,-73.46997886413845,52.36364,53.0,55.0,47.0,11.0,1.3,1970-01-01,yfinance.info/recommendations
APGE,Healthcare,135.07000732421875,,,134.622,135.0,135.11,133.0,5.0,2.71429,1970-01-01,yfinance.info/recommendations
APH,Technology,85.50499725341797,18.39539481203346,-78.4861757757695,99.38889,99.0,115.0,85.0,18.0,1.44444,1970-01-01,yfinance.info/recommendations
APLD,Technology,25.040000915527344,-41.69457639596832,-266.5118804772625,66.43333,70.0,109.0,22.0,15.0,1.4,1970-01-01,yfinance.info/recommendations
APO,Financial Services,118.86000061035156,100.27390022519572,-15.636968105094537,153.47368,154.0,173.0,130.0,19.0,,1970-01-01,yfinance.info/recommendations
APOG,Industrials,36.59000015258789,52.721813526274815,44.08803855264804,44.0,44.0,48.0,40.0,2.0,1.0,1970-01-01,yfinance.info/recommendations
APP,Communication Services,309.70001220703125,,,498.36807,475.0,790.0,325.0,31.0,1.57576,1970-01-01,yfinance.info/recommendations
APVO,Healthcare,1.91,,,25.5,25.5,30.0,21.0,2.0,,1970-01-01,yfinance.info/recommendations
APYX,Healthcare,2.4800000190734863,-1.5129523092035695,-161.0061410309505,6.6,6.0,8.0,6.0,5.0,,1970-01-01,yfinance.info/recommendations
AQB,Consumer Defensive,0.92,,,,,,,,,,yfinance.info/recommendations
AQMS,Industrials,2.4600000381469727,-39.04167464087379,-1687.0599201405885,5.0,5.0,5.0,5.0,1.0,,1970-01-01,yfinance.info/recommendations
AQST,Healthcare,4.625,-3.5414147308939348,-176.57112931662562,9.33333,10.0,11.0,6.0,9.0,1.22222,1970-01-01,yfinance.info/recommendations
AR,Energy,34.099998474121094,53.62159798479048,57.24809496834603,50.28571,49.0,60.0,37.0,21.0,1.8,1970-01-01,yfinance.info/recommendations
ARAI,Technology,0.193800002336502,-3.904963664352449,-2114.945106952124,1.0,1.0,1.0,1.0,1.0,,1970-01-01,yfinance.info/recommendations
ARDT,Healthcare,10.329999923706056,13.094845258252828,26.765201887386254,12.66667,13.0,14.0,10.5,12.0,2.07692,1970-01-01,yfinance.info/recommendations
ARDX,Healthcare,3.384999990463257,-1.4447790845722972,-142.68180468663962,12.9,13.5,18.0,8.0,10.0,,1970-01-01,yfinance.info/recommendations
ARE,Real Estate,48.86000061035156,,,52.57143,52.5,60.0,40.0,14.0,3.0,1970-01-01,yfinance.info/recommendations
AREB,Consumer Cyclical,0.075,,,,,,,,,,yfinance.info/recommendations
AREC,Industrials,1.815000057220459,,,5.66667,5.0,7.0,5.0,3.0,1.33333,1970-01-01,yfinance.info/recommendations
ARES,Financial Services,119.3550033569336,82.43369545877798,-30.934026106757912,147.89474,150.0,168.0,122.0,19.0,2.0,1970-01-01,yfinance.info/recommendations
ARKR,Consumer Cyclical,4.47,-27.11900770796729,-706.689210469067,,,,,,,,yfinance.info/recommendations
ARL,Real Estate,15.9399995803833,23.98764321954598,50.48710069645536,,,,,,,,yfinance.info/recommendations
ARLO,Industrials,12.550000190734863,4.378528692274014,-65.1113256914012,21.0,21.0,25.0,18.0,6.0,,1970-01-01,yfinance.info/recommendations
ARMK,Industrials,54.005001068115234,12.905080136781098,-76.10391652338971,68.5,70.0,75.0,47.0,16.0,1.5,1970-01-01,yfinance.info/recommendations
ARRY,Technology,4.0,0.5549064401219422,-86.12733899695144,8.60227,8.5,13.0,5.0,22.0,2.17391,1970-01-01,yfinance.info/recommendations
ARTL,Healthcare,4.239999771118164,,,,,,,,,,yfinance.info/recommendations
ARTV,Healthcare,7.0,-7.833276236606908,-211.90394623724154,35.8,40.0,41.0,23.0,5.0,,1970-01-01,yfinance.info/recommendations
ARW,Technology,230.09500122070312,167.64323204331538,-27.141732261052077,235.0,245.0,250.0,200.0,4.0,,1970-01-01,yfinance.info/recommendations
ARWR,Healthcare,65.29000091552734,-13.847059975232208,-121.20854614958215,107.23077,104.0,126.0,74.0,13.0,1.42857,1970-01-01,yfinance.info/recommendations
ASAN,Technology,8.529999732971191,-1.2162965630716394,-114.2590457344361,10.07692,10.0,15.0,6.25,13.0,,1970-01-01,yfinance.info/recommendations
ASBP,Consumer Cyclical,8.5,,,,,,,,,,yfinance.info/recommendations
ASIC,Financial Services,26.350000381469727,6.790530370595597,-74.22948663267974,29.1,29.0,30.0,28.0,5.0,,1970-01-01,yfinance.info/recommendations
ASPN,Basic Materials,5.215000152587891,-1.682709980004784,-132.26672925732814,7.75,7.75,10.0,5.0,5.0,1.83333,1970-01-01,yfinance.info/recommendations
ASRV,Financial Services,4.757599830627441,1.806588708035239,-62.027308467492894,,,,,,,,yfinance.info/recommendations
ASTC,Technology,7.6757001876831055,-35.575332899212,-563.479969635843,,,,,,,,yfinance.info/recommendations
ASTE,Industrials,41.09000015258789,17.484118602056938,-57.44921261345927,67.25,65.5,78.0,60.0,4.0,,1970-01-01,yfinance.info/recommendations
ASTS,Technology,61.935001373291016,-31.829043017584645,-151.39104272517326,79.60833,82.5,108.0,42.5,12.0,,1970-01-01,yfinance.info/recommendations
ASUR,Technology,7.639999866485596,3.4507955006918536,-54.83251883511849,13.11111,13.0,15.0,11.0,9.0,1.22222,1970-01-01,yfinance.info/recommendations
ATEN,Technology,25.434999465942383,7.281603066792866,-71.37171920705964,36.66667,37.5,45.0,28.0,6.0,1.83333,1970-01-01,yfinance.info/recommendations
ATI,Industrials,184.6999969482422,41.601730115295936,-77.476052624433,259.8889,260.0,275.0,245.0,9.0,1.11111,1970-01-01,yfinance.info/recommendations
ATLC,Financial Services,86.625,20.38809522803335,-76.46395933271764,130.6,120.0,179.0,110.0,5.0,1.25,1970-01-01,yfinance.info/recommendations
ATLO,Financial Services,31.915000915527344,10.125978695455128,-68.27204009093849,33.0,33.0,33.0,33.0,1.0,,1970-01-01,yfinance.info/recommendations
ATLX,Basic Materials,2.509999990463257,-13.333919047945418,-631.2318365979137,11.5,11.5,11.5,11.5,1.0,,1970-01-01,yfinance.info/recommendations
ATNI,Communication Services,28.68000030517578,129.12863062855337,350.23929307716907,69.0,69.0,69.0,69.0,1.0,,1970-01-01,yfinance.info/recommendations
ATO,Utilities,157.50999450683594,237.1115463880436,50.53746089601504,185.54546,183.0,206.0,170.0,11.0,2.71429,1970-01-01,yfinance.info/recommendations
ATRA,Healthcare,8.4399995803833,,,13.66667,13.0,18.0,10.0,3.0,,1970-01-01,yfinance.info/recommendations
ATRC,Healthcare,58.06019973754883,9.887080115259147,-82.9709850121908,53.33333,55.0,65.0,36.0,9.0,1.7,1970-01-01,yfinance.info/recommendations
ATRO,Industrials,68.12999725341797,16.810828638439993,-75.32536427983399,100.5,100.0,107.0,95.0,4.0,,1970-01-01,yfinance.info/recommendations
AUID,Technology,0.3702999949455261,,,,,,,,,,yfinance.info/recommendations
AUR,Consumer Cyclical,5.235000133514404,-3.2613135385647536,-162.29825129680256,12.04917,12.5,18.0,3.59,12.0,1.92308,1970-01-01,yfinance.info/recommendations
AVAH,Healthcare,12.614999771118164,2.51530222129804,-80.06102047614156,14.6,15.0,16.0,13.0,10.0,1.72727,1970-01-01,yfinance.info/recommendations
AVAV,Industrials,145.0,-15.856643872026437,-110.9356164634665,219.3458,220.0,315.0,148.57,19.0,1.6,1970-01-01,yfinance.info/recommendations
AVB,Real Estate,184.06,117.14123203671852,-36.35704007567178,201.70589,201.0,225.0,189.0,17.0,2.52632,1970-01-01,yfinance.info/recommendations
AVBC,Financial Services,21.700000762939453,3.8943201973656336,-82.05382460623419,25.0,25.0,25.0,25.0,1.0,,1970-01-01,yfinance.info/recommendations
AVGO,Technology,359.7149963378906,79.36908041108407,-77.9355653172351,531.8468,535.0,715.0,215.88,47.0,1.26,1970-01-01,yfinance.info/recommendations
AVNT,Basic Materials,41.22499847412109,22.41790958116178,-45.620593302787924,50.85714,50.0,56.0,46.0,7.0,1.57143,1970-01-01,yfinance.info/recommendations
AVTR,Healthcare,15.170000076293944,-1.3182689811113064,-108.6899734639511,14.66,14.4,19.0,12.0,15.0,2.70588,1970-01-01,yfinance.info/recommendations
AVXL,Healthcare,2.384999990463257,,,20.0,20.0,20.0,20.0,1.0,,,yfinance.info/recommendations
AVY,Consumer Cyclical,170.91000366210938,125.0901825278792,-26.80932663533048,201.8,204.5,225.0,181.0,10.0,1.54545,1970-01-01,yfinance.info/recommendations
AWK,Utilities,128.8800048828125,186.66988513395404,44.840066776602384,141.45454,140.0,162.0,128.0,11.0,2.61538,1970-01-01,yfinance.info/recommendations
AWRE,Technology,1.1299999952316284,,,,,,,,,,yfinance.info/recommendations
AX,Financial Services,87.69999694824219,49.56709523157545,-43.48107530627577,117.71429,116.0,128.0,110.0,7.0,1.42857,1970-01-01,yfinance.info/recommendations
AXGN,Healthcare,42.7400016784668,-0.1451161044485222,-100.33953228532893,54.4,55.0,60.0,48.0,10.0,1.2,1970-01-01,yfinance.info/recommendations
AXON,Industrials,423.010009765625,17.801288203806664,-95.7917572178328,704.1053,700.0,830.0,440.0,19.0,1.66667,1970-01-01,yfinance.info/recommendations
AXP,Financial Services,305.6199951171875,137.50349082117253,-55.008345979310704,378.53708,383.0,450.0,329.0,24.0,2.17241,1970-01-01,yfinance.info/recommendations
AXSM,Healthcare,189.125,-23.80308953547909,-112.58590325735842,285.21863,280.0,380.0,246.0,22.0,1.22727,1970-01-01,yfinance.info/recommendations
AYTU,Healthcare,2.200400114059448,-3.727663763523197,-269.40845165864624,9.5,7.0,14.5,7.0,3.0,1.33333,1970-01-01,yfinance.info/recommendations
AZO,Consumer Cyclical,2892.8349609375,1250.4074689164067,-56.775706675254675,3708.7083,3626.5,4800.0,3000.0,24.0,1.46429,1970-01-01,yfinance.info/recommendations
BA,Industrials,190.08999633789065,-2.1648681063577544,-101.13886482616876,273.1154,272.5,305.0,246.0,26.0,1.48148,1970-01-01,yfinance.info/recommendations
BAC,Financial Services,55.16999816894531,18.14408649768704,-67.11240329911742,68.61905,68.0,76.0,62.0,21.0,1.5,1970-01-01,yfinance.info/recommendations
BAER,Industrials,0.7400000095367432,-8.084314045791611,-1192.474856973661,3.66667,4.0,4.0,3.0,3.0,,1970-01-01,yfinance.info/recommendations
BALL,Consumer Cyclical,56.724098205566406,33.855998327102384,-40.31461160579534,72.57143,73.5,79.0,63.0,14.0,1.6,1970-01-01,yfinance.info/recommendations
BAP,Financial Services,388.1499938964844,677.9905717203258,74.67231286396436,427.47806,450.0,482.0,219.0,14.0,1.57143,1970-01-01,yfinance.info/recommendations
BATRK,Communication Services,53.93000030517578,-13.563997637041522,-125.15111730073502,63.4,67.0,74.0,49.0,5.0,,1970-01-01,yfinance.info/recommendations
BAX,Healthcare,23.575000762939453,1.0098019336923894,-95.71664092889522,28.72727,28.0,40.0,23.0,11.0,2.69231,1970-01-01,yfinance.info/recommendations
BBCP,Industrials,9.96500015258789,5.279892256337076,-47.01563296046815,12.0,12.0,12.0,12.0,1.0,,1970-01-01,yfinance.info/recommendations
BBIO,Healthcare,66.26000213623047,-32.47660829495669,-149.01389563523531,109.09524,110.0,157.0,80.0,21.0,1.5,1970-01-01,yfinance.info/recommendations
BBNX,Healthcare,20.420000076293945,-11.619226432036749,-156.90120660442983,23.28333,23.5,30.4,16.0,12.0,1.69231,1970-01-01,yfinance.info/recommendations
BBVA,Financial Services,28.6299991607666,10.828492377689887,-62.17781105446619,24.52667,24.0,28.58,21.0,3.0,3.66667,1970-01-01,yfinance.info/recommendations
BBY,Consumer Cyclical,87.87000274658203,91.05315265593164,3.6225672127607025,86.7,85.0,100.0,71.0,20.0,2.8,1970-01-01,yfinance.info/recommendations
BC,Consumer Cyclical,65.86000061035156,14.32850280607286,-78.24399837035413,90.70588,90.0,120.0,76.0,17.0,2.05,1970-01-01,yfinance.info/recommendations
BCAB,Healthcare,1.600000023841858,,,,,,,,,,yfinance.info/recommendations
BCBP,Financial Services,8.524999618530273,,,8.95,9.0,9.5,8.35,3.0,3.0,1970-01-01,yfinance.info/recommendations
BCDA,Healthcare,1.0499999523162842,,,15.5,15.5,25.0,6.0,2.0,,1970-01-01,yfinance.info/recommendations
BCE,Communication Services,20.450000762939453,63.55833934630532,210.79871381466657,26.547699,26.539938,28.358315,24.744843,3.0,2.21053,1970-01-01,yfinance.info/recommendations
BCG,Financial Services,1.1449999809265137,0.7162805417587715,-37.442746402565874,,,,,,,,yfinance.info/recommendations
BCS,Financial Services,24.450000762939453,6.65410735046988,-72.7848378616169,29.9225,29.545,33.5,27.1,4.0,2.5,1970-01-01,yfinance.info/recommendations
BDTX,Healthcare,1.840000033378601,,,10.0,10.0,14.0,8.0,7.0,,1970-01-01,yfinance.info/recommendations
BDX,Healthcare,181.69000244140625,77.55312377247994,-57.31569005978175,195.66667,197.5,225.0,170.0,12.0,2.07143,1970-01-01,yfinance.info/recommendations
BEAM,Healthcare,24.18000030517578,-27.711445521614078,-214.60481874221645,52.15385,45.0,80.0,26.0,13.0,1.33333,1970-01-01,yfinance.info/recommendations
BEAT,Healthcare,0.3763000071048736,-3.061788484169053,-913.6562387350001,3.5,3.5,5.0,2.0,2.0,2.0,1970-01-01,yfinance.info/recommendations
BEEP,Industrials,2.8,-4.64817178876701,-266.0061353131075,5.83333,6.0,6.5,5.0,3.0,,1970-01-01,yfinance.info/recommendations
BELFA,Technology,200.6999969482422,77.60205828530283,-61.334300216598734,313.0,313.0,326.0,300.0,2.0,,1970-01-01,yfinance.info/recommendations
BEN,Financial Services,32.474998474121094,3.8689578007814416,-88.08634955328924,35.5,36.0,41.0,26.0,12.0,2.75,1970-01-01,yfinance.info/recommendations
BF-A,Consumer Defensive,26.46999931335449,18.132401323532395,-31.49829318512924,,,,,,,,yfinance.info/recommendations
BF-B,Consumer Defensive,26.09000015258789,18.132401323532395,-30.500570266444306,28.25882,28.0,35.0,20.0,17.0,3.16667,1970-01-01,yfinance.info/recommendations
BFAM,Consumer Cyclical,63.82500076293945,27.390122213640037,-57.08559046419259,89.22222,93.0,99.0,66.0,9.0,2.33333,1970-01-01,yfinance.info/recommendations
BFC,Financial Services,151.13499450683594,46.29927756657098,-69.36561402099576,163.0,163.0,165.0,161.0,2.0,,1970-01-01,yfinance.info/recommendations
BFLY,Healthcare,9.565999984741213,-1.0789470934538892,-111.27897862403225,10.5,10.5,11.0,10.0,4.0,1.2,1970-01-01,yfinance.info/recommendations
BFS,Real Estate,30.23500061035156,42.47028993303209,40.46730304510573,43.0,43.0,47.0,39.0,2.0,,1970-01-01,yfinance.info/recommendations
BFST,Financial Services,30.68000030517578,43.78630885975917,42.719388605652405,34.9,35.0,37.0,32.5,5.0,1.2,1970-01-01,yfinance.info/recommendations
BGMS,Industrials,0.9035,,,,,,,,,,yfinance.info/recommendations
BGS,Consumer Defensive,3.075000047683716,-9.98045756597412,-424.5677206896966,4.3,4.5,5.0,3.0,5.0,3.4,1970-01-01,yfinance.info/recommendations
BH,Consumer Cyclical,344.197998046875,23.71004744468156,-93.11150919551467,,,,,,,,yfinance.info/recommendations
BHC,Healthcare,5.760000228881836,-4.628765608979945,-180.3605108515509,7.5,7.0,9.0,6.5,5.0,3.0,1970-01-01,yfinance.info/recommendations
BIAF,Healthcare,7.170000076293945,-227.09177866706585,-3267.2493200926974,,,,,,,,yfinance.info/recommendations
BIIB,Healthcare,227.2050018310547,110.39444602170464,-51.41196490744871,238.18195,240.0,300.0,175.0,31.0,1.88571,1970-01-01,yfinance.info/recommendations
BIVI,Healthcare,1.5780999660491943,,,5.255,5.255,5.51,5.0,2.0,,1970-01-01,yfinance.info/recommendations
BJ,Consumer Defensive,94.52999877929688,45.38073958800924,-51.99329295035585,105.8,105.0,120.0,82.0,20.0,2.13043,1970-01-01,yfinance.info/recommendations
BJRI,Consumer Cyclical,60.03450012207031,20.73276973989021,-65.46524132334987,75.14286,75.0,82.0,65.0,7.0,2.11111,1970-01-01,yfinance.info/recommendations
BKE,Consumer Cyclical,42.64350128173828,45.80056398920929,7.403385305096867,46.0,46.0,46.0,46.0,1.0,,1970-01-01,yfinance.info/recommendations
BKKT,Technology,8.130000114440918,-10.67436081504329,-231.2959491363715,12.0,12.0,12.0,12.0,1.0,,1970-01-01,yfinance.info/recommendations
BKNG,Consumer Cyclical,162.41000366210938,130.706767159695,-19.520494912599283,238.78378,240.0,301.0,188.0,37.0,1.51282,1970-01-01,yfinance.info/recommendations
BKR,Energy,56.630001068115234,42.373060824283534,-25.175595929590894,72.21739,74.0,85.0,51.0,23.0,1.70833,1970-01-01,yfinance.info/recommendations
BL,Technology,26.3799991607666,13.51955431520257,-48.75074016185188,38.1,35.5,70.0,23.0,10.0,2.83333,1970-01-01,yfinance.info/recommendations
BLBD,Industrials,57.15999984741211,78.48855454665419,37.313776690305076,89.125,89.5,95.0,82.0,8.0,1.25,1970-01-01,yfinance.info/recommendations
BLDR,Industrials,57.869998931884766,26.14956484836992,-54.81326191287999,80.61905,81.0,100.0,61.0,21.0,2.26087,1970-01-01,yfinance.info/recommendations
BLIN,Technology,0.878600001335144,-0.4556919815772233,-151.86569324888933,,,,,,,,yfinance.info/recommendations
BLK,Financial Services,1071.5,126.61109997921136,-88.1837517518235,1322.75,1310.0,1479.0,1190.0,16.0,1.47059,1970-01-01,yfinance.info/recommendations
BLKB,Technology,41.97499847412109,39.37743781973704,-6.188351992402157,51.5,51.5,58.0,45.0,4.0,2.25,1970-01-01,yfinance.info/recommendations
BLNE,Financial Services,0.8748999834060669,,,4.5,4.5,4.5,4.5,1.0,,,yfinance.info/recommendations
BLNK,Industrials,0.5557000041007996,-1.2969848673138729,-333.39659127996157,1.625,1.5,2.5,1.0,4.0,,1970-01-01,yfinance.info/recommendations
BMBL,Communication Services,2.5350000858306885,-15.115267196387403,-696.262985586224,3.79,3.75,5.0,3.0,10.0,,1970-01-01,yfinance.info/recommendations
BMI,Technology,126.91500091552734,66.57011926384962,-47.54747761601668,156.66667,162.0,170.0,112.0,9.0,1.90909,1970-01-01,yfinance.info/recommendations
BMO,Financial Services,170.08999633789062,144.5619915472463,-15.008528038258007,166.44966,171.99193,182.64528,144.71176,3.0,2.73333,1970-01-01,yfinance.info/recommendations
BMRN,Healthcare,59.209999084472656,10.61318992223952,-82.07534185721218,91.61538,90.0,124.0,60.0,26.0,1.74074,1970-01-01,yfinance.info/recommendations
BMY,Healthcare,63.4547004699707,55.3674676013724,-12.74489172386135,66.70833,68.0,82.0,40.0,24.0,2.46429,1970-01-01,yfinance.info/recommendations
BNED,Consumer Cyclical,11.34000015258789,8.678237212735834,-23.472336014427817,17.25,17.25,18.5,16.0,2.0,,1970-01-01,yfinance.info/recommendations
BNGO,Healthcare,1.6950000524520874,,,5.0,5.0,6.0,4.0,2.0,,1970-01-01,yfinance.info/recommendations
BODI,Communication Services,4.7118000984191895,29.41711326181797,524.3285506039915,17.0,18.5,22.0,9.0,4.0,,1970-01-01,yfinance.info/recommendations
BOKF,Financial Services,130.05999755859375,43.65138723367275,-66.43749957475801,149.44444,148.0,160.0,143.0,9.0,2.81818,1970-01-01,yfinance.info/recommendations
BOOT,Consumer Cyclical,121.5,60.05353113996931,-50.573225399202215,221.5,213.5,282.0,190.0,14.0,1.25,1970-01-01,yfinance.info/recommendations
BOTJ,Financial Services,27.290000915527344,19.777494492366152,-27.528421293994015,,,,,,,,yfinance.info/recommendations
BOW,Financial Services,33.790000915527344,9.339010346331776,-72.36161558657943,34.33333,34.0,36.0,34.0,6.0,,1970-01-01,yfinance.info/recommendations
BOX,Technology,31.434999465942383,16.519886090394373,-47.447474563209354,38.71429,40.0,50.0,26.0,7.0,,1970-01-01,yfinance.info/recommendations
BPRN,Financial Services,43.58000183105469,13.460857040262564,-69.11230730910505,46.75,46.75,48.0,45.5,2.0,,1970-01-01,yfinance.info/recommendations
BR,Technology,161.6199951171875,111.0188441185282,-31.3087195442429,213.375,220.0,250.0,176.0,8.0,2.33333,1970-01-01,yfinance.info/recommendations
BRBR,Consumer Defensive,7.659999847412109,16.0054965908981,108.949045818917,14.70833,14.5,20.0,10.0,12.0,2.07143,1970-01-01,yfinance.info/recommendations
BRC,Industrials,84.25,59.81244320829866,-29.00600212664847,110.0,110.0,111.0,109.0,2.0,,1970-01-01,yfinance.info/recommendations
BRCB,Consumer Cyclical,7.260000228881836,-15.47957100748105,-313.21722478602686,12.33333,11.0,20.0,9.0,6.0,2.0,1970-01-01,yfinance.info/recommendations
BRK-B,Financial Services,502.1499938964844,85.50799327003517,-82.9716231585453,547.6667,529.0,604.0,510.0,3.0,2.0,1970-01-01,yfinance.info/recommendations
BRO,Financial Services,60.05500030517578,15.259566463766705,-74.59068123183145,76.5,77.0,90.0,60.0,16.0,2.78947,1970-01-01,yfinance.info/recommendations
BROS,Consumer Cyclical,37.95500183105469,4.861661429031043,-87.19098618234489,75.125,78.0,95.0,29.0,24.0,1.26923,1970-01-01,yfinance.info/recommendations
BRT,Real Estate,13.53499984741211,,,18.0,18.5,20.0,15.5,3.0,,1970-01-01,yfinance.info/recommendations
BRTX,Healthcare,2.309999942779541,,,160.0,160.0,300.0,20.0,2.0,,,yfinance.info/recommendations
BRX,Real Estate,28.01000022888184,16.624863335784806,-40.64668618373492,35.0,34.5,42.0,30.0,16.0,1.5625,1970-01-01,yfinance.info/recommendations
BSLK,Basic Materials,9.999999747378752e-05,,,,,,,,,,yfinance.info/recommendations
BSX,Healthcare,43.43000030517578,20.14237379236884,-53.621059979664864,61.0,60.0,94.0,44.0,29.0,1.64516,1970-01-01,yfinance.info/recommendations
BTG,Basic Materials,5.300000190734863,,,6.45,7.0,7.5,4.0,5.0,1.76923,1970-01-01,yfinance.info/recommendations
BTU,Energy,24.899999618530277,6.21037603278855,-75.05873040991189,31.58333,31.0,36.0,27.5,6.0,1.66667,1970-01-01,yfinance.info/recommendations
BUSE,Financial Services,29.63999938964844,14.848779790156716,-49.902901160846355,33.28571,34.0,35.0,31.0,7.0,2.28571,1970-01-01,yfinance.info/recommendations
BVFL,Financial Services,20.88,24.072377596534544,15.289164734360847,,,,,,,,yfinance.info/recommendations
BWA,Consumer Cyclical,60.84000015258789,56.87984195417844,-6.509135747004108,79.93333,80.0,95.0,62.0,15.0,1.93333,1970-01-01,yfinance.info/recommendations
BWB,Financial Services,20.520000457763672,7.254531973418082,-64.64653113263769,24.0,24.0,25.0,23.0,4.0,1.25,1970-01-01,yfinance.info/recommendations
BWFG,Financial Services,66.37000274658203,23.98263611254825,-63.86524767202405,69.5,69.5,72.0,67.0,2.0,,1970-01-01,yfinance.info/recommendations
BWIN,Financial Services,31.8700008392334,,,32.75,31.75,37.0,29.0,6.0,2.375,1970-01-01,yfinance.info/recommendations
BWMN,Industrials,42.625,0.9905492914311652,-97.67613069458965,43.0,43.0,43.0,43.0,5.0,,1970-01-01,yfinance.info/recommendations
BX,Financial Services,114.80500030517578,13.228898630162142,-88.47707103784943,144.38095,140.0,184.0,119.0,21.0,2.04348,1970-01-01,yfinance.info/recommendations
BXC,Industrials,75.3499984741211,34.1263541138915,-54.70954903122901,88.33333,84.0,98.0,83.0,3.0,2.0,1970-01-01,yfinance.info/recommendations
BXMT,Real Estate,12.44499969482422,,,18.85714,18.0,23.0,16.0,7.0,,1970-01-01,yfinance.info/recommendations
BXP,Real Estate,62.68999862670898,6.035976698189494,-90.37170708180894,76.35,76.5,91.0,60.0,20.0,2.13636,1970-01-01,yfinance.info/recommendations
BYD,Consumer Cyclical,69.3550033569336,171.61273738198872,147.44103392049243,95.9375,93.5,111.0,87.0,16.0,2.36842,1970-01-01,yfinance.info/recommendations
BZH,Consumer Cyclical,33.39500045776367,-73.18888959982291,-319.16121753730346,27.5,27.5,33.0,22.0,2.0,,1970-01-01,yfinance.info/recommendations
C,Financial Services,131.4199981689453,29.707654572796987,-77.39487521936603,154.9,157.0,176.0,130.0,20.0,1.68182,1970-01-01,yfinance.info/recommendations
CAG,Consumer Defensive,14.164999961853027,-19.07255694941124,-234.64565478838318,14.4125,14.0,23.0,12.0,16.0,3.29412,1970-01-01,yfinance.info/recommendations
CAH,Healthcare,219.50999450683597,154.7792571205777,-29.48874265688272,270.33334,275.0,292.0,235.0,15.0,1.52941,1970-01-01,yfinance.info/recommendations
CAKE,Consumer Cyclical,107.1999969482422,15.655044593214676,-85.3964132099993,95.92857,98.0,117.0,60.0,14.0,2.66667,1970-01-01,yfinance.info/recommendations
CAL,Consumer Cyclical,12.625,10.76823704741502,-14.707033287801819,17.0,17.0,18.0,16.0,2.0,,1970-01-01,yfinance.info/recommendations
CAPR,Healthcare,8.6899995803833,-23.386048472967065,-369.1144948471395,27.0,25.0,54.0,7.0,5.0,2.3,1970-01-01,yfinance.info/recommendations
CARE,Financial Services,29.739999771118164,20.58094194840145,-30.79710118764521,35.08333,35.0,35.75,34.5,3.0,,1970-01-01,yfinance.info/recommendations
CARL,Healthcare,13.949999809265137,-11.415323639596346,-181.83027810519866,19.2,18.0,23.0,17.0,5.0,1.4,1970-01-01,yfinance.info/recommendations
CARR,Industrials,55.47999954223633,15.73210037450637,-71.64365446230818,77.14182,78.0,90.0,60.0,22.0,1.88,1970-01-01,yfinance.info/recommendations
CASH,Financial Services,71.81500244140625,56.7205446670074,-21.018529918890405,101.0,101.0,105.0,97.0,2.0,,1970-01-01,yfinance.info/recommendations
CAT,Industrials,826.655029296875,179.42209880006772,-78.29540830923413,975.60614,980.5,1225.0,575.0,26.0,2.07143,1970-01-01,yfinance.info/recommendations
CATO,Consumer Cyclical,2.444999933242798,-4.4089001391986695,-280.32311900111813,,,,,,,,yfinance.info/recommendations
CATY,Financial Services,60.65999984741211,26.447955356417467,-56.39967783886205,65.0,66.0,75.0,53.0,5.0,2.83333,1970-01-01,yfinance.info/recommendations
CB,Financial Services,330.1653137207031,547.4275617844232,65.80408026977324,365.91302,369.0,425.0,306.0,23.0,2.44,1970-01-01,yfinance.info/recommendations
CBAN,Financial Services,20.51000022888184,12.247015306436491,-40.28759059109883,25.125,25.125,26.25,24.0,2.0,1.0,1970-01-01,yfinance.info/recommendations
CBFV,Financial Services,37.04,4.534183424088443,-87.75868406023636,41.33333,40.0,44.0,40.0,3.0,,1970-01-01,yfinance.info/recommendations
CBIO,Healthcare,15.40999984741211,-36.45401087415692,-336.56074779441906,30.6,28.0,35.0,27.0,5.0,,1970-01-01,yfinance.info/recommendations
CBLL,Healthcare,24.32999992370605,-14.690353573541906,-160.37958742132295,28.0,29.0,32.0,24.0,7.0,1.125,1970-01-01,yfinance.info/recommendations
CBNK,Financial Services,36.08000183105469,46.83168212387356,29.799555840279133,41.5,42.0,42.0,40.0,4.0,1.8,1970-01-01,yfinance.info/recommendations
CBRE,Real Estate,130.85000610351562,76.78868630399649,-41.31548893987147,182.16667,186.5,200.0,144.0,12.0,1.41667,1970-01-01,yfinance.info/recommendations
CBT,Basic Materials,77.66999816894531,76.69091253543786,-1.2605712071445867,91.33333,91.0,100.0,78.0,6.0,,1970-01-01,yfinance.info/recommendations
CC,Basic Materials,14.293499946594238,2.231539560920531,-84.38773170141405,18.77778,18.0,24.0,15.0,9.0,2.22222,1970-01-01,yfinance.info/recommendations
CCAP,Financial Services,9.649999618530272,4.202144075307862,-56.45446381947254,12.25,12.0,14.0,10.25,7.0,,1970-01-01,yfinance.info/recommendations
CCI,Real Estate,67.47250366210938,84.4346277233846,25.139313261915703,94.35238,92.0,120.0,80.0,21.0,2.13043,1970-01-01,yfinance.info/recommendations
CCL,Consumer Cyclical,24.63010025024414,14.413340966659437,-41.480786435221404,33.98846,33.5,43.0,28.0,26.0,1.58621,1970-01-01,yfinance.info/recommendations
CCNE,Financial Services,33.67499923706055,10.788388116007,-67.96321199575858,37.83333,38.0,39.0,36.0,6.0,2.0,1970-01-01,yfinance.info/recommendations
CCO,Communication Services,2.3550000190734863,-7.653998545054547,-425.01055129782185,2.43,2.43,2.43,2.43,2.0,,1970-01-01,yfinance.info/recommendations
CDE,Basic Materials,17.65999984741211,13.00077519731852,-26.38292576642548,23.95455,23.0,35.0,18.0,11.0,1.72727,1970-01-01,yfinance.info/recommendations
CDNS,Technology,319.260009765625,64.27076238167304,-79.86883404881951,405.47116,407.935,470.0,300.0,26.0,1.36,1970-01-01,yfinance.info/recommendations
CDRE,Industrials,25.565000534057617,10.558949734971051,-58.69763538277869,47.5,45.0,62.0,43.0,6.0,1.2,1970-01-01,yfinance.info/recommendations
CDW,Technology,130.52000427246094,72.0434350058653,-44.80276383114852,158.66667,159.0,171.0,148.0,9.0,1.8,1970-01-01,yfinance.info/recommendations
CDXS,Healthcare,1.3650000095367432,-1.4827046597167202,-208.62305123499038,6.14286,5.0,11.0,2.0,7.0,1.625,1970-01-01,yfinance.info/recommendations
CECO,Industrials,72.08999633789062,-11.810596617144252,-116.3831283355699,111.85714,118.0,130.0,85.0,7.0,,1970-01-01,yfinance.info/recommendations
CEG,Utilities,265.20001220703125,252.2750223517521,-4.873676191684751,347.282,350.5,441.0,290.0,20.0,1.54545,1970-01-01,yfinance.info/recommendations
CELC,Healthcare,79.41999816894531,-53.36585710372512,-167.1944829187772,160.75,161.5,177.0,140.0,12.0,1.23077,1970-01-01,yfinance.info/recommendations
CENT,Consumer Defensive,39.38999938964844,51.13654353881037,29.82113310783368,53.0,53.0,60.0,46.0,2.0,,1970-01-01,yfinance.info/recommendations
CENTA,Consumer Defensive,33.83000183105469,51.13654353881037,51.15737738999743,46.25,48.0,50.0,39.0,4.0,,1970-01-01,yfinance.info/recommendations
CETX,Technology,2.0299999713897705,-53.09502337105895,-2715.5184295253584,,,,,,,,yfinance.info/recommendations
CETY,Industrials,0.9873999953269958,,,,,,,,,,yfinance.info/recommendations
CF,Basic Materials,116.31999969482422,189.68263007781692,63.06966177395636,127.686,124.0,195.72,105.0,20.0,2.81818,1970-01-01,yfinance.info/recommendations
CFG,Financial Services,64.45999908447266,17.04798551145447,-73.55261285512327,80.64706,81.0,89.0,70.0,17.0,1.61111,1970-01-01,yfinance.info/recommendations
CFR,Financial Services,156.27000427246094,101.53611327603912,-35.025206053614625,173.85715,175.5,201.0,145.0,14.0,2.53333,1970-01-01,yfinance.info/recommendations
CGNX,Technology,58.775001525878906,15.396970037224992,-73.80353953636968,79.63158,80.0,92.0,65.0,19.0,1.85,1970-01-01,yfinance.info/recommendations
CHCO,Financial Services,141.0,140.77732146967617,-0.15792803569066172,140.4,146.0,147.0,128.0,5.0,3.0,1970-01-01,yfinance.info/recommendations
CHCT,Real Estate,14.359999656677246,30.85359595996335,114.85791572158402,17.5,17.5,18.0,17.0,4.0,2.25,1970-01-01,yfinance.info/recommendations
CHD,Consumer Defensive,95.41999816894533,44.58745677848908,-53.272419163596076,105.10526,107.0,115.0,78.0,19.0,2.2381,1970-01-01,yfinance.info/recommendations
CHDN,Consumer Cyclical,76.90499877929688,52.965256683378335,-31.128980529108613,130.83333,128.0,157.0,100.0,12.0,1.25,1970-01-01,yfinance.info/recommendations
CHEF,Consumer Defensive,112.9800033569336,24.92858707616456,-77.93539888876744,122.0,125.0,131.0,104.0,8.0,1.25,1970-01-01,yfinance.info/recommendations
CHGG,Consumer Defensive,0.7246000170707703,-0.0474228440421494,-106.54469264765663,2.79167,2.5,4.0,2.0,6.0,,1970-01-01,yfinance.info/recommendations
CHMI,Real Estate,2.740000009536743,0.5803309392781212,-78.82003878619552,3.1,3.1,3.1,3.1,1.0,,1970-01-01,yfinance.info/recommendations
CHPT,Consumer Cyclical,8.824999809265137,-39.99380710747359,-553.1876257434606,7.5,7.5,9.0,6.5,5.0,3.0,1970-01-01,yfinance.info/recommendations
CHRW,Industrials,149.22999572753906,60.23182475754327,-59.63825874021115,197.56,209.0,237.0,91.0,25.0,1.76,1970-01-01,yfinance.info/recommendations
CHTR,Communication Services,112.19000244140624,397.74300426666434,254.5262461995173,178.05263,150.0,380.0,101.0,19.0,3.0,1970-01-01,yfinance.info/recommendations
CHWY,Consumer Cyclical,18.57999992370605,10.997886769437669,-40.80792887730013,28.81818,29.0,36.0,21.0,22.0,,1970-01-01,yfinance.info/recommendations
CHYM,Technology,26.57999992370605,4.064448670750505,-84.70862045742325,39.40909,40.0,50.0,30.0,22.0,1.43478,1970-01-01,yfinance.info/recommendations
CI,Healthcare,272.17498779296875,338.6898126384216,24.438257675627295,341.83334,343.0,400.0,290.0,24.0,1.75,1970-01-01,yfinance.info/recommendations
CIA,Financial Services,3.609999895095825,9.928307403832552,175.0223737490998,5.25,5.25,5.5,5.0,2.0,,1970-01-01,yfinance.info/recommendations
CIEN,Technology,348.92498779296875,52.04747037703461,-85.08347862781427,516.83234,548.0,660.0,347.0,19.0,1.75,1970-01-01,yfinance.info/recommendations
CIFR,Technology,16.75,-29.888156752904944,-278.4367567337609,30.93182,28.0,69.0,18.0,22.0,1.40909,1970-01-01,yfinance.info/recommendations
CIM,Real Estate,10.279999732971191,,,14.16667,14.0,15.5,13.0,3.0,,1970-01-01,yfinance.info/recommendations
CINF,Financial Services,161.5,150.74680367531468,-6.658325897637969,191.66667,192.5,200.0,177.0,6.0,,1970-01-01,yfinance.info/recommendations
CION,Financial Services,7.244999885559082,2.483768057431238,-65.71748658848226,8.75,8.75,9.0,8.5,2.0,,1970-01-01,yfinance.info/recommendations
CISO,Technology,0.2014999985694885,,,,,,,,,,yfinance.info/recommendations
CJMB,Industrials,2.220000028610229,-11.655268934049566,-625.0121073802883,,,,,,,,yfinance.info/recommendations
CL,Consumer Defensive,86.3550033569336,40.849384337590415,-52.69598430939028,98.6,100.0,110.0,87.0,20.0,2.04762,1970-01-01,yfinance.info/recommendations
CLAR,Consumer Cyclical,3.470000028610229,0.2513277336124248,-92.75712589221263,3.5,3.25,4.5,3.0,5.0,,1970-01-01,yfinance.info/recommendations
CLH,Industrials,312.32000732421875,122.4317751941242,-60.799253226506224,359.93332,362.0,390.0,325.0,15.0,1.58824,1970-01-01,yfinance.info/recommendations
CLIR,Industrials,3.65,-6.039547227421901,-265.46704732662744,20.0,20.0,20.0,20.0,1.0,,1970-01-01,yfinance.info/recommendations
CLNE,Energy,1.5809999704360962,-1.035877278074555,-165.52038567014162,4.00833,3.375,7.0,1.8,6.0,1.66667,1970-01-01,yfinance.info/recommendations
CLRB,Healthcare,1.8799999952316284,,,11.5,10.5,15.0,10.0,4.0,,1970-01-01,yfinance.info/recommendations
CLS,Technology,369.4299926757813,75.36257281083238,-79.60031012507099,471.2034,475.0,550.0,375.0,17.0,1.2381,1970-01-01,yfinance.info/recommendations
CLSK,Financial Services,13.428400039672852,,,23.89286,24.0,27.0,21.0,14.0,1.28571,1970-01-01,yfinance.info/recommendations
CLX,Consumer Defensive,81.74500274658203,26.40959557483028,-67.69270941649759,100.76471,98.0,154.0,77.0,17.0,3.21053,1970-01-01,yfinance.info/recommendations
CLYM,Healthcare,11.510000228881836,,,27.57143,26.5,40.0,18.0,14.0,1.13333,1970-01-01,yfinance.info/recommendations
CMCSA,Communication Services,21.709999084472656,55.67545176835259,156.45073291676266,29.05609,29.0,44.0,18.0,23.0,2.64286,1970-01-01,yfinance.info/recommendations
CMDB,Industrials,22.170000076293945,18.18221390398393,-17.987307887175415,,,,,,,,yfinance.info/recommendations
CME,Financial Services,263.8099975585937,103.42952523696948,-60.793932681039806,283.6,285.0,330.0,230.0,15.0,2.625,1970-01-01,yfinance.info/recommendations
CMG,Consumer Cyclical,32.11009979248047,11.522888091321656,-64.11444322567917,44.01613,44.0,53.0,35.0,31.0,1.77143,1970-01-01,yfinance.info/recommendations
CMI,Industrials,519.1599731445312,264.1273403229158,-49.12409392366922,745.96,771.0,894.0,530.0,20.0,1.86957,1970-01-01,yfinance.info/recommendations
CMPX,Healthcare,1.118000030517578,-3.680986167679152,-429.24741209309633,5.5,6.0,12.0,1.0,12.0,1.53333,1970-01-01,yfinance.info/recommendations
CMRC,Technology,3.150000095367432,0.7980234813430732,-74.66592199420275,4.0,3.0,7.5,2.0,5.0,,1970-01-01,yfinance.info/recommendations
CMRE,Industrials,14.78499984741211,12.0429354718723,-18.546259072297296,20.0,20.0,21.0,19.0,2.0,,1970-01-01,yfinance.info/recommendations
CMS,Utilities,62.91999816894531,110.4730594516834,75.57702267418102,78.66667,78.0,87.0,68.0,12.0,2.26667,1970-01-01,yfinance.info/recommendations
CMTG,Real Estate,1.309999942779541,,,2.21667,2.15,2.75,1.75,3.0,,1970-01-01,yfinance.info/recommendations
CMTL,Technology,1.3739999532699585,3.840843041980764,179.53734880703664,4.25,4.25,6.0,2.5,2.0,,1970-01-01,yfinance.info/recommendations
CNA,Financial Services,45.459999084472656,61.27342025991957,34.78535304425062,49.0,49.0,49.0,49.0,1.0,,1970-01-01,yfinance.info/recommendations
CNC,Healthcare,61.93000030517578,58.30544146458281,-5.852670471067391,71.77778,70.5,85.0,56.0,18.0,2.38095,1970-01-01,yfinance.info/recommendations
CNET,Communication Services,1.9701000452041624,,,,,,,,,,yfinance.info/recommendations
CNK,Communication Services,38.2599983215332,19.52257021135544,-48.97393866228192,39.81818,40.0,44.0,34.0,11.0,2.0,1970-01-01,yfinance.info/recommendations
CNM,Industrials,42.2400016784668,30.1347250619902,-28.658324184318516,55.28571,56.0,75.0,40.0,14.0,2.2,1970-01-01,yfinance.info/recommendations
CNNE,Consumer Cyclical,15.729999542236328,-6.726487342759886,-142.76215854106493,16.75,16.75,17.5,16.0,2.0,,1970-01-01,yfinance.info/recommendations
CNP,Utilities,36.810001373291016,21.1209914841678,-42.62159550069186,45.23529,46.0,50.0,38.0,17.0,2.15789,1970-01-01,yfinance.info/recommendations
CNQ,Energy,47.23500061035156,86.073272351942,82.22350214827566,48.05663,46.1972,56.35352,43.4786,4.0,2.26087,1970-01-01,yfinance.info/recommendations
CNR,Energy,87.53500366210938,109.9281046638418,25.58188160723817,109.5,107.5,118.0,105.0,4.0,,1970-01-01,yfinance.info/recommendations
CNS,Financial Services,73.26000213623047,15.0214165333144,-79.49574652566709,76.33333,80.0,89.0,60.0,3.0,,1970-01-01,yfinance.info/recommendations
CNSP,Healthcare,5.11,,,10.0,10.0,10.0,10.0,1.0,,,yfinance.info/recommendations
CNTX,Healthcare,0.3260000050067901,-3.723930834024008,-1242.3100542426198,4.25111,5.0,6.0,2.0,9.0,,1970-01-01,yfinance.info/recommendations
CNVS,Communication Services,2.029900074005127,-4.577323935728838,-325.49503762997927,11.5,11.5,14.0,9.0,2.0,,1970-01-01,yfinance.info/recommendations
CNXC,Technology,25.11000061035156,-64.67425055931723,-357.56371560045034,36.25,35.0,45.0,30.0,4.0,1.75,1970-01-01,yfinance.info/recommendations
COCH,Healthcare,0.7001000046730042,,,2.0,2.0,2.0,2.0,2.0,,1970-01-01,yfinance.info/recommendations
COF,Financial Services,196.2400054931641,52.59861877540102,-73.19679101964086,259.0476,255.0,300.0,225.0,21.0,1.56522,1970-01-01,yfinance.info/recommendations
COGT,Healthcare,31.809999465942383,-20.61491006283496,-164.80638292655888,55.81818,55.0,62.0,45.0,11.0,1.33333,1970-01-01,yfinance.info/recommendations
COHU,Technology,67.52999877929688,2.71937894467197,-95.97308012168116,70.875,70.0,80.0,65.0,8.0,1.125,1970-01-01,yfinance.info/recommendations
COIN,Financial Services,192.72000122070312,,,207.1,205.0,330.0,95.0,31.0,1.97222,1970-01-01,yfinance.info/recommendations
COLB,Financial Services,28.950000762939453,17.632837034856685,-39.09210165745666,34.14286,35.0,37.0,30.0,14.0,2.28571,1970-01-01,yfinance.info/recommendations
COLD,Real Estate,14.68000030517578,,,16.38235,16.0,21.0,13.0,17.0,2.41176,1970-01-01,yfinance.info/recommendations
COLL,Healthcare,22.28499984741211,86.78930540778535,289.45167602441757,49.0,48.5,60.0,43.0,8.0,1.5,1970-01-01,yfinance.info/recommendations
COO,Healthcare,56.41999816894531,30.54477632796544,-45.86179135188648,66.21429,65.5,75.0,58.0,14.0,2.5,1970-01-01,yfinance.info/recommendations
COOK,Consumer Cyclical,47.06999969482422,-103.67082345121128,-320.2481923164551,62.33333,64.5,77.0,43.0,6.0,,1970-01-01,yfinance.info/recommendations
COP,Energy,125.3000030517578,158.2956617986594,26.33332637132663,146.08,146.0,189.0,126.0,25.0,1.74074,1970-01-01,yfinance.info/recommendations
COR,Healthcare,301.20001220703125,205.63749284865136,-31.727262777364874,369.25,365.0,430.0,330.0,12.0,1.71429,1970-01-01,yfinance.info/recommendations
CORT,Healthcare,115.30500030517578,5.608432616892512,-95.13600225311238,141.0,164.0,165.0,50.0,5.0,2.0,1970-01-01,yfinance.info/recommendations
COSM,Healthcare,0.3901999890804291,-0.9883190627858074,-353.2852615180603,4.5,4.5,4.5,4.5,1.0,,1970-01-01,yfinance.info/recommendations
COST,Consumer Defensive,920.2872924804688,296.06958223463573,-67.82856998528868,1057.0857,1065.0,1315.0,740.0,35.0,1.94872,1970-01-01,yfinance.info/recommendations
COTY,Consumer Defensive,2.6700000762939453,-1.7374251961115292,-165.07210286387468,2.68046,2.75,4.0,1.5,13.0,3.11765,1970-01-01,yfinance.info/recommendations
CPAY,Technology,392.1549987792969,204.81889903653516,-47.770932495034614,461.0,455.0,536.0,390.0,15.0,1.6875,1970-01-01,yfinance.info/recommendations
CPB,Consumer Defensive,20.21999931335449,18.28421970272457,-9.573588903889895,20.79412,19.0,41.5,16.0,17.0,3.3,1970-01-01,yfinance.info/recommendations
CPBI,Financial Services,19.8,4.215373652082224,-78.71023408039281,,,,,,,,yfinance.info/recommendations
CPNG,Consumer Cyclical,13.850000381469728,0.5870535469905084,-95.76134634786044,23.50556,24.0,30.0,12.0,18.0,1.72222,1970-01-01,yfinance.info/recommendations
CPRT,Industrials,27.21500015258789,21.23381373988756,-21.977535841136408,39.0,37.0,55.0,25.0,10.0,2.25,1970-01-01,yfinance.info/recommendations
CPT,Real Estate,98.80999755859376,135.21621625921657,36.84467118727952,115.42045,114.5,132.0,102.0,22.0,2.58333,1970-01-01,yfinance.info/recommendations
CR,Industrials,207.2899932861328,60.14130184982535,-70.9868764543741,237.2,241.0,253.0,192.0,10.0,1.3,1970-01-01,yfinance.info/recommendations
CRBU,Healthcare,1.2400000095367432,-7.374479846020202,-694.7161120406173,11.85714,10.0,32.0,4.0,7.0,,1970-01-01,yfinance.info/recommendations
CRCT,Technology,6.309999942779541,8.265420867645734,30.989238393001223,4.06667,4.0,4.5,3.7,3.0,,1970-01-01,yfinance.info/recommendations
CRD-A,Financial Services,12.250100135803224,1.3239003945807533,-89.19273818251162,15.0,15.0,15.0,15.0,1.0,,1970-01-01,yfinance.info/recommendations
CRD-B,Financial Services,11.989999771118164,1.3239003945807533,-88.95829508045696,14.0,14.0,14.0,14.0,1.0,,1970-01-01,yfinance.info/recommendations
CRDF,Healthcare,1.190000057220459,,,5.81429,6.0,12.0,1.2,7.0,2.16667,1970-01-01,yfinance.info/recommendations
CREG,Utilities,0.131,,,,,,,,,,yfinance.info/recommendations
CRL,Healthcare,293.0899963378906,-7.036598763575833,-102.4008321169255,301.2857,321.0,340.0,145.0,14.0,1.70588,1970-01-01,yfinance.info/recommendations
CRM,Technology,226.95530700683597,139.10188924227427,-38.70956750172646,281.0783,280.0,475.0,160.0,53.0,1.74074,1970-01-01,yfinance.info/recommendations
CRNC,Technology,7.789999961853027,7.471575832609294,-4.0876011656358076,10.75,11.0,12.0,9.0,4.0,,1970-01-01,yfinance.info/recommendations
CROX,Consumer Cyclical,121.77999877929688,125.75069292040428,3.2605470363844646,138.25,150.0,163.0,95.0,12.0,,1970-01-01,yfinance.info/recommendations
CRS,Industrials,391.1749877929688,116.21561309103365,-70.2906329091416,625.875,614.0,700.0,540.0,8.0,,1970-01-01,yfinance.info/recommendations
CRVO,Healthcare,2.75,,,15.4,15.0,25.0,7.0,5.0,1.0,1970-01-01,yfinance.info/recommendations
CRWD,Technology,258.0799865722656,12.123561937914808,-95.30240136054871,235.67,245.0,300.0,132.0,50.0,1.69811,1970-01-01,yfinance.info/recommendations
CRWS,Consumer Cyclical,2.5299999713897705,6.981983193516482,175.9677182795051,,,,,,,,yfinance.info/recommendations
CRWV,Technology,86.69000244140625,-143.8325119762913,-265.9159163982117,141.57895,147.5,317.0,39.0,38.0,1.85366,1970-01-01,yfinance.info/recommendations
CSCO,Technology,106.5500030517578,35.65734599037012,-66.53463634998754,137.25,135.0,170.0,115.0,24.0,1.82143,1970-01-01,yfinance.info/recommendations
CSGP,Real Estate,26.950000762939453,0.649362720353241,-97.59049090178054,37.3,36.0,53.0,25.0,20.0,2.09524,1970-01-01,yfinance.info/recommendations
CSL,Industrials,327.0400085449219,221.29231978426867,-32.334786569737936,410.375,411.0,475.0,340.0,8.0,2.2,1970-01-01,yfinance.info/recommendations
CSTL,Healthcare,35.0,0.1804843892631584,-99.48433031639098,45.11111,45.0,57.0,35.0,9.0,1.0,1970-01-01,yfinance.info/recommendations
CSV,Consumer Cyclical,31.46999931335449,4.039908547640975,-87.16266718847174,51.8,50.0,65.0,46.0,5.0,,1970-01-01,yfinance.info/recommendations
CSX,Industrials,46.89500045776367,16.080580243956078,-65.70939314002317,53.0596,54.0,60.0,32.0,23.0,1.92,1970-01-01,yfinance.info/recommendations
CTAS,Industrials,199.9900054931641,59.013102108243245,-70.49197435505826,218.25,224.5,250.0,180.0,16.0,2.2,1970-01-01,yfinance.info/recommendations
CTBI,Financial Services,74.91000366210938,37.51310949439492,-49.92243003537641,81.33333,81.0,82.0,81.0,3.0,,1970-01-01,yfinance.info/recommendations
CTEV,Healthcare,22.024999618530277,-120.12620842500895,-645.4084472443907,46.0,43.0,73.0,30.0,5.0,1.8,1970-01-01,yfinance.info/recommendations
CTKB,Healthcare,5.699999809265137,-1.179316409906774,-120.68976226963797,5.5625,5.0,7.5,4.75,4.0,,1970-01-01,yfinance.info/recommendations
CTO,Real Estate,20.600000381469727,34.69875040699682,68.44053283712225,24.6,25.0,25.0,24.0,5.0,,1970-01-01,yfinance.info/recommendations
CTOS,Industrials,9.36989974975586,-4.777601729743401,-150.9888243987657,13.33333,13.0,15.0,12.0,6.0,1.33333,1970-01-01,yfinance.info/recommendations
CTRE,Real Estate,37.2400016784668,15.872072333190214,-57.378969876986105,45.15385,45.0,49.0,43.0,13.0,1.30769,1970-01-01,yfinance.info/recommendations
CTRN,Consumer Cyclical,50.459999084472656,-0.8342804342348369,-101.65335007802558,91.0,91.0,101.0,81.0,2.0,,1970-01-01,yfinance.info/recommendations
CTS,Technology,59.15999984741211,38.79817047043167,-34.41823771044372,70.66667,67.0,80.0,65.0,3.0,,1970-01-01,yfinance.info/recommendations
CTSH,Technology,56.63999938964844,73.8465506530632,30.378798461921324,65.104,66.0,84.0,47.0,25.0,2.2069,1970-01-01,yfinance.info/recommendations
CTVA,Basic Materials,77.2699966430664,38.853439236860105,-49.71730176676991,92.6,95.0,103.0,78.0,20.0,1.7619,1970-01-01,yfinance.info/recommendations
CTXR,Healthcare,0.5580000281333923,,,4.0,4.0,4.0,4.0,1.0,,1970-01-01,yfinance.info/recommendations
CUBI,Financial Services,75.44999694824219,67.80836940535586,-10.128068723618892,94.09091,94.0,110.0,76.0,11.0,2.3,1970-01-01,yfinance.info/recommendations
CURI,Communication Services,2.914999961853028,,,5.33333,5.0,6.0,5.0,3.0,,1970-01-01,yfinance.info/recommendations
CURV,Consumer Cyclical,2.380000114440918,-0.0019873722705773,-100.08350303256368,2.17,2.5,3.0,0.85,5.0,,1970-01-01,yfinance.info/recommendations
CVBF,Financial Services,22.155000686645508,40.11837249018323,81.08043893840006,26.0,26.0,28.0,25.0,6.0,2.16667,1970-01-01,yfinance.info/recommendations
CVGI,Consumer Cyclical,2.9600000381469727,0.2337814322852512,-92.10197874079746,7.5,7.5,8.0,7.0,3.0,,1970-01-01,yfinance.info/recommendations
CVLG,Industrials,32.93000030517578,4.656698743674462,-85.85879532183745,51.75,52.0,60.0,43.0,4.0,1.6,1970-01-01,yfinance.info/recommendations
CVLT,Technology,145.13999938964844,41.91426081204186,-71.12149580522097,160.55293,160.0,200.0,130.0,17.0,1.84211,1970-01-01,yfinance.info/recommendations
CVNA,Consumer Cyclical,63.915000915527344,-0.8499532999391253,-101.32981817689787,82.975,83.0,120.0,60.0,20.0,2.0,1970-01-01,yfinance.info/recommendations
CVS,Healthcare,86.94000244140625,50.92543155864851,-41.42462603107238,116.28,116.0,148.0,103.0,25.0,1.40741,1970-01-01,yfinance.info/recommendations
CVX,Energy,204.9600067138672,212.20781623685036,3.5362067162211908,224.33333,227.0,250.0,175.0,24.0,1.72,1970-01-01,yfinance.info/recommendations
CWD,Financial Services,0.6837999820709229,,,,,,,,,,yfinance.info/recommendations
CXAI,Technology,2.470000028610229,-62.60674230587215,-2634.6858939551703,15.0,15.0,15.0,15.0,1.0,,1970-01-01,yfinance.info/recommendations
CXM,Technology,4.914999961853027,4.513856578121641,-8.16161519521456,8.4375,8.0,12.0,6.0,8.0,2.55556,1970-01-01,yfinance.info/recommendations
CXT,Industrials,47.67499923706055,30.84505426334133,-35.30140585851614,68.71429,65.0,85.0,56.0,7.0,1.42857,1970-01-01,yfinance.info/recommendations
CXW,Industrials,32.10499954223633,13.241005763122766,-58.75718438898181,41.8,42.0,45.0,40.0,5.0,1.0,1970-01-01,yfinance.info/recommendations
CYH,Healthcare,2.8866000175476074,-22.117566650111485,-866.2151498530818,3.15625,3.125,4.0,2.0,8.0,3.1,1970-01-01,yfinance.info/recommendations
CYN,Technology,0.6922000050544739,-18.15980786123662,-2723.4914372483286,5.0,5.0,5.0,5.0,1.0,,1970-01-01,yfinance.info/recommendations
CYRX,Industrials,17.139999389648438,-1.14004631839524,-106.65137899061862,19.33333,20.0,25.0,15.0,9.0,1.33333,1970-01-01,yfinance.info/recommendations
CZNC,Financial Services,25.489999771118164,5.242649584102262,-79.4325240047961,27.0,27.0,27.0,27.0,1.0,,1970-01-01,yfinance.info/recommendations
CZR,Consumer Cyclical,29.625,-26.93900449295443,-190.93334849942426,31.26667,31.0,35.0,31.0,15.0,2.93333,1970-01-01,yfinance.info/recommendations
D,Utilities,60.33000183105469,132.67089990912217,119.90866216223156,72.25,70.5,87.0,66.0,12.0,2.5,1970-01-01,yfinance.info/recommendations
DAC,Industrials,153.97999572753906,275.97935357165926,79.2306541298993,164.5,164.5,174.0,155.0,2.0,,1970-01-01,yfinance.info/recommendations
DAIO,Technology,2.9899001121521,-6.220678887839121,-308.0564117361613,5.5,5.5,5.5,5.5,1.0,,1970-01-01,yfinance.info/recommendations
DAL,Industrials,84.41419982910156,44.42397900705578,-47.37380784631837,102.9375,105.0,125.0,50.0,24.0,1.32,1970-01-01,yfinance.info/recommendations
DAN,Consumer Cyclical,27.100000381469727,17.71063980615274,-34.64708650608428,39.0,39.0,43.0,35.0,6.0,2.0,1970-01-01,yfinance.info/recommendations
DAR,Consumer Defensive,60.2599983215332,49.79829409305512,-17.360943444865175,81.58333,81.0,90.0,65.0,12.0,1.25,1970-01-01,yfinance.info/recommendations
DASH,Consumer Cyclical,182.30499267578125,41.33959878995808,-77.32393491632008,256.2642,260.0,350.0,172.0,43.0,1.64444,1970-01-01,yfinance.info/recommendations
DAVE,Technology,322.04998779296875,123.92089004328848,-61.52122504567472,444.2143,450.0,500.0,350.0,14.0,1.6,1970-01-01,yfinance.info/recommendations
DB,Financial Services,36.0099983215332,17.54582469921259,-51.27513047197071,40.5,40.5,43.0,38.0,2.0,,1970-01-01,yfinance.info/recommendations
DBD,Technology,61.19499969482422,65.1809874725725,6.513584112470233,98.33333,100.0,100.0,95.0,3.0,,1970-01-01,yfinance.info/recommendations
DBGI,Consumer Cyclical,4.630000114440918,,,,,,,,,,yfinance.info/recommendations
DBI,Consumer Cyclical,6.204999923706055,3.839447881293149,-38.12332105557923,6.75,6.75,7.0,6.5,2.0,,1970-01-01,yfinance.info/recommendations
DD,Basic Materials,130.22000122070312,41.18749523478419,-68.37083792913067,170.0,171.0,186.0,156.0,16.0,,1970-01-01,yfinance.info/recommendations
DDOG,Technology,263.2300109863281,12.95969157304281,-95.07666640118937,286.25696,297.5,340.0,158.0,46.0,1.5,1970-01-01,yfinance.info/recommendations
DDS,Consumer Cyclical,680.0399780273438,522.783623342206,-23.124574990621298,545.6667,519.0,650.0,468.0,3.0,,1970-01-01,yfinance.info/recommendations
DE,Industrials,681.657470703125,97.01966215795012,-85.76709471725219,691.8339,728.0,813.18,500.0,23.0,1.96,1970-01-01,yfinance.info/recommendations
DECK,Consumer Cyclical,78.04000091552734,98.31827574344616,25.984462570507382,120.40909,118.5,184.0,70.0,22.0,,1970-01-01,yfinance.info/recommendations
DEI,Real Estate,9.65999984741211,,,13.1,13.0,16.0,11.0,10.0,2.91667,1970-01-01,yfinance.info/recommendations
DELL,Technology,547.5700073242188,163.17969296537507,-70.19930040310707,577.36,600.0,735.0,480.0,25.0,1.82759,1970-01-01,yfinance.info/recommendations
DFIN,Technology,47.52000045776367,49.4909470861225,4.147614918713293,64.0,62.0,70.0,60.0,3.0,1.66667,1970-01-01,yfinance.info/recommendations
DG,Consumer Defensive,123.06999969482422,70.03589856827688,-43.09263123267703,140.93103,140.0,176.0,90.0,29.0,2.43333,1970-01-01,yfinance.info/recommendations
DGX,Healthcare,234.92999267578125,118.72688210787334,-49.46286731821245,247.73334,250.0,265.0,204.0,15.0,2.11765,1970-01-01,yfinance.info/recommendations
DHI,Consumer Cyclical,139.5500030517578,99.76883839934293,-28.50674581329849,158.91667,155.0,206.0,125.0,12.0,2.61111,1970-01-01,yfinance.info/recommendations
DHR,Healthcare,224.375,62.932372259649775,-71.95214606812266,230.8261,230.0,310.0,195.0,23.0,1.5,1970-01-01,yfinance.info/recommendations
DIN,Consumer Cyclical,28.75,-59.00589491533464,-305.2378953576857,36.33333,38.0,38.0,33.0,3.0,3.0,1970-01-01,yfinance.info/recommendations
DINO,Energy,105.875,110.35110161361656,4.227722893616589,102.33333,95.0,140.0,73.0,15.0,2.5625,1970-01-01,yfinance.info/recommendations
DIOD,Technology,98.06500244140624,43.035238523769394,-56.11559939593851,162.5,162.5,192.0,133.0,2.0,,1970-01-01,yfinance.info/recommendations
DIS,Communication Services,105.3499984741211,51.47991124310492,-51.13439773257254,126.61406,127.5,144.0,88.0,32.0,1.48485,1970-01-01,yfinance.info/recommendations
DKNG,Consumer Cyclical,20.88999938964844,3.098079947290065,-85.16955462992858,35.11806,33.0,76.0,20.0,36.0,1.54054,1970-01-01,yfinance.info/recommendations
DLB,Industrials,57.94499969482422,45.16430255725445,-22.056600577929363,79.0,85.0,90.0,62.0,3.0,,1970-01-01,yfinance.info/recommendations
DLPN,Communication Services,1.0700000524520874,-2.382347109180718,-322.64925162584467,3.0,3.0,3.0,3.0,1.0,,1970-01-01,yfinance.info/recommendations
DLR,Real Estate,177.6699981689453,5.195939131176704,-97.07551123727939,223.4375,224.5,250.0,190.0,32.0,1.44118,1970-01-01,yfinance.info/recommendations
DLTR,Consumer Defensive,114.44000244140624,102.59721292284262,-10.348470172942523,136.6,140.0,170.0,98.0,25.0,2.53571,1970-01-01,yfinance.info/recommendations
DNOW,Industrials,16.0,-3.353531988274886,-120.95957492671805,18.75,19.0,19.0,18.0,4.0,,1970-01-01,yfinance.info/recommendations
DNUT,Consumer Defensive,2.924999952316284,-3.2890939264961627,-212.44765743984217,4.08333,4.0,5.0,3.0,6.0,2.85714,1970-01-01,yfinance.info/recommendations
DOC,Real Estate,20.07999992370605,1.144679169062649,-94.29940650691306,22.94737,22.0,29.0,17.0,19.0,2.40909,1970-01-01,yfinance.info/recommendations
DOCN,Technology,137.67999267578125,9.221421551837672,-93.30227916734937,175.2,175.0,200.0,140.0,15.0,1.52941,1970-01-01,yfinance.info/recommendations
DORM,Consumer Cyclical,123.29000091552734,89.55337207971756,-27.363637428249003,161.625,160.5,170.0,154.0,8.0,1.5,1970-01-01,yfinance.info/recommendations
DOV,Industrials,190.50250244140625,103.41698811983964,-45.71358024462272,243.78947,247.0,288.0,168.0,19.0,1.57895,1970-01-01,yfinance.info/recommendations
DOW,Basic Materials,27.665000915527344,7.606206227130301,-72.50603298241273,34.3125,34.0,41.0,29.0,16.0,2.47368,1970-01-01,yfinance.info/recommendations
DPZ,Consumer Cyclical,297.875,115.82386093011009,-61.116622432191335,377.8889,375.0,450.0,270.0,27.0,2.13333,1970-01-01,yfinance.info/recommendations
DRCT,Communication Services,1.5300999879837036,,,32.0,32.0,32.0,32.0,1.0,,1970-01-01,yfinance.info/recommendations
DRI,Consumer Cyclical,197.7100067138672,100.33571427907634,-49.25106930764224,234.41667,238.5,276.0,163.0,24.0,1.85185,1970-01-01,yfinance.info/recommendations
DRIO,Healthcare,6.635000228881836,-28.736735881665204,-533.1082877220648,13.6,10.0,28.0,8.0,5.0,1.4,1970-01-01,yfinance.info/recommendations
DRMA,Healthcare,1.1200000047683716,,,4.0,4.0,4.0,4.0,1.0,,1970-01-01,yfinance.info/recommendations
DRUG,Healthcare,50.90499877929688,,,166.77058,141.8591,217.1169,141.33575,3.0,1.125,1970-01-01,yfinance.info/recommendations
DRVN,Consumer Cyclical,12.020000457763672,4.576732881333519,-61.924020740137124,16.09167,15.5,22.0,12.0,12.0,2.23077,1970-01-01,yfinance.info/recommendations
DSGR,Industrials,34.9900016784668,3.7954833221904143,-89.15266321771516,35.0,35.0,35.0,35.0,2.0,,1970-01-01,yfinance.info/recommendations
DT,Technology,57.209999084472656,17.393036935740355,-69.59790733424256,59.70588,61.0,71.0,42.0,34.0,1.75,1970-01-01,yfinance.info/recommendations
DTE,Utilities,121.66999816894533,267.1187468173996,119.543643328153,154.42857,156.5,168.0,132.0,14.0,1.94118,1970-01-01,yfinance.info/recommendations
DTI,Energy,2.2950000762939453,1.406840484051608,-38.69976308134036,4.4,4.4,6.0,2.8,2.0,,1970-01-01,yfinance.info/recommendations
DUK,Utilities,113.33999633789062,60.34473570939972,-46.75777513747289,136.94444,136.5,147.0,127.0,18.0,2.04545,1970-01-01,yfinance.info/recommendations
DUOL,Technology,139.6300048828125,79.48993666523003,-43.07102063632836,134.2911,132.5,210.0,80.0,18.0,2.70833,1970-01-01,yfinance.info/recommendations
DUOT,Technology,9.029999732971191,0.6669541787343847,-92.61401773580195,25.5,25.5,27.0,24.0,2.0,,1970-01-01,yfinance.info/recommendations
DVA,Healthcare,174.82000732421875,125.54241184784496,-28.18761778506521,219.85715,220.0,270.0,165.0,7.0,2.375,1970-01-01,yfinance.info/recommendations
DVN,Energy,46.630001068115234,44.02777837579805,-5.580576094167276,60.39286,61.5,68.0,44.0,28.0,1.31034,1970-01-01,yfinance.info/recommendations
DX,Real Estate,11.460000038146973,9.527622519183067,-16.86193291912381,14.75,14.75,15.0,14.5,5.0,,1970-01-01,yfinance.info/recommendations
DXC,Technology,10.300000190734863,66.00769032510198,540.8513505123789,11.21429,11.0,14.0,9.0,7.0,,1970-01-01,yfinance.info/recommendations
DXCM,Healthcare,86.07499694824219,34.51502974646346,-59.90121293037313,94.48,94.0,115.0,79.0,25.0,1.32143,1970-01-01,yfinance.info/recommendations
DXPE,Industrials,189.59500122070312,74.52908049691456,-60.690376846931215,200.0,200.0,220.0,180.0,2.0,,1970-01-01,yfinance.info/recommendations
DY,Industrials,270.8500061035156,127.93856669795458,-52.76405249588291,520.9091,525.0,625.0,375.0,11.0,1.09091,1970-01-01,yfinance.info/recommendations
E,Energy,55.10390090942383,69.32177553001755,25.80193849427126,55.8,55.0,60.8,49.0,5.0,2.8,1970-01-01,yfinance.info/recommendations
EA,Communication Services,209.6999969482422,80.24853838570635,-61.731740794677656,205.46153,210.0,210.0,168.0,13.0,2.88235,1970-01-01,yfinance.info/recommendations
EAF,Industrials,9.760000228881836,-60.38839760610517,-718.7335675198403,8.0,8.0,9.0,7.0,2.0,2.75,1970-01-01,yfinance.info/recommendations
EBAY,Consumer Cyclical,107.2750015258789,49.41041899502748,-53.94041641369004,116.11111,118.0,145.0,71.0,27.0,2.53125,1970-01-01,yfinance.info/recommendations
EBC,Financial Services,21.01499938964844,73.02364731781914,247.48346152124608,25.125,25.5,27.0,22.0,8.0,1.75,1970-01-01,yfinance.info/recommendations
EBF,Industrials,22.43000030517578,27.531232047037527,22.742896444297518,24.0,24.0,24.0,24.0,1.0,,1970-01-01,yfinance.info/recommendations
EBMT,Financial Services,22.190000534057617,16.07031897076626,-27.578555277178836,25.0,25.0,26.0,24.0,3.0,,1970-01-01,yfinance.info/recommendations
ECG,Industrials,117.88999938964844,59.33241402669075,-49.671376423893214,176.0,176.0,200.0,152.0,6.0,,1970-01-01,yfinance.info/recommendations
ECL,Basic Materials,279.1099853515625,79.47612864328542,-71.52515753129414,324.9524,330.0,360.0,295.0,21.0,1.54167,1970-01-01,yfinance.info/recommendations
ECO,Industrials,79.8499984741211,,,75.0,75.0,75.0,75.0,1.0,,1970-01-01,yfinance.info/recommendations
ECOR,Healthcare,11.135000228881836,-12.157824672375392,-209.18567061041063,19.17,19.85,26.0,12.0,5.0,,1970-01-01,yfinance.info/recommendations
ED,Utilities,103.0999984741211,26.80312663183706,-74.00278658727153,110.03125,111.0,130.0,94.0,16.0,3.33333,1970-01-01,yfinance.info/recommendations
EEFT,Technology,64.33000183105469,118.20084152029744,83.74139306061255,86.66667,90.0,94.0,70.0,6.0,,1970-01-01,yfinance.info/recommendations
EFSC,Financial Services,59.90999984741211,123.42005266882272,106.00910195821676,71.28571,72.0,74.0,68.0,7.0,1.85714,1970-01-01,yfinance.info/recommendations
EFX,Industrials,141.07000732421875,79.06601412713187,-43.952640517402244,214.38095,210.0,245.0,179.0,21.0,1.66667,1970-01-01,yfinance.info/recommendations
EG,Financial Services,366.7900085449219,286.4789074940357,-21.895662144529283,411.375,407.0,480.0,375.0,16.0,2.41176,1970-01-01,yfinance.info/recommendations
EGP,Real Estate,202.55999755859372,24.234622869860853,-88.03582979761312,227.9,230.5,268.0,185.0,20.0,1.75,1970-01-01,yfinance.info/recommendations
EHC,Healthcare,123.16999816894533,72.63820539898256,-41.02605628089005,148.16667,150.0,155.0,140.0,12.0,1.07692,1970-01-01,yfinance.info/recommendations
EIG,Financial Services,47.79999923706055,2.444208252047677,-94.88659353334754,54.0,54.0,59.0,49.0,2.0,,1970-01-01,yfinance.info/recommendations
EIX,Utilities,52.02000045776367,268.9664063317866,417.04422138590155,66.35714,62.5,86.0,50.0,14.0,3.0,1970-01-01,yfinance.info/recommendations
EL,Consumer Defensive,95.53500366210938,22.7761231388982,-76.15939470787757,107.48286,107.0,127.0,70.0,28.0,2.26667,1970-01-01,yfinance.info/recommendations
ELAN,Healthcare,22.280000686645508,3.5176430847505307,-84.21165630008717,31.0,31.0,34.0,26.0,13.0,1.5,1970-01-01,yfinance.info/recommendations
ELDN,Healthcare,2.575000047683716,,,9.0,8.0,12.0,7.0,5.0,1.0,1970-01-01,yfinance.info/recommendations
ELF,Consumer Defensive,101.95999908447266,27.00917267902852,-73.51003048102056,102.125,102.5,127.0,65.0,16.0,1.72222,1970-01-01,yfinance.info/recommendations
ELTX,Healthcare,1.7999999523162842,,,13.66667,10.0,23.0,8.0,3.0,1.5,1970-01-01,yfinance.info/recommendations
ELUT,Healthcare,0.81,-5.906847409119174,-829.2404208789103,5.0,5.0,5.0,5.0,1.0,,1970-01-01,yfinance.info/recommendations
ELV,Healthcare,390.4500122070313,,,451.38095,460.0,492.0,393.0,21.0,1.81818,1970-01-01,yfinance.info/recommendations
EMBJ,Industrials,77.12000274658203,28.39058992602731,-63.18647702941688,92.93333,90.0,106.0,80.0,15.0,1.46667,1970-01-01,yfinance.info/recommendations
EME,Industrials,766.5800170898438,389.3610434917245,-49.20803636783411,1033.2858,1047.0,1200.0,885.0,7.0,,1970-01-01,yfinance.info/recommendations
EMN,Basic Materials,65.80000305175781,35.81228089121845,-45.57404372299381,81.6,80.0,100.0,74.0,15.0,2.0625,1970-01-01,yfinance.info/recommendations
EMPD,Consumer Cyclical,3.055000066757202,-130.4666261694884,-4370.593234650077,6.0,6.0,6.0,6.0,1.0,,,yfinance.info/recommendations
EMR,Industrials,157.50999450683594,57.4750007707177,-63.510251555355566,173.49963,178.0,205.0,104.0,28.0,1.9,1970-01-01,yfinance.info/recommendations
ENGN,Healthcare,1.9450000524520876,-17.884542550004543,-1019.5137309871668,3.28571,4.0,5.0,2.0,7.0,2.7,1970-01-01,yfinance.info/recommendations
ENOV,Healthcare,18.325000762939453,-84.30943567878904,-560.0787567185085,38.33333,36.5,52.0,24.0,12.0,,1970-01-01,yfinance.info/recommendations
ENPH,Technology,31.03499984741211,13.025751953914174,-58.028831906050925,51.71481,44.0,212.0,27.0,27.0,2.33333,1970-01-01,yfinance.info/recommendations
ENS,Industrials,180.19000244140625,154.6152618063049,-14.193207330366564,252.584,265.0,280.0,202.92,5.0,1.8,1970-01-01,yfinance.info/recommendations
ENTG,Technology,155.67999267578125,23.23492780607807,-85.07519983350265,173.36365,170.0,215.0,120.0,11.0,,1970-01-01,yfinance.info/recommendations
ENVA,Financial Services,171.63999938964844,43.76327278309968,-74.50287057869855,241.0,220.5,300.0,205.0,6.0,1.33333,1970-01-01,yfinance.info/recommendations
EOG,Energy,139.8699951171875,206.27031855763744,47.47288607883174,162.0,157.5,193.0,134.0,28.0,2.34375,1970-01-01,yfinance.info/recommendations
EPAC,Industrials,34.904998779296875,25.063345219907085,-28.195541909679562,48.0,48.0,50.0,46.0,2.0,,1970-01-01,yfinance.info/recommendations
EPAM,Technology,107.41999816894533,119.92945750123437,11.64537287797634,122.82353,120.0,200.0,94.0,17.0,2.15789,1970-01-01,yfinance.info/recommendations
EPC,Consumer Defensive,28.30500030517578,-3.026319795230133,-110.69182039428118,32.16667,32.0,35.0,29.0,6.0,,1970-01-01,yfinance.info/recommendations
EPD,Energy,36.75,19.48698816280996,-46.97418186990487,41.47619,41.0,46.0,38.0,21.0,2.34783,1970-01-01,yfinance.info/recommendations
EPRT,Real Estate,26.350000381469727,18.2441169409994,-30.76236555264218,36.4,37.0,40.0,30.0,20.0,1.25,1970-01-01,yfinance.info/recommendations
EQBK,Financial Services,48.040000915527344,5.686976424521869,-88.1619976766409,56.85714,56.0,61.0,53.0,7.0,2.28571,1970-01-01,yfinance.info/recommendations
EQH,Financial Services,51.93000030517578,,,62.09091,62.0,68.0,52.0,11.0,,1970-01-01,yfinance.info/recommendations
EQIX,Real Estate,1018.9349975585938,66.54358900350125,-93.46929989028328,1233.4839,1240.0,1380.0,1060.0,31.0,1.5,1970-01-01,yfinance.info/recommendations
EQT,Energy,49.47499847412109,77.39524558724571,56.433042898887365,67.57692,67.5,81.0,52.0,26.0,1.46154,1970-01-01,yfinance.info/recommendations
ERAS,Healthcare,13.914999961853027,-5.577002745633884,-140.0790712247419,24.11111,22.0,33.0,20.0,9.0,,1970-01-01,yfinance.info/recommendations
ERIE,Financial Services,220.7050018310547,202.559455075854,-8.221629145084233,,,,,,,1970-01-01,yfinance.info/recommendations
ES,Utilities,63.36000061035156,176.28448291340658,178.22676959476823,73.58333,74.5,85.0,52.0,12.0,2.6875,1970-01-01,yfinance.info/recommendations
ESE,Technology,264.2699890136719,92.3274044609766,-65.06322764625382,390.75,399.0,420.0,345.0,4.0,,1970-01-01,yfinance.info/recommendations
ESEA,Industrials,70.6500015258789,194.74482891684647,175.6473102771441,89.0,90.0,92.0,85.0,3.0,,1970-01-01,yfinance.info/recommendations
ESLA,Healthcare,0.4700999855995178,,,12.0,12.0,12.0,12.0,1.0,,1970-01-01,yfinance.info/recommendations
ESOA,Industrials,10.900099754333496,7.290959848430536,-33.111072258472625,25.0,25.0,30.0,20.0,3.0,1.0,1970-01-01,yfinance.info/recommendations
ESQ,Financial Services,119.4000015258789,87.11879812335245,-27.03618340869936,130.0,125.0,140.0,125.0,3.0,,1970-01-01,yfinance.info/recommendations
ESRT,Real Estate,4.082799911499023,1.1716121231830192,-71.30370949888517,5.4,5.0,7.0,5.0,5.0,2.66667,1970-01-01,yfinance.info/recommendations
ESS,Real Estate,273.7099914550781,293.10039090479216,7.084286308523902,304.07,300.0,352.0,239.0,25.0,2.57692,1970-01-01,yfinance.info/recommendations
ETD,Consumer Cyclical,21.209999084472656,20.42351578776182,-3.7080779380448146,22.0,22.0,22.0,22.0,1.0,3.0,1970-01-01,yfinance.info/recommendations
ETN,Industrials,435.5150146484375,79.23105714121002,-81.80750273210028,480.47192,488.5,534.0,333.0,26.0,1.5,1970-01-01,yfinance.info/recommendations
ETON,Healthcare,58.26499938964844,,,71.0,70.0,76.0,68.0,4.0,1.0,1970-01-01,yfinance.info/recommendations
ETR,Utilities,98.2699966430664,184.38285178546164,87.62883696350575,122.675,126.0,137.0,91.0,20.0,1.73913,1970-01-01,yfinance.info/recommendations
ETS,Industrials,1.6476000547409058,,,,,,,,,,yfinance.info/recommendations
ETSY,Consumer Cyclical,69.70999908447266,33.76206170859423,-51.56783509969309,88.18519,90.0,105.0,70.0,27.0,2.43333,1970-01-01,yfinance.info/recommendations
EVER,Communication Services,18.84000015258789,31.566224796191804,67.54896252936506,29.5,28.5,34.0,28.0,6.0,1.875,1970-01-01,yfinance.info/recommendations
EVGO,Consumer Cyclical,1.3550000190734863,-4.531178900267023,-434.40434217597465,3.5625,2.75,7.0,2.0,8.0,1.8,1970-01-01,yfinance.info/recommendations
EVH,Healthcare,3.630000114440918,-23.008919594324457,-733.8545142957447,5.75,6.0,8.0,3.0,12.0,1.71429,1970-01-01,yfinance.info/recommendations
EVLV,Industrials,4.65500020980835,0.6415174510008795,-86.21874496054444,9.85,10.0,11.25,8.0,5.0,,1970-01-01,yfinance.info/recommendations
EVMN,Healthcare,8.46500015258789,,,24.125,24.0,30.0,18.0,8.0,1.7,1970-01-01,yfinance.info/recommendations
EVRG,Utilities,77.99500274658203,20.14092388332777,-74.17664827993048,91.27273,91.0,103.0,80.0,11.0,1.92308,1970-01-01,yfinance.info/recommendations
EW,Healthcare,86.26000213623047,30.28553557310953,-64.89040711443576,100.96154,101.5,110.0,84.0,26.0,1.62069,1970-01-01,yfinance.info/recommendations
EWTX,Healthcare,39.04999923706055,-17.53451310021302,-144.90272328500285,52.61538,53.0,66.0,36.0,13.0,1.53846,1970-01-01,yfinance.info/recommendations
EXC,Utilities,40.32500076293945,35.0625178789894,-13.05017429481743,48.70588,48.0,58.0,41.0,17.0,2.7619,1970-01-01,yfinance.info/recommendations
EXE,Energy,84.34500122070312,205.56200772060876,143.71569713149995,125.51852,123.0,160.0,93.0,27.0,1.53571,1970-01-01,yfinance.info/recommendations
EXOZ,Healthcare,6.0,-8.774981940562032,-246.24969900936722,,,,,,,,yfinance.info/recommendations
EXP,Basic Materials,175.8925018310547,99.48191922218788,-43.44163725765832,220.5,222.0,237.0,196.0,10.0,3.0,1970-01-01,yfinance.info/recommendations
EXPD,Industrials,188.47000122070312,86.54206811158869,-54.0817808929466,178.07143,180.0,220.0,100.0,14.0,3.17647,1970-01-01,yfinance.info/recommendations
EXPE,Consumer Cyclical,259.2049865722656,314.5498083365652,21.35175811861536,338.83334,332.5,430.0,235.0,36.0,2.17949,1970-01-01,yfinance.info/recommendations
EXPO,Industrials,64.410400390625,26.779990247822287,-58.422878781358826,84.0,90.0,90.0,72.0,3.0,,1970-01-01,yfinance.info/recommendations
EXR,Real Estate,132.59500122070312,10.27967854823106,-92.24731064248746,158.5,157.5,178.0,140.0,20.0,2.2381,1970-01-01,yfinance.info/recommendations
EZPW,Financial Services,30.899999618530277,6.883594330777438,-77.72299541826064,40.8,40.0,45.0,36.0,5.0,1.6,1970-01-01,yfinance.info/recommendations
F,Consumer Cyclical,12.354999542236328,-25.10767547916474,-303.2187487610388,16.03,15.5,20.0,12.8,18.0,2.35,1970-01-01,yfinance.info/recommendations
FA,Industrials,18.21999931335449,7.824168535241374,-57.05725120688348,26.25,27.5,30.0,22.0,8.0,,1970-01-01,yfinance.info/recommendations
FANG,Energy,184.2550048828125,148.82674697191806,-19.22784020625495,234.51724,233.0,283.0,205.0,29.0,1.48387,1970-01-01,yfinance.info/recommendations
FAST,Industrials,50.47639846801758,14.316296750145836,-71.63764217604232,48.83846,49.0,59.0,39.9,13.0,2.72222,1970-01-01,yfinance.info/recommendations
FBK,Financial Services,52.275001525878906,12.347669350136533,-76.37939935013912,66.34375,67.0,67.5,65.0,8.0,1.25,1970-01-01,yfinance.info/recommendations
FBLA,Financial Services,16.514999389648438,,,,,,,,,,yfinance.info/recommendations
FBNC,Financial Services,63.060001373291016,10.86322926538461,-82.77318580905437,69.4,70.0,72.0,65.0,5.0,2.0,1970-01-01,yfinance.info/recommendations
FBP,Financial Services,26.559999465942383,10.26010402876076,-61.370089476405354,31.71429,31.0,33.0,30.0,7.0,,1970-01-01,yfinance.info/recommendations
FBRT,Real Estate,6.78000020980835,20.7297857860355,205.74904342991854,11.66667,12.0,13.0,10.0,3.0,2.0,1970-01-01,yfinance.info/recommendations
FBRX,Healthcare,76.98999786376953,,,73.0,77.0,77.0,61.0,4.0,2.5,1970-01-01,yfinance.info/recommendations
FBYD,Industrials,8.085000038146973,-2.541258093409439,-131.43176353023097,,,,,,,,yfinance.info/recommendations
FC,Consumer Defensive,16.969999313354492,12.65091815392065,-25.451274803735284,31.0,30.0,38.0,25.0,3.0,,1970-01-01,yfinance.info/recommendations
FCAP,Financial Services,61.11000061035156,37.04421963915299,-39.381084488357885,,,,,,,,yfinance.info/recommendations
FCF,Financial Services,20.450000762939453,8.590146155801303,-57.994396893281255,24.07143,24.0,25.0,23.5,7.0,2.0,1970-01-01,yfinance.info/recommendations
FCNCA,Financial Services,2073.929931640625,1007.4108793792228,-51.425028203229125,2339.3845,2323.0,2525.0,2100.0,13.0,2.69231,1970-01-01,yfinance.info/recommendations
FCUV,Technology,4.900000095367432,-120.85956685441153,-2566.521724533737,,,,,,,,yfinance.info/recommendations
FDS,Financial Services,267.8599853515625,362.5503170548422,35.35068202852321,270.0,278.5,340.0,210.0,16.0,3.22222,1970-01-01,yfinance.info/recommendations
FDX,Industrials,288.1600036621094,211.82072115556065,-26.491977212792733,355.14203,359.5,479.0,160.0,26.0,1.78571,1970-01-01,yfinance.info/recommendations
FE,Utilities,43.18999862670898,10.922211442105192,-74.71124846169634,52.91667,53.0,56.0,48.0,12.0,2.125,1970-01-01,yfinance.info/recommendations
FEMY,Healthcare,2.200000047683716,-16.49893689653405,-849.9516608604197,14.33333,10.0,23.0,10.0,3.0,1.66667,1970-01-01,yfinance.info/recommendations
FENC,Healthcare,10.914999961853027,,,17.66667,18.0,20.0,16.0,6.0,1.33333,1970-01-01,yfinance.info/recommendations
FERG,Industrials,226.2050018310547,96.69070890544684,-57.255273701833495,287.4762,290.0,325.0,235.0,21.0,1.86364,1970-01-01,yfinance.info/recommendations
FFAI,Consumer Cyclical,1.3949999809265137,-209.58431970284207,-15123.965775515135,48.0,48.0,66.0,30.0,2.0,,1970-01-01,yfinance.info/recommendations
FFIN,Financial Services,31.854999542236328,12.152318038407577,-61.851143578593046,36.28571,36.0,39.0,35.0,7.0,2.71429,1970-01-01,yfinance.info/recommendations
FFIV,Technology,430.010009765625,182.7268807332792,-57.506365762770585,436.1,438.0,515.0,300.0,10.0,,1970-01-01,yfinance.info/recommendations
FG,Financial Services,21.6200008392334,7.0996110571851245,-67.16183727291259,27.0,27.0,27.0,27.0,1.0,,1970-01-01,yfinance.info/recommendations
FGBI,Financial Services,8.130000114440918,,,9.0,9.0,9.0,9.0,1.0,,1970-01-01,yfinance.info/recommendations
FHI,Financial Services,57.290000915527344,46.38757654644183,-19.030239474355856,61.0,62.0,64.0,55.0,7.0,,1970-01-01,yfinance.info/recommendations
FHTX,Healthcare,3.5199999809265137,,,11.44444,12.0,14.0,9.0,9.0,1.1,1970-01-01,yfinance.info/recommendations
FIBK,Financial Services,36.29999923706055,24.35507306813546,-32.90613338837179,37.25,37.5,41.0,33.0,8.0,3.44444,1970-01-01,yfinance.info/recommendations
FICO,Technology,658.25,229.83514761320103,-65.08391225017836,1434.8932,1525.0,1750.0,696.0,19.0,2.0,1970-01-01,yfinance.info/recommendations
FIG,Technology,20.36849975585937,-13.928201875089616,-168.38108865176932,30.8,30.0,37.0,25.0,10.0,2.33333,1970-01-01,yfinance.info/recommendations
FIP,Industrials,2.875,-29.36972114866699,-1121.555518214504,9.9375,9.5,12.0,8.75,4.0,1.25,1970-01-01,yfinance.info/recommendations
FIS,Technology,33.9900016784668,22.812580692801184,-32.884437874996294,49.875,49.5,77.0,37.0,24.0,2.27586,1970-01-01,yfinance.info/recommendations
FITB,Financial Services,51.29999923706055,127.2413355659182,148.03379621494327,62.65,63.0,67.0,55.0,20.0,1.66667,1970-01-01,yfinance.info/recommendations
FIVE,Consumer Cyclical,223.58999633789065,120.52566394617226,-46.095234169585524,310.9524,300.0,420.0,254.0,21.0,1.72,1970-01-01,yfinance.info/recommendations
FIVN,Technology,34.13059997558594,10.49152785734603,-69.26064040816524,35.8,35.5,50.0,24.0,20.0,1.71429,1970-01-01,yfinance.info/recommendations
FIX,Industrials,1677.5,565.020847568704,-66.31768419858693,2197.0,2165.5,2500.0,1910.0,8.0,,1970-01-01,yfinance.info/recommendations
FIZZ,Consumer Defensive,29.6200008392334,23.04266334165053,-22.20573028772776,31.0,31.0,31.0,31.0,1.0,,1970-01-01,yfinance.info/recommendations
FKWL,Technology,2.4100000858306885,-1.6536469251073609,-168.6160525399888,6.0,6.0,6.0,6.0,1.0,,,yfinance.info/recommendations
FLG,Financial Services,12.010000228881836,0.3914149820853264,-96.74092444108331,16.17647,17.0,18.0,13.0,17.0,1.88889,1970-01-01,yfinance.info/recommendations
FLNT,Communication Services,3.174999952316284,-4.612122728994346,-245.26371018146395,5.0,5.0,5.5,4.5,2.0,,1970-01-01,yfinance.info/recommendations
FLOC,Energy,18.729999542236328,33.72883543196129,80.07921119219704,30.55556,31.0,34.0,27.0,9.0,1.55556,1970-01-01,yfinance.info/recommendations
FLR,Industrials,51.27000045776367,1.6103224471423103,-96.85913315239992,61.6875,65.5,71.0,50.0,8.0,2.11111,1970-01-01,yfinance.info/recommendations
FLWS,Consumer Cyclical,2.6700000762939453,-9.87778198135964,-469.95437075306575,4.5,4.5,5.0,4.0,2.0,,1970-01-01,yfinance.info/recommendations
FLYW,Technology,17.31999969482422,10.316171108311236,-40.437810103460656,21.15385,22.0,25.0,18.0,13.0,2.07143,1970-01-01,yfinance.info/recommendations
FMAO,Financial Services,34.849998474121094,9.852266195400505,-71.72950752719086,36.0,36.0,36.0,36.0,3.0,,1970-01-01,yfinance.info/recommendations
FMC,Basic Materials,9.350000381469728,-94.1756957677108,-1107.2266516090485,13.575,12.0,21.0,11.0,16.0,2.47059,1970-01-01,yfinance.info/recommendations
FNB,Financial Services,17.375,15.400494139107224,-11.364062508735403,20.94444,21.0,22.0,19.0,9.0,1.77778,1970-01-01,yfinance.info/recommendations
FNKO,Consumer Cyclical,5.434999942779541,6.910819760569957,27.153998773285355,7.5,8.0,8.0,6.5,3.0,1.66667,1970-01-01,yfinance.info/recommendations
FNV,Basic Materials,247.6150054931641,90.8256607058635,-63.31980748704225,286.97,280.0,330.73,256.0,9.0,1.66667,1970-01-01,yfinance.info/recommendations
FNWB,Financial Services,10.100000381469728,7.406624597862799,-26.667085959208602,15.0,15.0,15.0,15.0,2.0,1.5,1970-01-01,yfinance.info/recommendations
FNWD,Financial Services,42.470001220703125,92.92883688030304,118.81053498769955,38.0,38.0,38.0,38.0,1.0,,1970-01-01,yfinance.info/recommendations
FOR,Real Estate,26.299999237060547,129.01144739158468,390.5378370117543,34.0,34.0,35.0,33.0,2.0,2.0,1970-01-01,yfinance.info/recommendations
FORM,Technology,133.99000549316406,19.85585676082584,-85.18109116590875,138.625,157.5,175.0,64.0,8.0,2.0,1970-01-01,yfinance.info/recommendations
FOSL,Consumer Cyclical,6.079999923706055,-7.020576427539255,-215.47000848085327,9.0,8.0,12.0,7.0,3.0,1.33333,1970-01-01,yfinance.info/recommendations
FOUR,Technology,36.79999923706055,20.13860171049205,-45.27553769563434,55.04762,51.0,96.0,40.0,21.0,2.08333,1970-01-01,yfinance.info/recommendations
FOX,Communication Services,56.06999969482422,50.33194559737148,-10.23373306346284,,,,,,,,yfinance.info/recommendations
FOXA,Communication Services,62.619998931884766,50.33194559737148,-19.623209109089384,76.42222,77.0,112.0,52.6,18.0,2.0,1970-01-01,yfinance.info/recommendations
FPI,Real Estate,10.895000457763672,10.030042235670113,-7.9390379600874486,10.5,10.5,10.5,10.5,1.0,,1970-01-01,yfinance.info/recommendations
FRD,Basic Materials,39.44499969482422,15.1472506726803,-61.59905998258165,,,,,,,,yfinance.info/recommendations
FRHC,Financial Services,170.46499633789062,137.71682598486478,-19.211082073479414,,,,,,,,yfinance.info/recommendations
FRMI,Real Estate,4.389999866485596,,,17.125,13.5,35.0,6.0,8.0,1.625,1970-01-01,yfinance.info/recommendations
FRPT,Consumer Defensive,57.7599983215332,29.5798539068456,-48.78834008584435,84.25,83.5,104.0,70.0,16.0,1.64706,1970-01-01,yfinance.info/recommendations
FRT,Real Estate,109.36000061035156,125.64087667952867,14.88741402552263,132.0,134.0,149.0,117.0,19.0,1.89474,1970-01-01,yfinance.info/recommendations
FSBW,Financial Services,44.5,67.23459099291662,51.08896852340814,45.0,45.0,45.0,45.0,2.0,,1970-01-01,yfinance.info/recommendations
FSLR,Technology,173.60499572753906,173.66889448864822,0.03680698291047026,276.17133,274.5,402.0,197.0,30.0,1.86111,1970-01-01,yfinance.info/recommendations
FSS,Industrials,114.40499877929688,58.83349071489239,-48.57437057589558,145.625,146.5,155.0,132.0,8.0,,1970-01-01,yfinance.info/recommendations
FTAI,Industrials,171.1999969482422,-9.159175963824891,-105.34998605554526,364.1,337.5,600.0,290.0,10.0,1.4,1970-01-01,yfinance.info/recommendations
FTCI,Technology,2.5660998821258545,-17.818144277661172,-794.366747053507,8.9,6.0,20.0,3.6,4.0,1.0,1970-01-01,yfinance.info/recommendations
FTEK,Industrials,1.600000023841858,-0.5883578079725285,-136.7723624503321,4.0,4.0,4.0,4.0,1.0,,1970-01-01,yfinance.info/recommendations
FTFT,Technology,3.976099967956543,,,,,,,,,,yfinance.info/recommendations
FTLF,Consumer Defensive,9.164999961853027,8.113324300757483,-11.4749117891203,17.5,17.5,18.0,17.0,2.0,,1970-01-01,yfinance.info/recommendations
FTNT,Technology,173.89999389648438,41.26932037392033,-76.26836007913475,164.31944,165.0,220.0,104.0,36.0,2.77273,1970-01-01,yfinance.info/recommendations
FTV,Technology,55.290000915527344,25.12009735241423,-54.56665412107158,64.0,64.0,72.0,51.0,14.0,2.75,1970-01-01,yfinance.info/recommendations
FUBO,Communication Services,9.399999618530272,-109.24441973048988,-1262.174725147177,17.0,17.0,23.0,12.0,8.0,1.7,1970-01-01,yfinance.info/recommendations
FUL,Basic Materials,49.84999847412109,34.176058595920225,-31.44220733795561,68.28571,66.0,80.0,62.0,7.0,1.42857,1970-01-01,yfinance.info/recommendations
FULC,Healthcare,3.734999895095825,-6.832348991213329,-282.92768897221185,3.66667,4.0,4.0,3.0,3.0,3.2,1970-01-01,yfinance.info/recommendations
FUN,Consumer Cyclical,11.899999618530272,-98.31219797287548,-926.1529506252009,20.69231,22.0,28.0,10.0,13.0,2.14286,1970-01-01,yfinance.info/recommendations
FUNC,Financial Services,44.150001525878906,71.74440312070914,62.501473705851474,50.0,50.0,50.0,50.0,2.0,,1970-01-01,yfinance.info/recommendations
FUSB,Financial Services,16.600000381469727,4.675876656091207,-71.83206898410194,,,,,,,,yfinance.info/recommendations
FWONK,Communication Services,93.75499725341795,23.5247601527776,-74.90825999472793,119.82353,120.0,134.0,105.0,17.0,1.41176,1970-01-01,yfinance.info/recommendations
G,Technology,32.61009979248047,41.94898726109521,28.63802174186596,42.18182,43.0,58.0,31.0,11.0,,1970-01-01,yfinance.info/recommendations
GABC,Financial Services,49.02000045776367,30.74098604115572,-37.28889075053643,56.2,56.0,60.0,51.0,5.0,2.16667,1970-01-01,yfinance.info/recommendations
GANX,Healthcare,1.6799999475479126,,,7.2,8.0,8.0,5.0,5.0,,1970-01-01,yfinance.info/recommendations
GAP,Consumer Cyclical,22.774999618530277,30.641542877945646,34.54025638277054,26.51053,27.0,42.0,21.0,19.0,2.28571,1970-01-01,yfinance.info/recommendations
GASS,Industrials,8.949999809265137,,,14.0,14.0,14.0,14.0,1.0,,1970-01-01,yfinance.info/recommendations
GBFH,Financial Services,19.049999237060547,32.38619244310149,70.00626635247438,32.0,35.0,35.0,26.0,3.0,,1970-01-01,yfinance.info/recommendations
GBX,Industrials,42.09999847412109,-15.252929298502195,-136.23023717655997,45.33333,42.0,52.0,42.0,3.0,4.0,1970-01-01,yfinance.info/recommendations
GCBC,Financial Services,34.31,12.927207523201156,-62.32233307140439,,,,,,,,yfinance.info/recommendations
GCMG,Financial Services,12.920000076293944,1.3099082209282569,-89.861391538753,15.5,16.0,17.0,13.0,4.0,,1970-01-01,yfinance.info/recommendations
GCTK,Healthcare,1.8200000524520876,,,,,,,,,,yfinance.info/recommendations
GD,Industrials,334.4849853515625,231.22892035319305,-30.870164437976648,420.25525,430.0,465.0,319.0,21.0,2.08333,1970-01-01,yfinance.info/recommendations
GDC,Communication Services,1.2699999809265137,,,,,,,,,,yfinance.info/recommendations
GDDY,Technology,93.95249938964844,95.7828340113495,1.9481489407856236,106.75,100.0,170.0,76.0,16.0,2.38889,1970-01-01,yfinance.info/recommendations
GDOT,Financial Services,12.3149995803833,,,16.125,16.125,18.0,14.25,2.0,,1970-01-01,yfinance.info/recommendations
GDRX,Healthcare,3.2799999713897705,3.1914829192115923,-2.6986906387280416,3.95,4.0,5.0,2.65,12.0,2.64286,1970-01-01,yfinance.info/recommendations
GE,Industrials,319.7799987792969,87.92001863033367,-72.50609201139763,397.2857,400.0,450.0,347.0,21.0,1.54545,1970-01-01,yfinance.info/recommendations
GEF,Consumer Cyclical,81.5999984741211,70.47274724267405,-13.636337548432653,87.2,90.0,100.0,74.0,5.0,2.83333,1970-01-01,yfinance.info/recommendations
GEF-B,Consumer Cyclical,106.26000213623048,105.7091217937608,-0.5184268129069175,,,,,,,,yfinance.info/recommendations
GEHC,Healthcare,66.54000091552734,42.356800926899965,-36.34385280416211,83.05263,84.0,96.0,70.0,19.0,1.75,1970-01-01,yfinance.info/recommendations
GEN,Technology,20.44499969482422,20.12678621774038,-1.5564366927547333,32.55556,32.0,46.0,25.0,9.0,2.2,1970-01-01,yfinance.info/recommendations
GETY,Communication Services,0.0829000025987625,-3.6653162674411455,-4521.370509698706,,,,,,,1970-01-01,yfinance.info/recommendations
GEV,Industrials,961.9476928710938,292.06853008458904,-69.63779504342261,1237.341,1250.0,1450.0,940.0,33.0,1.54054,1970-01-01,yfinance.info/recommendations
GEVO,Basic Materials,1.3550000190734863,-5.142461947540111,-479.5174815610993,5.175,2.5,14.0,1.7,4.0,2.0,1970-01-01,yfinance.info/recommendations
GFF,Industrials,96.5,53.53725326158865,-44.52098107607394,127.0,125.0,135.0,120.0,7.0,,1970-01-01,yfinance.info/recommendations
GGB,Basic Materials,4.739999771118164,29.22923224714882,516.6504991255232,5.60301,5.583007,6.393496,4.95028,5.0,,1970-01-01,yfinance.info/recommendations
GIFT,Communication Services,0.6258000135421753,,,4.0,4.0,4.0,4.0,1.0,,1970-01-01,yfinance.info/recommendations
GIII,Consumer Cyclical,27.09000015258789,56.64881794113629,109.11339100057063,37.33333,40.0,40.0,32.0,3.0,,1970-01-01,yfinance.info/recommendations
GIL,Consumer Cyclical,42.22999954223633,5.6918691587275205,-86.52173994689534,82.0,82.0,111.0,54.0,8.0,1.69231,1970-01-01,yfinance.info/recommendations
GILD,Healthcare,150.86000061035156,34.316584605180886,-77.2526949049832,158.65385,163.5,180.0,123.0,26.0,1.7037,1970-01-01,yfinance.info/recommendations
GIPR,Real Estate,0.3939999938011169,,,,,,,,,1970-01-01,yfinance.info/recommendations
GIS,Consumer Defensive,34.005001068115234,-7.028851342988948,-120.67005182240547,37.22222,37.5,47.0,30.0,18.0,3.05,1970-01-01,yfinance.info/recommendations
GL,Financial Services,165.5800018310547,231.6676689841842,39.91283151485912,193.90909,192.0,225.0,166.0,11.0,,1970-01-01,yfinance.info/recommendations
GLBZ,Financial Services,4.44,0.1771165400034548,-96.01088873866092,,,,,,,,yfinance.info/recommendations
GLPI,Real Estate,38.630001068115234,16.54372042993799,-57.17390636162061,52.3913,52.0,63.0,43.0,23.0,2.0,1970-01-01,yfinance.info/recommendations
GLW,Technology,158.97999572753906,28.59045815898635,-82.01631719251972,189.9375,188.0,238.0,129.0,16.0,1.47059,1970-01-01,yfinance.info/recommendations
GM,Consumer Cyclical,80.49500274658203,-13.670395515038065,-116.98291204247278,104.21739,103.0,132.0,75.0,23.0,1.625,1970-01-01,yfinance.info/recommendations
GMED,Healthcare,74.57499694824219,65.30619432216861,-12.428834066874279,103.23077,100.0,125.0,84.0,13.0,1.86667,1970-01-01,yfinance.info/recommendations
GNE,Utilities,16.06999969482422,8.781250991476515,-45.35624668179206,16.0,16.0,16.0,16.0,1.0,,1970-01-01,yfinance.info/recommendations
GNRC,Industrials,207.10499572753903,53.50149992277805,-74.16696795032266,293.9375,285.5,375.0,215.0,16.0,1.7619,1970-01-01,yfinance.info/recommendations
GNW,Financial Services,9.300000190734863,22.890515441897065,146.1345695960498,11.5,11.5,11.5,11.5,1.0,2.0,1970-01-01,yfinance.info/recommendations
GO,Consumer Defensive,11.149999618530272,-32.47871934052194,-391.2889726609973,10.73077,11.0,12.5,6.0,13.0,,1970-01-01,yfinance.info/recommendations
GOGO,Communication Services,2.25,-0.3819331909101127,-116.9748084848939,8.5,8.5,10.0,7.0,2.0,2.33333,1970-01-01,yfinance.info/recommendations
GOLD,Financial Services,43.18999862670898,7.495193826899341,-82.64599660750102,64.4,60.0,90.0,52.0,5.0,1.2,1970-01-01,yfinance.info/recommendations
GOLF,Consumer Cyclical,83.63999938964844,40.79994288462616,-51.21958012630533,99.66667,98.5,118.0,88.0,6.0,3.0,1970-01-01,yfinance.info/recommendations
GOOGL,Communication Services,340.0,156.64375996772813,-53.928305891844666,429.54816,430.0,515.0,340.0,54.0,1.37705,1970-01-01,yfinance.info/recommendations
GOVX,Healthcare,0.3528000116348266,,,10.0,10.0,10.0,10.0,2.0,1.0,1970-01-01,yfinance.info/recommendations
GPC,Consumer Cyclical,128.49000549316406,11.315693566963006,-91.19332782068795,139.22221,130.0,170.0,122.0,9.0,2.18182,1970-01-01,yfinance.info/recommendations
GPI,Consumer Cyclical,243.7899932861328,-5.856193433345949,-102.40214676345335,368.58334,362.5,450.0,275.0,12.0,1.83333,1970-01-01,yfinance.info/recommendations
GPMT,Real Estate,0.8881999850273132,,,1.375,1.375,1.5,1.25,2.0,,1970-01-01,yfinance.info/recommendations
GPN,Industrials,84.33999633789062,27.294845173079416,-67.63712786549301,105.0,98.0,194.0,70.0,30.0,2.36111,1970-01-01,yfinance.info/recommendations
GRDN,Healthcare,40.72999954223633,17.36463092262178,-57.36648387482807,49.85714,50.0,52.0,47.0,7.0,1.14286,1970-01-01,yfinance.info/recommendations
GRMN,Technology,288.510009765625,113.68950216944694,-60.594260746168175,302.0,296.0,370.0,231.0,6.0,2.57143,1970-01-01,yfinance.info/recommendations
GRND,Technology,15.859999656677246,6.530555197251919,-58.82373683089912,20.8,21.0,22.0,19.0,5.0,,1970-01-01,yfinance.info/recommendations
GRNT,Energy,4.286900043487549,3.676817197681088,-14.231328923408629,7.8,7.0,11.0,6.0,5.0,1.8,1970-01-01,yfinance.info/recommendations
GROV,Consumer Defensive,1.0800000429153442,-0.84612207365517,-178.34463333641673,2.0,2.0,2.0,2.0,1.0,,1970-01-01,yfinance.info/recommendations
GROW,Financial Services,3.02649998664856,0.7955757830340949,-73.71300887018712,,,,,,,,yfinance.info/recommendations
GRWG,Consumer Cyclical,1.5950000286102295,-1.1081671061001297,-169.4775602647298,2.5,2.5,2.5,2.5,2.0,,1970-01-01,yfinance.info/recommendations
GS,Financial Services,913.97998046875,201.12099627118133,-77.99503265180567,1127.25,1150.0,1300.0,730.0,20.0,2.6,1970-01-01,yfinance.info/recommendations
GSBC,Financial Services,77.9000015258789,163.31319514062972,109.64466231284472,76.0,76.0,78.0,74.0,2.0,,1970-01-01,yfinance.info/recommendations
GSIT,Technology,5.480000019073486,-2.260994020284056,-141.25901482508255,9.0,9.0,9.0,9.0,1.0,,1970-01-01,yfinance.info/recommendations
GUTS,Healthcare,0.476500004529953,-4.130542278841874,-966.8504175391307,5.03333,5.1,8.0,2.0,6.0,,1970-01-01,yfinance.info/recommendations
GVA,Industrials,116.47000122070312,44.64143154410264,-61.67130499165189,171.66667,177.5,200.0,119.0,6.0,1.8,1970-01-01,yfinance.info/recommendations
GWRE,Technology,143.7550048828125,27.5614562805004,-80.82748054374301,213.2857,215.0,258.0,170.0,14.0,1.6875,1970-01-01,yfinance.info/recommendations
GWW,Industrials,1255.3399658203125,441.4518041584411,-64.83408350104024,1331.6428,1352.5,1500.0,1100.0,14.0,2.73684,1970-01-01,yfinance.info/recommendations
GXAI,Communication Services,0.5579000115394592,-4.263000816453459,-864.115563412557,3.2,3.2,3.2,3.2,1.0,,1970-01-01,yfinance.info/recommendations
GYRE,Healthcare,7.690000057220459,-0.3887046358230712,-105.05467663108922,18.66667,18.0,20.0,18.0,3.0,,1970-01-01,yfinance.info/recommendations
H,Consumer Cyclical,162.06500244140625,15.355038109477167,-90.52538310050704,196.83333,200.0,221.0,165.0,24.0,1.875,1970-01-01,yfinance.info/recommendations
HAE,Healthcare,105.4000015258789,41.87706864174345,-60.268436398967836,111.5,116.5,125.0,86.0,10.0,1.72727,1970-01-01,yfinance.info/recommendations
HAL,Energy,32.064998626708984,27.23393024704836,-15.066485534281357,43.44,43.0,53.0,29.0,25.0,1.75,1970-01-01,yfinance.info/recommendations
HAS,Consumer Cyclical,89.66000366210938,71.05258274119099,-20.753312693407736,109.5,110.5,120.0,90.0,14.0,1.46667,1970-01-01,yfinance.info/recommendations
HASI,Financial Services,36.30500030517578,20.46827165892212,-43.621342826420296,49.8,50.0,60.0,43.0,15.0,,1970-01-01,yfinance.info/recommendations
HAYW,Industrials,12.420000076293944,9.101903208238616,-26.71575561733353,17.92857,18.0,19.5,15.0,7.0,2.4,1970-01-01,yfinance.info/recommendations
HBAN,Financial Services,15.3149995803833,44.68939834779584,191.8014990025704,19.75263,20.0,22.5,17.0,19.0,1.75,1970-01-01,yfinance.info/recommendations
HBB,Consumer Cyclical,38.915000915527344,69.30294318085399,78.08799062163622,,,,,,,,yfinance.info/recommendations
HBNC,Financial Services,18.979999542236328,,,22.9,23.0,23.0,22.5,5.0,1.6,1970-01-01,yfinance.info/recommendations
HCA,Healthcare,430.3800048828125,258.4302299910455,-39.9530119756811,454.22726,450.0,579.0,380.0,22.0,1.96154,1970-01-01,yfinance.info/recommendations
HCC,Basic Materials,90.00499725341797,52.65380750817318,-41.4990177046268,109.33333,105.0,125.0,98.0,6.0,1.85714,1970-01-01,yfinance.info/recommendations
HCKT,Technology,9.770000457763672,10.678001264682974,9.293764220837524,16.66667,16.0,19.0,15.0,3.0,,1970-01-01,yfinance.info/recommendations
HCSG,Healthcare,20.850000381469727,24.67864227327041,18.362790512000938,27.0,27.0,30.0,24.0,6.0,1.85714,1970-01-01,yfinance.info/recommendations
HCWB,Healthcare,1.850000023841858,,,29.99999,29.99999,29.99999,29.99999,1.0,,1970-01-01,yfinance.info/recommendations
HD,Consumer Cyclical,291.2250061035156,149.34051826960206,-48.719884920692856,377.1875,379.0,425.0,310.0,32.0,1.94444,1970-01-01,yfinance.info/recommendations
HDSN,Basic Materials,5.09499979019165,-0.4102028169643554,-108.05108604232005,7.3125,7.125,8.0,7.0,4.0,,1970-01-01,yfinance.info/recommendations
HE,Utilities,9.079999923706056,4.605030040089824,-49.28380970503078,9.8125,10.375,12.0,6.5,4.0,4.0,1970-01-01,yfinance.info/recommendations
HELE,Consumer Defensive,29.13500022888184,-77.98672790585029,-367.6736821458515,31.0,28.0,40.0,25.0,3.0,,1970-01-01,yfinance.info/recommendations
HHS,Industrials,4.610000133514404,-3.094241995770254,-167.12021488405856,,,,,,,,yfinance.info/recommendations
HIG,Financial Services,125.88999938964844,100.07661742528212,-20.50471212130999,149.4,149.0,164.0,135.0,20.0,2.3913,1970-01-01,yfinance.info/recommendations
HII,Industrials,260.8500061035156,109.534109865395,-58.00877619227368,367.25,367.0,439.0,304.0,12.0,2.08333,1970-01-01,yfinance.info/recommendations
HIT,Technology,0.8669000267982483,-0.7217180914231557,-183.2527476194345,3.7,4.0,4.1,3.0,3.0,,1970-01-01,yfinance.info/recommendations
HIW,Real Estate,29.5,18.38569599710147,-37.67560678948654,32.33333,32.0,35.0,30.0,9.0,,1970-01-01,yfinance.info/recommendations
HLI,Financial Services,127.55999755859376,179.01220129552595,40.335688869308726,153.5,152.0,177.0,145.0,8.0,,1970-01-01,yfinance.info/recommendations
HLIO,Industrials,68.25,32.67646411112697,-52.12239690677367,94.66667,92.5,110.0,88.0,6.0,,1970-01-01,yfinance.info/recommendations
HLT,Consumer Cyclical,321.70001220703125,55.057839213175065,-82.88534749021322,353.0,361.5,394.0,270.0,26.0,,1970-01-01,yfinance.info/recommendations
HLX,Energy,10.6,15.625903384030009,47.41418286820763,12.25,13.0,14.0,9.0,4.0,2.0,1970-01-01,yfinance.info/recommendations
HMC,Consumer Cyclical,32.209999084472656,6117.665565475815,18893.063456574062,33.26637,33.79912,34.0,32.0,3.0,2.33333,1970-01-01,yfinance.info/recommendations
HNGE,Healthcare,93.95030212402344,24.44580626720744,-73.98006636004573,108.06667,105.0,140.0,90.0,15.0,1.5625,1970-01-01,yfinance.info/recommendations
HNI,Consumer Cyclical,46.77000045776367,7.942589275530233,-83.01776951509142,69.75,70.5,73.0,65.0,4.0,,1970-01-01,yfinance.info/recommendations
HNRG,Utilities,14.399999618530272,10.401083946872198,-27.77024845550809,28.33333,28.0,29.0,28.0,3.0,1.0,1970-01-01,yfinance.info/recommendations
HOFT,Consumer Cyclical,13.510000228881836,3.972836691850609,-70.59336325281895,16.5,16.5,17.0,16.0,2.0,0.0,1970-01-01,yfinance.info/recommendations
HOMB,Financial Services,28.70499992370605,39.17559905716288,36.47656910394092,33.25,33.0,36.0,31.0,8.0,2.3,1970-01-01,yfinance.info/recommendations
HON,Industrials,211.44000244140625,210.6265261754472,-0.38473148721443196,261.73914,265.0,303.0,186.0,23.0,2.0,1970-01-01,yfinance.info/recommendations
HOOD,Financial Services,117.22000122070312,13.207850967701836,-88.73242549892663,130.67184,136.0,170.0,57.0,27.0,1.65517,1970-01-01,yfinance.info/recommendations
HOUR,Consumer Cyclical,1.879600048065185,0.3757234068127502,-80.01045982098634,,,,,,,,yfinance.info/recommendations
HPE,Technology,61.65499877929688,27.175422693098103,-55.923407296825154,68.0795,66.5,88.0,52.59,20.0,2.04348,1970-01-01,yfinance.info/recommendations
HPK,Energy,7.630000114440918,13.739076879200198,80.06653568978246,10.0,10.0,10.0,10.0,1.0,1.0,1970-01-01,yfinance.info/recommendations
HPP,Real Estate,11.609999656677246,,,16.81818,15.0,26.0,9.0,11.0,2.5,1970-01-01,yfinance.info/recommendations
HPQ,Technology,31.18000030517578,34.89061162200108,11.900613471800867,29.66471,28.0,72.0,19.0,17.0,,1970-01-01,yfinance.info/recommendations
HRL,Consumer Defensive,19.934999465942383,11.8334323446532,-40.639916420013805,26.125,26.0,30.0,23.0,8.0,2.6,1970-01-01,yfinance.info/recommendations
HRMY,Healthcare,40.165000915527344,58.73647668666911,46.2379567977608,47.36364,50.0,70.0,30.0,11.0,2.0,1970-01-01,yfinance.info/recommendations
HRTG,Financial Services,33.30500030517578,52.99710154001544,59.12656073982801,39.0,39.0,42.0,36.0,2.0,,1970-01-01,yfinance.info/recommendations
HSBC,Financial Services,100.26499938964844,76.08037141941993,-24.120708240612,106.08,102.0,115.24,101.0,3.0,,1970-01-01,yfinance.info/recommendations
HSCS,Healthcare,4.312300205230713,-15.103943099567717,-450.25258865899474,12.0,12.0,12.0,12.0,1.0,2.0,1970-01-01,yfinance.info/recommendations
HSIC,Healthcare,85.31500244140625,25.422190833619936,-70.20196904866795,97.26667,100.0,110.0,64.0,15.0,2.375,1970-01-01,yfinance.info/recommendations
HST,Real Estate,22.530000686645508,4.80881960608549,-78.65592783165833,25.29033,25.25,29.0,21.0,20.0,1.90476,1970-01-01,yfinance.info/recommendations
HSTM,Healthcare,29.174999237060547,20.62786691788348,-29.29608412232545,34.5,34.5,40.0,29.0,2.0,2.2,1970-01-01,yfinance.info/recommendations
HSY,Consumer Defensive,163.1699981689453,101.47876614168048,-37.80795043178837,204.80952,200.0,250.0,170.0,21.0,2.47826,1970-01-01,yfinance.info/recommendations
HTB,Financial Services,45.68000030517578,37.14572684757407,-18.682735115119375,55.25,55.0,58.5,52.5,4.0,2.0,1970-01-01,yfinance.info/recommendations
HTLD,Industrials,11.670000076293944,3.411023710160705,-70.77100524540914,13.2,13.0,16.0,12.0,5.0,3.0,1970-01-01,yfinance.info/recommendations
HTO,Utilities,61.08000183105469,28.751612240903096,-52.92794469713814,67.14286,67.0,72.0,60.0,7.0,1.71429,1970-01-01,yfinance.info/recommendations
HUBB,Industrials,466.2999877929688,135.34976127689436,-70.97367256698539,562.8333,562.5,630.0,502.0,12.0,2.0,1970-01-01,yfinance.info/recommendations
HUBS,Technology,202.53500366210935,102.29545426153196,-49.49245690281161,249.71677,250.0,320.0,190.0,31.0,2.35294,1970-01-01,yfinance.info/recommendations
HUM,Healthcare,391.9400024414063,,,423.73914,420.0,515.0,280.0,23.0,2.15385,1970-01-01,yfinance.info/recommendations
HUN,Basic Materials,8.6899995803833,-3.7101050976308367,-142.69396175813384,11.38462,11.0,16.0,10.0,13.0,2.92857,1970-01-01,yfinance.info/recommendations
HURA,Healthcare,2.0799999237060547,-4.586114388690891,-320.4862767744505,8.04,8.0,10.0,6.2,5.0,1.5,1970-01-01,yfinance.info/recommendations
HURN,Industrials,159.00999450683594,58.83471834837815,-62.999358291375316,190.75,194.0,215.0,160.0,4.0,1.2,1970-01-01,yfinance.info/recommendations
HUT,Financial Services,93.25499725341795,,,157.09091,146.5,273.0,96.0,22.0,1.36364,1970-01-01,yfinance.info/recommendations
HVT,Consumer Cyclical,27.700000762939453,19.95920165725453,-27.94512235552549,33.0,33.0,36.0,30.0,2.0,,1970-01-01,yfinance.info/recommendations
HWM,Industrials,230.0249938964844,45.99174135362549,-80.00576347180662,334.36,340.0,375.0,255.0,21.0,1.43478,1970-01-01,yfinance.info/recommendations
HYFM,Industrials,0.94,-270.9649627124147,-28926.059863022845,,,,,,,,yfinance.info/recommendations
HYPR,Healthcare,0.8303999900817871,-2.2877766837040703,-375.50297579829504,2.03333,2.0,2.5,1.6,3.0,1.0,1970-01-01,yfinance.info/recommendations
HZO,Consumer Cyclical,52.35499954223633,14.95926218271116,-71.42725181261233,47.0,53.0,53.0,35.0,5.0,,1970-01-01,yfinance.info/recommendations
IART,Healthcare,16.274999618530273,-6.2659533221071015,-138.5004821442383,19.55556,19.0,27.0,14.0,9.0,,1970-01-01,yfinance.info/recommendations
IBAC,Financial Services,11.3,,,,,,,,,,yfinance.info/recommendations
IBKR,Financial Services,86.75499725341797,11.056012971538468,-87.25605057741745,105.81538,109.0,121.0,70.0,13.0,1.92857,1970-01-01,yfinance.info/recommendations
IBM,Technology,222.422607421875,106.89434710273034,-51.94088031708893,240.59,240.5,297.0,174.0,22.0,2.25,1970-01-01,yfinance.info/recommendations
IBOC,Financial Services,69.07499694824219,92.23554159268038,33.52956303681397,87.0,87.0,87.0,87.0,1.0,,1970-01-01,yfinance.info/recommendations
IBTA,Technology,40.88999938964844,17.783882728023045,-56.50798974449203,36.14286,38.0,45.0,22.0,7.0,3.22222,1970-01-01,yfinance.info/recommendations
ICE,Financial Services,153.47500610351562,23.3895675342844,-84.7600152441052,187.2857,182.0,232.0,163.0,14.0,1.46667,1970-01-01,yfinance.info/recommendations
IDCC,Technology,327.0,174.0429436897061,-46.77585819886663,462.66666,475.0,488.0,425.0,3.0,,1970-01-01,yfinance.info/recommendations
IDN,Technology,2.345000028610229,2.195019083039284,-6.395775852498881,4.83333,5.0,6.0,3.5,3.0,,1970-01-01,yfinance.info/recommendations
IDT,Communication Services,73.12000274658203,49.44147100241073,-32.38311112519501,75.0,75.0,75.0,75.0,1.0,,1970-01-01,yfinance.info/recommendations
IDXX,Healthcare,527.5850219726562,149.78832997925392,-71.60868414740229,701.3333,705.0,805.0,470.0,12.0,2.15385,1970-01-01,yfinance.info/recommendations
IESC,Industrials,327.8949890136719,101.0105879143698,-69.19422641431154,440.0,440.0,440.0,440.0,1.0,1.0,1970-01-01,yfinance.info/recommendations
IEX,Industrials,229.4499969482422,93.57489765621268,-59.21773854835977,255.92857,259.5,280.0,215.0,14.0,,1970-01-01,yfinance.info/recommendations
IFF,Basic Materials,85.8499984741211,19.975051753227103,-76.73261257046097,96.29412,96.0,105.0,76.0,17.0,1.75,1970-01-01,yfinance.info/recommendations
IIIN,Industrials,29.43000030517578,19.237578666396008,-34.63276090074405,39.0,39.0,39.0,39.0,1.0,,1970-01-01,yfinance.info/recommendations
IMAX,Communication Services,56.27000045776367,18.25375669771365,-67.5604113218109,56.6825,56.5,69.19,45.0,12.0,1.58333,1970-01-01,yfinance.info/recommendations
IMRX,Healthcare,4.139999866485596,-9.004447795584442,-317.49874603808206,17.16667,15.5,30.0,12.0,6.0,1.28571,1970-01-01,yfinance.info/recommendations
IMSR,Utilities,4.135000228881836,,,11.66667,12.0,15.0,8.0,3.0,1.0,1970-01-01,yfinance.info/recommendations
IMXI,Technology,11.550000190734863,12.595467036881764,9.051660856123188,16.0,16.0,16.0,16.0,1.0,,1970-01-01,yfinance.info/recommendations
INBK,Financial Services,26.26000022888184,,,30.9,29.5,35.0,28.0,5.0,2.2,1970-01-01,yfinance.info/recommendations
INCY,Healthcare,123.43000030517578,117.71029453320976,-4.6339672347275975,127.95652,130.0,155.0,86.0,23.0,2.28571,1970-01-01,yfinance.info/recommendations
INDP,Healthcare,3.0732998847961426,,,,,,,,,,yfinance.info/recommendations
INGM,Technology,26.7450008392334,12.40610622439351,-53.613363862025174,32.61538,33.0,37.0,30.0,13.0,2.2,1970-01-01,yfinance.info/recommendations
INGN,Healthcare,5.390100002288818,-0.7213004409679966,-113.38194914123501,12.0,12.0,12.0,12.0,2.0,,1970-01-01,yfinance.info/recommendations
INGR,Consumer Defensive,96.32009887695312,117.40317663760231,21.888554939693712,121.5,115.5,150.0,108.0,6.0,,1970-01-01,yfinance.info/recommendations
INMB,Healthcare,1.9600000381469729,,,7.0,7.5,9.0,4.0,4.0,,1970-01-01,yfinance.info/recommendations
INOD,Technology,68.09500122070312,31.29214756928301,-54.04633672321726,122.75,120.0,140.0,111.0,4.0,1.25,1970-01-01,yfinance.info/recommendations
INSM,Healthcare,115.50499725341795,-35.88448193819983,-131.06747135751132,199.04349,195.0,243.0,169.0,23.0,1.20833,1970-01-01,yfinance.info/recommendations
INTA,Technology,35.209999084472656,8.183284851426123,-76.75863372846582,40.28571,45.0,47.0,29.0,7.0,2.33333,1970-01-01,yfinance.info/recommendations
INTC,Technology,116.44000244140624,-5.243300754001542,-104.5030063930478,116.37209,112.0,200.0,75.0,43.0,2.46939,1970-01-01,yfinance.info/recommendations
INTU,Technology,269.8324890136719,265.3545655429237,-1.6595197587645918,405.6,400.0,732.0,290.0,31.0,2.05882,1970-01-01,yfinance.info/recommendations
INVA,Healthcare,20.96999931335449,53.68882581737586,156.02683631555857,35.0,35.0,46.0,18.0,5.0,1.8,1970-01-01,yfinance.info/recommendations
INVE,Industrials,2.369999885559082,-0.3777899246560821,-115.94050391976967,3.55,3.55,4.0,3.1,2.0,,1970-01-01,yfinance.info/recommendations
INVH,Real Estate,26.6299991607666,3.669060123731561,-86.22207946165801,33.52174,34.0,41.0,28.0,23.0,2.08,1970-01-01,yfinance.info/recommendations
IONQ,Technology,43.88999938964844,-8.168234701465325,-118.61069677615859,66.63214,62.5,100.0,41.85,14.0,1.35714,1970-01-01,yfinance.info/recommendations
IOVA,Healthcare,14.05500030517578,-5.745103807088281,-140.87587109459284,10.7,10.5,15.0,6.0,10.0,1.6,1970-01-01,yfinance.info/recommendations
IP,Consumer Cyclical,33.540000915527344,-11.197478738743936,-133.3854455369441,47.90909,47.0,62.0,39.0,11.0,1.58333,1970-01-01,yfinance.info/recommendations
IPI,Basic Materials,32.220001220703125,44.02237807033329,36.63059094500123,36.5,36.5,44.0,29.0,2.0,3.66667,1970-01-01,yfinance.info/recommendations
IQV,Healthcare,268.9800109863281,78.93538352790469,-70.65381057928619,279.55557,278.0,329.0,247.0,18.0,1.42857,1970-01-01,yfinance.info/recommendations
IR,Industrials,75.98500061035156,31.877335545149094,-58.04785774943273,96.25,95.0,109.0,82.0,13.0,2.0,1970-01-01,yfinance.info/recommendations
IRM,Real Estate,111.58999633789062,4.407111522005487,-96.05062132212917,144.90909,145.0,155.0,132.0,11.0,1.66667,1970-01-01,yfinance.info/recommendations
ISBA,Financial Services,38.290000915527344,16.426911815960693,-57.09869045916043,43.0,43.0,43.0,43.0,1.0,,1970-01-01,yfinance.info/recommendations
ISPC,Healthcare,1.1799999475479126,,,,,,,,,,yfinance.info/recommendations
ISRG,Healthcare,407.3999938964844,101.34766182907369,-75.12330305659628,476.34482,483.0,685.0,324.0,29.0,,1970-01-01,yfinance.info/recommendations
IT,Technology,185.63040161132807,176.3433182177489,-5.0029969837723085,185.15385,184.0,229.0,150.0,13.0,2.8,1970-01-01,yfinance.info/recommendations
ITGR,Healthcare,126.33000183105467,28.459239003782848,-77.47230381438422,121.8,127.0,127.0,101.0,5.0,,1970-01-01,yfinance.info/recommendations
ITRI,Technology,88.16500091552734,62.23983338034277,-29.405282443113673,129.6,130.0,150.0,115.0,10.0,,1970-01-01,yfinance.info/recommendations
ITT,Industrials,205.41000366210935,42.53897649742787,-79.29069872984246,258.3846,265.0,285.0,175.0,13.0,1.35714,1970-01-01,yfinance.info/recommendations
ITW,Industrials,270.6300048828125,108.1026466214397,-60.05518801647658,302.5,302.5,350.0,249.0,14.0,3.1875,1970-01-01,yfinance.info/recommendations
IVF,Healthcare,0.9398999810218812,-17.47044089843048,-1958.7553198411822,20.0,20.0,20.0,20.0,1.0,,,yfinance.info/recommendations
IVT,Real Estate,30.81999969482422,9.455530860792903,-69.32014615697473,37.28571,37.0,41.0,35.0,7.0,1.75,1970-01-01,yfinance.info/recommendations
IVZ,Financial Services,30.364999771118164,,,34.03846,34.0,39.0,29.0,13.0,2.42857,1970-01-01,yfinance.info/recommendations
IZEA,Communication Services,2.5999999046325684,1.52645155994881,-41.29032246389532,,,,,,,,yfinance.info/recommendations
J,Industrials,138.61000061035156,45.21240645008044,-67.38156969122477,162.53333,163.0,181.0,144.0,15.0,1.9375,1970-01-01,yfinance.info/recommendations
JAKK,Consumer Cyclical,25.240100860595703,29.827869746950068,18.17650773938344,28.5,28.5,30.0,27.0,2.0,,1970-01-01,yfinance.info/recommendations
JBHT,Industrials,228.9750061035156,131.4392390331633,-42.596687180022656,298.0,302.0,370.0,182.0,23.0,2.0,1970-01-01,yfinance.info/recommendations
JBI,Industrials,4.275000095367432,4.5454721571221,6.3268317127703355,7.62,9.0,9.0,5.5,5.0,,1970-01-01,yfinance.info/recommendations
JBL,Technology,319.2200012207031,125.24988110552508,-60.76377400333086,427.33334,430.0,475.0,365.0,9.0,1.4,1970-01-01,yfinance.info/recommendations
JBLU,Industrials,4.295000076293945,-28.2531412965919,-757.8146867222147,5.00333,5.0,8.0,3.5,15.0,3.64706,1970-01-01,yfinance.info/recommendations
JBTM,Industrials,110.8249969482422,56.81563253515825,-48.733919152109294,167.0625,168.0,210.0,118.0,8.0,1.625,1970-01-01,yfinance.info/recommendations
JJSF,Consumer Defensive,77.5999984741211,58.70865009284237,-24.344521588591036,110.5,110.5,120.0,101.0,2.0,1.0,1970-01-01,yfinance.info/recommendations
JKHY,Technology,146.9499969482422,104.84411964675996,-28.65320052800851,190.38889,194.5,209.0,170.0,18.0,1.75,1970-01-01,yfinance.info/recommendations
JNJ,Healthcare,267.42999267578125,111.8131333625428,-58.18975566510244,277.9091,282.0,320.0,190.0,22.0,1.91304,1970-01-01,yfinance.info/recommendations
JOE,Real Estate,66.12000274658203,28.871399563768485,-56.33484820860667,,,,,,,,yfinance.info/recommendations
JPM,Financial Services,336.2550048828125,76.54181299978276,-77.23697435330124,375.8095,375.0,436.0,305.0,21.0,2.08333,1970-01-01,yfinance.info/recommendations
JRSH,Consumer Cyclical,5.829999923706055,7.698602907988604,32.05150958380635,6.5,6.5,7.0,6.0,2.0,,1970-01-01,yfinance.info/recommendations
JSPR,Healthcare,0.6590999960899353,,,20.0,20.0,20.0,20.0,1.0,,,yfinance.info/recommendations
JYNT,Healthcare,8.029999732971191,3.929015663151874,-51.07078712569155,10.0,9.0,12.0,9.0,3.0,,1970-01-01,yfinance.info/recommendations
KBR,Industrials,35.029998779296875,34.42885851075745,-1.7160727647375917,44.28571,45.0,50.0,35.0,7.0,2.0,1970-01-01,yfinance.info/recommendations
KD,Technology,11.28499984741211,20.29654251805779,79.85416741243661,14.2,14.0,16.0,13.0,5.0,,1970-01-01,yfinance.info/recommendations
KDP,Consumer Defensive,31.21500015258789,1.0225177554892242,-96.72427438574125,36.20588,38.0,42.0,29.0,17.0,1.83333,1970-01-01,yfinance.info/recommendations
KELYA,Industrials,16.420000076293945,-7.026728564855318,-142.7937182229373,20.0,20.0,21.0,19.0,3.0,,1970-01-01,yfinance.info/recommendations
KEY,Financial Services,20.31999969482422,9.399064331687551,-53.74476145252295,25.82105,25.0,43.0,22.0,19.0,2.0,1970-01-01,yfinance.info/recommendations
KEYS,Technology,358.4949951171875,92.92105800482328,-74.08023563217428,415.08334,417.5,452.0,350.0,12.0,1.58333,1970-01-01,yfinance.info/recommendations
KFFB,Financial Services,5.841300010681152,0.8147360840158921,-86.05214451361682,,,,,,,,yfinance.info/recommendations
KFRC,Industrials,50.63999938964844,17.946187315988002,-64.56124104998219,60.66667,60.0,63.0,59.0,3.0,,1970-01-01,yfinance.info/recommendations
KFY,Industrials,71.01000213623047,78.58447703469271,10.66677182170879,90.25,89.5,100.0,82.0,4.0,1.4,1970-01-01,yfinance.info/recommendations
KGC,Basic Materials,24.420000076293945,36.38922679793161,49.01403228600708,34.055,35.0,50.0,9.3,10.0,1.66667,1970-01-01,yfinance.info/recommendations
KGEI,Energy,6.320000171661377,4.802715559658907,-24.007667259344586,9.0,9.0,9.0,9.0,1.0,0.0,1970-01-01,yfinance.info/recommendations
KHC,Consumer Defensive,23.61000061035156,26.63692175064286,12.820504286493655,25.47222,25.0,41.0,19.0,18.0,3.05,1970-01-01,yfinance.info/recommendations
KIDS,Healthcare,22.600000381469727,-4.4178411504250015,-119.54796936219209,27.22222,25.0,35.0,22.0,9.0,,1970-01-01,yfinance.info/recommendations
KIDZ,Consumer Defensive,2.5346999168396,,,,,,,,,,yfinance.info/recommendations
KIM,Real Estate,22.44499969482422,9.525361375350904,-57.561320985237366,26.77381,26.0,31.0,23.0,21.0,2.3913,1970-01-01,yfinance.info/recommendations
KINS,Financial Services,17.959999084472656,114.41192341559412,537.0374679724183,24.0,24.0,24.0,24.0,1.0,,1970-01-01,yfinance.info/recommendations
KITT,Industrials,1.7999999523162842,-269.2482918314714,-15058.23883133975,,,,,,,,yfinance.info/recommendations
KKR,Financial Services,93.20059967041016,45.94742954983746,-50.700500090853915,128.67,126.0,166.0,115.0,20.0,1.59091,1970-01-01,yfinance.info/recommendations
KLAC,Technology,196.32000732421875,31.94168750769101,-83.72978488385043,233.76923,234.0,325.0,175.0,26.0,1.86207,1970-01-01,yfinance.info/recommendations
KLIC,Technology,93.5999984741211,24.13013524132219,-74.21994056122362,106.66667,105.0,115.0,100.0,3.0,,1970-01-01,yfinance.info/recommendations
KLRS,Healthcare,2.8399999141693115,,,18.71429,20.0,25.0,7.0,7.0,1.5,1970-01-01,yfinance.info/recommendations
KMB,Consumer Defensive,98.70999908447266,63.87180475070137,-35.293480556066,116.2,115.0,162.0,90.0,15.0,2.4375,1970-01-01,yfinance.info/recommendations
KMI,Energy,30.545000076293945,11.818156090248204,-61.30903237607027,36.04545,36.0,43.0,31.0,22.0,2.12,1970-01-01,yfinance.info/recommendations
KMT,Industrials,31.600000381469727,31.05431821875137,-1.7268422662372682,32.42857,33.0,38.0,27.0,7.0,3.75,1970-01-01,yfinance.info/recommendations
KNF,Basic Materials,53.3301010131836,26.81743424605935,-49.71426317113129,85.375,82.5,118.0,62.0,8.0,2.0,1970-01-01,yfinance.info/recommendations
KO,Consumer Defensive,87.1500015258789,34.1256984996904,-60.842572688243855,94.65217,95.0,104.0,75.0,23.0,1.75,1970-01-01,yfinance.info/recommendations
KOD,Healthcare,86.44499969482422,-22.7442975729573,-126.31071508271296,89.66667,88.0,145.0,36.0,6.0,1.42857,1970-01-01,yfinance.info/recommendations
KOPN,Technology,4.789999961853027,-0.3987649161058655,-108.32494612278873,8.42857,7.0,12.0,6.5,7.0,1.0,1970-01-01,yfinance.info/recommendations
KR,Consumer Defensive,60.40499877929688,38.17972314226922,-36.793768870408655,67.90909,68.0,85.0,57.0,22.0,2.08333,1970-01-01,yfinance.info/recommendations
KRMD,Healthcare,3.039999961853028,0.0178888469844875,-99.41155107865254,6.25,6.0,8.0,5.0,4.0,,1970-01-01,yfinance.info/recommendations
KRNY,Financial Services,9.175000190734863,7.087523011619004,-22.75179439477117,10.66667,10.5,11.0,10.5,3.0,,1970-01-01,yfinance.info/recommendations
KRO,Basic Materials,8.106399536132812,-2.036943739159612,-125.1276011018246,8.5,8.5,9.0,8.0,2.0,,1970-01-01,yfinance.info/recommendations
KRRO,Healthcare,9.579999923706056,-38.62714824706771,-503.2061435771355,20.2,21.5,30.0,10.0,10.0,,1970-01-01,yfinance.info/recommendations
KRYS,Healthcare,332.010009765625,92.47184541308124,-72.14787425283966,392.1111,400.0,474.0,284.0,9.0,1.25,1970-01-01,yfinance.info/recommendations
KSS,Consumer Cyclical,18.13500022888184,46.85082719748313,158.344784153178,18.73077,18.0,41.5,9.0,13.0,3.28571,1970-01-01,yfinance.info/recommendations
KT,Communication Services,19.225000381469727,65820.61801886695,342269.91788207734,21.94458,20.88916,26.0,20.0,4.0,,1970-01-01,yfinance.info/recommendations
KTOS,Industrials,43.85499954223633,7.303213501193234,-83.34690781569937,102.7619,104.0,150.0,60.0,21.0,,1970-01-01,yfinance.info/recommendations
KTTA,Healthcare,0.4823000133037567,,,3.0,3.0,3.0,3.0,1.0,,1970-01-01,yfinance.info/recommendations
KURA,Healthcare,10.630000114440918,-24.92867900694418,-334.51249989243576,32.0,28.0,76.0,15.0,12.0,,1970-01-01,yfinance.info/recommendations
KVHI,Communication Services,7.400000095367432,3.706017711612661,-49.918680218224424,,,,,,,,yfinance.info/recommendations
KVUE,Consumer Defensive,17.850099563598633,10.366566735595203,-41.92431981312001,19.5,19.0,23.0,18.0,12.0,2.78571,1970-01-01,yfinance.info/recommendations
L,Financial Services,105.01000213623048,68.42879230566218,-34.83592904141754,,,,,,,,yfinance.info/recommendations
LAD,Consumer Cyclical,303.57501220703125,-279.103801065914,-191.93899031306688,447.73334,461.0,525.0,340.0,15.0,1.8,1970-01-01,yfinance.info/recommendations
LARK,Financial Services,31.95,21.74300806724505,-31.946766612691547,34.5,34.5,34.5,34.5,1.0,,1970-01-01,yfinance.info/recommendations
LASE,Industrials,0.8364999890327454,,,,,,,,,,yfinance.info/recommendations
LAW,Technology,4.114999771118164,-3.652107724339082,-188.75110394834113,6.66667,6.0,10.0,4.0,3.0,,1970-01-01,yfinance.info/recommendations
LAZ,Financial Services,35.83000183105469,78.86150930445072,120.09909370448213,47.375,44.5,60.0,42.0,8.0,,1970-01-01,yfinance.info/recommendations
LBRDK,Communication Services,36.02000045776367,,,,,,,,3.0,1970-01-01,yfinance.info/recommendations
LBRT,Energy,18.684999465942383,9.611781041852325,-48.55883694633249,29.73077,29.0,36.0,23.0,13.0,1.92308,1970-01-01,yfinance.info/recommendations
LBRX,Healthcare,37.16999816894531,-18.066881238904543,-148.60608589967327,53.375,53.5,78.0,37.0,8.0,1.125,1970-01-01,yfinance.info/recommendations
LCNB,Financial Services,18.86000061035156,19.29027173795488,2.2813950884347234,21.25,21.25,22.0,20.5,2.0,,1970-01-01,yfinance.info/recommendations
LCUT,Consumer Cyclical,8.869999885559082,12.228330231003458,37.86167292867668,10.66667,12.0,13.0,7.0,3.0,,1970-01-01,yfinance.info/recommendations
LDI,Financial Services,0.6225000023841858,,,1.125,1.125,1.25,1.0,2.0,,1970-01-01,yfinance.info/recommendations
LDOS,Technology,124.3949966430664,137.0036346385497,10.135968757378539,157.73334,160.0,225.0,132.0,15.0,2.35294,1970-01-01,yfinance.info/recommendations
LEE,Communication Services,6.730000019073486,-8.445076698182955,-225.48405162331014,,,,,,,,yfinance.info/recommendations
LEN,Consumer Cyclical,82.88500213623047,42.88977134066006,-48.25388160071941,80.07692,75.0,120.0,63.0,13.0,3.42105,1970-01-01,yfinance.info/recommendations
LENZ,Healthcare,3.8450000286102295,-33.83555109696361,-979.9883184706616,24.0,10.0,60.0,7.0,7.0,,1970-01-01,yfinance.info/recommendations
LESL,Consumer Cyclical,0.230100005865097,-194.9037839396693,-84803.94566349445,2.375,2.375,3.5,1.25,2.0,,1970-01-01,yfinance.info/recommendations
LEVI,Consumer Cyclical,19.850000381469727,15.732057029746628,-20.745306159123608,28.26667,27.0,34.0,25.0,15.0,1.73333,1970-01-01,yfinance.info/recommendations
LFMD,Healthcare,2.919300079345703,-2.732764978806661,-193.61028001681657,8.125,7.5,15.0,5.0,8.0,1.0,1970-01-01,yfinance.info/recommendations
LFST,Healthcare,11.736599922180176,3.0186076466178555,-74.28039068697228,14.2,14.0,18.0,12.0,10.0,1.54545,1970-01-01,yfinance.info/recommendations
LFT,Real Estate,5.599999904632568,,,,,,,,,1970-01-01,yfinance.info/recommendations
LFVN,Consumer Defensive,6.269999980926514,6.793434851812775,8.348243580200364,7.5,7.5,9.0,6.0,2.0,,1970-01-01,yfinance.info/recommendations
LGIH,Consumer Cyclical,48.98500061035156,-28.939378715082547,-159.07804094008125,93.0,93.0,93.0,93.0,1.0,,1970-01-01,yfinance.info/recommendations
LGND,Healthcare,309.2099914550781,95.60920952192524,-69.07952130783093,344.25,345.0,397.0,247.0,12.0,1.27273,1970-01-01,yfinance.info/recommendations
LH,Healthcare,309.1000061035156,129.11062025831373,-58.23014632517497,344.8125,352.5,385.0,293.0,16.0,1.72222,1970-01-01,yfinance.info/recommendations
LHAI,Real Estate,1.0499999523162842,,,,,,,,,,yfinance.info/recommendations
LHX,Industrials,237.6649932861328,141.88816622113862,-40.299088957407065,335.33334,340.0,405.0,264.0,15.0,1.85,1970-01-01,yfinance.info/recommendations
LIF,Technology,40.47999954223633,6.008195724016753,-85.15761909100846,60.7,61.0,72.0,40.0,9.0,1.5,1970-01-01,yfinance.info/recommendations
LII,Industrials,365.4049987792969,216.8476315817387,-40.655537744103555,487.7857,479.5,600.0,375.0,14.0,2.5,1970-01-01,yfinance.info/recommendations
LILA,Communication Services,8.460000038146973,16.171086523407435,91.14759397742807,10.55,10.6,14.0,7.0,4.0,,1970-01-01,yfinance.info/recommendations
LILAK,Communication Services,8.375,16.171086523407435,93.08760027949177,7.2,7.2,9.0,5.4,2.0,,1970-01-01,yfinance.info/recommendations
LIN,Basic Materials,472.9599914550781,169.88257267363676,-64.08098449279251,542.6,550.0,580.0,400.0,25.0,1.67857,1970-01-01,yfinance.info/recommendations
LIND,Consumer Cyclical,30.88999938964844,7.558819198905204,-75.52988233001311,35.5,37.0,40.0,29.0,6.0,1.66667,1970-01-01,yfinance.info/recommendations
LINE,Real Estate,35.39500045776367,,,44.11111,44.0,55.0,35.0,18.0,2.6,1970-01-01,yfinance.info/recommendations
LITS,Healthcare,1.350000023841858,,,,,,,,,,yfinance.info/recommendations
LKFN,Financial Services,58.54999923706055,44.65007341032031,-23.740266452372495,66.5,66.5,67.0,66.0,4.0,3.0,1970-01-01,yfinance.info/recommendations
LKQ,Consumer Cyclical,23.225000381469727,20.899116697529653,-10.014568980570612,32.5,31.25,42.5,25.0,8.0,,1970-01-01,yfinance.info/recommendations
LLY,Healthcare,1180.0250244140625,304.5813148999134,-74.18857154735747,1328.8337,1385.0,1600.0,930.0,29.0,1.63333,1970-01-01,yfinance.info/recommendations
LLYVA,Communication Services,97.125,,,,,,,,,,yfinance.info/recommendations
LMAT,Healthcare,81.54000091552734,32.886532661102166,-59.668221373738405,107.0,100.0,132.0,81.0,7.0,,1970-01-01,yfinance.info/recommendations
LMB,Industrials,49.505001068115234,39.67484355402005,-19.856897893143387,77.2,85.0,95.0,50.0,5.0,,1970-01-01,yfinance.info/recommendations
LMNR,Consumer Defensive,12.170000076293944,-28.28349973072315,-332.4034474397157,20.83333,16.5,31.0,15.0,3.0,1.66667,1970-01-01,yfinance.info/recommendations
LMT,Industrials,516.4199829101562,353.4921505141688,-31.549482550587644,636.7368,629.0,756.0,503.0,19.0,2.42857,1970-01-01,yfinance.info/recommendations
LNAI,Healthcare,1.850000023841858,,,,,,,,,,yfinance.info/recommendations
LNG,Energy,269.0299987792969,137.83670361976277,-48.76530340661402,310.1905,312.0,340.0,255.0,21.0,1.40909,1970-01-01,yfinance.info/recommendations
LNT,Utilities,63.560001373291016,50.90265988542775,-19.914004427920123,78.04167,78.0,83.0,73.0,12.0,1.92308,1970-01-01,yfinance.info/recommendations
LOAN,Real Estate,3.930000066757202,13.860940920927046,252.69569174242417,,,,,,,1970-01-01,yfinance.info/recommendations
LOCL,Consumer Defensive,1.0199999809265137,-30.58714449556129,-3098.7397125025,,,,,,,,yfinance.info/recommendations
LOVE,Consumer Cyclical,15.404999732971191,15.536613441050568,0.8543570941951042,23.16667,20.0,35.0,18.0,6.0,,1970-01-01,yfinance.info/recommendations
LOW,Consumer Cyclical,188.3249969482422,117.88417022694208,-37.40386452291277,251.09091,255.0,290.0,191.0,33.0,1.85714,1970-01-01,yfinance.info/recommendations
LPG,Energy,54.22999954223633,66.6880584746959,22.9726332982112,54.6,55.0,60.0,46.0,5.0,,1970-01-01,yfinance.info/recommendations
LPSN,Technology,3.1,-54.9514834387363,-1872.6284980237515,4.0,4.0,5.0,3.0,2.0,,,yfinance.info/recommendations
LQDA,Healthcare,70.4800033569336,20.178195332020515,-71.37032580740443,107.75,109.0,130.0,90.0,8.0,,1970-01-01,yfinance.info/recommendations
LRCX,Technology,325.2099914550781,48.57592001674368,-85.06321414068438,373.7742,380.0,500.0,290.0,31.0,1.45714,1970-01-01,yfinance.info/recommendations
LTC,Real Estate,42.95000076293945,9.505995862801816,-77.86729756940001,45.0,45.0,55.0,40.0,7.0,2.5,1970-01-01,yfinance.info/recommendations
LTH,Consumer Cyclical,39.900001525878906,-0.4844412990417787,-101.21413854765788,56.07143,55.5,64.0,50.0,14.0,1.14286,1970-01-01,yfinance.info/recommendations
LTM,Industrials,51.790000915527344,,,74.26,74.0,80.0,69.0,10.0,1.4,1970-01-01,yfinance.info/recommendations
LUCD,Healthcare,0.8170999884605408,-2.403353142350684,-394.132073955689,4.0,3.0,9.5,2.0,5.0,1.4,1970-01-01,yfinance.info/recommendations
LUCK,Consumer Cyclical,5.466000080108643,-15.41231945405428,-381.9670550342902,9.0,9.0,14.5,5.0,7.0,2.0,1970-01-01,yfinance.info/recommendations
LULU,Consumer Cyclical,98.25990295410156,177.9039597201304,81.05448343789996,104.91111,100.0,255.0,44.0,27.0,3.2,1970-01-01,yfinance.info/recommendations
LUMN,Communication Services,5.600200176239014,2.5040433512591407,-55.286538472615675,7.64,7.5,9.0,5.9,10.0,3.0,1970-01-01,yfinance.info/recommendations
LUNG,Healthcare,1.9900000095367432,-9.021310699780798,-553.3321937963655,3.4,3.0,5.0,2.5,5.0,,1970-01-01,yfinance.info/recommendations
LUNR,Industrials,14.925000190734863,-16.41967986028681,-210.01460402311963,29.5,29.0,43.0,13.0,8.0,,1970-01-01,yfinance.info/recommendations
LUV,Industrials,42.19499969482422,21.700028068005555,-48.572038808031195,49.78696,50.0,65.0,35.0,23.0,2.44,1970-01-01,yfinance.info/recommendations
LVS,Consumer Cyclical,38.65999984741211,40.896301210143584,5.784535363574689,59.06842,60.0,71.5,47.0,19.0,1.80952,1970-01-01,yfinance.info/recommendations
LW,Consumer Defensive,43.369998931884766,31.61210817066477,-27.11065494764361,54.83333,53.5,65.0,50.0,12.0,2.5,1970-01-01,yfinance.info/recommendations
LWAY,Consumer Defensive,21.375,-1.7149329904606423,-108.02307831794454,33.0,32.0,35.0,32.0,3.0,,1970-01-01,yfinance.info/recommendations
LXU,Basic Materials,9.869999885559082,11.426683627688815,15.771871936972728,13.0,12.0,18.0,11.0,5.0,2.0,1970-01-01,yfinance.info/recommendations
LYFT,Technology,15.265000343322754,12.406542311828186,-18.725568078646784,19.43784,18.0,30.0,14.0,37.0,2.53333,1970-01-01,yfinance.info/recommendations
LYTS,Technology,21.147899627685547,5.280868834409127,-75.02887318655638,30.0,30.0,31.0,29.0,3.0,1.0,1970-01-01,yfinance.info/recommendations
LYV,Communication Services,171.58999633789062,46.74641622321803,-72.75691053039817,201.95833,209.0,222.0,145.0,24.0,1.64,1970-01-01,yfinance.info/recommendations
MA,Financial Services,564.14501953125,84.98912534007576,-84.93487979195606,666.7138,668.0,740.0,550.0,37.0,1.425,1970-01-01,yfinance.info/recommendations
MAC,Real Estate,22.815000534057617,,,27.06667,27.0,30.0,21.0,15.0,1.73333,1970-01-01,yfinance.info/recommendations
MAGN,Consumer Defensive,11.84000015258789,,,15.5,15.5,16.0,15.0,2.0,,1970-01-01,yfinance.info/recommendations
MAIN,Financial Services,56.43999862670898,122.6112627099118,117.24178896752974,59.5,58.5,70.0,52.0,6.0,,1970-01-01,yfinance.info/recommendations
MAMA,Consumer Defensive,13.020000457763672,6.341046825728077,-51.29764513988948,22.28571,22.0,25.0,21.0,7.0,1.125,1970-01-01,yfinance.info/recommendations
MAMO,Consumer Cyclical,0.9988999962806702,,,,,,,,,,yfinance.info/recommendations
MAN,Industrials,56.665000915527344,32.21727766455104,-43.144309284352516,57.33333,57.0,72.0,47.0,9.0,2.41667,1970-01-01,yfinance.info/recommendations
MAR,Consumer Cyclical,359.6185913085937,90.77036607731549,-74.7592676599347,380.8,393.0,425.0,280.0,25.0,2.21429,1970-01-01,yfinance.info/recommendations
MARA,Financial Services,12.220000267028809,,,18.68615,17.0,30.0,11.0,13.0,2.13333,1970-01-01,yfinance.info/recommendations
MAS,Industrials,68.15499877929688,43.294903002922894,-36.47582161490056,80.33333,79.5,96.0,68.0,18.0,2.42857,1970-01-01,yfinance.info/recommendations
MATW,Industrials,19.46999931335449,-9.776564439063186,-150.2134811702712,31.33333,30.0,40.0,24.0,3.0,2.0,1970-01-01,yfinance.info/recommendations
MATX,Industrials,223.16000366210935,155.57549113045872,-30.285226484393498,261.66666,260.0,270.0,255.0,3.0,,1970-01-01,yfinance.info/recommendations
MBC,Consumer Cyclical,6.985000133514404,-3.760899185795525,-153.84250699939903,10.3,10.0,10.9,10.0,3.0,3.0,1970-01-01,yfinance.info/recommendations
MBI,Financial Services,4.340000152587891,,,7.0,7.0,7.0,7.0,2.0,,1970-01-01,yfinance.info/recommendations
MBIN,Financial Services,51.35499954223633,15.84343251276194,-69.14919159967728,64.5,64.5,65.0,64.0,2.0,2.66667,1970-01-01,yfinance.info/recommendations
MBIO,Healthcare,0.5,,,,,,,,,,yfinance.info/recommendations
MBRX,Healthcare,0.5497999787330627,,,12.0,3.0,31.0,2.0,3.0,,1970-01-01,yfinance.info/recommendations
MBX,Healthcare,57.91999816894531,-21.108114987775608,-136.44356984647322,88.1,88.0,121.0,70.0,10.0,1.27273,1970-01-01,yfinance.info/recommendations
MCB,Financial Services,88.19000244140625,25.91512206026556,-70.61444455964988,106.0,108.0,110.0,100.0,3.0,,1970-01-01,yfinance.info/recommendations
MCD,Consumer Cyclical,235.5200042724609,98.42294654535736,-58.210366525173406,299.2069,295.0,390.0,230.0,29.0,2.05882,1970-01-01,yfinance.info/recommendations
MCHB,Financial Services,14.925000190734863,14.861095543788212,-0.4281718333666922,17.375,17.25,18.0,17.0,4.0,2.25,1970-01-01,yfinance.info/recommendations
MCHP,Technology,80.16000366210938,10.921746642705202,-86.37506718594653,107.84,108.0,135.0,80.0,25.0,1.53846,1970-01-01,yfinance.info/recommendations
MCHX,Communication Services,1.32,-0.1941392306500796,-114.70751747349088,4.0,4.0,4.0,4.0,1.0,,1970-01-01,yfinance.info/recommendations
MCK,Healthcare,850.489990234375,528.1496649407151,-37.90054309808285,979.3571,1000.0,1065.0,845.0,14.0,1.64706,1970-01-01,yfinance.info/recommendations
MCO,Financial Services,454.9200134277344,48.5174998928732,-89.33493834942472,561.9048,570.0,610.0,505.0,21.0,1.70833,1970-01-01,yfinance.info/recommendations
MCRB,Healthcare,3.5,-10.862213249883412,-410.3489499966689,17.0,17.0,22.0,12.0,2.0,,1970-01-01,yfinance.info/recommendations
MCS,Communication Services,28.440000534057617,20.045510078148027,-29.516491906731773,32.25,33.0,34.0,29.0,4.0,,1970-01-01,yfinance.info/recommendations
MDAI,Healthcare,1.600000023841858,,,5.11333,5.09,6.25,4.0,3.0,1.0,1970-01-01,yfinance.info/recommendations
MDB,Technology,327.1300048828125,50.00210677158992,-84.71491271810969,454.15244,465.0,565.0,272.64,37.0,1.63415,1970-01-01,yfinance.info/recommendations
MDLZ,Consumer Defensive,59.55500030517578,17.374344515224934,-70.82638833650552,69.22727,70.0,77.0,55.0,22.0,1.91304,1970-01-01,yfinance.info/recommendations
MDRR,Real Estate,11.0,13.782876007032376,25.29887279120342,,,,,,,,yfinance.info/recommendations
MDT,Healthcare,88.0250015258789,47.33784582271653,-46.22227207937117,104.83333,106.0,121.0,85.0,24.0,1.75,1970-01-01,yfinance.info/recommendations
MDU,Utilities,18.48500061035156,3.365214260065641,-81.79489235082238,23.625,23.0,27.0,21.0,8.0,1.77778,1970-01-01,yfinance.info/recommendations
MDV,Real Estate,18.049999237060547,17.01995554942723,-5.706613469093198,18.66667,19.0,19.0,18.0,6.0,,1970-01-01,yfinance.info/recommendations
MEC,Industrials,16.719999313354492,0.0326779912738142,-99.80455746043174,36.8,36.0,40.0,34.0,5.0,,1970-01-01,yfinance.info/recommendations
MED,Consumer Cyclical,11.699999809265137,2.435107159225016,-79.18711795792788,12.0,12.0,12.0,12.0,1.0,,1970-01-01,yfinance.info/recommendations
MEI,Technology,14.364999771118164,2.044471752910779,-85.7676868396383,22.0,21.0,30.0,16.0,4.0,,1970-01-01,yfinance.info/recommendations
MELI,Consumer Cyclical,1720.175048828125,1189.9414318550246,-30.824398792106876,2272.28,2300.0,2800.0,1750.0,25.0,1.56,1970-01-01,yfinance.info/recommendations
MEOH,Basic Materials,59.95000076293945,87.30985659411161,45.63779063049782,70.0,70.5,80.0,55.0,10.0,1.8,1970-01-01,yfinance.info/recommendations
MET,Financial Services,95.68000030517578,29.11152282594097,-69.5740774110698,105.75,108.0,119.0,84.0,16.0,1.88889,1970-01-01,yfinance.info/recommendations
META,Communication Services,720.1799926757812,262.4409893371841,-63.558972478240904,793.90735,800.0,1000.0,580.0,57.0,1.41935,1970-01-01,yfinance.info/recommendations
MFIN,Financial Services,11.99470043182373,59.40006649316204,395.2192581280713,11.0,10.5,12.0,10.5,3.0,2.5,1970-01-01,yfinance.info/recommendations
MG,Industrials,21.36000061035156,11.905557243273991,-44.26237404925785,23.0,23.0,24.0,22.0,2.0,1.0,1970-01-01,yfinance.info/recommendations
MGM,Consumer Cyclical,31.959999084472656,-44.53036025798525,-239.33154422278986,49.33158,48.3,57.0,40.0,19.0,2.3913,1970-01-01,yfinance.info/recommendations
MGRX,Healthcare,0.3806000053882599,,,,,,,,,,yfinance.info/recommendations
MGYR,Financial Services,19.5,10.05804817420502,-48.42026577330759,,,,,,,,yfinance.info/recommendations
MH,Consumer Defensive,12.510000228881836,11.939094024312595,-4.563598674052695,17.91667,17.0,24.0,15.0,12.0,1.38462,1970-01-01,yfinance.info/recommendations
MHK,Consumer Cyclical,125.43499755859376,128.48926478276562,2.434940234877534,135.57143,132.0,155.0,115.0,14.0,2.46667,1970-01-01,yfinance.info/recommendations
MIDD,Industrials,105.98999786376952,80.69952635876145,-23.86118691833005,155.88889,160.0,169.0,145.0,9.0,1.54545,1970-01-01,yfinance.info/recommendations
MIND,Technology,4.280700206756592,-0.1832084620768346,-104.27987135814045,9.0,9.0,9.0,9.0,1.0,,1970-01-01,yfinance.info/recommendations
MIRM,Healthcare,88.06999969482422,-99.56491674906589,-213.05202349730138,144.7143,138.5,195.0,118.0,14.0,1.28571,1970-01-01,yfinance.info/recommendations
MITK,Technology,17.155000686645508,11.799619834970072,-31.217607912102206,22.625,23.25,26.0,18.0,4.0,1.2,1970-01-01,yfinance.info/recommendations
MITT,Real Estate,6.079999923706055,17.62296852240806,189.85145959781534,9.0,9.0,10.25,8.0,6.0,,1970-01-01,yfinance.info/recommendations
MKC,Consumer Defensive,48.47499847412109,27.85909212522725,-42.52894687536683,60.07692,59.0,75.0,52.0,13.0,2.26667,1970-01-01,yfinance.info/recommendations
MKC-V,Consumer Defensive,49.400001525878906,27.85909212522725,-43.60507841152017,,,,,,,,yfinance.info/recommendations
MKL,Financial Services,1734.97998046875,1888.6130665181709,8.855035088526662,1956.3334,1955.0,2107.0,1671.0,6.0,,1970-01-01,yfinance.info/recommendations
MKTX,Financial Services,164.0050048828125,82.24096785456689,-49.85459869756351,158.0,167.0,167.0,124.0,9.0,,1970-01-01,yfinance.info/recommendations
MLI,Industrials,60.52000045776367,48.52354578801912,-19.822297718118428,80.0,80.0,80.0,80.0,2.0,1.0,1970-01-01,yfinance.info/recommendations
MLM,Basic Materials,487.635009765625,123.53883544526292,-74.66571657669941,652.7083,662.5,800.0,496.0,24.0,1.83333,1970-01-01,yfinance.info/recommendations
MLR,Consumer Cyclical,54.0,62.94172586468332,16.55875160126541,58.0,58.0,64.0,52.0,2.0,,1970-01-01,yfinance.info/recommendations
MLYS,Healthcare,25.149999618530277,,,48.5,52.0,56.0,30.0,8.0,,1970-01-01,yfinance.info/recommendations
MMI,Real Estate,28.93000030517578,14.8917392578354,-48.52492533444197,28.0,28.0,28.0,28.0,1.0,,1970-01-01,yfinance.info/recommendations
MMM,Industrials,169.27000427246094,80.27511908338673,-52.57569737271701,187.70557,192.35,219.0,120.0,18.0,2.21053,1970-01-01,yfinance.info/recommendations
MMS,Industrials,52.52000045776367,85.15086316763993,62.13035496090262,92.5,92.5,110.0,75.0,2.0,,1970-01-01,yfinance.info/recommendations
MNKD,Healthcare,3.3299999237060547,-0.7466797047216974,-122.42281446933777,7.96875,7.5,13.0,4.75,8.0,,1970-01-01,yfinance.info/recommendations
MNOV,Healthcare,1.8301000595092771,,,8.25,8.0,11.0,6.0,4.0,1.25,1970-01-01,yfinance.info/recommendations
MNSB,Financial Services,24.799999237060547,23.79822397043933,-4.039416521933542,27.5,27.5,27.5,27.5,1.0,,1970-01-01,yfinance.info/recommendations
MNST,Consumer Defensive,41.70500183105469,14.2772984115673,-65.76598061449782,50.23913,50.0,57.0,35.0,23.0,2.04,1970-01-01,yfinance.info/recommendations
MO,Consumer Defensive,68.80999755859375,52.22969206800514,-24.09577979779753,70.0,71.0,82.0,58.0,11.0,2.64286,1970-01-01,yfinance.info/recommendations
MOD,Consumer Cyclical,183.3000030517578,27.36449913933535,-85.07119548077229,310.2857,302.0,355.0,280.0,7.0,1.125,1970-01-01,yfinance.info/recommendations
MOG-A,Industrials,387.8949890136719,132.0711044716589,-65.95184052068177,446.4,440.0,520.0,405.0,5.0,,1970-01-01,yfinance.info/recommendations
MOH,Healthcare,188.75,79.5276542941392,-57.8661434203236,209.11765,209.0,266.0,147.0,17.0,2.68421,1970-01-01,yfinance.info/recommendations
MOS,Basic Materials,22.584999084472656,-9.466390457089696,-141.91450449780137,26.77222,26.5,35.0,17.0,18.0,2.45,1970-01-01,yfinance.info/recommendations
MOVE,Technology,11.760000228881836,,,18.75,18.75,18.75,18.75,1.0,1.0,1970-01-01,yfinance.info/recommendations
MPC,Energy,390.2550048828125,453.0032530195402,16.07878114351666,375.5,380.0,472.0,236.0,18.0,2.31579,1970-01-01,yfinance.info/recommendations
MPWR,Technology,1358.719970703125,162.60765154754156,-88.0322910493916,1839.8,1820.0,2100.0,1575.0,15.0,,1970-01-01,yfinance.info/recommendations
MRAM,Technology,18.920000076293945,-0.663808761148952,-103.50850295175569,25.66667,20.0,38.0,19.0,3.0,,1970-01-01,yfinance.info/recommendations
MRBK,Financial Services,19.149999618530277,85.03353538544265,344.039358116545,23.5,23.5,24.0,23.0,2.0,,1970-01-01,yfinance.info/recommendations
MRCY,Industrials,78.91000366210938,7.04694947679012,-91.06963737200549,115.7,117.5,131.0,78.0,10.0,1.90909,1970-01-01,yfinance.info/recommendations
MRK,Healthcare,147.5399932861328,43.51777191515216,-70.50442327813067,153.65385,155.0,186.0,105.0,26.0,1.75,1970-01-01,yfinance.info/recommendations
MRKR,Healthcare,1.0800000429153442,,,7.86667,8.0,10.0,5.6,3.0,,1970-01-01,yfinance.info/recommendations
MRNA,Healthcare,198.4499969482422,-49.45280663058698,-124.91953005344958,119.55556,125.0,170.0,45.0,18.0,2.73913,1970-01-01,yfinance.info/recommendations
MRTN,Industrials,13.029999732971191,8.937042409413731,-31.411798982624813,17.5,17.5,19.0,16.0,2.0,2.33333,1970-01-01,yfinance.info/recommendations
MRVI,Healthcare,7.519999980926514,-5.003641566031879,-166.53778695110313,7.41667,7.5,8.0,6.5,6.0,,1970-01-01,yfinance.info/recommendations
MRVL,Technology,261.2099914550781,27.854870114028376,-89.33621567886358,290.389,284.0,400.0,210.0,43.0,1.41304,1970-01-01,yfinance.info/recommendations
MS,Financial Services,193.2100067138672,38.91181076306633,-79.86035432383558,235.80952,243.0,262.0,184.0,21.0,2.28,1970-01-01,yfinance.info/recommendations
MSA,Industrials,181.94000244140625,104.27650951915966,-42.686320699186595,209.14285,215.0,223.0,190.0,7.0,2.42857,1970-01-01,yfinance.info/recommendations
MSCI,Financial Services,537.030029296875,78.00163788882892,-85.47536755235919,692.05884,700.0,760.0,570.0,17.0,1.5,1970-01-01,yfinance.info/recommendations
MSDL,Financial Services,14.364999771118164,35.57243356143124,147.6326775371908,15.60714,16.0,17.0,14.0,7.0,,1970-01-01,yfinance.info/recommendations
MSEX,Utilities,52.875,21.965186222448374,-58.45827664785178,61.0,61.0,66.0,56.0,2.0,,1970-01-01,yfinance.info/recommendations
MSFT,Technology,506.4750061035156,186.3437671850576,-63.20770720382364,577.26135,575.0,870.0,440.0,52.0,1.32727,1970-01-01,yfinance.info/recommendations
MSGS,Communication Services,414.2449951171875,-20.05719116966249,-104.84186686769465,480.66666,475.0,584.0,415.0,6.0,2.0,1970-01-01,yfinance.info/recommendations
MSI,Technology,450.1700134277344,141.61823511333114,-68.54116647286081,526.9091,530.0,550.0,476.0,11.0,1.64286,1970-01-01,yfinance.info/recommendations
MSIF,Financial Services,12.09000015258789,9.588787062422677,-20.6882800545691,14.21429,14.0,16.0,12.5,7.0,,1970-01-01,yfinance.info/recommendations
MSPR,Healthcare,0.0001,,,,,,,,,,yfinance.info/recommendations
MSTR,Technology,155.78990173339844,-356.84624503826456,-329.0560819846537,229.86667,200.0,435.0,136.0,15.0,1.25,1970-01-01,yfinance.info/recommendations
MTB,Financial Services,219.0200042724609,155.60503481402185,-28.953962296316472,257.69443,255.0,301.0,224.0,18.0,2.7,1970-01-01,yfinance.info/recommendations
MTCH,Communication Services,39.310001373291016,32.0301396986365,-18.519108166708886,41.88235,41.0,51.0,35.0,17.0,2.4,1970-01-01,yfinance.info/recommendations
MTEX,Consumer Defensive,7.735000133514404,18.85282396862289,143.7339837518153,,,,,,,,yfinance.info/recommendations
MTG,Financial Services,28.200000762939453,42.12359047748178,49.374430276047214,31.0,31.0,35.0,28.0,5.0,2.83333,1970-01-01,yfinance.info/recommendations
MTH,Consumer Cyclical,64.55999755859375,45.38402485400987,-29.702561074572582,80.375,81.5,93.0,65.0,8.0,2.22222,1970-01-01,yfinance.info/recommendations
MTR,Energy,2.400000095367432,,,,,,,,,,yfinance.info/recommendations
MTSI,Technology,283.9200134277344,24.6300541707322,-91.32500246341344,395.33334,380.0,475.0,300.0,15.0,1.5625,1970-01-01,yfinance.info/recommendations
MTVA,Healthcare,1.6642999649047852,,,19.33333,20.0,30.0,8.0,3.0,,1970-01-01,yfinance.info/recommendations
MTW,Industrials,22.18000030517578,13.678603171254966,-38.32911188886226,14.0,14.0,16.0,12.0,2.0,,1970-01-01,yfinance.info/recommendations
MTX,Basic Materials,66.80999755859375,6.09553079090705,-90.87631939282569,92.5,90.0,100.0,90.0,4.0,1.25,1970-01-01,yfinance.info/recommendations
MTZ,Industrials,211.17999267578125,53.98812885177094,-74.4350171776654,413.4,409.5,518.0,313.0,20.0,1.2381,1970-01-01,yfinance.info/recommendations
MU,Technology,1079.8299560546875,358.1590966503421,-66.83189842603299,1520.7609,1545.0,2200.0,361.0,46.0,1.36735,1970-01-01,yfinance.info/recommendations
MUSA,Consumer Cyclical,511.3699951171875,381.4381342764954,-25.40858127800721,617.8,622.0,680.0,550.0,10.0,1.9,1970-01-01,yfinance.info/recommendations
MUX,Basic Materials,18.309999465942383,2.7375215970936058,-85.04903507951735,31.2,31.0,37.0,28.0,5.0,1.16667,1970-01-01,yfinance.info/recommendations
MVBF,Financial Services,29.690000534057617,10.022718013227466,-66.242109016703,34.0,34.0,34.0,34.0,2.0,,1970-01-01,yfinance.info/recommendations
MX,Technology,4.269999980926514,-5.591081750007799,-230.93868325485647,,,,,,,,yfinance.info/recommendations
MXL,Technology,94.4917984008789,-2.028838279032226,-102.14710515977792,94.54545,100.0,125.0,40.0,11.0,1.81818,1970-01-01,yfinance.info/recommendations
MYPS,Communication Services,0.4582000076770782,1.2584733561737516,174.65590028114434,0.5,0.5,0.5,0.5,1.0,,1970-01-01,yfinance.info/recommendations
MYSE,Technology,1.825000047683716,-8.503688312811738,-565.9555118151691,,,,,,,,yfinance.info/recommendations
MYSZ,Consumer Cyclical,1.690000057220459,,,,,,,,,,yfinance.info/recommendations
MZTI,Consumer Defensive,101.38500213623048,92.54191245612468,-8.722285834963433,146.6,140.0,185.0,118.0,5.0,,1970-01-01,yfinance.info/recommendations
NAII,Consumer Defensive,1.5950000286102295,-18.801453032145098,-1278.7744636297818,,,,,,,,yfinance.info/recommendations
NAT,Energy,7.925000190734863,2.851003292934542,-64.0251959076587,6.5,6.5,8.0,5.0,2.0,,1970-01-01,yfinance.info/recommendations
NATR,Consumer Defensive,12.850000381469728,21.68014642507027,68.71708779350702,30.5,30.5,36.0,25.0,2.0,,1970-01-01,yfinance.info/recommendations
NAVI,Financial Services,9.140000343322754,,,9.07143,8.5,13.0,8.0,7.0,3.28571,1970-01-01,yfinance.info/recommendations
NBHC,Financial Services,39.52999877929688,107.00447229290232,170.69181785288586,48.0,48.5,51.0,44.0,4.0,2.25,1970-01-01,yfinance.info/recommendations
NBN,Financial Services,125.4499969482422,44.56221141101573,-64.47810881222973,143.5,143.5,151.0,136.0,2.0,,1970-01-01,yfinance.info/recommendations
NCDL,Financial Services,11.770000457763672,40.41794129498811,243.39795856446057,13.7,13.5,16.0,12.0,5.0,,1970-01-01,yfinance.info/recommendations
NCMI,Communication Services,2.2149999141693115,2.723937267848393,22.976856586919897,4.75,4.625,6.0,3.75,4.0,,1970-01-01,yfinance.info/recommendations
NCNO,Technology,18.549999237060547,7.868093363551184,-57.58440060832062,24.27273,25.0,28.0,17.0,11.0,,1970-01-01,yfinance.info/recommendations
NDAQ,Financial Services,92.5500030517578,19.960206191601984,-78.43305723022029,109.66667,108.0,135.0,84.0,15.0,1.76471,1970-01-01,yfinance.info/recommendations
NDSN,Industrials,327.7950134277344,117.32334249291178,-64.20831992955962,349.7143,360.0,375.0,282.0,7.0,2.0,1970-01-01,yfinance.info/recommendations
NECB,Financial Services,26.729999542236328,93.62363329173375,250.2567710253723,29.75,29.75,30.0,29.5,2.0,,1970-01-01,yfinance.info/recommendations
NEE,Utilities,75.61000061035156,15.97372507977136,-78.87352869881549,98.73684,101.0,114.0,55.0,19.0,1.90476,1970-01-01,yfinance.info/recommendations
NEM,Basic Materials,117.65499877929688,133.60687359273106,13.558178555045936,137.07143,140.0,170.0,67.0,21.0,1.56522,1970-01-01,yfinance.info/recommendations
NEON,Technology,0.9534000158309937,1.1268043615784324,18.18799484666441,,,,,,,,yfinance.info/recommendations
NEPH,Healthcare,4.130000114440918,,,6.25,6.0,8.0,4.75,3.0,,1970-01-01,yfinance.info/recommendations
NFBK,Financial Services,15.3100004196167,5.479404323317149,-64.21029279465996,14.5,14.5,14.5,14.5,1.0,3.0,1970-01-01,yfinance.info/recommendations
NFE,Energy,6.110000133514404,-3200.9602097576285,-52488.8729919957,2.0,2.0,2.0,2.0,1.0,5.0,1970-01-01,yfinance.info/recommendations
NFLX,Communication Services,70.9800033569336,51.72548584930803,-27.126678778530533,92.92667,92.0,135.0,57.0,45.0,1.84314,1970-01-01,yfinance.info/recommendations
NGNE,Healthcare,28.69499969482422,-35.14317573245598,-222.4714274480192,80.42857,65.0,166.0,46.0,7.0,,1970-01-01,yfinance.info/recommendations
NGVC,Consumer Defensive,30.63500022888184,12.866180959778871,-58.001694585760156,42.25,40.0,54.0,35.0,4.0,1.0,1970-01-01,yfinance.info/recommendations
NHI,Real Estate,66.93499755859375,12.182719179208446,-81.7991788697028,81.875,80.0,90.0,73.0,8.0,1.75,1970-01-01,yfinance.info/recommendations
NI,Utilities,39.31999969482422,73.73742927482253,87.53161202218614,49.57143,50.5,55.0,43.0,14.0,1.53333,1970-01-01,yfinance.info/recommendations
NINE,Energy,8.265000343322754,3.386265409600114,-59.028853370395105,13.38,13.38,14.76,12.0,2.0,,1970-01-01,yfinance.info/recommendations
NKE,Consumer Cyclical,36.165000915527344,21.01130767727633,-41.9015425262849,45.76667,43.5,94.0,23.0,36.0,2.7619,1970-01-01,yfinance.info/recommendations
NKSH,Financial Services,42.2599983215332,11.21942648160778,-73.4514270534388,46.75,46.75,46.75,46.75,1.0,,1970-01-01,yfinance.info/recommendations
NKTR,Healthcare,59.34000015258789,-47.43620902220318,-179.9396846987275,141.4,150.5,192.0,50.0,10.0,1.41667,1970-01-01,yfinance.info/recommendations
NL,Industrials,7.0,-1.358464525182035,-119.40663607402907,,,,,,,,yfinance.info/recommendations
NNBR,Industrials,3.924999952316284,-0.7568869778992958,-119.28374489412744,6.66667,7.0,7.0,6.0,3.0,1.0,1970-01-01,yfinance.info/recommendations
NNI,Financial Services,124.8499984741211,375.9207939062228,201.0979563481081,130.0,130.0,130.0,130.0,1.0,,1970-01-01,yfinance.info/recommendations
NNN,Real Estate,41.34000015258789,33.07383815815504,-19.99555385564116,47.73333,47.0,50.5,45.0,15.0,2.88235,1970-01-01,yfinance.info/recommendations
NOC,Industrials,504.0700073242188,325.02512097647514,-35.51984520923532,644.4545,625.0,815.0,538.0,22.0,2.0,1970-01-01,yfinance.info/recommendations
NOEM,Financial Services,10.68,6.381780204471806,-40.24550370344751,,,,,,,,yfinance.info/recommendations
NOG,Energy,22.899999618530277,-18.6629333742654,-181.49752700940522,30.11111,30.0,35.0,25.0,9.0,2.44444,1970-01-01,yfinance.info/recommendations
NOMA,Consumer Cyclical,1.6100000143051147,,,,,,,,,,yfinance.info/recommendations
NOTE,Technology,0.0260000005364418,-26.957413369419054,-103782.35697393675,2.125,2.125,3.0,1.25,2.0,1.0,1970-01-01,yfinance.info/recommendations
NOW,Technology,132.22000122070312,31.06419084363228,-76.50567950624992,144.99261,142.5,248.0,72.0,46.0,1.42857,1970-01-01,yfinance.info/recommendations
NPB,Financial Services,15.149999618530272,10.558756941912712,-30.305232951966005,20.38333,21.0,21.5,18.65,3.0,,1970-01-01,yfinance.info/recommendations
NPK,Industrials,145.8300018310547,64.14852916103425,-56.01143224605396,,,,,,,,yfinance.info/recommendations
NPKI,Industrials,11.510000228881836,6.513913886490414,-43.40648343216217,20.33333,21.0,22.0,18.0,3.0,1.0,1970-01-01,yfinance.info/recommendations
NPWR,Industrials,1.5500999689102173,-18.802451883403137,-1312.9831791830832,2.85,2.75,3.5,2.5,5.0,,1970-01-01,yfinance.info/recommendations
NRC,Healthcare,20.05500030517578,6.579292063057613,-67.19375735257589,26.0,26.0,26.0,26.0,1.0,,1970-01-01,yfinance.info/recommendations
NRG,Utilities,98.0500030517578,118.53512275736776,20.89252327182127,188.5625,187.0,270.0,104.0,16.0,1.5625,1970-01-01,yfinance.info/recommendations
NRGV,Utilities,4.164999961853027,,,6.206,7.0,8.03,3.0,5.0,,1970-01-01,yfinance.info/recommendations
NRIX,Healthcare,23.440000534057617,-26.23887605947416,-211.94059497289626,33.92857,34.0,45.0,25.0,14.0,,1970-01-01,yfinance.info/recommendations
NRXP,Healthcare,2.940000057220459,,,38.25,47.0,49.0,10.0,4.0,1.0,1970-01-01,yfinance.info/recommendations
NSC,Industrials,311.5599975585937,94.58929974951694,-69.64010126758075,363.3889,369.5,414.0,297.0,18.0,2.57143,1970-01-01,yfinance.info/recommendations
NSP,Industrials,46.75,35.54287757027252,-23.972454395138985,51.75,54.0,61.0,38.0,4.0,2.8,1970-01-01,yfinance.info/recommendations
NSSC,Industrials,35.119998931884766,19.34879019299831,-44.9066321712444,50.66667,50.0,55.0,48.0,6.0,1.16667,1970-01-01,yfinance.info/recommendations
NTAP,Technology,205.22999572753903,81.98875859431077,-60.05030438963801,197.0,197.0,219.0,170.0,16.0,2.3,1970-01-01,yfinance.info/recommendations
NTGR,Technology,22.149999618530277,-0.4240972195992007,-101.9146601666052,35.0,35.0,36.0,34.0,3.0,,1970-01-01,yfinance.info/recommendations
NTLA,Healthcare,11.56999969482422,-22.512738950443367,-294.5785613159033,24.0,17.0,61.0,8.0,17.0,,1970-01-01,yfinance.info/recommendations
NTNX,Technology,69.13999938964844,19.4929395959028,-71.80656672261809,76.76286,76.5,90.0,59.68,14.0,2.06667,1970-01-01,yfinance.info/recommendations
NTRS,Financial Services,173.61500549316406,36.3203657283306,-79.07993861178048,184.26923,184.0,208.0,158.0,13.0,3.0,1970-01-01,yfinance.info/recommendations
NTST,Real Estate,18.1200008392334,0.5749199136186461,-96.82715294155048,22.92105,23.0,25.0,20.0,19.0,1.5,1970-01-01,yfinance.info/recommendations
NUAI,Technology,6.864999771118164,-2.485637039899092,-136.2073870760557,11.0,11.0,12.0,10.0,2.0,1.0,1970-01-01,yfinance.info/recommendations
NUE,Basic Materials,237.41009521484372,124.16080864912992,-47.701967544062995,283.625,286.5,310.0,231.0,16.0,1.64706,1970-01-01,yfinance.info/recommendations
NUS,Consumer Defensive,4.670000076293945,3.97864550385182,-14.804166191594065,12.77,12.77,12.77,12.77,1.0,,1970-01-01,yfinance.info/recommendations
NUTR,Consumer Cyclical,9.0,,,,,,,,,,yfinance.info/recommendations
NUVB,Healthcare,5.619200229644775,-3.0867151863442093,-154.9315749607901,13.1,12.5,21.0,7.0,10.0,1.5,1970-01-01,yfinance.info/recommendations
NUVL,Healthcare,123.95999908447266,,,124.0,124.0,124.0,124.0,9.0,3.0,1970-01-01,yfinance.info/recommendations
NVDA,Technology,229.93539428710935,59.54107387059324,-74.10530290249828,327.7,315.0,515.0,180.0,59.0,1.29508,1970-01-01,yfinance.info/recommendations
NVEC,Technology,110.66999816894533,34.41333813254056,-68.90454621675673,,,,,,,,yfinance.info/recommendations
NVO,Healthcare,38.1150016784668,242.92895720362523,537.3578551903063,46.24462,44.18658,62.675964,39.60487,12.0,2.71429,1970-01-01,yfinance.info/recommendations
NVR,Consumer Cyclical,6248.06982421875,5024.913849634197,-19.5765413799212,6717.8,7000.0,7400.0,5664.0,5.0,2.66667,1970-01-01,yfinance.info/recommendations
NVST,Healthcare,23.420000076293945,18.46175238206467,-21.170997771464926,30.0,31.0,35.0,23.0,13.0,2.06667,1970-01-01,yfinance.info/recommendations
NVTS,Technology,11.904999732971191,0.4436770367304479,-96.27318734412339,14.075,13.0,21.0,8.0,8.0,,1970-01-01,yfinance.info/recommendations
NVVE,Consumer Cyclical,1.4500000476837158,,,,,,,,,,yfinance.info/recommendations
NWL,Consumer Defensive,5.295000076293945,-5.025321901709526,-194.90692784327263,6.65625,6.0,11.0,5.0,8.0,2.77778,1970-01-01,yfinance.info/recommendations
NWPX,Basic Materials,103.51000213623048,75.06604448016768,-27.479429107370173,111.0,108.0,130.0,95.0,3.0,,1970-01-01,yfinance.info/recommendations
NWS,Communication Services,31.424999237060547,20.611823023222417,-34.40947168293258,,,,,,1.5,1970-01-01,yfinance.info/recommendations
NWSA,Communication Services,28.46999931335449,20.611823023222417,-27.60160337076657,36.1625,36.5,43.0,30.3,8.0,1.5,1970-01-01,yfinance.info/recommendations
NXDT,Real Estate,5.289999961853027,,,,,,,,,,yfinance.info/recommendations
NXPI,Technology,238.52999877929688,98.86584975708186,-58.55202688842554,311.10345,310.0,400.0,190.0,29.0,1.8,1970-01-01,yfinance.info/recommendations
NXST,Communication Services,162.13499450683594,9.797663361412006,-93.95709520254192,246.75,249.5,290.0,205.0,8.0,1.25,1970-01-01,yfinance.info/recommendations
NXTC,Healthcare,5.0,,,20.0,20.0,20.0,20.0,1.0,,1970-01-01,yfinance.info/recommendations
NXXT,Utilities,0.8779000043869019,,,12.5,12.5,15.0,10.0,2.0,,1970-01-01,yfinance.info/recommendations
NYC,Real Estate,6.21999979019165,17.35742092033857,179.05822356633476,,,,,,,,yfinance.info/recommendations
NYT,Communication Services,63.630001068115234,38.06801165127865,-40.17285712359606,78.55556,76.0,90.0,63.0,9.0,1.7,1970-01-01,yfinance.info/recommendations
O,Real Estate,55.28499984741211,4.712247630638416,-91.4764445262832,67.2625,67.5,74.0,59.0,20.0,2.5,1970-01-01,yfinance.info/recommendations
OBDC,Financial Services,10.899999618530272,27.516152610317167,152.44177590189108,13.17308,13.0,15.0,11.0,13.0,,1970-01-01,yfinance.info/recommendations
OBK,Financial Services,52.65999984741211,11.016880254826106,-79.07922467385363,58.8,60.0,62.0,56.0,5.0,2.0,1970-01-01,yfinance.info/recommendations
OC,Industrials,120.94499969482422,27.527100726424145,-77.23998445914903,173.8,177.0,198.0,140.0,15.0,1.70588,1970-01-01,yfinance.info/recommendations
OCC,Technology,15.15999984741211,2.111392809222922,-86.0726066591396,,,,,,,,yfinance.info/recommendations
OCFC,Financial Services,16.674999237060547,36.55786709805084,119.237593827292,22.25,22.0,25.0,21.0,6.0,2.28571,1970-01-01,yfinance.info/recommendations
OCUL,Healthcare,7.71999979019165,-9.58828460347116,-224.20058114060035,27.09091,28.0,34.0,18.0,11.0,1.36364,1970-01-01,yfinance.info/recommendations
ODFL,Industrials,176.8000030517578,71.71585354408643,-59.4367351209311,228.78261,232.0,280.0,156.0,23.0,2.44,1970-01-01,yfinance.info/recommendations
OFG,Financial Services,50.880001068115234,31.7549449204596,-37.588552960233045,56.5,56.5,58.0,55.0,4.0,,1970-01-01,yfinance.info/recommendations
OGN,Healthcare,13.739999771118164,2.90433994866037,-78.86215431556725,11.25,11.5,14.0,8.0,4.0,,1970-01-01,yfinance.info/recommendations
OGS,Utilities,71.9800033569336,16.09345546768201,-77.64176893980128,89.0625,88.0,103.0,79.0,8.0,1.66667,1970-01-01,yfinance.info/recommendations
OHI,Real Estate,46.68999862670898,9.832450658861251,-78.94099175827218,51.88889,51.5,61.0,46.0,18.0,2.4,1970-01-01,yfinance.info/recommendations
OKE,Energy,87.68000030517578,44.20169351366845,-49.58748476297711,101.5,104.5,112.0,89.0,20.0,2.27273,1970-01-01,yfinance.info/recommendations
OKLO,Utilities,37.834999084472656,,,76.425,78.0,130.0,14.0,20.0,2.08,1970-01-01,yfinance.info/recommendations
OKTA,Technology,202.80999755859372,40.4796054617168,-80.04062622700744,211.20256,220.0,250.0,127.0,43.0,1.65909,1970-01-01,yfinance.info/recommendations
OLED,Technology,75.83000183105469,43.844647497894414,-42.18034229304383,115.37333,115.0,158.0,80.36,9.0,,1970-01-01,yfinance.info/recommendations
OLMA,Healthcare,8.635000228881836,,,36.5,38.0,59.0,16.0,10.0,1.33333,1970-01-01,yfinance.info/recommendations
OLN,Basic Materials,16.040000915527344,-5.000044029576731,-131.17234254479683,21.26667,20.0,30.0,19.0,15.0,2.86667,1970-01-01,yfinance.info/recommendations
OLP,Real Estate,22.200000762939453,5.219621131487267,-76.48819390943054,27.16667,27.0,28.5,26.0,3.0,,1970-01-01,yfinance.info/recommendations
OMC,Communication Services,74.83000183105469,42.01765964487451,-43.849179985671135,102.0,100.0,139.0,77.0,12.0,2.07692,1970-01-01,yfinance.info/recommendations
OMCC,Communication Services,4.16,-9.004430704702363,-316.4526611707299,,,,,,,,yfinance.info/recommendations
OMDA,Healthcare,19.25,5.7128812436298295,-70.3226948382866,28.41667,28.0,35.0,22.0,12.0,,1970-01-01,yfinance.info/recommendations
OMER,Healthcare,19.2450008392334,-4.1517460307349205,-121.57311431377573,27.5,27.5,33.0,22.0,2.0,1.66667,1970-01-01,yfinance.info/recommendations
OMF,Financial Services,56.59999847412109,74.56546934727044,31.741115472580102,69.28571,68.0,85.0,60.0,14.0,1.86667,1970-01-01,yfinance.info/recommendations
ON,Technology,76.9749984741211,29.45801583949085,-61.73041062235992,103.69231,100.0,150.0,75.0,26.0,2.13333,1970-01-01,yfinance.info/recommendations
ONCO,Healthcare,0.8686000108718872,,,,,,,,,,yfinance.info/recommendations
ONEW,Consumer Cyclical,9.998700141906738,-58.19402118147632,-682.0158656180963,13.33333,13.0,14.0,13.0,3.0,,1970-01-01,yfinance.info/recommendations
ONTO,Technology,301.260009765625,31.18778061926769,-89.647553738204,386.36365,390.0,450.0,330.0,11.0,1.18182,1970-01-01,yfinance.info/recommendations
OPBK,Financial Services,15.09000015258789,10.980408073640705,-27.233876987353128,17.75,17.75,18.0,17.5,2.0,,1970-01-01,yfinance.info/recommendations
OPCH,Healthcare,22.670000076293945,17.897967111590617,-21.049990951228317,28.58333,28.0,39.0,23.0,12.0,2.07692,1970-01-01,yfinance.info/recommendations
OPRT,Financial Services,8.359999656677246,4.943184296621995,-40.870998808309686,9.75,10.0,13.0,6.0,4.0,2.0,1970-01-01,yfinance.info/recommendations
OPRX,Healthcare,8.170000076293945,8.682355937901677,6.271185518031791,12.4,11.0,18.0,10.0,5.0,,1970-01-01,yfinance.info/recommendations
OPTX,Technology,7.039999961853027,0.3526010541790707,-94.99146227145346,,,,,,,,yfinance.info/recommendations
OPY,Financial Services,119.57389831542967,369.3424475394657,208.8821663781168,,,,,,,,yfinance.info/recommendations
ORBS,Consumer Cyclical,1.170699954032898,,,,,,,,,,yfinance.info/recommendations
ORC,Real Estate,5.784999847412109,4.385986263003334,-24.183467956954523,7.5,7.5,7.5,7.5,1.0,,1970-01-01,yfinance.info/recommendations
ORCL,Technology,141.66000366210938,-15.402458726829884,-110.87283518894166,237.97415,240.0,400.0,110.0,41.0,1.60465,1970-01-01,yfinance.info/recommendations
ORIC,Healthcare,12.920000076293944,-12.366618696197447,-195.71686240844645,21.07692,22.0,27.0,14.0,13.0,1.26667,1970-01-01,yfinance.info/recommendations
ORKA,Healthcare,82.13999938964844,-15.721964712684052,-119.1404490254542,155.0,155.5,200.0,117.0,12.0,1.15385,1970-01-01,yfinance.info/recommendations
ORLY,Consumer Cyclical,85.93000030517578,30.864931691373556,-64.08130852815268,107.88,110.0,120.0,91.0,25.0,1.53571,1970-01-01,yfinance.info/recommendations
ORRF,Financial Services,41.20000076293945,49.01648721763497,18.97205415036463,45.75,46.0,48.0,43.0,4.0,,1970-01-01,yfinance.info/recommendations
OSRH,Healthcare,0.2049999982118606,,,10.0,10.0,10.0,10.0,1.0,,1970-01-01,yfinance.info/recommendations
OTIS,Industrials,65.94999694824219,36.10456608324188,-45.254635702899456,87.38462,86.0,105.0,75.0,13.0,2.35714,1970-01-01,yfinance.info/recommendations
OTLK,Healthcare,0.6205000281333923,,,5.025,4.0,10.5,1.6,4.0,,1970-01-01,yfinance.info/recommendations
OVBC,Financial Services,44.459999084472656,79.49100843488696,78.79219539311381,,,,,,,,yfinance.info/recommendations
OVID,Healthcare,2.470000028610229,,,5.91556,5.0,9.0,4.0,9.0,1.0,1970-01-01,yfinance.info/recommendations
OWLT,Healthcare,5.110000133514404,-1.6020126858074355,-131.3505409774941,13.0,13.5,15.0,10.0,4.0,1.0,1970-01-01,yfinance.info/recommendations
OXM,Consumer Cyclical,25.21999931335449,4.229536054726132,-83.22943628120359,34.0,34.0,35.0,33.0,4.0,,1970-01-01,yfinance.info/recommendations
OXY,Energy,55.494998931884766,92.4884902182021,66.66094602817022,68.0,69.0,82.0,55.0,25.0,2.30769,1970-01-01,yfinance.info/recommendations
PAAS,Basic Materials,46.11989974975586,44.561602005091366,-3.378796903548652,64.775,61.0,94.0,53.0,8.0,1.77778,1970-01-01,yfinance.info/recommendations
PACK,Consumer Cyclical,4.355000019073486,-1.7824127371993903,-140.92796163933411,7.08333,7.25,8.0,6.0,3.0,,1970-01-01,yfinance.info/recommendations
PACS,Healthcare,41.959999084472656,1.9485860886077844,-95.35608643678722,59.0,59.0,62.0,57.0,6.0,1.33333,1970-01-01,yfinance.info/recommendations
PANL,Industrials,8.0600004196167,13.30488874212557,65.07305272272302,10.85,10.8,11.5,10.25,3.0,,1970-01-01,yfinance.info/recommendations
PANW,Technology,381.8200073242188,30.17663322724269,-92.09663384621474,396.12,410.0,475.0,190.0,50.0,1.70909,1970-01-01,yfinance.info/recommendations
PAR,Technology,13.5600004196167,-12.17788687781882,-189.80742257353893,25.3125,26.5,33.0,18.0,8.0,1.55556,1970-01-01,yfinance.info/recommendations
PARR,Energy,77.80000305175781,173.16812812882574,122.58113282286456,86.57143,85.0,104.0,65.0,7.0,1.57143,1970-01-01,yfinance.info/recommendations
PATH,Technology,12.270000457763672,5.713768848068843,-53.433018460455436,15.49882,15.0,23.0,10.0,17.0,2.85714,1970-01-01,yfinance.info/recommendations
PAYC,Technology,216.6649932861328,150.61215653357456,-30.486160108627857,218.875,217.5,285.0,160.0,16.0,2.45,1970-01-01,yfinance.info/recommendations
PAYX,Technology,98.70999908447266,66.20001798884536,-32.934840844042924,113.92857,111.0,150.0,96.0,14.0,3.0,1970-01-01,yfinance.info/recommendations
PB,Financial Services,67.1050033569336,62.879760540167744,-6.296464653003072,81.07692,82.0,85.0,68.0,13.0,2.6,1970-01-01,yfinance.info/recommendations
PBF,Energy,74.24729919433594,146.2668898574073,96.99961001216525,72.53846,74.0,84.0,55.0,13.0,3.35714,1970-01-01,yfinance.info/recommendations
PBH,Healthcare,46.5,18.914031518406688,-59.32466340127595,67.8,70.0,75.0,55.0,5.0,1.71429,1970-01-01,yfinance.info/recommendations
PBHC,Financial Services,17.2033,,,,,,,,,,yfinance.info/recommendations
PBI,Industrials,16.329999923706055,15.0590114117883,-7.783150752332077,19.56,18.5,22.0,17.3,5.0,,1970-01-01,yfinance.info/recommendations
PBT,Energy,32.75210189819336,,,,,,,,,,yfinance.info/recommendations
PCAR,Industrials,111.30999755859376,45.49973333235724,-59.12340820202956,144.8,140.0,164.0,125.0,15.0,2.27778,1970-01-01,yfinance.info/recommendations
PCB,Financial Services,28.559999465942383,26.59872449153577,-6.867209422554161,30.25,30.25,31.0,29.5,2.0,3.0,1970-01-01,yfinance.info/recommendations
PCG,Utilities,11.96500015258789,5.222130750723766,-56.35494622543503,19.21875,19.5,24.0,14.0,16.0,2.17647,1970-01-01,yfinance.info/recommendations
PCRX,Healthcare,25.13999938964844,31.36707418679751,24.76959008882517,30.0,30.0,38.0,23.0,9.0,2.11111,1970-01-01,yfinance.info/recommendations
PCSA,Healthcare,1.750499963760376,,,,,,,,,,yfinance.info/recommendations
PCT,Industrials,4.545000076293945,-8.043797804518839,-276.9812468535283,10.6,10.0,17.0,6.0,5.0,,1970-01-01,yfinance.info/recommendations
PCTY,Technology,141.52999877929688,89.2092287336801,-36.96797180589695,172.0,170.0,250.0,128.0,19.0,1.45,1970-01-01,yfinance.info/recommendations
PCYO,Utilities,10.979999542236328,1.4089699936147475,-87.16785016069521,,,,,,,,yfinance.info/recommendations
PD,Technology,14.670000076293944,7.870634810578166,-46.34877457637675,12.64286,12.0,15.0,9.5,7.0,,1970-01-01,yfinance.info/recommendations
PDFS,Technology,50.06999969482422,4.958323877998948,-90.09721608104684,61.5,61.0,74.0,50.0,8.0,1.5,1970-01-01,yfinance.info/recommendations
PDLB,Financial Services,20.18000030517578,4.938947345786372,-75.52553383995922,24.0,24.0,24.0,24.0,1.0,,1970-01-01,yfinance.info/recommendations
PDSB,Healthcare,0.7396000027656555,,,4.75,4.75,5.0,4.5,2.0,,1970-01-01,yfinance.info/recommendations
PEBO,Financial Services,39.04999923706055,21.212201698349062,-45.67937999287451,43.0,42.0,46.0,42.0,6.0,2.57143,1970-01-01,yfinance.info/recommendations
PECO,Real Estate,37.540000915527344,4.0736804200794605,-89.14842748873109,44.84615,46.0,49.0,39.0,13.0,2.0,1970-01-01,yfinance.info/recommendations
PEG,Utilities,67.01000213623047,189.4509773060417,182.72044659973344,85.30556,85.0,96.0,73.0,18.0,2.27273,1970-01-01,yfinance.info/recommendations
PEGA,Technology,33.14500045776367,20.348425198189297,-38.60785965557888,39.97982,39.0,54.85876,25.0,7.0,2.4,1970-01-01,yfinance.info/recommendations
PEN,Healthcare,318.5,56.20307588768514,-82.3538223272574,361.83334,374.0,374.0,323.0,12.0,,1970-01-01,yfinance.info/recommendations
PEP,Consumer Defensive,128.00999450683594,79.22620736627735,-38.10935804544032,152.54546,153.5,180.0,124.0,22.0,2.70833,1970-01-01,yfinance.info/recommendations
PEPG,Healthcare,2.4749999046325684,-8.204258598439713,-431.4852086694401,10.1875,10.5,20.0,2.5,8.0,1.375,1970-01-01,yfinance.info/recommendations
PEW,Industrials,2.119999885559082,-1.9705870568338617,-192.9522246796812,5.0,5.0,5.0,5.0,1.0,,1970-01-01,yfinance.info/recommendations
PFBC,Financial Services,109.01000213623048,65.74818457791181,-39.686099174875814,113.2,111.0,120.0,110.0,5.0,2.5,1970-01-01,yfinance.info/recommendations
PFE,Healthcare,28.375,11.404235707545263,-59.80886094257176,28.875,28.0,35.75,25.0,26.0,2.46429,1970-01-01,yfinance.info/recommendations
PFG,Financial Services,113.48500061035156,21.744303954180445,-80.839490825013,112.08333,113.5,128.0,92.0,12.0,3.0,1970-01-01,yfinance.info/recommendations
PFGC,Consumer Defensive,92.33000183105467,40.830533635246525,-55.777609849983335,125.58333,130.0,144.0,79.0,12.0,1.46154,1970-01-01,yfinance.info/recommendations
PFLT,Financial Services,7.03000020980835,22.905978074517527,225.83182632852274,9.75,10.0,10.5,9.0,6.0,,1970-01-01,yfinance.info/recommendations
PG,Consumer Defensive,147.9550018310547,79.84359399832167,-46.03521813375892,160.6087,162.0,186.0,143.0,23.0,2.2,1970-01-01,yfinance.info/recommendations
PGC,Financial Services,43.810001373291016,9.608892806717272,-78.06689681462694,56.0,55.5,58.0,55.0,4.0,,1970-01-01,yfinance.info/recommendations
PGNY,Healthcare,24.93000030517578,19.63861216421464,-21.22498225506473,34.41667,35.0,40.0,30.0,12.0,,1970-01-01,yfinance.info/recommendations
PGR,Financial Services,209.03500366210935,144.96588425664245,-30.649947751827344,231.38095,230.0,302.0,198.0,21.0,2.6,1970-01-01,yfinance.info/recommendations
PHIN,Consumer Cyclical,60.79999923706055,76.77042702445883,26.2671512957249,94.0,95.0,105.0,80.0,5.0,,1970-01-01,yfinance.info/recommendations
PHIO,Healthcare,1.0399999618530271,,,14.0,14.0,14.0,14.0,1.0,1.0,1970-01-01,yfinance.info/recommendations
PHM,Consumer Cyclical,118.12999725341795,102.38496875038018,-13.328560796679618,140.8,145.0,166.0,100.0,15.0,2.0,1970-01-01,yfinance.info/recommendations
PHR,Healthcare,10.050000190734863,9.1548577520524,-8.906889768098694,14.06667,14.0,20.0,10.0,15.0,2.0,1970-01-01,yfinance.info/recommendations
PHUN,Technology,1.9825999736785889,,,,,,,,,,yfinance.info/recommendations
PII,Consumer Cyclical,52.09000015258789,-16.379268029018526,-131.44416966987623,71.93333,73.0,85.0,46.0,15.0,2.72222,1970-01-01,yfinance.info/recommendations
PIII,Healthcare,6.94,,,18.0,18.0,23.0,13.0,2.0,,1970-01-01,yfinance.info/recommendations
PJT,Financial Services,147.6199951171875,24.590735892412283,-83.34186647757912,187.8,194.0,203.0,171.0,5.0,,1970-01-01,yfinance.info/recommendations
PK,Real Estate,15.5600004196167,,,15.875,15.25,20.5,11.0,16.0,2.61111,1970-01-01,yfinance.info/recommendations
PKE,Industrials,29.809999465942383,10.504795621555536,-64.7608325737907,42.5,42.5,43.0,42.0,2.0,,1970-01-01,yfinance.info/recommendations
PKG,Consumer Cyclical,232.4149932861328,111.68927801920933,-51.94403061522566,259.3,265.0,320.0,167.0,10.0,2.0,1970-01-01,yfinance.info/recommendations
PKX,Basic Materials,56.21500015258789,-13801.880935182451,-24651.953922830457,68.0386,68.0386,68.0386,68.0386,1.0,,1970-01-01,yfinance.info/recommendations
PLAB,Technology,30.770000457763672,38.206790601804464,24.168963384478577,41.33333,41.0,44.0,39.0,3.0,,1970-01-01,yfinance.info/recommendations
PLBY,Consumer Cyclical,1.0399999618530271,-0.503081922781461,-148.37326358023046,2.83333,3.0,4.0,1.5,3.0,,1970-01-01,yfinance.info/recommendations
PLD,Real Estate,132.83999633789062,11.13862703780724,-91.61500500988036,158.23077,160.0,170.0,140.0,13.0,2.0,1970-01-01,yfinance.info/recommendations
PLMR,Financial Services,121.66999816894533,86.64880992409337,-28.7837501207349,163.16667,166.0,168.0,152.0,6.0,1.625,1970-01-01,yfinance.info/recommendations
PLNT,Consumer Cyclical,40.68000030517578,25.535808118330788,-37.22761079949691,67.54118,64.0,106.0,49.2,17.0,1.83333,1970-01-01,yfinance.info/recommendations
PLOW,Consumer Cyclical,39.619998931884766,18.6975100994384,-52.80789852724779,54.0,54.5,57.0,50.0,4.0,,1970-01-01,yfinance.info/recommendations
PLSE,Healthcare,51.91999816894531,-7.494662231986141,-114.43502021629286,54.0,51.5,73.0,35.0,6.0,1.16667,1970-01-01,yfinance.info/recommendations
PLTK,Communication Services,2.184999942779541,-0.1728924624876418,-107.91269871923681,4.775,4.0,14.0,2.75,10.0,,1970-01-01,yfinance.info/recommendations
PLTR,Technology,187.64669799804688,11.351234996902168,-93.95074087740124,195.56538,205.05,255.0,80.0,26.0,1.83871,1970-01-01,yfinance.info/recommendations
PLUG,Industrials,1.9198999404907229,-7.31902935946521,-481.2193127936907,3.55312,3.5,7.0,0.75,16.0,2.8,1970-01-01,yfinance.info/recommendations
PM,Consumer Defensive,191.8999938964844,77.78072397676632,-59.46809460623372,208.13333,211.0,230.0,175.0,15.0,1.6875,1970-01-01,yfinance.info/recommendations
PNBK,Financial Services,1.0,,,,,,,,,,yfinance.info/recommendations
PNC,Financial Services,222.0,124.9196635499082,-43.72988128382514,276.975,280.0,291.0,253.0,20.0,1.77273,1970-01-01,yfinance.info/recommendations
PNFP,Financial Services,93.0500030517578,152.8973138785538,64.3173657861212,120.18182,119.5,139.0,105.0,22.0,1.68182,1970-01-01,yfinance.info/recommendations
PNTG,Healthcare,39.86000061035156,-0.0897584858440777,-100.22518435642162,46.66667,46.5,49.0,44.0,6.0,1.14286,1970-01-01,yfinance.info/recommendations
PNW,Utilities,91.45500183105467,246.78935546669487,169.84784924348938,105.46154,106.0,129.0,87.0,13.0,2.5625,1970-01-01,yfinance.info/recommendations
PODD,Healthcare,131.52999877929688,60.741057731708565,-53.819616592842735,171.90909,167.5,275.0,144.0,22.0,1.96,1970-01-01,yfinance.info/recommendations
POOL,Industrials,162.625,87.05101139574415,-46.47132273897362,217.0,212.5,260.0,185.0,12.0,2.4,1970-01-01,yfinance.info/recommendations
POR,Utilities,43.915000915527344,116.25021452404596,164.71641147784317,52.72727,52.0,62.0,44.0,11.0,2.53846,1970-01-01,yfinance.info/recommendations
POST,Consumer Defensive,74.41999816894531,72.1986823194876,-2.984837280451106,105.16667,102.0,125.0,86.0,6.0,1.85714,1970-01-01,yfinance.info/recommendations
POWI,Technology,52.3650016784668,10.860664655806136,-79.25968813580276,77.5,80.0,85.0,65.0,4.0,,1970-01-01,yfinance.info/recommendations
PPCB,Healthcare,0.5217999815940857,,,,,,,,,,yfinance.info/recommendations
PPG,Basic Materials,106.0999984741211,70.3658834173376,-33.67965652280327,126.28571,125.0,138.0,115.0,21.0,2.125,1970-01-01,yfinance.info/recommendations
PPIH,Industrials,31.309999465942383,27.101115779806616,-13.442618198425722,38.0,38.0,38.0,38.0,1.0,,1970-01-01,yfinance.info/recommendations
PPL,Utilities,32.17499923706055,7.338467474825179,-77.19201973943665,40.4,41.0,45.0,35.0,15.0,1.6875,1970-01-01,yfinance.info/recommendations
PR,Energy,21.21999931335449,30.5406457700314,43.9238772774658,27.14286,27.0,30.0,22.0,21.0,1.30435,1970-01-01,yfinance.info/recommendations
PRDO,Consumer Defensive,30.104999542236328,41.85408334042801,39.02701869072645,44.0,44.0,44.0,44.0,1.0,,1970-01-01,yfinance.info/recommendations
PRI,Financial Services,275.385009765625,205.18622846832267,-25.491141059946287,324.5,327.5,360.0,276.0,6.0,,1970-01-01,yfinance.info/recommendations
PRIM,Industrials,76.52999877929688,17.63478196227885,-76.9570335246765,117.8,115.0,165.0,85.0,15.0,1.8125,1970-01-01,yfinance.info/recommendations
PRKS,Consumer Cyclical,32.310001373291016,22.713365677937624,-29.701749574317343,47.3,47.5,55.0,40.0,10.0,,1970-01-01,yfinance.info/recommendations
PRLB,Industrials,96.42510223388672,30.89740810785476,-67.95709064128276,95.5,92.5,110.0,87.0,4.0,,1970-01-01,yfinance.info/recommendations
PRLD,Healthcare,3.859999895095825,,,9.2,10.0,12.0,6.0,5.0,1.4,1970-01-01,yfinance.info/recommendations
PRM,Basic Materials,27.71999931335449,-13.388426440004386,-148.2987978775105,43.75,43.5,48.0,40.0,4.0,,1970-01-01,yfinance.info/recommendations
PRMB,Consumer Defensive,19.40999984741211,7.344926883467378,-62.15905748991203,30.36364,31.0,35.0,25.0,11.0,1.75,1970-01-01,yfinance.info/recommendations
PRME,Healthcare,3.005000114440918,-7.723097064886637,-357.0082120054602,7.11364,7.0,11.0,4.25,11.0,1.5,1970-01-01,yfinance.info/recommendations
PRPH,Healthcare,0.0115000000223517,,,,,,,,,,yfinance.info/recommendations
PRPO,Healthcare,23.34499931335449,3.371194753298341,-85.55924243968664,,,,,,,,yfinance.info/recommendations
PRSU,Consumer Cyclical,49.71500015258789,-17.08432109391224,-134.36451984607493,62.14286,61.0,70.0,58.0,7.0,1.14286,1970-01-01,yfinance.info/recommendations
PRTH,Technology,7.764999866485596,6.053582755360593,-22.040143471368562,7.68333,8.0,8.05,7.0,3.0,3.0,1970-01-01,yfinance.info/recommendations
PRU,Financial Services,115.7300033569336,120.61778280299517,4.223433253507062,113.4,113.0,131.0,92.0,15.0,3.38889,1970-01-01,yfinance.info/recommendations
PSA,Real Estate,284.20001220703125,43.71823202025875,-84.61709002728284,336.5,339.5,374.0,285.0,18.0,2.5,1970-01-01,yfinance.info/recommendations
PSKY,Communication Services,10.045000076293944,1.4508609223721436,-85.55638714432511,9.95,9.5,16.0,2.0,16.0,3.45455,1970-01-01,yfinance.info/recommendations
PSMT,Consumer Defensive,172.7050018310547,70.47781875382863,-59.19179062180713,166.0,165.0,198.0,135.0,3.0,,1970-01-01,yfinance.info/recommendations
PSQH,Technology,5.063000202178955,-58.42024048048005,-1253.866050713129,15.0,15.0,15.0,15.0,1.0,,1970-01-01,yfinance.info/recommendations
PSX,Energy,251.80999755859372,217.40064393726655,-13.664808369381939,251.94737,249.0,335.0,173.0,19.0,2.1,1970-01-01,yfinance.info/recommendations
PTC,Technology,138.0050048828125,111.7046926954234,-19.057506073581976,174.21053,170.0,230.0,140.0,19.0,1.84211,1970-01-01,yfinance.info/recommendations
PTRN,Consumer Cyclical,16.889999389648438,5.241327563926945,-68.96786410105345,28.125,28.5,31.0,25.0,8.0,,1970-01-01,yfinance.info/recommendations
PULM,Healthcare,1.555400013923645,,,,,,,,,,yfinance.info/recommendations
PUMP,Energy,9.15999984741211,6.867816480267507,-25.023836302706837,16.625,17.75,21.0,11.0,12.0,1.92308,1970-01-01,yfinance.info/recommendations
PVH,Consumer Cyclical,75.83000183105469,59.41682518734452,-21.64470031304743,90.83333,85.5,128.0,70.0,12.0,2.30769,1970-01-01,yfinance.info/recommendations
PVLA,Healthcare,138.52999877929688,,,230.53333,232.0,270.0,205.0,15.0,1.0,1970-01-01,yfinance.info/recommendations
PWR,Industrials,650.8400268554688,135.7569797540704,-79.14126756923974,769.0407,800.0,976.0,410.0,29.0,1.45161,1970-01-01,yfinance.info/recommendations
PXED,Consumer Defensive,25.55500030517578,39.6865362830332,55.2985161772637,41.375,39.0,51.0,34.0,8.0,1.85714,1970-01-01,yfinance.info/recommendations
PYPL,Financial Services,54.095001220703125,81.04221037639543,49.81460125261838,56.91719,56.5,80.0,36.0,32.0,2.88095,1970-01-01,yfinance.info/recommendations
PYXS,Healthcare,2.890000104904175,,,8.66667,8.0,19.0,6.0,9.0,1.3,1970-01-01,yfinance.info/recommendations
Q,Technology,126.66000366210938,38.42451691130228,-69.66325927653746,176.75,180.0,189.0,150.0,8.0,,1970-01-01,yfinance.info/recommendations
QCLS,Technology,0.7900000214576721,,,,,,,,,,yfinance.info/recommendations
QCOM,Technology,188.3350067138672,87.01701029184943,-53.796688247102,194.13333,175.0,400.0,100.0,30.0,2.59459,1970-01-01,yfinance.info/recommendations
QETA,Financial Services,11.800000190734863,3.1203251840616573,-73.55656666419651,,,,,,,,yfinance.info/recommendations
QRHC,Industrials,1.3600000143051147,-1.895479985339545,-239.37352686779425,3.25,3.25,4.0,2.5,2.0,,1970-01-01,yfinance.info/recommendations
QS,Consumer Cyclical,4.699999809265137,-3.7226629879089184,-179.20559870173636,6.6625,7.5,10.0,2.5,8.0,,1970-01-01,yfinance.info/recommendations
QTRX,Healthcare,3.609999895095825,-15.038416953249516,-516.5766590098566,3.0,3.0,3.0,3.0,3.0,,1970-01-01,yfinance.info/recommendations
QTTB,Healthcare,9.350000381469728,,,39.6,36.0,59.0,29.0,5.0,1.16667,1970-01-01,yfinance.info/recommendations
QUIK,Technology,11.039999961853027,-1.4675310723679396,-113.29285396230762,23.0,22.0,27.0,20.0,3.0,1.75,1970-01-01,yfinance.info/recommendations
QXO,Industrials,11.71500015258789,-1.5310755140046606,-113.06935974445071,28.94444,27.0,50.0,18.0,18.0,1.22222,1970-01-01,yfinance.info/recommendations
RAPP,Healthcare,32.525001525878906,-24.593608395530445,-175.61447268791747,62.88167,59.0,80.0,50.0,12.0,1.07692,1970-01-01,yfinance.info/recommendations
RARE,Healthcare,14.359999656677246,-49.15973652587563,-442.33800627576534,28.05263,28.0,40.0,18.0,19.0,2.0,1970-01-01,yfinance.info/recommendations
RBA,Industrials,80.94000244140625,37.322283739477314,-53.888951552113554,128.63635,130.0,152.0,104.0,11.0,1.58333,1970-01-01,yfinance.info/recommendations
RBBN,Technology,1.7599999904632568,-1.0220810013704285,-158.07278448344775,3.3,3.3,4.0,2.2,5.0,,1970-01-01,yfinance.info/recommendations
RBNE,Energy,2.3301,,,,,,,,,,yfinance.info/recommendations
RBOT,Healthcare,0.0900000035762786,-48.11028515815581,-53555.87027380551,,,,,,,,yfinance.info/recommendations
RCAT,Industrials,6.539999961853027,-5.700030278586394,-187.15642678645153,16.5,15.0,25.0,9.0,8.0,1.375,1970-01-01,yfinance.info/recommendations
RCL,Consumer Cyclical,257.5799865722656,46.27878426942145,-82.03323756427106,350.44443,355.0,425.0,262.0,27.0,1.62069,1970-01-01,yfinance.info/recommendations
RCMT,Industrials,40.84000015258789,34.099255649783665,-16.505250924630783,45.0,45.0,45.0,45.0,2.0,,1970-01-01,yfinance.info/recommendations
RCUS,Healthcare,25.06999969482422,,,38.75,42.5,47.0,23.0,12.0,1.42857,1970-01-01,yfinance.info/recommendations
RDDT,Communication Services,146.9499969482422,46.07925105143264,-68.64290438354865,213.70909,210.0,300.0,130.0,33.0,1.94118,1970-01-01,yfinance.info/recommendations
RDI,Communication Services,2.0199999809265137,,,,,,,,,,yfinance.info/recommendations
RDIB,Communication Services,16.31999969482422,,,,,,,,,,yfinance.info/recommendations
RDNT,Healthcare,70.87000274658203,3.0970312530650954,-95.62998287986596,94.625,95.5,105.0,79.0,8.0,1.25,1970-01-01,yfinance.info/recommendations
RDY,Healthcare,12.94499969482422,451.05323996524817,3384.382005397745,13.338813,13.022186,15.357014,11.330336,5.0,,1970-01-01,yfinance.info/recommendations
REAL,Consumer Cyclical,8.9399995803833,-2.851053090216228,-131.89097566035892,18.0,18.0,20.0,15.0,8.0,1.44444,1970-01-01,yfinance.info/recommendations
REBN,Consumer Cyclical,1.5099999904632568,,,,,,,,,,yfinance.info/recommendations
REFI,Real Estate,10.835000038146973,64.7703863964314,497.7885202435919,15.125,15.0,20.0,10.5,4.0,,1970-01-01,yfinance.info/recommendations
REFR,Technology,0.7623999714851379,-0.5507890142477181,-172.24410215740087,,,,,,,,yfinance.info/recommendations
REG,Real Estate,72.79000091552734,24.603864956556794,-66.1988396110758,86.16667,85.0,102.0,76.0,18.0,2.05,1970-01-01,yfinance.info/recommendations
REGN,Healthcare,744.9349975585938,480.0431016823426,-35.55906176302528,850.88464,857.0,1030.0,730.0,26.0,1.92593,1970-01-01,yfinance.info/recommendations
RELY,Technology,21.4950008392334,17.012848452575845,-20.85206890746698,32.33333,32.0,36.0,29.0,9.0,1.2,1970-01-01,yfinance.info/recommendations
RENT,Consumer Cyclical,1.6399999856948853,6.442703998934651,292.84780823975495,,,,,,,,yfinance.info/recommendations
RES,Energy,5.679999828338623,7.17984662827612,26.405754318063007,6.4,6.0,9.0,5.0,5.0,,1970-01-01,yfinance.info/recommendations
REXR,Real Estate,37.369998931884766,,,40.375,40.0,45.0,36.0,16.0,2.55556,1970-01-01,yfinance.info/recommendations
REYN,Consumer Cyclical,22.104999542236328,18.473599143134216,-16.427959621367762,27.14286,27.0,30.0,24.0,7.0,,1970-01-01,yfinance.info/recommendations
REZI,Industrials,18.174999237060547,-26.48557001216379,-245.72528816483913,33.4,30.0,45.0,27.0,5.0,1.6,1970-01-01,yfinance.info/recommendations
RF,Financial Services,27.05500030517578,23.331968018425503,-13.76097669471488,32.7075,33.0,36.0,28.0,20.0,2.77273,1970-01-01,yfinance.info/recommendations
RFIL,Industrials,8.069999694824219,2.6471359488222057,-67.19781847674697,14.5,14.5,17.0,12.0,2.0,1.0,1970-01-01,yfinance.info/recommendations
RGA,Financial Services,252.06500244140625,80.6588723175733,-68.0007650660179,277.33334,290.0,302.0,235.0,9.0,2.1,1970-01-01,yfinance.info/recommendations
RGEN,Healthcare,192.4199981689453,23.05766171197706,-88.01701385958212,189.4762,185.0,225.0,145.0,21.0,1.47826,1970-01-01,yfinance.info/recommendations
RGLD,Basic Materials,241.69500732421875,80.27868905629704,-66.78512727877404,309.83334,313.5,380.0,218.0,12.0,1.83333,1970-01-01,yfinance.info/recommendations
RGNX,Healthcare,7.460000038146973,-27.75867809708932,-472.10024068558096,23.72727,19.0,50.0,10.0,11.0,1.63636,1970-01-01,yfinance.info/recommendations
RGTI,Technology,16.010000228881836,-4.4288422144379895,-127.66297408571184,28.525,30.0,40.0,17.3,12.0,1.69231,1970-01-01,yfinance.info/recommendations
RHLD,Industrials,125.96499633789062,-461.747741740536,-466.5682968798221,,,,,,,,yfinance.info/recommendations
RICK,Consumer Cyclical,27.489999771118164,13.614893613543105,-50.47328582429699,,,,,,,,yfinance.info/recommendations
RITM,Real Estate,9.11989974975586,24.860613579482745,172.5974436303235,13.15,13.0,14.0,12.5,10.0,,1970-01-01,yfinance.info/recommendations
RIVN,Consumer Cyclical,14.94499969482422,-18.044302207639227,-220.73805671530633,19.30769,18.5,25.0,13.0,26.0,2.56,1970-01-01,yfinance.info/recommendations
RJF,Financial Services,159.7899932861328,57.63444647305186,-63.93112904770765,186.0,187.0,205.0,160.0,13.0,2.4,1970-01-01,yfinance.info/recommendations
RKDA,Consumer Defensive,0.2728999853134155,,,,,,,,,,yfinance.info/recommendations
RKLB,Industrials,71.55500030517578,0.3950374556167711,-99.44792473770949,109.36842,110.0,150.0,64.0,19.0,,1970-01-01,yfinance.info/recommendations
RL,Consumer Cyclical,353.1099853515625,182.99860979666548,-48.17518127830091,446.70587,455.0,520.0,250.0,17.0,1.52632,1970-01-01,yfinance.info/recommendations
RLMD,Healthcare,3.740000009536743,,,10.75,11.0,12.0,9.0,4.0,1.25,1970-01-01,yfinance.info/recommendations
RMAX,Real Estate,12.359999656677246,,,11.4,11.4,13.8,9.0,2.0,2.0,1970-01-01,yfinance.info/recommendations
RMBS,Technology,103.91999816894533,25.1918824321899,-75.7583883024759,147.85715,160.0,180.0,100.0,7.0,1.5,1970-01-01,yfinance.info/recommendations
RMCF,Consumer Defensive,0.8525999784469604,-4.064801029449616,-576.7535927990273,,,,,,,,yfinance.info/recommendations
RMCO,Financial Services,2.57,,,4.0,4.0,4.0,4.0,1.0,1.0,1970-01-01,yfinance.info/recommendations
RMD,Healthcare,221.5050048828125,138.4938763931569,-37.47596065992853,250.22295,235.0,320.0,175.0,17.0,2.3,1970-01-01,yfinance.info/recommendations
RNAC,Healthcare,7.099999904632568,-18.200829769129545,-356.3497185014604,33.66667,38.5,44.0,16.0,6.0,1.14286,1970-01-01,yfinance.info/recommendations
RNG,Technology,74.62000274658203,41.1080406322128,-44.910159315029304,57.64286,50.0,85.0,38.0,14.0,,1970-01-01,yfinance.info/recommendations
RNR,Financial Services,321.6700134277344,2751.5594804907355,755.3981924426083,347.5625,345.0,438.0,304.0,16.0,2.66667,1970-01-01,yfinance.info/recommendations
RNST,Financial Services,39.5099983215332,10.928165346933431,-72.34075977933536,48.14286,48.0,50.0,45.0,7.0,1.57143,1970-01-01,yfinance.info/recommendations
RNTX,Healthcare,0.7371000051498413,,,6.0,6.0,8.0,4.0,2.0,,1970-01-01,yfinance.info/recommendations
RNXT,Healthcare,1.5800000429153442,,,7.125,5.5,14.5,3.0,4.0,,1970-01-01,yfinance.info/recommendations
ROK,Industrials,428.5050048828125,107.58035830776193,-74.89402525480817,476.84,490.0,550.0,282.0,25.0,2.28571,1970-01-01,yfinance.info/recommendations
ROKU,Communication Services,152.33999633789062,50.18062655790701,-67.06011043442183,162.3265,160.0,205.0,150.0,20.0,2.51852,1970-01-01,yfinance.info/recommendations
ROL,Consumer Cyclical,30.924999237060547,14.12300702714821,-54.33142319944445,44.0,43.0,66.0,32.0,17.0,2.52632,1970-01-01,yfinance.info/recommendations
ROP,Technology,350.8599853515625,251.45453022661388,-28.331944158677462,439.42856,422.0,550.0,335.0,14.0,2.42105,1970-01-01,yfinance.info/recommendations
ROST,Consumer Cyclical,234.8300018310547,110.03814730440784,-53.14135909108696,270.55557,282.5,310.0,187.0,18.0,1.75,1970-01-01,yfinance.info/recommendations
RPAY,Technology,3.684999942779541,-9.513775564464382,-358.1757316741851,6.85,6.0,10.0,4.25,5.0,,1970-01-01,yfinance.info/recommendations
RPID,Healthcare,1.1150000095367432,-7.931727837001572,-811.3657192072152,6.66667,7.0,8.0,5.0,3.0,,1970-01-01,yfinance.info/recommendations
RPM,Basic Materials,99.3499984741211,54.81706137936568,-44.82429570077492,129.8,128.0,151.0,114.0,15.0,1.26667,1970-01-01,yfinance.info/recommendations
RR,Industrials,1.6150000095367432,0.2955814172283331,-81.69774517133783,2.0,2.0,2.0,2.0,1.0,,1970-01-01,yfinance.info/recommendations
RRC,Energy,37.61000061035156,48.11615911534555,27.934481080817463,46.13043,45.0,57.0,37.0,23.0,2.58333,1970-01-01,yfinance.info/recommendations
RSG,Industrials,211.5850067138672,91.14107137949806,-56.92460784674081,245.91667,247.0,272.0,208.0,24.0,2.0,1970-01-01,yfinance.info/recommendations
RSSS,Technology,2.15,1.6529325146549154,-23.119417923027186,3.83333,4.0,4.0,3.5,3.0,,1970-01-01,yfinance.info/recommendations
RSVR,Communication Services,9.545000076293944,-4.806316585375346,-150.35428545791595,13.0,13.0,15.0,11.0,2.0,,1970-01-01,yfinance.info/recommendations
RTX,Industrials,187.17999267578125,82.20306739292654,-56.08341136367477,234.13635,240.0,265.0,200.0,22.0,1.86957,1970-01-01,yfinance.info/recommendations
RVLV,Consumer Cyclical,21.149999618530277,11.641244053197022,-44.958655966131985,30.84615,30.0,37.0,24.0,13.0,2.0,1970-01-01,yfinance.info/recommendations
RVMD,Healthcare,200.8800048828125,-67.77125958607832,-133.7371853538206,256.7065,255.0,320.0,179.0,23.0,1.29167,1970-01-01,yfinance.info/recommendations
RVPH,Healthcare,0.4699999988079071,,,17.5,17.5,30.0,5.0,2.0,,1970-01-01,yfinance.info/recommendations
RVSB,Financial Services,5.949999809265137,,,7.0,7.0,7.0,7.0,1.0,,1970-01-01,yfinance.info/recommendations
RVTY,Healthcare,150.4499969482422,35.265733059170515,-76.55983132302579,129.0,125.5,165.0,110.0,16.0,2.5,1970-01-01,yfinance.info/recommendations
RWT,Real Estate,3.7699999809265137,,,5.69111,6.0,6.5,4.75,9.0,1.77778,1970-01-01,yfinance.info/recommendations
RXO,Industrials,20.45499992370605,-5.480850768069946,-126.79467508439335,24.55882,23.0,35.0,13.0,17.0,2.57143,1970-01-01,yfinance.info/recommendations
RXST,Healthcare,4.679999828338623,-8.107761880412461,-273.24278157699587,7.56875,6.65,11.0,5.5,8.0,3.1,1970-01-01,yfinance.info/recommendations
RXT,Technology,3.938600063323975,-7.425030445915935,-288.5195329949188,4.76667,5.0,5.3,4.0,3.0,,1970-01-01,yfinance.info/recommendations
RY,Financial Services,199.6999969482422,132.69645425301317,-33.55210000959332,208.3438,215.66524,225.83394,183.53221,3.0,2.13333,1970-01-01,yfinance.info/recommendations
RYM,Consumer Defensive,22.45499992370605,,,,,,,,,,yfinance.info/recommendations
RYN,Real Estate,18.875,19.60911437168509,3.889347664556776,26.0,24.5,32.0,23.0,6.0,,1970-01-01,yfinance.info/recommendations
SABS,Healthcare,3.240000009536743,,,11.63636,12.0,16.0,6.0,11.0,,1970-01-01,yfinance.info/recommendations
SAFE,Real Estate,12.204999923706056,15.74474075794596,29.002383091904676,17.9,16.5,28.0,13.0,10.0,2.72727,1970-01-01,yfinance.info/recommendations
SAFT,Financial Services,103.55999755859376,219.36831597039537,111.82727031861681,,,,,,,,yfinance.info/recommendations
SAFX,Utilities,0.3637999892234802,30.17969062493576,8195.682110753596,1.1,1.1,1.2,1.0,2.0,,1970-01-01,yfinance.info/recommendations
SAH,Consumer Cyclical,61.915000915527344,-30.67822301290572,-149.54893411818085,98.54545,98.0,139.0,72.0,11.0,2.41667,1970-01-01,yfinance.info/recommendations
SAIC,Technology,128.89999389648438,108.0561831633856,-16.170528875150918,133.7,133.5,154.0,103.0,10.0,2.81818,1970-01-01,yfinance.info/recommendations
SANA,Healthcare,2.940000057220459,-4.6990445587155385,-259.83144446460045,8.42857,7.0,12.0,6.0,7.0,,1970-01-01,yfinance.info/recommendations
SANM,Technology,223.7400054931641,97.27700604373965,-56.52230103895669,260.0,265.0,300.0,210.0,4.0,,1970-01-01,yfinance.info/recommendations
SARO,Industrials,21.690000534057617,9.142049143962714,-57.85131895405961,34.6,35.0,42.4,25.0,14.0,1.66667,1970-01-01,yfinance.info/recommendations
SB,Industrials,8.34000015258789,,,9.5,9.5,9.8,9.2,2.0,1.0,1970-01-01,yfinance.info/recommendations
SBAC,Real Estate,163.00999450683594,242.03996808289065,48.48167366372161,225.9,224.5,280.0,167.0,20.0,2.09524,1970-01-01,yfinance.info/recommendations
SBCF,Financial Services,32.4900016784668,23.942431498480463,-26.308309444167726,37.04167,37.0,38.75,35.5,6.0,2.66667,1970-01-01,yfinance.info/recommendations
SBDS,Consumer Cyclical,2.799999952316284,-136.89517769506256,-4989.113572370485,,,,,,,,yfinance.info/recommendations
SBET,Financial Services,9.53499984741211,,,16.625,14.0,30.0,8.0,8.0,1.125,1970-01-01,yfinance.info/recommendations
SBGI,Communication Services,12.8100004196167,5.791315794759798,-54.790666627214,17.57143,16.0,30.0,12.0,7.0,,1970-01-01,yfinance.info/recommendations
SBR,Energy,70.79000091552734,,,,,,,,,,yfinance.info/recommendations
SBSI,Financial Services,30.520000457763672,8.915965129307281,-70.7864842870956,34.33333,35.0,35.0,33.0,3.0,3.0,1970-01-01,yfinance.info/recommendations
SBUX,Consumer Cyclical,95.25,23.321126660693285,-75.51587752158186,111.96667,112.0,143.0,81.0,30.0,2.36111,1970-01-01,yfinance.info/recommendations
SCCO,Basic Materials,202.38999938964844,87.12909456471027,-56.94990126613606,171.44041,164.03162,275.0,138.33992,17.0,3.77778,1970-01-01,yfinance.info/recommendations
SCHW,Financial Services,98.3000030517578,20.618975655557268,-79.0244404726002,125.45,125.5,145.0,91.0,20.0,1.72727,1970-01-01,yfinance.info/recommendations
SCI,Consumer Cyclical,77.83609771728516,39.2842645498464,-49.5295040451103,100.33333,100.0,105.0,97.0,6.0,,1970-01-01,yfinance.info/recommendations
SCKT,Technology,0.454800009727478,-2.4600926370775293,-640.9174548064871,,,,,,,,yfinance.info/recommendations
SCL,Basic Materials,63.45500183105469,39.16102274210383,-38.28536504282544,85.0,85.0,85.0,85.0,1.0,,1970-01-01,yfinance.info/recommendations
SCNX,Healthcare,0.2696000039577484,,,1.5,1.5,1.5,1.5,1.0,2.0,1970-01-01,yfinance.info/recommendations
SCOR,Technology,4.86,7.243888071038312,49.05119487733152,5.0,5.0,5.0,5.0,1.0,,1970-01-01,yfinance.info/recommendations
SD,Energy,13.5600004196167,28.539126700020937,110.46552962295301,14.0,14.0,14.0,14.0,1.0,,1970-01-01,yfinance.info/recommendations
SDGR,Healthcare,29.334999084472656,-13.541601993450133,-146.16193085418521,21.42857,20.0,30.0,17.0,7.0,1.57143,1970-01-01,yfinance.info/recommendations
SDHC,Real Estate,10.279999732971191,31.83332976585104,209.66274895661275,13.16667,14.0,15.0,10.5,3.0,3.2,1970-01-01,yfinance.info/recommendations
SDOT,Consumer Defensive,10.635000228881836,,,,,,,,,,yfinance.info/recommendations
SEAT,Communication Services,3.809999942779541,-228.210451114835,-6089.7757097693475,11.67857,10.0,16.0,7.5,7.0,,1970-01-01,yfinance.info/recommendations
SEG,Real Estate,22.9950008392334,,,36.0,36.0,36.0,36.0,1.0,,1970-01-01,yfinance.info/recommendations
SEI,Energy,69.94499969482422,-53.42252831941777,-176.37790914647888,101.27143,102.5,120.0,82.0,14.0,1.35714,1970-01-01,yfinance.info/recommendations
SENEB,Consumer Defensive,187.42,296.66799229227735,58.29046648824958,,,,,,,,yfinance.info/recommendations
SEPN,Healthcare,39.0,3.946172836356004,-89.88160811190767,54.22222,51.0,62.0,48.0,9.0,,1970-01-01,yfinance.info/recommendations
SERA,Healthcare,2.075000047683716,-7.425527457436255,-457.85673671310195,5.5,5.5,6.0,5.0,2.0,,1970-01-01,yfinance.info/recommendations
SF,Financial Services,69.9000015258789,18.28234412105444,-73.84500182838221,89.0,87.0,103.0,81.0,8.0,2.375,1970-01-01,yfinance.info/recommendations
SFBS,Financial Services,40.595001220703125,9.842861977242835,-75.75351230135435,48.33333,48.0,50.0,47.0,3.0,,1970-01-01,yfinance.info/recommendations
SFM,Consumer Defensive,64.11000061035156,60.525436266226855,-5.591271736075953,94.5,97.5,114.0,70.0,14.0,2.1875,1970-01-01,yfinance.info/recommendations
SFNC,Financial Services,22.6299991607666,,,25.92857,26.0,28.0,24.0,7.0,2.28571,1970-01-01,yfinance.info/recommendations
SGI,Consumer Cyclical,61.7400016784668,16.85190297731176,-72.70504936965489,93.44444,95.0,105.0,80.0,9.0,,1970-01-01,yfinance.info/recommendations
SGLY,Industrials,0.8299999833106995,,,,,,,,,,yfinance.info/recommendations
SGRP,Industrials,0.613,-7.340581903598228,-1297.4848129850288,,,,,,,,yfinance.info/recommendations
SGU,Energy,12.800000190734863,31.96707230993221,149.74274869988844,,,,,,,,yfinance.info/recommendations
SHBI,Financial Services,22.51000022888184,10.128061854774227,-55.00638937453566,25.75,25.75,26.5,25.0,4.0,,1970-01-01,yfinance.info/recommendations
SHFS,Financial Services,0.1085999980568885,,,,,,,,,,yfinance.info/recommendations
SHLS,Technology,7.599999904632568,-0.4298174158985487,-105.65549238542167,11.31579,12.0,15.0,6.5,19.0,,1970-01-01,yfinance.info/recommendations
SI,Unknown,17.799999237060547,-17.399665720047988,-197.75093520128337,26.25,26.0,28.0,25.0,4.0,1.25,1970-01-01,yfinance.info/recommendations
SIBN,Healthcare,19.4950008392334,-1.3805718607688744,-107.08167120460182,25.0,25.0,32.0,20.0,9.0,1.33333,1970-01-01,yfinance.info/recommendations
SID,Basic Materials,0.9853000044822692,-27.620435714597363,-2903.2513537956047,1.15,1.15,1.5,0.8,2.0,3.75,1970-01-01,yfinance.info/recommendations
SILO,Healthcare,1.6348999738693235,,,,,,,,,,yfinance.info/recommendations
SINT,Healthcare,2.0199999809265137,-16.039965478121037,-894.0577044344319,9.125,9.25,12.0,6.0,4.0,,1970-01-01,yfinance.info/recommendations
SIRI,Communication Services,25.725000381469727,29.25488814081861,13.721623739572571,33.23077,32.0,46.0,24.0,13.0,2.64286,1970-01-01,yfinance.info/recommendations
SITC,Real Estate,3.065000057220459,101.9492369826842,3226.2393174353933,3.5,3.5,3.5,3.5,1.0,,1970-01-01,yfinance.info/recommendations
SITM,Technology,663.5574951171875,35.31990218788096,-94.67719037946466,849.5,850.0,900.0,730.0,10.0,1.54545,1970-01-01,yfinance.info/recommendations
SJM,Consumer Defensive,119.88999938964844,73.77832929797364,-38.461648449767345,142.125,145.0,157.0,120.0,16.0,2.10526,1970-01-01,yfinance.info/recommendations
SKIL,Consumer Defensive,6.03000020980835,-25.01800513766567,-514.8922764044285,,,,,,,1970-01-01,yfinance.info/recommendations
SKM,Communication Services,35.42499923706055,66493.32839761181,187601.70735261028,35.0,35.0,40.0,30.0,2.0,,1970-01-01,yfinance.info/recommendations
SKT,Real Estate,34.880001068115234,12.402650966385696,-64.44194212561737,41.0,41.0,46.0,37.0,10.0,2.72727,1970-01-01,yfinance.info/recommendations
SKWD,Financial Services,52.834999084472656,39.333655659165565,-25.553787563658563,70.54545,72.0,80.0,56.0,11.0,,1970-01-01,yfinance.info/recommendations
SKYT,Technology,32.459999084472656,5.460980814113711,-83.17627551404956,35.0,35.0,35.0,35.0,1.0,3.0,1970-01-01,yfinance.info/recommendations
SKYX,Industrials,1.1749999523162842,-1.7376804304870983,-247.8877022132298,4.0,4.0,5.0,2.5,7.0,1.16667,1970-01-01,yfinance.info/recommendations
SLB,Energy,49.959999084472656,32.384533392860305,-35.17907528760289,62.41379,63.0,75.0,43.0,29.0,1.6,1970-01-01,yfinance.info/recommendations
SLDB,Healthcare,7.050000190734863,-12.66218068477469,-279.6053949248877,18.61538,18.0,26.0,11.0,13.0,1.38462,1970-01-01,yfinance.info/recommendations
SLG,Real Estate,49.77999877929688,,,58.79412,60.0,79.0,43.0,17.0,2.52941,1970-01-01,yfinance.info/recommendations
SLGN,Consumer Cyclical,35.7599983215332,22.994217458517557,-35.69849402182051,55.30769,57.0,61.0,47.0,13.0,,1970-01-01,yfinance.info/recommendations
SLM,Financial Services,23.165000915527344,11.747863000547316,-49.28615352364263,28.54545,28.0,35.0,23.0,11.0,2.09091,1970-01-01,yfinance.info/recommendations
SLVM,Basic Materials,34.259498596191406,29.792210055255733,-13.039561943362173,50.4,47.0,65.0,45.0,5.0,2.0,1970-01-01,yfinance.info/recommendations
SMA,Real Estate,31.75,1.6639503799129352,-94.75921140184902,37.34091,38.0,40.0,34.0,11.0,1.81818,1970-01-01,yfinance.info/recommendations
SMBK,Financial Services,49.56999969482422,15.350321835966035,-69.03304028551605,52.70833,51.375,60.0,47.0,6.0,2.33333,1970-01-01,yfinance.info/recommendations
SMCI,Technology,42.32730102539063,-18.900566609657677,-144.65337064208254,42.375,42.5,60.0,15.0,16.0,,1970-01-01,yfinance.info/recommendations
SMHI,Industrials,8.524999618530273,-7.145966205191977,-183.82365425165796,11.0,11.0,11.0,11.0,1.0,,1970-01-01,yfinance.info/recommendations
SMMT,Healthcare,16.440000534057617,-8.464686494574416,-151.48835899998122,28.63018,32.76764,40.817135,10.765338,13.0,1.76471,1970-01-01,yfinance.info/recommendations
SMP,Consumer Cyclical,37.59000015258789,42.30580883955512,12.545380866785042,50.0,48.0,54.0,48.0,3.0,,1970-01-01,yfinance.info/recommendations
SMR,Industrials,8.085000038146973,-12.841446862024531,-258.83051084026596,11.96667,11.0,20.0,6.0,15.0,2.66667,1970-01-01,yfinance.info/recommendations
SMRT,Technology,1.1749999523162842,-0.5215677585394266,-144.38874720898986,1.45,1.45,1.5,1.4,2.0,,1970-01-01,yfinance.info/recommendations
SMSI,Technology,2.6600000858306885,-6.668130470903365,-350.68158856171544,11.0,11.0,12.0,10.0,2.0,,1970-01-01,yfinance.info/recommendations
SMXT,Technology,2.28,,,,,,,,,,yfinance.info/recommendations
SNAP,Communication Services,5.284999847412109,-0.2093953037461746,-103.96206830258868,7.39429,6.75,16.0,5.0,35.0,2.64286,1970-01-01,yfinance.info/recommendations
SND,Energy,5.099999904632568,8.235311518594527,61.4766994625629,,,,,,,,yfinance.info/recommendations
SNDK,Technology,1741.43994140625,850.2529015455239,-51.17529572343871,2136.5417,2150.0,3600.0,1000.0,24.0,1.52,1970-01-01,yfinance.info/recommendations
SNDR,Industrials,31.649999618530277,23.91600095407772,-24.43601503212814,37.5,37.0,45.0,32.0,14.0,2.4375,1970-01-01,yfinance.info/recommendations
SNES,Basic Materials,0.6399999856948853,-12.448888839240189,-2045.1389246085223,6.75,6.75,10.0,3.5,2.0,,1970-01-01,yfinance.info/recommendations
SNFCA,Financial Services,8.8,7.660610888982159,-12.947603534293654,,,,,,,,yfinance.info/recommendations
SNPS,Technology,415.9800109863281,121.6704980533328,-70.75087868649253,553.7712,563.75,700.0,414.77,25.0,1.33333,1970-01-01,yfinance.info/recommendations
SNTI,Healthcare,0.3025000095367431,,,13.5,13.5,15.0,12.0,2.0,,1970-01-01,yfinance.info/recommendations
SNX,Technology,257.25,116.03405834723958,-54.894437960256724,339.63635,340.0,379.0,287.0,11.0,1.54545,1970-01-01,yfinance.info/recommendations
SO,Utilities,82.54499816894531,46.59144521127772,-43.55630717209691,98.65789,101.0,112.0,79.0,19.0,2.6087,1970-01-01,yfinance.info/recommendations
SOC,Energy,3.559999942779541,-25.054060387307167,-803.7657525282349,9.75,10.0,11.0,8.0,4.0,1.0,1970-01-01,yfinance.info/recommendations
SOLS,Basic Materials,56.17499923706055,25.39956822626413,-54.784924661810805,80.25,81.5,86.0,70.0,8.0,1.375,1970-01-01,yfinance.info/recommendations
SOLV,Healthcare,88.49500274658203,54.489927405702616,-38.42598371148455,93.92308,95.0,113.0,70.0,13.0,2.2,1970-01-01,yfinance.info/recommendations
SOTK,Technology,5.215000152587891,3.2445981813900424,-37.78335404688447,7.5,7.5,10.0,5.0,2.0,,1970-01-01,yfinance.info/recommendations
SPB,Consumer Defensive,82.5199966430664,85.06733223404612,3.08693128284773,99.71429,100.0,110.0,90.0,7.0,,1970-01-01,yfinance.info/recommendations
SPFI,Financial Services,42.0099983215332,44.35570269277074,5.583681182951137,50.75,50.0,53.0,50.0,4.0,,1970-01-01,yfinance.info/recommendations
SPG,Real Estate,204.16000366210935,267.30374452718803,30.928555903429245,234.44444,224.5,285.0,207.0,18.0,2.45,1970-01-01,yfinance.info/recommendations
SPGI,Financial Services,390.9750061035156,86.91542452753606,-77.76957013346166,520.3,525.0,553.0,485.0,20.0,1.33333,1970-01-01,yfinance.info/recommendations
SPRY,Healthcare,4.070000171661377,-20.17520854798324,-595.7053488218331,22.5,22.5,30.0,15.0,4.0,1.0,1970-01-01,yfinance.info/recommendations
SPSC,Technology,81.57499694824219,58.55004630524692,-28.22549985212278,75.45455,70.0,103.0,59.0,11.0,,1970-01-01,yfinance.info/recommendations
SPXC,Industrials,170.68499755859375,73.30546669438182,-57.05219102855417,270.66666,280.0,310.0,225.0,12.0,1.25,1970-01-01,yfinance.info/recommendations
SQFT,Real Estate,1.2899999618530271,,,,,,,,,,yfinance.info/recommendations
SRBK,Financial Services,19.100000381469727,1.6548873906679802,-91.33566828473205,,,,,,,1970-01-01,yfinance.info/recommendations
SRE,Utilities,77.08499908447266,12.116016013701143,-84.28226482765608,100.91176,101.0,118.0,84.0,17.0,1.52632,1970-01-01,yfinance.info/recommendations
SRFM,Industrials,1.1649999618530271,-5.587964851463116,-579.6536510245892,4.926,3.88,12.0,1.0,5.0,1.5,1970-01-01,yfinance.info/recommendations
SRG,Real Estate,1.7549999952316284,,,,,,,,,,yfinance.info/recommendations
SRRK,Healthcare,47.95000076293945,-27.66280645643412,-157.69094059705353,70.4375,71.5,84.0,58.0,16.0,1.22222,1970-01-01,yfinance.info/recommendations
SRTA,Healthcare,5.224999904632568,-2.015731092782362,-138.57858621193816,9.5625,8.75,12.75,8.0,4.0,,1970-01-01,yfinance.info/recommendations
SRZN,Healthcare,29.834999084472656,-27.00323255423739,-190.50857510597666,48.4,52.0,54.0,40.0,5.0,1.0,1970-01-01,yfinance.info/recommendations
SSD,Basic Materials,173.38499450683594,122.51448613650628,-29.33962567811716,219.0,218.0,230.0,212.0,5.0,,1970-01-01,yfinance.info/recommendations
SSNC,Technology,77.08999633789062,46.12304897581133,-40.169864876305205,93.55556,90.0,112.0,82.0,9.0,,1970-01-01,yfinance.info/recommendations
SST,Industrials,2.75,-63.5948869448228,-2412.541343448102,6.5,6.5,6.5,6.5,1.0,,1970-01-01,yfinance.info/recommendations
SSTI,Technology,8.28499984741211,-2.705625443948789,-132.65691603837402,9.0,8.0,13.0,6.0,5.0,,1970-01-01,yfinance.info/recommendations
STI,Industrials,6.800000190734863,-36.396520109374826,-635.2429277717641,,,,,,,,yfinance.info/recommendations
STIM,Healthcare,2.549999952316284,-2.9028134308621607,-213.8358229467965,5.75,5.5,7.0,5.0,4.0,1.25,1970-01-01,yfinance.info/recommendations
STLD,Basic Materials,224.21499633789065,100.9660780094906,-54.96907893826365,271.7143,271.0,310.0,221.0,14.0,2.0,1970-01-01,yfinance.info/recommendations
STM,Technology,53.90499877929688,12.797316878377604,-76.25949880682934,75.04167,73.5,98.0,52.0,12.0,,1970-01-01,yfinance.info/recommendations
STRS,Real Estate,18.11000061035156,,,,,,,,,,yfinance.info/recommendations
STT,Financial Services,178.32260131835938,34.35634614256258,-80.73359972961241,199.5,200.0,215.0,150.0,14.0,2.0625,1970-01-01,yfinance.info/recommendations
STTK,Healthcare,6.352499961853027,,,14.66667,15.0,18.0,10.0,9.0,1.27273,1970-01-01,yfinance.info/recommendations
STZ,Consumer Defensive,112.5,98.22205832304596,-12.691503712848037,163.34782,165.0,209.0,110.0,23.0,2.04167,1970-01-01,yfinance.info/recommendations
SU,Energy,67.91000366210938,129.96333765950217,91.37583662363382,69.04075,67.67835,72.84728,66.59662,3.0,1.85714,1970-01-01,yfinance.info/recommendations
SUNE,Technology,2.3631999492645264,,,,,,,,,,yfinance.info/recommendations
SUPN,Healthcare,43.59999847412109,1.8751030800175013,-95.6993047118328,61.75,62.5,67.0,55.0,4.0,,1970-01-01,yfinance.info/recommendations
SVCO,Technology,8.100000381469727,-7.649440226140694,-194.43752920851986,15.16667,14.5,18.0,14.0,6.0,1.16667,1970-01-01,yfinance.info/recommendations
SVRA,Healthcare,5.010000228881836,-6.407850114146002,-227.90119403998804,10.9375,10.25,16.0,9.0,8.0,,1970-01-01,yfinance.info/recommendations
SVV,Consumer Cyclical,9.354999542236328,0.0069462557248899,-99.92574819813161,14.22727,14.0,20.0,11.0,11.0,1.66667,1970-01-01,yfinance.info/recommendations
SWK,Industrials,89.86000061035156,73.43862513119777,-18.274399474310833,100.72727,100.0,110.0,93.0,11.0,2.46667,1970-01-01,yfinance.info/recommendations
SWKS,Technology,89.03500366210938,38.02101210929019,-57.29655692093739,68.35294,70.0,85.0,52.0,17.0,3.0,1970-01-01,yfinance.info/recommendations
SWX,Utilities,82.04000091552734,62.91882868246302,-23.30713312979174,102.71429,103.0,107.0,94.0,7.0,1.125,1970-01-01,yfinance.info/recommendations
SXC,Basic Materials,9.465800285339355,2.5550331726187645,-73.00774265673022,9.5,9.5,10.0,9.0,2.0,,1970-01-01,yfinance.info/recommendations
SXI,Industrials,274.510009765625,97.29134959479391,-64.55817779546156,338.4,342.0,350.0,310.0,5.0,,1970-01-01,yfinance.info/recommendations
SXTP,Healthcare,1.2799999713897705,-17.643609959221173,-1478.4070588739528,3.7,3.7,3.7,3.7,1.0,,1970-01-01,yfinance.info/recommendations
SYF,Financial Services,71.79000091552734,158.89003504615465,121.32613597973723,89.43478,90.0,104.0,78.0,23.0,1.78261,1970-01-01,yfinance.info/recommendations
SYK,Healthcare,276.6600036621094,127.36178796731896,-53.964510127431154,369.0,360.0,465.0,298.0,25.0,1.67857,1970-01-01,yfinance.info/recommendations
SYRE,Healthcare,84.76000213623047,,,120.07692,121.0,130.0,97.0,13.0,1.125,1970-01-01,yfinance.info/recommendations
SYY,Consumer Defensive,78.65499877929688,41.26115789814872,-47.54159489096674,90.83333,89.5,100.0,78.0,12.0,2.35714,1970-01-01,yfinance.info/recommendations
TACT,Technology,4.679999828338623,2.3891960939376684,-48.94879953904141,7.0,7.0,7.0,7.0,1.0,,1970-01-01,yfinance.info/recommendations
TAIT,Technology,2.15,,,,,,,,,,yfinance.info/recommendations
TALK,Healthcare,5.25,0.3928097902322012,-92.51790875748188,6.375,5.625,9.0,5.25,4.0,2.33333,1970-01-01,yfinance.info/recommendations
TALO,Energy,16.350000381469727,,,19.88889,20.0,24.0,17.0,9.0,1.7,1970-01-01,yfinance.info/recommendations
TAP,Consumer Defensive,36.185001373291016,-55.306694151964656,-252.84425052637363,45.2381,44.0,61.0,33.0,21.0,2.7619,1970-01-01,yfinance.info/recommendations
TAP-A,Consumer Defensive,39.52,-55.306694151964656,-239.9460884412061,,,,,,,,yfinance.info/recommendations
TASK,Technology,8.3149995803833,12.41341039743086,49.28936889806353,8.5,8.0,12.0,7.0,6.0,2.75,1970-01-01,yfinance.info/recommendations
TAYD,Industrials,64.84500122070312,23.10667452825672,-64.36629795161538,70.0,70.0,70.0,70.0,1.0,,1970-01-01,yfinance.info/recommendations
TBCH,Technology,12.739999771118164,7.84924362184923,-38.38898145317378,16.4,17.0,21.0,11.0,5.0,,1970-01-01,yfinance.info/recommendations
TBI,Industrials,9.390000343322754,-11.484310051875116,-222.30361695398267,9.75,9.75,10.0,9.5,2.0,2.0,1970-01-01,yfinance.info/recommendations
TCBS,Financial Services,17.0,3.9310484704146775,-76.87618546814896,,,,,,,,yfinance.info/recommendations
TCBX,Financial Services,42.81999969482422,48.12374702960659,12.386145195193572,48.33333,48.5,54.0,40.0,6.0,2.0,1970-01-01,yfinance.info/recommendations
TCI,Real Estate,44.02999877929688,44.44099504572666,0.9334460091400895,,,,,,,,yfinance.info/recommendations
TD,Financial Services,118.93000030517578,412.3214996077261,246.69259106172055,119.98016,128.25844,135.88136,95.80069,3.0,2.21429,1970-01-01,yfinance.info/recommendations
TDC,Technology,28.450000762939453,82.69748448618486,190.67656333391452,33.5,31.5,49.0,27.0,8.0,2.875,1970-01-01,yfinance.info/recommendations
TDG,Industrials,1102.199951171875,121.77693169191927,-88.95146642290773,1497.0,1450.0,1972.0,1331.0,19.0,2.08696,1970-01-01,yfinance.info/recommendations
TDOC,Healthcare,5.864999771118164,6.067194026459633,3.4474725188765163,7.67647,7.5,10.5,5.5,17.0,2.52174,1970-01-01,yfinance.info/recommendations
TDUP,Consumer Cyclical,2.2149999141693115,-0.2594601384085623,-111.71377645429241,7.24,6.5,10.0,5.7,5.0,,1970-01-01,yfinance.info/recommendations
TDY,Technology,604.3599853515625,257.92490126329875,-57.322637581099755,758.0833,760.0,877.0,640.0,12.0,1.75,1970-01-01,yfinance.info/recommendations
TE,Industrials,3.734999895095825,-7.679851456889745,-305.61851867716615,8.77778,9.0,16.0,5.0,9.0,1.77778,1970-01-01,yfinance.info/recommendations
TEAM,Technology,176.16000366210938,25.160938033110565,-85.71699732626512,205.3942,185.0,480.0,145.0,31.0,1.54545,1970-01-01,yfinance.info/recommendations
TECH,Healthcare,72.42500305175781,18.013112250249833,-75.12859994306532,70.72727,73.0,73.0,50.0,11.0,,1970-01-01,yfinance.info/recommendations
TECX,Healthcare,22.90999984741211,-30.146566717658487,-231.5869354798962,76.625,78.0,93.0,60.0,8.0,1.11111,1970-01-01,yfinance.info/recommendations
TELA,Healthcare,1.2200000286102295,-7.039789970214832,-677.0319512397267,2.08333,2.0,3.0,1.0,6.0,1.5,1970-01-01,yfinance.info/recommendations
TENX,Healthcare,1.825000047683716,,,12.55556,5.0,36.0,4.0,9.0,1.9,1970-01-01,yfinance.info/recommendations
TER,Technology,408.6900024414063,65.18597935763205,-84.05001860377592,446.46667,450.0,550.0,350.0,15.0,1.64706,1970-01-01,yfinance.info/recommendations
TFC,Financial Services,46.80500030517578,18.653276346615726,-60.14682998612647,54.89722,55.0,61.0,45.0,18.0,2.61905,1970-01-01,yfinance.info/recommendations
TFIN,Financial Services,60.494998931884766,4.523065562913756,-92.52324052768962,80.6,82.0,88.0,67.0,5.0,2.8,1970-01-01,yfinance.info/recommendations
TFSL,Financial Services,16.3799991607666,1.8842477971382228,-88.4966551057501,19.0,19.0,20.0,18.0,2.0,,1970-01-01,yfinance.info/recommendations
TFX,Healthcare,125.62000274658205,-5.057981475111911,-104.02641407779265,154.72726,155.0,170.0,138.0,11.0,2.38462,1970-01-01,yfinance.info/recommendations
TG,Industrials,7.019999980926514,12.480662243936168,77.78721193513373,,,,,,,,yfinance.info/recommendations
TGT,Consumer Defensive,156.0050048828125,126.06369276579404,-19.19253304694276,162.76471,160.5,200.0,125.0,34.0,2.52632,1970-01-01,yfinance.info/recommendations
TH,Industrials,19.559999465942383,2.09876596094182,-89.27011238115746,25.2,25.0,27.0,23.0,5.0,1.2,1970-01-01,yfinance.info/recommendations
THC,Healthcare,256.2699890136719,325.96390567135603,27.1955046027516,284.63635,284.0,315.0,260.0,22.0,1.56522,1970-01-01,yfinance.info/recommendations
THO,Consumer Cyclical,70.92500305175781,72.03556439625564,1.5658248808073902,84.90909,80.0,138.0,53.0,11.0,2.55556,1970-01-01,yfinance.info/recommendations
TIL,Healthcare,7.21999979019165,,,7.0,7.0,7.0,7.0,1.0,,1970-01-01,yfinance.info/recommendations
TITN,Industrials,23.46999931335449,-20.664919124839223,-188.04823063237512,25.25,25.0,29.0,22.0,4.0,,1970-01-01,yfinance.info/recommendations
TJX,Consumer Cyclical,131.30499267578125,66.60103288737051,-49.277608162378094,169.8,175.0,198.0,136.0,20.0,,1970-01-01,yfinance.info/recommendations
TKO,Communication Services,180.3999938964844,96.3330713374366,-46.60029124351654,231.42105,235.0,250.0,185.0,19.0,1.5,1970-01-01,yfinance.info/recommendations
TKR,Industrials,116.68499755859376,51.38617662689265,-55.96162514286473,147.74635,150.0,160.0,130.0,11.0,2.0,1970-01-01,yfinance.info/recommendations
TLPH,Healthcare,1.1950000524520874,,,3.125,3.0,3.5,3.0,4.0,,1970-01-01,yfinance.info/recommendations
TLS,Technology,4.085000038146973,1.7976975739121803,-55.99271585985964,6.33333,5.5,9.0,4.0,6.0,,1970-01-01,yfinance.info/recommendations
TLYS,Consumer Cyclical,4.610000133514404,-0.2751428127883182,-105.96839056007934,5.5,5.5,5.5,5.5,1.0,,1970-01-01,yfinance.info/recommendations
TMC,Basic Materials,3.839999914169312,-3.344838897636956,-187.10518157291492,10.9,10.0,12.3,10.0,7.0,1.5,1970-01-01,yfinance.info/recommendations
TMDX,Healthcare,82.23999786376953,14.232287698749122,-82.69420225140948,97.3,97.5,125.0,65.0,10.0,1.83333,1970-01-01,yfinance.info/recommendations
TMO,Healthcare,672.2949829101562,163.54349253106466,-75.67384902634025,653.1111,650.0,780.0,520.0,27.0,1.51724,1970-01-01,yfinance.info/recommendations
TMUS,Communication Services,163.77999877929688,136.04870143229863,-16.93204149083417,244.12,235.0,300.0,169.0,25.0,1.67857,1970-01-01,yfinance.info/recommendations
TNC,Industrials,67.93499755859375,12.516385815556305,-81.57593837438361,87.75,90.5,93.0,77.0,4.0,1.66667,1970-01-01,yfinance.info/recommendations
TNDM,Healthcare,16.200000762939453,-15.67834162972152,-196.77988204536803,28.55,26.5,50.0,18.0,20.0,1.95833,1970-01-01,yfinance.info/recommendations
TNGX,Healthcare,23.90530014038086,-5.876256812739739,-124.58139733963667,45.18182,40.0,69.0,24.0,11.0,1.25,1970-01-01,yfinance.info/recommendations
TNYA,Healthcare,0.605400025844574,-1.7409807497310856,-387.57526848504835,3.2,3.0,5.0,2.0,5.0,1.33333,1970-01-01,yfinance.info/recommendations
TOL,Consumer Cyclical,135.08250427246094,118.07254528988013,-12.592273939689322,171.4,175.0,195.0,122.0,15.0,1.82353,1970-01-01,yfinance.info/recommendations
TOMZ,Industrials,1.2799999713897705,-2.775543998109736,-316.83937969906094,7.0,7.0,7.0,7.0,1.0,,1970-01-01,yfinance.info/recommendations
TORO,Energy,5.25,-1.5077995036207965,-128.71999054515803,,,,,,,,yfinance.info/recommendations
TOST,Technology,30.274999618530277,9.424641286800512,-68.86988800808435,38.92308,39.0,45.0,25.0,26.0,1.83333,1970-01-01,yfinance.info/recommendations
TPC,Industrials,84.87999725341797,83.37368184889388,-1.774641203188106,116.25,117.5,125.0,105.0,4.0,,1970-01-01,yfinance.info/recommendations
TPG,Financial Services,43.720001220703125,0.9640681505003744,-97.7949036514577,60.4375,62.5,68.0,46.0,16.0,,1970-01-01,yfinance.info/recommendations
TPL,Energy,335.8699951171875,74.62029708214963,-77.78298205646084,443.0,443.0,639.0,247.0,2.0,,1970-01-01,yfinance.info/recommendations
TPR,Consumer Cyclical,112.86499786376952,77.23326067655337,-31.5702280260745,166.5,167.0,232.0,96.0,20.0,,1970-01-01,yfinance.info/recommendations
TRAK,Technology,8.069999694824219,,,16.0,16.0,16.0,16.0,1.0,,,yfinance.info/recommendations
TRC,Industrials,16.43000030517578,-7.334137636913411,-144.63869446553213,26.25,26.25,26.25,26.25,1.0,,1970-01-01,yfinance.info/recommendations
TRDA,Healthcare,6.199999809265137,-40.14591114415658,-747.5147157934337,19.0,20.0,25.0,11.0,4.0,,1970-01-01,yfinance.info/recommendations
TRGP,Energy,276.8699951171875,77.22665925405124,-72.10724866688265,325.14285,325.0,359.0,284.0,21.0,1.36364,1970-01-01,yfinance.info/recommendations
TRIN,Financial Services,17.709999084472656,76.67008683468532,332.9197673528186,18.5,19.0,21.0,15.0,9.0,1.77778,1970-01-01,yfinance.info/recommendations
TRMB,Technology,57.005001068115234,13.615515358789978,-76.11522655263035,79.5,80.0,94.0,61.0,10.0,1.33333,1970-01-01,yfinance.info/recommendations
TRN,Industrials,27.405000686645508,-10.215410721974305,-137.27571781069975,33.0,33.0,34.0,32.0,2.0,3.0,1970-01-01,yfinance.info/recommendations
TRNO,Real Estate,66.75499725341797,51.03390217928877,-23.55043924943649,74.11765,74.0,91.0,60.0,17.0,2.26316,1970-01-01,yfinance.info/recommendations
TRNS,Industrials,85.73999786376953,21.78475301338028,-74.59207656152078,104.33333,105.0,113.0,95.0,3.0,,1970-01-01,yfinance.info/recommendations
TROW,Financial Services,103.56999969482422,74.90400906158018,-27.677890043169118,108.83333,110.0,124.0,90.0,12.0,3.38462,1970-01-01,yfinance.info/recommendations
TRP,Energy,58.27000045776367,12.483685793549668,-78.57613575514158,66.03906,68.2599,71.91485,57.942432,3.0,1.95833,1970-01-01,yfinance.info/recommendations
TRST,Financial Services,54.88999938964844,21.79221768543969,-60.29838235059366,,,,,,,,yfinance.info/recommendations
TRTX,Real Estate,6.425000190734863,10.765539294080492,67.55702684032414,9.875,10.0,11.0,8.25,6.0,1.83333,1970-01-01,yfinance.info/recommendations
TRUP,Financial Services,23.36750030517578,20.31337899511184,-13.069953012421568,34.25,33.0,42.0,29.0,4.0,,1970-01-01,yfinance.info/recommendations
TRV,Financial Services,361.135009765625,142.40669395820362,-60.56690985163002,360.70834,359.5,430.0,262.0,24.0,2.96552,1970-01-01,yfinance.info/recommendations
TSBK,Financial Services,45.130001068115234,58.39638759591793,29.395936658143622,,,,,,,,yfinance.info/recommendations
TSCO,Consumer Cyclical,32.08399963378906,11.71983545683188,-63.471401350817835,35.48148,35.0,42.0,28.0,27.0,2.1,1970-01-01,yfinance.info/recommendations
TSLA,Consumer Cyclical,355.2449951171875,19.99623302083962,-94.37114293074184,395.83212,412.5,600.0,125.0,38.0,2.34884,1970-01-01,yfinance.info/recommendations
TSN,Consumer Defensive,51.185001373291016,37.623188040291,-26.495678361116042,64.25,65.5,75.0,56.0,12.0,2.53846,1970-01-01,yfinance.info/recommendations
TSSI,Technology,9.755000114440918,0.3368084993764323,-96.5473244958979,16.5,16.5,20.0,13.0,2.0,,1970-01-01,yfinance.info/recommendations
TTD,Communication Services,12.404999732971191,17.411115568324572,40.35563033546586,13.6,13.5,21.0,9.0,30.0,3.11111,1970-01-01,yfinance.info/recommendations
TTEK,Industrials,33.84000015258789,21.583008442938024,-36.22042451058477,40.33333,40.0,46.0,36.0,6.0,2.0,1970-01-01,yfinance.info/recommendations
TTI,Energy,5.885000228881836,2.212370863871413,-62.406613800731,11.625,11.75,13.0,10.0,4.0,1.25,1970-01-01,yfinance.info/recommendations
TTWO,Communication Services,202.3500061035156,37.01511783087487,-81.70737992864743,286.4417,290.0,368.0,170.0,29.0,1.2069,1970-01-01,yfinance.info/recommendations
TUSK,Industrials,2.890000104904175,-6.6756509839396285,-330.9913751425617,,,,,,,,yfinance.info/recommendations
TWI,Industrials,7.190000057220459,-2.5464861284374263,-135.41705296483485,12.0,12.0,13.0,11.0,4.0,1.0,1970-01-01,yfinance.info/recommendations
TWIN,Industrials,26.31999969482422,13.23325679204357,-49.72166814027028,30.0,30.0,30.0,30.0,1.0,,1970-01-01,yfinance.info/recommendations
TWST,Healthcare,182.00999450683597,-11.883445467700742,-106.5290071019998,109.58333,115.0,160.0,36.0,12.0,1.92308,1970-01-01,yfinance.info/recommendations
TXN,Technology,282.4800109863281,66.46525703157866,-76.4708105187678,324.7097,340.0,400.0,225.0,31.0,2.08333,1970-01-01,yfinance.info/recommendations
TXT,Industrials,76.26000213623047,63.20638733615368,-17.117249455039193,101.46667,100.0,115.0,86.0,15.0,2.1875,1970-01-01,yfinance.info/recommendations
TYL,Technology,318.94500732421875,138.91131028194107,-56.446626505511375,424.77274,427.5,525.0,335.0,22.0,1.54545,1970-01-01,yfinance.info/recommendations
TYRA,Healthcare,21.649999618530277,-19.347184307970693,-189.36343948667508,47.45455,50.0,59.0,29.0,11.0,1.26667,1970-01-01,yfinance.info/recommendations
TZOO,Communication Services,5.545000076293945,1.8215316419047236,-67.15001592710236,18.875,18.0,30.0,9.5,4.0,,1970-01-01,yfinance.info/recommendations
UA,Consumer Cyclical,4.215000152587891,-1.75787519654471,-141.70522260753475,,,,,,,,yfinance.info/recommendations
UAA,Consumer Cyclical,4.28000020980835,-1.75787519654471,-141.07184837319025,6.27105,5.5,12.0,4.0,19.0,3.0,1970-01-01,yfinance.info/recommendations
UAL,Industrials,111.53500366210938,52.466727179206906,-52.9594069516036,156.04349,160.0,203.0,95.0,23.0,1.36,1970-01-01,yfinance.info/recommendations
UBER,Technology,69.2750015258789,35.07243724462489,-49.37215954946899,100.77319,100.0,150.0,70.0,47.0,1.56863,1970-01-01,yfinance.info/recommendations
UCB,Financial Services,33.88999938964844,10.230764988166245,-69.81184664378841,40.16667,40.5,42.0,38.0,6.0,2.28571,1970-01-01,yfinance.info/recommendations
UCFI,Consumer Defensive,5.51,0.3940256602191146,-92.8488990885823,,,,,,,,yfinance.info/recommendations
UDR,Real Estate,33.83000183105469,5.424089320405759,-83.96663013057645,41.45238,41.0,46.0,38.0,21.0,2.36364,1970-01-01,yfinance.info/recommendations
UFI,Consumer Cyclical,6.755000114440918,4.421660999392814,-34.54239934148727,12.0,12.0,12.0,12.0,1.0,,1970-01-01,yfinance.info/recommendations
UFPI,Basic Materials,79.08999633789062,73.77551219922123,-6.719540251291331,102.6,105.0,115.0,90.0,5.0,,1970-01-01,yfinance.info/recommendations
UG,Consumer Defensive,7.019999980926514,6.577726159889306,-6.3001968979896645,,,,,,,,yfinance.info/recommendations
UGI,Utilities,36.400001525878906,9.830470471854518,-72.99321412152838,42.33333,42.0,43.0,42.0,3.0,1.0,1970-01-01,yfinance.info/recommendations
UHS,Healthcare,175.75,228.15793597589965,29.819593727396672,194.35294,191.0,290.0,166.0,17.0,2.4,1970-01-01,yfinance.info/recommendations
UIS,Technology,2.275000095367432,-16.339892172710748,-818.2369884723769,4.8125,5.0,6.0,3.25,4.0,,1970-01-01,yfinance.info/recommendations
ULS,Industrials,64.44999694824219,36.78167625135046,-42.92990226068017,96.48333,95.5,120.0,79.0,12.0,1.84615,1970-01-01,yfinance.info/recommendations
ULTA,Consumer Cyclical,548.614990234375,322.764088210908,-41.16746826895501,630.64,635.0,731.0,500.0,25.0,1.78571,1970-01-01,yfinance.info/recommendations
UMBF,Financial Services,132.88999938964844,41.877037531766135,-68.48744245307886,168.625,168.5,182.0,155.0,16.0,1.8125,1970-01-01,yfinance.info/recommendations
UMH,Real Estate,15.550000190734863,0.5115988199988306,-96.70997547444625,18.875,18.25,23.5,16.0,8.0,1.66667,1970-01-01,yfinance.info/recommendations
UNCY,Healthcare,4.53000020980835,-7.96974704854991,-275.93259777988146,29.6,27.5,50.0,15.0,10.0,1.2,1970-01-01,yfinance.info/recommendations
UNF,Industrials,256.6499938964844,120.06331408199384,-53.219046585904294,273.33334,278.0,280.0,262.0,3.0,,1970-01-01,yfinance.info/recommendations
UNFI,Consumer Defensive,45.18999862670898,23.527945933401234,-47.935501995135404,53.0,51.5,61.0,45.0,8.0,,1970-01-01,yfinance.info/recommendations
UNH,Healthcare,372.989990234375,224.55832446152,-39.79508020566056,481.72,490.0,529.0,380.0,25.0,1.57692,1970-01-01,yfinance.info/recommendations
UNIT,Real Estate,8.805000305175781,105.16903233011888,1094.4239487226153,10.41667,11.0,16.0,7.0,9.0,,1970-01-01,yfinance.info/recommendations
UNP,Industrials,273.17498779296875,124.55876830561354,-54.403304156084396,329.33334,335.0,375.0,245.0,24.0,1.72,1970-01-01,yfinance.info/recommendations
UNTY,Financial Services,55.52999877929688,128.9209241646869,132.16446425126196,68.55,68.0,72.0,66.75,5.0,1.4,1970-01-01,yfinance.info/recommendations
UONEK,Communication Services,3.640000104904175,-79.13509069682856,-2274.0408905540908,,,,,,,,yfinance.info/recommendations
UP,Industrials,3.680000066757202,-80.66759815661582,-2292.054257969069,,,,,,,,yfinance.info/recommendations
UPS,Industrials,93.97509765625,70.31799364455719,-25.17380093418764,115.80769,117.5,135.0,76.0,26.0,2.17241,1970-01-01,yfinance.info/recommendations
URI,Industrials,1012.969970703125,384.81470240079096,-62.0112428274964,1269.3334,1317.0,1610.0,950.0,21.0,1.77273,1970-01-01,yfinance.info/recommendations
USB,Financial Services,58.43000030517578,35.40220817602471,-39.41090537203241,70.42857,69.0,77.0,65.0,21.0,1.86957,1970-01-01,yfinance.info/recommendations
USGO,Basic Materials,6.940000057220459,,,40.5,35.75,55.0,30.75,3.0,1.0,1970-01-01,yfinance.info/recommendations
UTHR,Healthcare,471.9700012207031,379.4966437762166,-19.593058288728827,637.9231,685.0,725.0,321.0,13.0,1.86667,1970-01-01,yfinance.info/recommendations
UTI,Consumer Defensive,18.96999931335449,4.936804090285354,-73.97572868223592,40.83333,40.0,48.0,35.0,6.0,,1970-01-01,yfinance.info/recommendations
UVE,Financial Services,42.2400016784668,25.990042728240777,-38.470545228481754,45.0,45.0,45.0,45.0,1.0,,1970-01-01,yfinance.info/recommendations
UVV,Consumer Defensive,41.81499862670898,31.807383400621408,-23.93307558234688,67.0,67.0,67.0,67.0,1.0,,1970-01-01,yfinance.info/recommendations
V,Financial Services,366.5199890136719,84.70677748636096,-76.88890646474366,419.36163,422.0,466.0,330.0,37.0,1.45,1970-01-01,yfinance.info/recommendations
VABK,Financial Services,48.220001220703125,16.153028448315084,-66.50139353090721,,,,,,,,yfinance.info/recommendations
VANI,Healthcare,1.2450000047683716,-1.9300660788659392,-255.0253872669681,3.83333,4.0,4.0,3.5,3.0,,1970-01-01,yfinance.info/recommendations
VC,Consumer Cyclical,86.19499969482422,109.3472014021466,26.86026079156957,129.0,129.5,145.0,110.0,10.0,2.0,1970-01-01,yfinance.info/recommendations
VECO,Technology,50.290000915527344,5.716751766494248,-88.63242858933978,61.33333,63.0,66.0,55.0,3.0,2.0,1970-01-01,yfinance.info/recommendations
VEEV,Healthcare,276.94000244140625,,,297.2963,300.0,350.0,180.0,27.0,1.96552,1970-01-01,yfinance.info/recommendations
VERU,Healthcare,2.5201001167297363,,,24.5,24.5,25.0,24.0,2.0,1.0,1970-01-01,yfinance.info/recommendations
VFC,Consumer Cyclical,14.28499984741211,5.070446207404882,-64.50510142411062,18.32727,16.0,40.0,13.0,22.0,2.625,1970-01-01,yfinance.info/recommendations
VG,Energy,12.779999732971191,-11.61638126717336,-190.8950039897434,16.66667,16.0,22.0,14.0,18.0,2.11111,1970-01-01,yfinance.info/recommendations
VGAS,Utilities,1.149999976158142,,,,,,,,,,yfinance.info/recommendations
VHI,Basic Materials,15.510000228881836,2.7324807033946863,-82.38245865202235,,,,,,,,yfinance.info/recommendations
VICI,Real Estate,23.174999237060547,118.1674698431582,409.8920117942849,31.95833,32.0,38.0,26.0,24.0,1.88,1970-01-01,yfinance.info/recommendations
VIR,Healthcare,10.385000228881836,-11.14434975129791,-207.31198368493278,20.77778,20.0,30.0,15.0,9.0,1.3,1970-01-01,yfinance.info/recommendations
VIRC,Consumer Cyclical,6.5,1.4064566545532264,-78.36220531456574,6.7,6.7,6.7,6.7,1.0,,1970-01-01,yfinance.info/recommendations
VIRT,Financial Services,51.72999954223633,25.468961054363987,-50.76558809251645,66.71429,70.0,73.0,57.0,7.0,,1970-01-01,yfinance.info/recommendations
VITL,Consumer Defensive,9.40999984741211,-11.3855068992096,-220.99369908428622,13.22222,14.0,18.0,10.0,9.0,2.3,1970-01-01,yfinance.info/recommendations
VKTX,Healthcare,32.63999938964844,,,94.81579,95.0,125.0,38.0,19.0,1.45,1970-01-01,yfinance.info/recommendations
VLGEA,Consumer Defensive,45.77999877929688,41.494308797468,-9.361489943435737,,,,,,,,yfinance.info/recommendations
VLO,Energy,385.7900085449219,410.37067831644765,6.371515391037809,360.3158,360.0,457.0,238.0,19.0,2.4,1970-01-01,yfinance.info/recommendations
VLTO,Industrials,96.09500122070312,47.234497185564585,-50.846041328330635,114.78571,112.5,136.0,100.0,14.0,1.875,1970-01-01,yfinance.info/recommendations
VLY,Financial Services,12.675000190734863,6.486031618590979,-48.828153680564675,16.67857,17.0,18.0,15.0,14.0,1.64286,1970-01-01,yfinance.info/recommendations
VMC,Basic Materials,242.63999938964844,99.36941347622871,-59.04656539474586,321.78262,330.0,365.0,238.0,23.0,1.83333,1970-01-01,yfinance.info/recommendations
VMI,Industrials,465.0899963378906,216.4872068142617,-53.45262024148495,624.5,610.0,678.0,600.0,4.0,1.66667,1970-01-01,yfinance.info/recommendations
VNO,Real Estate,34.119998931884766,0.7516403251267609,-97.79706814578955,39.92308,40.0,50.0,31.0,13.0,2.76923,1970-01-01,yfinance.info/recommendations
VNOM,Energy,40.310001373291016,3.0616418875565783,-92.40475866223812,55.15,56.5,65.0,45.0,20.0,1.25,1970-01-01,yfinance.info/recommendations
VNT,Technology,30.774999618530277,23.68634762189274,-23.033800437057717,41.049,40.745,48.0,35.0,10.0,2.0,1970-01-01,yfinance.info/recommendations
VOYA,Financial Services,94.56999969482422,258.6352550899131,173.4855196410327,108.08333,109.5,125.0,90.0,12.0,2.08333,1970-01-01,yfinance.info/recommendations
VPG,Technology,71.74500274658203,10.134887102361294,-85.87373794080156,93.33333,98.0,105.0,77.0,3.0,1.0,1970-01-01,yfinance.info/recommendations
VRDN,Healthcare,19.915000915527344,-30.999661256072606,-255.65985353233285,36.75,36.5,50.0,22.0,16.0,1.17647,1970-01-01,yfinance.info/recommendations
VRM,Financial Services,9.5600004196167,,,,,,,,,,yfinance.info/recommendations
VRNS,Technology,46.70000076293945,-3.01560204845343,-106.45739186121507,51.31818,54.0,60.0,28.0,22.0,,1970-01-01,yfinance.info/recommendations
VRRM,Technology,2.9749999046325684,6.764709163084623,127.3851892415475,7.0,6.0,10.0,5.0,6.0,,1970-01-01,yfinance.info/recommendations
VRSK,Industrials,166.81649780273438,86.5059586877626,-48.14304350756809,234.76471,235.0,260.0,195.0,17.0,2.05263,1970-01-01,yfinance.info/recommendations
VRSN,Technology,276.3599853515625,111.88943007056494,-59.513158198995995,324.4,325.0,355.0,285.0,5.0,1.8,1970-01-01,yfinance.info/recommendations
VRTS,Financial Services,128.4600067138672,528.6695212692042,311.5440554559263,145.5,145.0,172.0,120.0,4.0,3.5,1970-01-01,yfinance.info/recommendations
VRTX,Healthcare,520.5399780273438,204.62142256415743,-60.69054612489172,571.3929,577.5,672.0,350.0,28.0,1.65625,1970-01-01,yfinance.info/recommendations
VSEC,Industrials,172.97999572753906,-1.5934336273105785,-100.92116641615625,270.0,270.0,290.0,245.0,9.0,1.45455,1970-01-01,yfinance.info/recommendations
VST,Utilities,140.86500549316406,19.02532604707929,-86.49393014221509,217.57895,221.0,305.0,106.0,19.0,1.35,1970-01-01,yfinance.info/recommendations
VSTD,Consumer Cyclical,0.0013,,,,,,,,,,yfinance.info/recommendations
VSTS,Industrials,13.479999542236328,3.946213512088024,-70.7254180556645,13.0,13.0,17.0,9.3,7.0,3.0,1970-01-01,yfinance.info/recommendations
VTR,Real Estate,86.79000091552734,14.090013525878582,-83.76539534825862,101.81818,102.0,113.0,90.0,22.0,1.6087,1970-01-01,yfinance.info/recommendations
VTRS,Healthcare,18.104999542236328,8.36731938421804,-53.78448165823863,19.4,20.0,25.0,13.0,10.0,2.0,1970-01-01,yfinance.info/recommendations
VTS,Energy,16.774999618530273,18.26385581972499,8.875447004780098,21.5,21.5,22.5,20.5,4.0,1.5,1970-01-01,yfinance.info/recommendations
VTSI,Technology,2.82,-3.7637260505139274,-233.46546278418185,6.25,6.25,7.5,5.0,2.0,,1970-01-01,yfinance.info/recommendations
VUZI,Technology,2.7300000190734863,-2.4549491622254216,-189.92487710892354,6.0,6.0,6.0,6.0,1.0,,1970-01-01,yfinance.info/recommendations
VZ,Communication Services,46.44499969482422,44.75692073949669,-3.6345763083633824,51.55652,51.0,71.0,44.0,23.0,2.26923,1970-01-01,yfinance.info/recommendations
W,Consumer Cyclical,99.7699966430664,-3.842313045499623,-103.85117086777676,123.34483,125.0,156.0,83.0,29.0,1.93939,1970-01-01,yfinance.info/recommendations
WAB,Industrials,290.9100036621094,92.71652560864248,-68.1287943207576,329.58334,335.0,355.0,292.0,12.0,1.41667,1970-01-01,yfinance.info/recommendations
WABC,Financial Services,59.06999969482422,54.648154057918745,-7.485772235906954,64.0,64.0,64.0,64.0,1.0,,1970-01-01,yfinance.info/recommendations
WAL,Financial Services,75.63500213623047,112.15441885273864,48.283751814710065,92.625,93.0,97.0,88.0,16.0,1.8125,1970-01-01,yfinance.info/recommendations
WAT,Healthcare,438.0150146484375,18.479883577285,-95.78099312597367,444.79166,452.5,515.0,349.0,24.0,1.68,1970-01-01,yfinance.info/recommendations
WATT,Technology,12.869999885559082,-13.053575275090498,-201.42638221572477,28.25,28.25,28.25,28.25,1.0,,1970-01-01,yfinance.info/recommendations
WAY,Healthcare,25.375,11.3221294202665,-55.38077075757044,33.68182,33.0,44.0,28.0,22.0,1.36364,1970-01-01,yfinance.info/recommendations
WBD,Communication Services,30.86000061035156,18.719407326677214,-39.34087181969125,30.16667,31.0,31.25,26.0,12.0,2.75,1970-01-01,yfinance.info/recommendations
WBS,Financial Services,77.56999969482422,76.43845901886024,-1.4587349238309673,76.18182,77.0,81.0,72.0,11.0,2.75,1970-01-01,yfinance.info/recommendations
WBTN,Communication Services,10.739999771118164,-7.095857446111292,-166.0694375915478,11.28571,11.0,13.0,10.0,7.0,,1970-01-01,yfinance.info/recommendations
WCC,Industrials,363.7149963378906,59.77458640382867,-83.56554252486796,399.18182,400.0,440.0,275.0,11.0,1.45455,1970-01-01,yfinance.info/recommendations
WDAY,Technology,186.7100067138672,74.12962547618208,-60.29691885246107,208.68184,216.5,275.0,92.0,38.0,2.2619,1970-01-01,yfinance.info/recommendations
WDC,Technology,456.6650085449219,161.56800063744987,-64.62001738380258,664.9167,640.0,1050.0,420.0,24.0,,1970-01-01,yfinance.info/recommendations
WEAV,Healthcare,7.360000133514404,0.4144615732644253,-94.36872872627899,7.4,7.4,7.4,7.4,3.0,,1970-01-01,yfinance.info/recommendations
WEC,Utilities,102.1500015258789,18.27842692835653,-82.10628814946631,121.61765,121.0,140.0,108.5,17.0,2.36842,1970-01-01,yfinance.info/recommendations
WELL,Real Estate,232.7400054931641,7.427564608935423,-96.80864293476456,262.04544,262.5,292.0,219.0,22.0,1.63636,1970-01-01,yfinance.info/recommendations
WEST,Consumer Defensive,8.170000076293945,-3.1936135556157885,-139.08951683956982,10.0,10.0,11.0,9.0,4.0,,1970-01-01,yfinance.info/recommendations
WETH,Technology,1.039800047874451,,,,,,,,,,yfinance.info/recommendations
WEX,Technology,176.72500610351562,59.32393950934241,-66.43149669798638,195.36365,195.0,224.0,172.0,11.0,2.4,1970-01-01,yfinance.info/recommendations
WEYS,Consumer Cyclical,47.08000183105469,59.29814954473632,25.951884533747734,,,,,,,,yfinance.info/recommendations
WF,Financial Services,79.6500015258789,81626.50210462652,102381.48216055644,94.6123,94.6123,94.6123,94.6123,1.0,1.0,1970-01-01,yfinance.info/recommendations
WFC,Financial Services,80.75499725341797,43.188705095947256,-46.518845192432615,100.54348,100.0,115.0,90.0,23.0,1.84615,1970-01-01,yfinance.info/recommendations
WFCF,Industrials,11.58,4.8130980214372965,-58.436113804513845,,,,,,,,yfinance.info/recommendations
WFG,Basic Materials,70.8550033569336,-93.244262928922,-231.59869947250166,86.5,86.5,90.0,83.0,6.0,2.0,1970-01-01,yfinance.info/recommendations
WGO,Consumer Cyclical,26.959999084472656,36.48424152728773,35.32730996382142,37.90909,35.0,73.0,29.0,11.0,2.33333,1970-01-01,yfinance.info/recommendations
WGS,Healthcare,84.0,-23.183129305509837,-127.59896345894029,90.44444,90.0,103.0,74.0,9.0,1.11111,1970-01-01,yfinance.info/recommendations
WH,Consumer Cyclical,71.55000305175781,23.77857196859593,-66.76649761790368,97.58824,98.0,115.0,80.0,17.0,1.58824,1970-01-01,yfinance.info/recommendations
WHD,Energy,63.47999954223633,45.45375879292563,-28.396724762603316,69.22222,72.0,83.0,57.0,9.0,,1970-01-01,yfinance.info/recommendations
WHG,Financial Services,19.07999992370605,41.0171081109059,114.97436202787385,,,,,,,,yfinance.info/recommendations
WHR,Consumer Cyclical,31.21999931335449,-40.87902311904568,-230.9385778927916,50.66667,42.5,137.0,31.0,12.0,3.15385,1970-01-01,yfinance.info/recommendations
WHWK,Healthcare,3.680000066757202,,,7.5,7.5,10.0,4.0,6.0,,1970-01-01,yfinance.info/recommendations
WIT,Technology,1.6050000190734863,169.7054733689877,10473.549616962191,1.74899,1.74,1.99294,1.56,7.0,4.0,1970-01-01,yfinance.info/recommendations
WK,Technology,67.19000244140625,13.95531326457405,-79.23007477675874,89.8,90.0,105.0,80.0,10.0,1.18182,1970-01-01,yfinance.info/recommendations
WLDN,Industrials,77.06999969482422,40.43083574789889,-47.54011170624917,137.5,137.5,145.0,130.0,2.0,1.0,1970-01-01,yfinance.info/recommendations
WLFC,Industrials,51.97999954223633,-104.29996005481952,-300.6540226497513,75.5,75.5,80.0,71.0,2.0,,1970-01-01,yfinance.info/recommendations
WLK,Basic Materials,64.44750213623047,-41.917532869786506,-165.04136154288858,92.3125,91.0,114.0,80.0,16.0,2.375,1970-01-01,yfinance.info/recommendations
WLYB,Communication Services,47.77000045776367,36.22837960947739,-24.160813769493092,,,,,,,,yfinance.info/recommendations
WM,Industrials,205.40499877929688,92.98568455366107,-54.73056395595701,259.92,263.0,277.0,220.0,25.0,1.75,1970-01-01,yfinance.info/recommendations
WMB,Energy,68.69999694824219,12.225795416839931,-82.20408157215682,85.6087,85.0,103.0,69.0,23.0,1.375,1970-01-01,yfinance.info/recommendations
WMT,Consumer Defensive,105.51499938964844,33.95813357672547,-67.81677129018972,127.425,130.0,155.0,81.0,40.0,1.53488,1970-01-01,yfinance.info/recommendations
WNEB,Financial Services,13.875,13.572730216142862,-2.178520964736131,14.75,14.75,15.5,14.0,2.0,,1970-01-01,yfinance.info/recommendations
WOLF,Technology,29.10020065307617,,,27.5,27.5,30.0,25.0,2.0,3.0,1970-01-01,yfinance.info/recommendations
WPM,Basic Materials,135.55499267578125,3.5905088942502363,-97.3512529318356,178.111,173.0,224.11,153.0,10.0,1.3125,1970-01-01,yfinance.info/recommendations
WRB,Financial Services,67.38710021972656,42.95556406490978,-36.25550895520626,69.41176,70.0,83.0,51.0,17.0,3.38889,1970-01-01,yfinance.info/recommendations
WRBY,Healthcare,26.82999992370605,3.0175254211910465,-88.75316649358294,30.46154,32.0,35.0,24.0,13.0,1.71429,1970-01-01,yfinance.info/recommendations
WSBC,Financial Services,37.97999954223633,11.890429547158766,-68.69291813988622,44.5,45.0,47.0,41.0,8.0,2.125,1970-01-01,yfinance.info/recommendations
WSC,Industrials,17.549999237060547,2.1508729098822323,-87.74431337102165,29.9,29.0,37.0,26.0,10.0,2.4,1970-01-01,yfinance.info/recommendations
WSO,Industrials,306.4599914550781,151.0376610738976,-50.71537385458774,379.2,367.5,485.0,330.0,10.0,2.78571,1970-01-01,yfinance.info/recommendations
WSO-B,Industrials,310.8999938964844,151.0376610738976,-51.419213882588146,,,,,,,,yfinance.info/recommendations
WST,Healthcare,371.6900024414063,93.86385208387004,-74.7467374781847,407.5625,410.0,459.0,340.0,16.0,1.35294,1970-01-01,yfinance.info/recommendations
WT,Financial Services,23.920000076293945,17.781305134716163,-25.663440309356734,25.18571,27.0,27.0,18.3,7.0,1.71429,1970-01-01,yfinance.info/recommendations
WTFC,Financial Services,143.56500244140625,73.13523909425743,-49.05775234176142,177.73334,180.0,192.0,160.0,15.0,2.06667,1970-01-01,yfinance.info/recommendations
WTI,Energy,3.5350000858306885,4.915031625729919,39.03908080316037,4.15,4.2,4.25,4.0,3.0,1.33333,1970-01-01,yfinance.info/recommendations
WTRG,Utilities,38.95899963378906,6.819895267480753,-82.49468587082028,42.2,41.0,49.0,38.0,5.0,2.71429,1970-01-01,yfinance.info/recommendations
WWD,Industrials,325.6449890136719,96.90359999838395,-70.24256375266515,437.08334,432.5,502.0,388.0,12.0,1.53846,1970-01-01,yfinance.info/recommendations
WWW,Consumer Cyclical,18.934999465942383,12.636925245010955,-33.26154950392007,24.3,24.5,31.0,19.0,10.0,,1970-01-01,yfinance.info/recommendations
WY,Real Estate,19.739999771118164,2.1957586528502526,-88.87660244017381,31.0,30.0,38.0,28.0,11.0,,1970-01-01,yfinance.info/recommendations
WYNN,Consumer Cyclical,79.2699966430664,42.875656242985976,-45.91187327023027,132.005,133.0,144.0,116.0,20.0,1.19048,1970-01-01,yfinance.info/recommendations
XAIR,Healthcare,2.5999999046325684,-264.017455206336,-10254.517880401496,20.0,20.0,30.0,10.0,2.0,,1970-01-01,yfinance.info/recommendations
XBIT,Healthcare,2.1700000762939453,-10.4349265423138,-580.8721739832924,,,,,,,,yfinance.info/recommendations
XBP,Technology,3.1982,32.26566997400785,908.8696758804281,5.0,5.0,5.0,5.0,1.0,,1970-01-01,yfinance.info/recommendations
XEL,Utilities,69.5,25.365313371810657,-63.503146227610564,91.41176,92.0,101.0,74.0,17.0,1.38889,1970-01-01,yfinance.info/recommendations
XHR,Real Estate,18.18000030517578,,,21.1,21.0,22.0,20.5,5.0,,1970-01-01,yfinance.info/recommendations
XMTR,Industrials,102.20500183105467,-6.888841519039438,-106.7402195544468,112.09091,110.0,126.0,95.0,11.0,1.75,1970-01-01,yfinance.info/recommendations
XOM,Energy,160.89999389648438,132.8181281248484,-17.452993683581205,172.54546,174.5,200.0,142.0,22.0,2.32,1970-01-01,yfinance.info/recommendations
XPEL,Consumer Cyclical,43.73500061035156,15.085803800947277,-65.50633682310584,61.66667,60.0,65.0,60.0,3.0,,1970-01-01,yfinance.info/recommendations
XPO,Industrials,177.44000244140625,42.901391972799104,-75.82202920281976,232.33333,240.0,275.0,115.0,24.0,1.69231,1970-01-01,yfinance.info/recommendations
XPON,Industrials,4.559999942779541,,,,,,,,,,yfinance.info/recommendations
XPRO,Energy,16.045000076293945,17.823572888490666,11.084903731627364,17.75,17.5,20.0,16.0,4.0,,1970-01-01,yfinance.info/recommendations
XTIA,Industrials,0.8824999928474426,-14.779015439172849,-1774.6759840175648,5.0,5.0,5.0,5.0,1.0,,1970-01-01,yfinance.info/recommendations
XYL,Industrials,101.0250015258789,53.89353933534782,-46.65326550720985,153.875,159.5,180.0,129.0,16.0,1.85714,1970-01-01,yfinance.info/recommendations
XYZ,Technology,73.45500183105469,49.096507538886605,-33.16111045534002,98.30952,99.0,125.0,75.0,42.0,1.55319,1970-01-01,yfinance.info/recommendations
XZO,Financial Services,14.815999984741213,10.098465819560682,-31.840808383092956,26.0,26.0,27.0,25.0,2.0,,1970-01-01,yfinance.info/recommendations
YELP,Communication Services,17.719999313354492,49.38362455450837,178.6886369532245,25.125,25.0,30.0,19.0,8.0,,1970-01-01,yfinance.info/recommendations
YEXT,Technology,6.40500020980835,4.803467983647569,-25.004405522239654,7.0,7.0,7.0,7.0,1.0,,1970-01-01,yfinance.info/recommendations
YHC,Consumer Defensive,1.2700999975204468,,,,,,,,,,yfinance.info/recommendations
ZBH,Healthcare,91.13500213623048,67.41508074564548,-26.027235238473985,107.57143,106.0,130.0,93.0,21.0,2.44444,1970-01-01,yfinance.info/recommendations
ZBRA,Technology,368.6600036621094,121.49364196011712,-67.04452862983462,411.45267,420.0,455.0,350.0,15.0,1.9375,1970-01-01,yfinance.info/recommendations
ZETA,Technology,29.059999465942383,4.785869420336937,-83.53107533279255,31.64286,30.0,44.0,25.0,14.0,1.53333,1970-01-01,yfinance.info/recommendations
ZS,Technology,197.3999938964844,19.80758084782649,-89.965764204525,209.67615,212.0,298.0,155.0,44.0,1.58696,1970-01-01,yfinance.info/recommendations
ZTEK,Healthcare,0.492,-0.553656141509879,-212.53173607924373,,,,,,,,yfinance.info/recommendations
ZTS,Healthcare,70.65499877929688,61.46690540386588,-13.004166066341034,96.0,89.5,155.0,80.0,14.0,2.29412,1970-01-01,yfinance.info/recommendations
ZVIA,Consumer Defensive,1.2450000047683716,0.0842862637315216,-93.23001900331697,3.95833,4.0,6.0,1.75,6.0,,1970-01-01,yfinance.info/recommendations
ZWS,Industrials,46.29999923706055,25.492173241953072,-44.941309585275285,58.44444,58.0,65.0,52.0,9.0,,1970-01-01,yfinance.info/recommendations
