symbol,sector,last_price,eps_ttm,g_base,fcf_ttm,fcf_mode,terminal_method,exit_multiple_used,shares,equity_last,roe_ttm,ebitda_ttm,net_debt,minority_interest,model,coe,wacc,terminal_pe_used,intrinsic,intrinsic_s_bull,intrinsic_s_base,intrinsic_s_bear,upside_pct,flags
2S,Basic Materials,3.5999999046325684,0.8109999999999999,-0.3,439317000.0,fcfe,,,549995954.0,,,528053000.0,-432124000.0,-73000.0,eps_dcf,0.08,0.08,15.0,2.8728302788560365,3.7721751355667,2.714562317599346,2.448289305915445,-20.199156806665247,
88TH,Consumer Defensive,3.5999999046325684,0.35,0.0,70558000.0,fcfe,,,212500000.0,,,117844000.0,-315742000.0,,eps_dcf,0.1,0.09120000000000002,15.0,4.695011743470291,6.50200849609169,4.58661231535352,3.213213275199202,30.416996329045293,
A,Real Estate,2.0199999809265137,-1.2927,0.3,-309493804.0,fcfe,,,980000000.0,,,-623356598.0,10348994000.0,,eps_dcf,0.08,0.08,15.0,,,,,,eps<=0_block|no_intrinsic
A5,Real Estate,1.7899999618530273,0.09,0.3,574364771.0,fcfe,,,1178000187.0,,,77877444.0,1222405025.0,0.0,eps_dcf,0.08,0.08,15.0,4.254988887356806,5.592480468749999,4.223456894007674,3.012093286011011,137.70888145449987,
AAI,Consumer Defensive,4.079999923706055,0.31000000000000005,0.3,452755086.0,fcfe,,,2116650000.0,,,952119191.0,-214262000.0,,eps_dcf,0.08,0.08,15.0,14.656072834229004,19.26298828125,14.547462634915329,10.37498798514904,259.2174781443674,
AAV,Industrials,1.0099999904632568,-0.16699999999999998,0.3,5010626000.0,fcfe,,,12850000000.0,,,7685731000.0,42932163000.0,,eps_dcf,0.08,0.08,15.0,,,,,,eps<=0_block|no_intrinsic
ABM,Utilities,0.8799999952316284,-0.07,-0.3,39984762.0,fcfe,,,692120446.0,,,-892599.0,467849364.0,361976.0,eps_dcf,0.08,0.08,15.0,,,,,,eps<=0_block|no_intrinsic
ACC,Industrials,0.3199999928474426,-0.042,0.0,4672000.0,fcfe,,,1880333993.0,,,-26978000.0,-6265000.0,18802000.0,eps_dcf,0.08,0.08,15.0,,,,,,eps<=0_block|no_intrinsic
ACE,Utilities,1.309999942779541,0.09,-0.3,1128473815.0,fcfe,,,9750747760.0,,,2410295454.0,6890837794.0,119131102.0,eps_dcf,0.08,0.08,15.0,0.31880977200621863,0.4186137635030863,0.3012461264906796,0.2716967170559681,-75.66337511971396,
ACG,Consumer Cyclical,0.7699999809265137,0.0596,-0.22752380371093828,15078553.0,fcfe,,,600000000.0,,,120812629.0,136447995.0,2144918.0,eps_dcf,0.08,0.08,15.0,0.2939091473191323,0.401124534847319,0.289041887885859,0.20129553809076534,-61.829979922144695,
ADB,Basic Materials,1.2200000286102295,0.099,-0.3,28764707.269999996,fcfe,,,725999923.0,,,112923878.91999999,121869881.0,,eps_dcf,0.08,0.08,15.0,0.35069074920684046,0.46047513985339505,0.3313707391397475,0.2988663887615648,-71.25485729649269,
ADD,Communication Services,3.9000000953674316,0.196,0.3,80063340.0,fcfe,,,168000000.0,,,64851748.0,-126760882.0,2141562.0,eps_dcf,0.08,0.08,15.0,9.266420243577047,12.1791796875,9.19775056917227,6.559669822868424,137.60051325598818,
ADVANC,Communication Services,354.0,16.4,-0.3,82417729836.0,fcfe,,,2974209736.0,,,127051319138.0,224301603000.0,105614000.0,eps_dcf,0.08,0.08,15.0,58.094225121133164,76.28073023834015,54.89373860496828,49.50917955242083,-83.58920194318273,
ADVICE,Technology,6.900000095367432,0.635,-0.3,-172157000.0,fcfe,,,620000000.0,,,642167000.0,341872000.0,10000.0,eps_dcf,0.08,0.08,15.0,2.249380058043876,2.95355266471622,2.125458781350906,1.9169712814504407,-67.40028946442943,
AE,Consumer Cyclical,0.10000000149011612,-0.048100000000000004,-0.3,9590959.0,fcfe,,,2571535907.0,,,40945239.0,349134000.0,615135000.0,eps_dcf,0.08,0.08,15.0,,,,,,eps<=0_block|no_intrinsic
AEONTS,Financial Services,98.0,8.780000000000001,0.0,6730043000.0,fcfe,,,246281800.0,,,,49669504000.0,961394000.0,eps_dcf,0.08,0.08,15.0,126.22162500380134,170.0239611613607,124.68880117489087,87.01776033297345,28.79757653449116,
AF,Financial Services,0.3799999952316284,0.0084,0.0,-141785086.0,fcfe,,,1600000000.0,,,33349596.0,1747372000.0,,eps_dcf,0.08,0.08,15.0,0.12075873007197394,0.1626652931384316,0.11929224713770878,0.08325161580831172,-68.22138642439572,
AFC,Consumer Cyclical,4.559999942779541,0.258,0.3,114555897.07,fcfe,,,45574266.0,,,30646960.24,-116382616.2,,eps_dcf,0.08,0.08,15.0,12.19763481042285,16.03177734375,12.107243096155338,8.634667419898232,167.4919948132236,
AGE,Energy,1.409999966621399,0.366,-0.3,-155591421.0,fcfe,,,1196523435.0,,,926107693.0,4114926000.0,374961000.0,eps_dcf,0.08,0.08,15.0,1.2964930728252893,1.702362638245884,1.2250675810620972,1.10489998269427,-8.050134502349785,
AH,Consumer Cyclical,15.5,2.4699999999999998,0.023879545661980917,234032373.0,fcfe,,,336087412.0,,,2463379767.0,5236910000.0,572271000.0,eps_dcf,0.08,0.08,15.0,39.38763697789402,52.95521847165468,38.92661088284636,27.203133769276292,154.11378695415496,
AHC,Healthcare,12.0,0.72,0.3,112619598.0,fcfe,,,149909264.0,,,195387318.0,-217935000.0,,eps_dcf,0.08,0.08,15.0,34.039911098854446,44.73984374999999,33.78765515206139,24.096746288088088,183.66592582378703,
AI,Industrials,3.1600000858306885,0.24999999999999997,-0.3,271657195.0,fcfe,,,699999021.0,,,451416792.0,-491966000.0,890233000.0,eps_dcf,0.08,0.08,15.0,0.8855827000172738,1.162816009730795,0.8367947958074432,0.7547131029332446,-71.97523177330942,
AIE,Consumer Defensive,1.559999942779541,0.14,-0.3,249052369.0,fcfe,,,1384014009.0,,,368218973.0,-419497000.0,,eps_dcf,0.08,0.08,15.0,0.4959263120096734,0.6511769654492454,0.4686050856521683,0.42263933764261696,-68.20985062819597,
AIMCG,Real Estate,1.6200000047683716,-0.026328,-0.3,,fcfe,,,288000000.0,,,-131609503.0,221409835.0,,eps_dcf,0.08,0.08,15.0,,,,,,eps<=0_block|no_intrinsic
AIMIRT,Real Estate,12.5,0.8240109999999999,0.06013387538762682,,fcfe,,,791500104.0,,,880872981.0,5037027000.0,,eps_dcf,0.08,0.08,15.0,15.332157982563036,20.552617440564802,15.162620700600629,10.620310370448486,22.657263860504287,
AIRA,Financial Services,1.0099999904632568,-0.013843999999999999,-0.3,419386452.0,fcfe,,,6314878533.0,,,412669305.0,3794102000.0,989076000.0,eps_dcf,0.08,0.08,15.0,,,,,,eps<=0_block|no_intrinsic
AIT,Technology,4.800000190734863,0.37367399999999995,-4.440892098500626e-16,940389340.0,fcfe,,,1536415572.0,,,938130826.0,-1863309000.0,1033000.0,eps_dcf,0.08,0.08,15.0,5.371952107251749,7.236165565263115,5.3067156139209635,3.703448129232739,11.915664453949157,
AJ,Consumer Cyclical,3.559999942779541,-0.527,-0.3,-104119764.0,fcfe,,,596498177.0,,,513632336.0,8010480000.0,505182000.0,eps_dcf,0.08,0.08,15.0,,,,,,eps<=0_block|no_intrinsic
AJA,Technology,0.10999999940395355,-0.018000000000000002,-0.3,-34587844.0,fcfe,,,5743212607.0,,,-67580904.0,35936000.0,-4440000.0,eps_dcf,0.08,0.08,15.0,,,,,,eps<=0_block|no_intrinsic
AKP,Industrials,0.7799999713897705,0.154,-0.2153350654326457,61083348.0,fcfe,,,404000000.0,,,135704224.0,-40886000.0,,eps_dcf,0.091675,0.08275625,15.0,0.7819267695738223,1.0942349647382297,0.7612530682658727,0.5316396783332638,0.24702541727261224,
AKR,Industrials,0.9900000095367432,0.055999999999999994,0.3,-86305511.0,fcfe,,,1471897693.0,,,259608318.0,27733026.0,1398890.0,eps_dcf,0.08,0.08,15.0,2.647548641022013,3.4797656249999998,2.6279287340492195,1.8741913779624069,167.4291530826244,
AKS,Real Estate,0.009999999776482582,-0.08,0.0,,fcfe,,,4073299779.0,,,-2209787000.0,746404000.0,0.0,eps_dcf,0.08,0.08,15.0,,,,,,eps<=0_block|no_intrinsic
ALLA,Industrials,1.1200000047683716,0.091,0.3,74047559.0,fcfe,,,600000000.0,,,93211557.0,-226973000.0,1000.0,eps_dcf,0.08,0.08,15.0,4.302266541660772,5.654619140625,4.270384192829983,3.0455609891889113,284.130939584284,
ALLY,Real Estate,4.880000114440918,0.7144759999999999,0.10949165905725033,,fcfe,,,874100000.0,,,819478391.0,3852555000.0,,eps_dcf,0.08,0.08,15.0,16.305026539273392,21.767320914717164,16.13844702737409,11.34247069952754,234.11938846114953,
ALPHAX,Utilities,0.23000000417232513,0.024038,0.3,-1072365602.0,fcfe,,,9292374138.0,,,343211855.0,-2087574000.0,40112000.0,eps_dcf,0.08,0.08,15.0,1.136460254158699,1.49368939453125,1.1280384090906277,0.8044966489903631,394.11314501856174,upside>300%
ALT,Technology,1.6200000047683716,0.107,0.3,107948109.0,fcfe,,,1113944019.0,,,359718051.0,749765818.0,114112.0,eps_dcf,0.08,0.08,15.0,5.058709010524205,6.648837890624999,5.021220973986903,3.5810442400353137,212.2659873848273,
ALUCON,Basic Materials,251.0,28.970000000000002,-0.16768778454353606,202869560.0,fcfe,,,43199986.0,,,1281498633.0,-92238000.0,,eps_dcf,0.08,0.08,15.0,191.97198568347483,261.4666410689074,189.0133364979265,131.3532778546871,-23.517137177898476,
AMA,Industrials,3.8399999141693115,0.31,0.3,416214658.73999995,fcfe,,,517916773.0,,,629902954.26,654704315.29,83018915.5,eps_dcf,0.08,0.08,15.0,14.656072834229004,19.26298828125,14.547462634915327,10.374987985149039,281.6685719223377,
AMANAH,Financial Services,0.7799999713897705,-0.10900000000000001,-0.16979287616966043,381456465.0,fcfe,,,1184121871.0,,,-253448947.0,1577666066.0,,eps_dcf,0.08,0.08,15.0,,,,,,eps<=0_block|no_intrinsic
AMARC,Technology,2.9000000953674316,0.451,0.12550881000000014,98000864.85000002,fcfe,,,400000000.0,,,167752817.57999998,-119323232.39,,eps_dcf,0.08,0.08,15.0,10.981497628155159,14.640781491623649,10.872191327419433,7.650132666893848,278.67231955258944,
AMARIN,Communication Services,1.850000023841858,-0.108,-0.3,97997282.0,fcfe,,,998281590.0,,,407096714.0,-409933000.0,105441000.0,eps_dcf,0.08,0.08,15.0,,,,,,eps<=0_block|no_intrinsic
AMATA,Real Estate,32.75,3.6900000000000004,-0.3,-6003390452.0,fcfe,,,1150000000.0,,,7983672057.0,21358792000.0,6959855000.0,eps_dcf,0.08,0.08,15.0,13.071200652254964,17.163164303626537,12.351091186117864,11.139565399294689,-60.0879369396795,
AMATAR,Real Estate,7.449999809265137,0.881022,-0.0720417459322863,,fcfe,,,357890000.0,,,314450831.0,853185000.0,,eps_dcf,0.08,0.08,15.0,9.171774789330165,12.421448059995999,9.047764711110489,6.29413175332336,23.111074149609447,
AMATAV,Real Estate,2.180000066757202,0.42600000000000005,-0.3,-257663997.0,fcfe,,,1065898265.0,,,1363932700.0,4534457000.0,865799000.0,eps_dcf,0.08,0.08,15.0,1.5090329208294353,1.9814384805812753,1.4258983320558838,1.2860311273982488,-30.77830850371694,
AMC,Basic Materials,2.559999942779541,0.24999999999999997,-0.3,516252476.0,fcfe,,,480096277.0,,,232787842.0,1140769000.0,,eps_dcf,0.08,0.08,15.0,0.8855827000172738,1.162816009730795,0.8367947958074432,0.7547131029332446,-65.40692500735976,
AMR,Industrials,0.38999998569488525,-0.303,0.1773756992669766,-43028279.0,fcfe,,,590710000.0,,,-135056068.0,260563429.0,479743.0,eps_dcf,0.08,0.08,15.0,,,,,,eps<=0_block|no_intrinsic
ANAN,Real Estate,0.3199999928474426,-0.04600000000000001,0.3,3311028817.0,fcfe,,,4166255157.0,,,764770603.0,10596896000.0,478029000.0,eps_dcf,0.08,0.08,15.0,,,,,,eps<=0_block|no_intrinsic
ANI,Industrials,3.4800000190734863,0.3557,-0.3,819756646.0,fcfe,,,1848000000.0,,,1045741731.0,-571652564.0,84860212.0,eps_dcf,0.08,0.08,15.0,1.2600070655845774,1.6544546186449751,1.1905916354748305,1.0738058028534203,-63.79290061268329,
AOT,Industrials,61.5,1.31,-0.0588937105696129,27915220705.0,fcfe,,,14285700000.0,,,37696125051.0,22178716475.0,2214311642.0,eps_dcf,0.08,0.08,15.0,14.481360596341915,19.594004475031625,14.289271522203418,9.9449839400677,-76.45307220107006,
AP,Real Estate,8.050000190734863,1.317,-0.13134960400816553,1759037343.0,fcfe,,,3145899495.0,,,6236692758.0,30480856000.0,3502000.0,eps_dcf,0.08,0.08,15.0,10.3930600913142,14.128872229112327,10.240359051981933,7.115351071512873,29.106333479048597,
APCO,Consumer Defensive,2.5399999618530273,0.09000000000000001,-0.16979287616966077,54817194.0,fcfe,,,600000000.0,,,93400623.0,-225269210.0,4043371.0,eps_dcf,0.08,0.08,15.0,0.590320451876017,0.8040958542187228,0.5811980645881297,0.4039122113969727,-76.75903697867163,
APCS,Industrials,1.4199999570846558,-0.371,-0.043709175430574065,427781866.0,fcfe,,,659999962.0,,,-349265900.0,212614685.0,7184883.0,eps_dcf,0.08,0.08,15.0,,,,,,eps<=0_block|no_intrinsic
APO,Consumer Defensive,1.7699999809265137,0.5641,0.3,-109730052.0,fcfe,,,340000000.0,,,72498748.0,42829369.0,,eps_dcf,0.08,0.08,15.0,26.66932479286639,35.0524248046875,26.471689265663667,18.879131362653457,1406.7415299578831,upside>300%
APP,Technology,3.319999933242798,0.42,-0.2009708626459945,161430341.0,fcfe,,,280000000.0,,,178513239.0,-223491000.0,1194000.0,eps_dcf,0.08,0.08,15.0,2.3640934846231363,3.2241611413968463,2.3261272469073444,1.6179245409968024,-28.792363489175838,
APURE,Consumer Defensive,2.180000066757202,-0.248,-0.3,204298144.0,fcfe,,,929688395.0,,,-78267634.0,561000.0,15454000.0,eps_dcf,0.08,0.08,15.0,,,,,,eps<=0_block|no_intrinsic
AQUA,Consumer Cyclical,0.10000000149011612,-0.0718,-0.3,193215761.0,fcfe,,,5712457187.0,,,-161068692.0,1710127099.0,514090041.0,eps_dcf,0.08,0.08,15.0,,,,,,eps<=0_block|no_intrinsic
ARIN,Real Estate,0.46000000834465027,-0.07,8.881784197001252e-16,79000.0,fcfe,,,600000000.0,,,-14456000.0,396660000.0,,eps_dcf,0.08,0.08,15.0,,,,,,eps<=0_block|no_intrinsic
ARIP,Industrials,0.4300000071525574,0.020208,0.3,40401364.0,fcfe,,,466000000.0,,,20852383.0,-59804000.0,,eps_dcf,0.08,0.08,15.0,0.9553868381745152,1.25569828125,0.94830685460119,0.6763153458190057,122.18298192622092,
ARROW,Industrials,5.650000095367432,0.66,-0.3,26132827.099999994,fcfe,,,256896904.0,,,244136419.6,124810871.19,-26410160.18,eps_dcf,0.08,0.08,15.0,2.3379383280456034,3.0698342656892996,2.2091382609316508,1.9924425917437656,-58.62056126401601,
AS,Communication Services,2.259999990463257,0.24000000000000002,0.3,93087523.0,fcfe,,,499246766.0,,,241799287.0,-239075000.0,-20229000.0,eps_dcf,0.08,0.08,15.0,11.346637032951488,14.913281250000002,11.262551717353803,8.032248762696032,402.0635876474338,upside>300%
ASAP,Industrials,2.180000066757202,0.15030000000000002,-0.3,1420431671.0,fcfe,,,725999972.0,,,1185605285.0,6561360000.0,148801000.0,eps_dcf,0.08,0.08,15.0,0.5324123192503853,0.6990849850501543,0.5030810312394352,0.45373351748346674,-75.57741729602971,
ASEFA,Industrials,6.449999809265137,0.64,-0.3,190174973.0,fcfe,,,527228300.0,,,620470833.0,1188771180.0,27661724.0,eps_dcf,0.08,0.08,15.0,2.2670917120442216,2.976808984910836,2.142194677267055,1.9320655435091059,-64.85129024674318,
ASIA,Consumer Cyclical,5.449999809265137,-0.09,0.3,263030633.0,fcfe,,,320000000.0,,,425365715.0,2221368848.0,147665642.0,eps_dcf,0.08,0.08,15.0,,,,,,eps<=0_block|no_intrinsic
ASIAN,Consumer Defensive,7.199999809265137,0.744702,0.3,760852300.0,fcfe,,,811544559.0,,,1283431704.0,-363513000.0,1466864000.0,eps_dcf,0.08,0.08,15.0,35.20776371547099,46.27479322265624,34.94685328757004,24.92346549198858,388.99673122441993,upside>300%
ASIMAR,Industrials,1.4700000286102295,0.199,-0.3,155332446.0,fcfe,,,258291087.0,,,120155549.0,137615000.0,1945000.0,eps_dcf,0.08,0.08,15.0,0.7049238292137501,0.925601543745713,0.6660886574627249,0.6007516299348628,-52.04599894598637,
ASK,Financial Services,10.199999809265137,0.926439,-0.16979287616966077,8372149366.0,fcfe,,,703791280.0,,,1808217904.0,44669381000.0,,eps_dcf,0.08,0.08,15.0,6.076620990172946,8.277175100961546,5.98271726398847,4.157778057937778,-40.42528329605195,
ASN,Financial Services,1.0,-0.02,0.0,48327957.0,fcfe,,,187199953.0,,,27832462.0,135271000.0,,eps_dcf,0.08,0.08,15.0,,,,,,eps<=0_block|no_intrinsic
ASP,Financial Services,2.359999895095825,0.236,-0.3,-185939914.0,fcfe,,,2031936744.0,,,652042744.0,322260000.0,,eps_dcf,0.08,0.08,15.0,0.8359900688163064,1.0976983131858704,0.7899342872422264,0.7124491691689827,-64.57669042471029,
ASTR,Financial Services,4.199999809265137,0.05199999999999999,0.3,-29597903.0,fcfe,,,1621933140.0,,,-95257645.0,-686399000.0,6506000.0,eps_dcf,0.08,0.08,15.0,2.4584380238061554,3.2312109374999993,2.4402195387599903,1.740320565250806,-41.46575867972951,
ASW,Real Estate,7.800000190734863,1.4269330000000002,-0.3,-141202389.0,fcfe,,,899744550.0,,,2737876761.0,15524659266.0,898050114.0,eps_dcf,0.08,0.08,15.0,5.054668715534996,6.637042148852773,4.77620043346361,4.3077001284313745,-35.19655651368927,
ATLAS,Energy,1.7899999618530273,0.19976699999999997,0.1698585600000002,726448218.0,fcfe,,,1418420000.0,,,1268356995.0,4021005891.0,0.0,eps_dcf,0.1,0.08679999999999999,15.0,5.393680390575291,7.379787968626696,5.282828021833493,3.7401299187492834,201.32293326932222,
ATP30,Industrials,0.7799999713897705,0.062,0.3,166297238.0,fcfe,,,682310058.0,,,176872507.0,537156000.0,,eps_dcf,0.08,0.08,15.0,2.9312145668458007,3.85259765625,2.9094925269830654,2.0749975970298076,275.79675312334797,
AU,Consumer Cyclical,4.28000020980835,0.23,0.3,292133518.0,fcfe,,,815623561.0,,,426606008.0,38292000.0,0.0,eps_dcf,0.08,0.08,15.0,10.873860489911841,14.291894531250001,10.793278729130726,7.69757173091703,154.0621485249589,
AUCT,Consumer Cyclical,4.019999980926514,0.25,0.3,213158457.0,fcfe,,,550000000.0,,,388304888.0,821500420.0,,eps_dcf,0.08,0.08,15.0,11.819413575991131,15.53466796875,11.731824705576878,8.36692579447503,194.01526447935552,
AURA,Consumer Cyclical,13.5,1.1600000000000001,0.01376916061125888,-5176474000.0,fcfe,,,1337697100.0,,,3343015000.0,17056287000.0,,eps_dcf,0.08,0.08,15.0,17.707002058982216,23.82574355607621,17.49647378762372,12.2198453759637,31.16297821468308,
AWC,Consumer Cyclical,3.059999942779541,0.1874,-8.881784197001252e-16,2322004223.0,fcfe,,,32026544400.0,,,12102419705.0,93147853000.0,0.0,eps_dcf,0.08,0.08,15.0,2.6940697637485513,3.6289852302549965,2.6613532278103023,1.8573039050568523,-11.958502806330062,
AXTRART,Real Estate,12.5,0.940027,-0.2440910559445002,,fcfe,,,2337282928.0,,,2746428414.0,2767546000.0,,eps_dcf,0.08,0.08,15.0,4.264580686626982,5.821888382783861,4.192669910220354,2.92300531968999,-65.88335450698415,
AYUD,Financial Services,42.25,8.56,-0.254548292479572,,fcfe,,,389266931.0,,,,-2229987000.0,,eps_dcf,0.08,0.08,15.0,36.945932503933875,50.2836199902372,36.201555294999295,25.84137664443429,-12.554005907848817,
B,Industrials,0.029999999329447746,0.0,0.0,-13950670.82,fcfe,,,8074009105.0,,,-414152584.74,1610398000.0,622761000.0,eps_dcf,0.08,0.08,15.0,,,,,,eps<=0_block|no_intrinsic
B-WORK,Unknown,6.150000095367432,0.509789,-0.3,,fcfe,,,368800000.0,,,316831242.0,543152000.0,,eps_dcf,0.1,0.09120000000000002,15.0,1.7046844781561257,2.2877317786163855,1.5970398429565784,1.4445710832945078,-72.28155363054056,
B52,Real Estate,0.23999999463558197,-0.0663,0.21550625000000023,-39322935.0,fcfe,,,1006280196.0,,,-60039592.0,-21336358.0,1108204.0,eps_dcf,0.08,0.08,15.0,,,,,,eps<=0_block|no_intrinsic
BA,Industrials,18.299999237060547,1.8599999999999999,0.3,4991965507.0,fcfe,,,2074300000.0,,,7875780871.0,16511794000.0,57080000.0,eps_dcf,0.08,0.08,15.0,87.93643700537399,115.57792968749999,87.28477580949193,62.249927910894215,380.5269982049401,upside>300%
BAFS,Industrials,10.100000381469727,0.41000000000000003,0.3,682728801.0,fcfe,,,637496153.0,,,1779136321.0,12365398000.0,992657000.0,eps_dcf,0.08,0.08,15.0,19.38383826462546,25.476855468750006,19.240192517146077,13.721758302939055,91.9191834902166,
BAM,Financial Services,6.650000095367432,0.6000000000000001,0.3,2961569000.0,fcfe,,,3232042300.0,,,3299685000.0,88037395000.0,,eps_dcf,0.08,0.08,15.0,28.366592582378722,37.28320312500001,28.156379293384504,20.080621906740078,326.56529587329857,upside>300%
BANPU,Utilities,14.8,2.914,-0.3,576716000.0,fcfe,,,3047731700.0,,,14947381000.0,11064705000.0,1029622000.0,eps_dcf,0.1,0.08460000000000001,15.0,9.744130550770908,13.076881617469478,9.12882408677996,8.25729887604518,-34.161280062358735,
BAREIT,Real Estate,11.399999618530273,0.8744339999999999,-0.03587076702411063,,fcfe,,,1033000000.0,,,1101431057.0,3863990000.0,,eps_dcf,0.08,0.08,15.0,10.724842977278254,14.48667549381224,10.587343028271984,7.375510307763073,-5.922426875827065,
BAY,Financial Services,38.5,4.619999999999999,-0.0890595662093332,84378488000.0,fcfe,,,7355761773.0,,,,142471392000.0,25360376000.0,eps_dcf,0.08,0.08,15.0,44.46714743821509,60.29246811703366,43.851056645409464,30.490099137813388,15.49908425510414,
BBGI,Basic Materials,6.349999904632568,0.55,-0.3,1401034408.0,fcfe,,,1446000000.0,,,1525209935.0,1288871000.0,47242000.0,eps_dcf,0.08,0.08,15.0,1.9482819400380027,2.55819522140775,1.8409485507763752,1.660368826453138,-69.31839418427934,
BBIK,Industrials,19.200000762939453,1.52,-0.13128940073892337,238599026.0,fcfe,,,200015474.0,,,419227610.0,-560095089.0,6467038.0,eps_dcf,0.08,0.08,15.0,11.998462670364813,16.311284974670155,11.822188441195152,8.214463053568455,-37.50800940839187,
BBL,Financial Services,188.0,24.16,0.2630654100227332,227107701000.0,fcfe,,,1908842894.0,,,,553060840000.0,1766328000.0,eps_dcf,0.08,0.08,15.0,998.7555986847882,1316.5626340363501,990.8637621022305,704.6240730808995,431.2529780238235,upside>300%
BC,Real Estate,0.5299999713897705,-0.2848,0.3,-312442902.0,fcfe,,,605379584.0,,,-46220995.0,2405359000.0,418490000.0,eps_dcf,0.08,0.08,15.0,,,,,,eps<=0_block|no_intrinsic
BCH,Healthcare,10.899999618530273,0.55,0.09119801562350305,810307842.0,fcfe,,,2493747984.0,,,2822746924.0,103015000.0,1010273000.0,eps_dcf,0.08,0.08,15.0,11.645942872069293,15.571139685723319,11.523395911834683,8.088386939119097,6.843516327018005,
BCP,Energy,56.0,8.34,0.0,12041071170.0,fcfe,,,1462972247.0,,,34457947385.0,126765317000.0,19253687000.0,eps_dcf,0.08,0.08,15.0,119.89616771431699,161.50339818744285,118.44015965815372,82.65696140968092,114.10029948985176,
BCPG,Utilities,7.199999809265137,0.11999999999999998,-0.3,1015077051.0,fcfe,,,2995759339.0,,,4177848314.0,22792031000.0,254866000.0,eps_dcf,0.08,0.08,15.0,0.4250796960082914,0.5581516846707817,0.40166150198757267,0.36226228940795724,-94.09611517681864,
BCT,Basic Materials,54.5,5.21,0.3,-3512704620.0,fcfe,,,300000000.0,,,2934114285.0,-2115564000.0,,eps_dcf,0.08,0.08,15.0,246.31657892365521,323.74248046874993,244.49122686422214,174.36673355685963,351.95702554799124,upside>300%
BDMS,Healthcare,20.0,0.95,0.17429053695618757,11916860450.0,fcfe,,,15892001895.0,,,26961885326.0,15169633000.0,4028313000.0,eps_dcf,0.08,0.08,15.0,28.062272627814554,37.261464523500756,27.804537956760207,19.6362847452914,40.31136313907277,
BE8,Technology,5.349999904632568,-0.3,0.3,960749.0,fcfe,,,264709133.0,,,50408800.0,277886000.0,10326000.0,eps_dcf,0.08,0.08,15.0,,,,,,eps<=0_block|no_intrinsic
BEAUTY,Consumer Cyclical,0.33000001311302185,-0.019999999999999997,0.3,-29022029.120000005,fcfe,,,2994193535.0,,,-10329866.469999999,-28011174.97,0.0,eps_dcf,0.08,0.08,15.0,,,,,,eps<=0_block|no_intrinsic
BEC,Communication Services,1.9299999475479126,0.036,0.3,1008763912.0,fcfe,,,2000000000.0,,,1516792472.0,-551432000.0,41000.0,eps_dcf,0.08,0.08,15.0,1.701995554942723,2.2369921875,1.6893827576030702,1.2048373144044044,-11.813699419778317,
BEM,Industrials,6.650000095367432,0.27,-0.059242510673140125,-24778611366.0,fcfe,,,14977876500.0,,,9166710904.0,125791029000.0,1828000.0,eps_dcf,0.08,0.08,15.0,2.9799777347250584,4.032159958217821,2.940429413370825,2.046440475294996,-55.18830538361961,
BEYOND,Consumer Cyclical,7.199999809265137,-0.36240000000000006,0.3,834340069.0,fcfe,,,279832430.0,,,819899482.0,4607436320.0,-3347944.0,eps_dcf,0.08,0.08,15.0,,,,,,eps<=0_block|no_intrinsic
BGC,Consumer Cyclical,6.650000095367432,0.29,0.3,2288062000.0,fcfe,,,677744400.0,,,1903317000.0,9017581000.0,2003250000.0,eps_dcf,0.08,0.08,15.0,13.71051974814971,18.020214843749997,13.608916658469173,9.705633921591035,106.1732263387609,
BGRIM,Utilities,19.200000762939453,0.32999999999999996,-0.3,9787621360.0,fcfe,,,2606900000.0,,,15344684624.0,111798365000.0,15255804000.0,eps_dcf,0.0952,0.08148000000000001,15.0,1.121243085588191,1.5064905432256532,1.0501598812882722,0.9492452408504849,-94.16019249461462,
BGT,Consumer Cyclical,0.36000001430511475,-0.09000000000000001,0.3,121658232.98000002,fcfe,,,363519904.0,,,70068105.94,198698874.31,,eps_dcf,0.08,0.08,15.0,,,,,,eps<=0_block|no_intrinsic
BH,Healthcare,195.5,8.73,-0.051177548639085635,4291113978.0,fcfe,,,794966592.0,,,10545295225.0,-3806918000.0,335382000.0,eps_dcf,0.08,0.08,15.0,99.94267612095507,135.1517574710037,98.63192057731845,68.6658614018163,-48.87842653659587,
BIG,Consumer Cyclical,0.3199999928474426,0.0168,-0.3,259749469.0,fcfe,,,3528878800.0,,,470061757.0,426222000.0,,eps_dcf,0.08,0.08,15.0,0.059511157441160804,0.07814123585390945,0.05623261027826019,0.050716720517114025,-81.4027628839566,
BIOTEC,Basic Materials,0.27000001072883606,0.0549,-0.3,29439570.0,fcfe,,,3053362202.0,,,347245392.0,403170519.0,515.0,eps_dcf,0.08,0.08,15.0,0.19447396092379338,0.2553543957368826,0.18376013715931458,0.16573499740414052,-27.972609927373043,
BIS,Consumer Defensive,2.9000000953674316,0.199,0.16295166485767254,76462000.0,fcfe,,,314000000.0,,,68916000.0,-45080000.0,8707000.0,eps_dcf,0.08,0.08,15.0,5.62326522254777,7.473687968917585,5.570636815088746,3.9307276985550317,93.90569095258252,
BIZ,Healthcare,6.0,0.7200000000000001,-0.3,188938980.0,fcfe,,,600734989.0,,,574619712.0,215327000.0,73053000.0,eps_dcf,0.08,0.08,15.0,2.550478176049749,3.3489101080246906,2.409969011925437,2.1735737364477448,-57.492030399170844,
BJC,Industrials,16.5,1.39,-0.3,11067476733.0,fcfe,,,4007796699.0,,,23498627590.0,170869190000.0,6762195000.0,eps_dcf,0.08,0.08,15.0,4.923839812096043,6.465257014103222,4.652579064689385,4.196204852308839,-70.15854659335731,
BJCHI,Industrials,3.4000000953674316,-0.030000000000000027,0.3,128103382.62,fcfe,,,393532500.0,,,108192665.39999999,-375934551.63,,eps_dcf,0.08,0.08,15.0,,,,,,eps<=0_block|no_intrinsic
BKA,Unknown,0.6700000166893005,-0.279,0.3,-18244676.240000002,fcfe,,,,,,-55077344.44,9241873.030000001,,eps_dcf,0.1,0.09120000000000002,15.0,,,,,,eps<=0_block|no_intrinsic
BKD,Unknown,1.1200000047683716,0.09,0.3,89986232.0,fcfe,,,,,,179274300.0,-10520930.0,300.0,eps_dcf,0.1,0.09120000000000002,15.0,3.950448481372075,5.353474213993598,3.8760213845303646,2.7707040392756817,252.7186129065304,
BKGI,Healthcare,2.380000114440918,0.083,-0.3,-97024198.0,fcfe,,,600000000.0,,,96907748.0,-113836000.0,3636000.0,eps_dcf,0.12505,0.1146925,15.0,0.2558594940378223,0.3412989855904503,0.24003550084968464,0.2178919820496076,-89.24960160777447,
BKIH,Financial Services,387.0,42.78,-0.3,,fcfe,,,104044168.0,,,,84284305.0,326083000.0,eps_dcf,0.08,0.08,15.0,151.5409116269559,198.98107558513368,143.1923254585697,129.14650617393679,-60.842141698461006,
BLA,Financial Services,24.100000381469727,4.72,-0.19020300049389316,,fcfe,,,1707566000.0,,,,-3548789000.0,333000.0,eps_dcf,0.08,0.08,15.0,28.017409351768507,38.195729221690826,27.573280702766546,19.171475428852077,16.25480874809795,
BLAND,Real Estate,0.6000000238418579,0.015600000000000001,-0.3,902044845.0,fcfe,,,17352625154.0,,,2806262838.0,1721466000.0,8526290000.0,eps_dcf,0.08,0.08,15.0,0.055260360481077894,0.07255971900720162,0.05221599525838446,0.04709409762303446,-90.78994028579524,
BLC,Consumer Defensive,4.079999923706055,0.24000000000000002,0.3,-376230776.0,fcfe,,,600000000.0,,,245144150.0,319513056.0,22568487.0,eps_dcf,0.08,0.08,15.0,11.346637032951488,14.913281250000002,11.262551717353803,8.032248762696032,178.1038540472522,
BLESS,Real Estate,0.25,-0.006899999999999999,0.0,125679957.0,fcfe,,,800000000.0,,,17665871.0,817785960.0,0.0,eps_dcf,0.08,0.08,15.0,,,,,,eps<=0_block|no_intrinsic
BLISS,Unknown,0.03091,0.0,0.0,21135179.0,fcfe,,,,,,4693477.0,-145115000.0,-138000.0,eps_dcf,0.1,0.09120000000000002,15.0,,,,,,eps<=0_block|no_intrinsic
BM,Industrials,1.4199999570846558,0.136,0.21550624999999912,-29339705.0,fcfe,,,647133437.0,,,163058683.0,374811000.0,674000.0,eps_dcf,0.08,0.08,15.0,4.707164940239745,6.22900811540153,4.666822680947602,3.3063485429543897,231.49049876760805,
BOFFICE,Real Estate,5.25,0.193726,0.3,,fcfe,,,737872074.0,,,276615249.0,2106506596.0,,eps_dcf,0.08,0.08,15.0,9.15891085768983,12.037876347656251,9.091037891650343,6.4835642658418795,74.45544490837773,
BOL,Industrials,5.099999904632568,0.41000000000000003,-0.1889876055565497,120848119.0,fcfe,,,820505500.0,,,370960924.0,-162781000.0,,eps_dcf,0.08,0.08,15.0,2.4483047801902704,3.337585370602131,2.409552245310507,1.6752817944177,-51.99402302015024,
BPS,Technology,0.6499999761581421,0.023000000000000003,-0.3,-7531786.0,fcfe,,,400000000.0,,,21871996.0,-54856879.0,,eps_dcf,0.08,0.08,15.0,0.0814736084015892,0.10697907289523317,0.07698512121428477,0.0694336054698585,-87.46559824768869,
BR,Consumer Defensive,1.9299999475479126,0.19999999999999998,-0.29393325617283994,933263037.0,fcfe,,,913447127.0,,,807113310.0,3551046000.0,-4979000.0,eps_dcf,0.08,0.08,15.0,0.7272521590752208,0.9600039292782613,0.690828794583749,0.6037704823465957,-62.318539956480144,
BRI,Real Estate,1.2300000190734863,0.1073,0.3,,fcfe,,,1453210999.0,,,147212082.0,10434306000.0,,eps_dcf,0.08,0.08,15.0,5.072892306815393,6.6674794921875,5.035299163633595,3.5910845509886835,312.4302624512653,upside>300%
BROCK,Real Estate,1.1200000047683716,-0.010000000000000002,0.0,26886650.319999997,fcfe,,,1025000181.0,,,-1148306.0799999998,-28269351.009999998,,eps_dcf,0.08,0.08,15.0,,,,,,eps<=0_block|no_intrinsic
BRR,Consumer Defensive,3.740000009536743,0.29200000000000004,0.3,475987881.0,fcfe,,,812100406.0,,,550798751.0,3945895821.0,-56195145.0,eps_dcf,0.08,0.08,15.0,13.805075056757644,18.144492187500006,13.702771256113792,9.772569327946837,269.1196529827714,
BSBM,Basic Materials,0.6499999761581421,-0.033,0.3,-236068041.0,fcfe,,,1121175000.0,,,-42722564.0,-19063000.0,,eps_dcf,0.08,0.08,15.0,,,,,,eps<=0_block|no_intrinsic
BSM,Industrials,0.7200000286102295,-0.10099999999999999,-0.3,51584954.0,fcfe,,,213050620.0,,,37428658.0,415376000.0,1000.0,eps_dcf,0.08,0.08,15.0,,,,,,eps<=0_block|no_intrinsic
BTC,Financial Services,0.28999999165534973,-0.002999999999999999,-0.3,592777380.9399999,fcfe,,,10800820789.0,,,-346522008.65000004,-134386691.25,61542609.88,eps_dcf,0.08,0.08,15.0,,,,,,eps<=0_block|no_intrinsic
BTG,Consumer Defensive,21.200000762939453,2.7800000000000002,0.3,4995811156.0,fcfe,,,1906050000.0,,,11005912006.0,22183992000.0,203804000.0,eps_dcf,0.08,0.08,15.0,131.43187896502138,172.7455078125,130.45789072601485,93.04021483456236,519.9616709202321,upside>300%
BTNC,Consumer Cyclical,13.5,-0.64,0.3,-1217863.0,fcfe,,,12000000.0,,,51483162.0,12055000.0,,eps_dcf,0.08,0.08,15.0,,,,,,eps<=0_block|no_intrinsic
BTS,Industrials,2.0199999809265137,-0.09199999999999998,0.3,37697534611.0,fcfe,,,16093803620.0,,,10633662908.0,164449163000.0,41454139000.0,eps_dcf,0.08,0.08,15.0,,,,,,eps<=0_block|no_intrinsic
BTW,Industrials,0.10999999940395355,-0.22,0.3,531635.5299999989,fcfe,,,756000000.0,,,-111929302.13,141324953.07000002,-2697878.27,eps_dcf,0.08,0.08,15.0,,,,,,eps<=0_block|no_intrinsic
BUI,Financial Services,12.399999618530273,2.924545,-0.3,,fcfe,,,56716132.0,,,,-334139710.0,,eps_dcf,0.08,0.08,15.0,10.359705829688075,13.602830988712595,9.788976144418719,8.828769726471622,-16.45398267426743,
BVG,Technology,1.6200000047683716,0.13,0.3,73079685.0,fcfe,,,450000000.0,,,104780934.0,-144408938.0,,eps_dcf,0.08,0.08,15.0,6.146095059515389,8.07802734375,6.100548846899976,4.350801413127016,279.3885828039958,
BWG,Industrials,0.23000000417232513,0.0718,-0.2565337359433568,311271783.0,fcfe,,,6381208233.0,,,1470493118.0,76983000.0,2236247000.0,eps_dcf,0.09384999999999999,0.08438749999999999,15.0,0.29568493149836195,0.411603507888483,0.2864701973918636,0.20741055742773584,28.55866353672892,
BYD,Financial Services,0.4000000059604645,-0.48400000000000004,-0.3,-58295148.0,fcfe,,,5210628836.0,,,-158909162.0,-487190516.0,,eps_dcf,0.08,0.08,15.0,,,,,,eps<=0_block|no_intrinsic
CAZ,Industrials,2.380000114440918,-1.01,-8.881784197001252e-16,1427713415.0,fcfe,,,303880952.0,,,-112933512.0,-1051064000.0,3002000.0,eps_dcf,0.08,0.08,15.0,,,,,,eps<=0_block|no_intrinsic
CBG,Consumer Defensive,53.0,2.7700000000000005,0.1368189622787499,2483438574.0,fcfe,,,1000000000.0,,,3690958291.0,-67442000.0,-56090000.0,eps_dcf,0.08,0.08,15.0,70.57699033531122,94.00602334624007,69.88737107536315,49.21681510422661,33.16413270813438,
CCET,Technology,9.199999809265137,0.22000000000000003,-0.13538467044981295,-3621181359.0,fcfe,,,10450002831.0,,,5486412146.0,17797971000.0,9661000.0,eps_dcf,0.08,0.08,15.0,1.7030816680610292,2.3157855362964144,1.6779225390346948,1.1658551869046476,-81.48824235468038,
CCP,Basic Materials,0.28999999165534973,0.041800000000000004,0.0,227944000.0,fcfe,,,2768030181.0,,,300777000.0,427587000.0,222237000.0,eps_dcf,0.08,0.08,15.0,0.6009184425010132,0.8094534825221955,0.5936209440900271,0.4142758977127894,107.2132619973225,
CEN,Basic Materials,0.5,-0.2,-0.3,-39885850.33000002,fcfe,,,745162611.0,,,-192510265.3,-336510259.56,814748118.0,eps_dcf,0.08,0.08,15.0,,,,,,eps<=0_block|no_intrinsic
CENTEL,Consumer Cyclical,43.75,1.9070680000000002,-0.3,4091802675.0,fcfe,,,1350000000.0,,,8580804716.0,28698534000.0,211562000.0,eps_dcf,0.08,0.08,15.0,6.755465714226172,8.870276808181153,6.383298310603638,5.757156831138788,-84.55893551034018,
CEYE,Consumer Cyclical,1.2899999618530273,0.09999999999999999,-0.1451958089702745,22656206.0,fcfe,,,289960078.0,,,36869702.0,-12043000.0,,eps_dcf,0.08,0.08,15.0,0.7386503288061645,1.0049251446098402,0.7275946754693283,0.5055424730129974,-42.74028289542534,
CFARM,Consumer Defensive,0.8600000143051147,0.025500000000000002,-0.3,48685884.0,fcfe,,,580000000.0,,,74555975.0,-64923653.0,,eps_dcf,0.08,0.08,15.0,0.09032943540176196,0.11860723299254111,0.08535306917235923,0.07698073649919096,-89.49657745357729,
CFRESH,Consumer Defensive,1.7200000286102295,0.135455,-0.3,274604300.0,fcfe,,,927099200.0,,,616152889.0,1692674000.0,430524000.0,eps_dcf,0.08,0.08,15.0,0.47982641852335933,0.6300369703923394,0.45339215626438895,0.4089186534312905,-72.10311566616298,
CGD,Real Estate,0.10000000149011612,-0.0732,0.3,-335812349.0,fcfe,,,8266129050.0,,,-145218467.0,-931401457.0,642681795.0,eps_dcf,0.08,0.08,15.0,,,,,,eps<=0_block|no_intrinsic
CGH,Financial Services,0.6000000238418579,-0.0275,-0.3,-232343867.0,fcfe,,,4152449168.0,,,94171188.0,-338640000.0,197479000.0,eps_dcf,0.08,0.08,15.0,,,,,,eps<=0_block|no_intrinsic
CH,Consumer Defensive,1.340000033378601,-0.0461,0.3,-220038985.0,fcfe,,,800000000.0,,,-8632225.0,512126371.0,,eps_dcf,0.08,0.08,15.0,,,,,,eps<=0_block|no_intrinsic
CHAO,Consumer Defensive,3.9800000190734863,0.07999999999999999,0.3,-159432467.0,fcfe,,,292736800.0,,,133158655.0,32380000.0,154000.0,eps_dcf,0.08,0.08,15.0,3.782212344317162,4.971093749999999,3.7541839057845996,2.6774162542320097,-4.969539542926133,
CHARAN,Financial Services,20.600000381469727,3.75,-0.3,,fcfe,,,12000000.0,,,,-65357000.0,,eps_dcf,0.08,0.08,15.0,13.28374050025911,17.44224014596193,12.55192193711165,11.320696543998668,-35.51582400839077,
CHASE,Financial Services,0.49000000953674316,0.003,0.0,234116408.0,fcfe,,,1986283700.0,,,59627120.0,270846000.0,23000.0,eps_dcf,0.08,0.08,15.0,0.04312811788284783,0.05809474754943986,0.04260437397775313,0.029732719931539902,-91.1983434605191,
CHAYO,Financial Services,1.2599999904632568,0.27234899999999995,-0.1651320756905451,383225139.0,fcfe,,,1165612822.0,,,-243956075.0,3881710000.0,1098748000.0,eps_dcf,0.08,0.08,15.0,1.8272726918497153,2.488458754798418,1.7992029328736325,1.2502959058292609,45.02164330794103,
CHEWA,Real Estate,0.12999999523162842,-0.1262,0.3,349632058.0,fcfe,,,1275028883.0,,,-314255959.0,2523630000.0,,eps_dcf,0.08,0.08,15.0,,,,,,eps<=0_block|no_intrinsic
CHG,Healthcare,1.5499999523162842,0.0869,0.0,660263809.0,fcfe,,,11000000000.0,,,1802624132.0,-662839000.0,437357000.0,eps_dcf,0.08,0.08,15.0,1.2492778146731591,1.6828111873487748,1.2341066995555827,0.8612577873502727,-19.40142883189982,
CHIC,Consumer Cyclical,0.2800000011920929,-0.0057,-0.3,107638503.0,fcfe,,,1360000000.0,,,146554797.0,701077000.0,-465000.0,eps_dcf,0.08,0.08,15.0,,,,,,eps<=0_block|no_intrinsic
CHO,Industrials,0.019999999552965164,-1.315601,-0.3,-20929000.0,fcfe,,,766234798.0,,,-632544000.0,1791182000.0,-4000.0,eps_dcf,0.08,0.08,15.0,,,,,,eps<=0_block|no_intrinsic
CHOTI,Consumer Defensive,64.25,23.77,-0.3,-216459332.0,fcfe,,,7500000.0,,,-29676130.0,1647046000.0,14000.0,eps_dcf,0.08,0.08,15.0,84.20120311764242,110.56054620520402,79.56244918537172,71.7581218268929,31.05245621422945,
CHOW,Basic Materials,1.3700000047683716,-0.027,0.3,494257118.0,fcfe,,,800000000.0,,,124023719.0,58901000.0,149015000.0,eps_dcf,0.08,0.08,15.0,,,,,,eps<=0_block|no_intrinsic
CI,Real Estate,0.3499999940395355,-0.31,0.3,645114857.0,fcfe,,,1066856744.0,,,386489147.0,6741147000.0,881548000.0,eps_dcf,0.08,0.08,15.0,,,,,,eps<=0_block|no_intrinsic
CIG,Industrials,0.029999999329447746,-0.0207,-0.3,15694028.219999999,fcfe,,,3736577699.0,,,-70591815.25,102275000.0,5825000.0,eps_dcf,0.08,0.08,15.0,,,,,,eps<=0_block|no_intrinsic
CIMBT,Financial Services,0.4099999964237213,0.08,-0.3,-10340052044.0,fcfe,,,34822261748.0,,,,103441276997.0,,eps_dcf,0.08,0.08,15.0,0.2833864640055277,0.3721011231138545,0.26777433465838185,0.24150819293863823,-30.881349639657742,
CITY,Industrials,1.409999966621399,-0.06145,-0.3,,fcfe,,,300000000.0,,,-3569000.0,-570585000.0,0.0,eps_dcf,0.08,0.08,15.0,,,,,,eps<=0_block|no_intrinsic
CIVIL,Industrials,0.9700000286102295,-0.21000000000000002,0.3,393421821.0,fcfe,,,700000000.0,,,82706313.0,1914983000.0,,eps_dcf,0.08199999999999999,0.08,15.0,,,,,,eps<=0_block|no_intrinsic
CK,Industrials,17.600000381469727,2.2199999999999998,-0.23525172493788915,7793012552.0,fcfe,,,1680355672.0,,,6164360384.0,30602222000.0,525605000.0,eps_dcf,0.08,0.08,15.0,10.530661115347392,14.37427554948335,10.35477347068501,7.214709615198575,-40.16669950510531,
CKP,Utilities,2.4200000762939453,0.265,0.3,4035207324.0,fcfe,,,8129382729.0,,,6560832684.0,23381676000.0,12367972000.0,eps_dcf,0.08,0.08,15.0,12.528578390550601,16.466748046875004,12.435734187911489,8.868941342143534,417.70983452765876,upside>300%
CM,Consumer Defensive,1.5299999713897705,-0.059999999999999984,0.3,-205246172.0,fcfe,,,381145725.0,,,22489159.0,-56739475.0,0.0,eps_dcf,0.08,0.08,15.0,,,,,,eps<=0_block|no_intrinsic
CMAN,Basic Materials,2.7200000286102295,0.7423,-0.3,362190949.0,fcfe,,,960000000.0,,,1150856095.0,2618620000.0,39878000.0,eps_dcf,0.08,0.08,15.0,2.6294721528912897,3.452633296092677,2.4846111077114603,2.2408941452293893,-3.328230689953139,
CMC,Real Estate,0.4000000059604645,-0.31620000000000004,-0.3,420347083.0,fcfe,,,1102213169.0,,,702703432.0,3987917000.0,-1875000.0,eps_dcf,0.08,0.08,15.0,,,,,,eps<=0_block|no_intrinsic
CMO,Communication Services,0.6100000143051147,-0.09,0.0,97546606.22,fcfe,,,426174854.0,,,95454369.73,244785461.26999998,92136642.69,eps_dcf,0.08,0.08,15.0,,,,,,eps<=0_block|no_intrinsic
CMR,Healthcare,1.2999999523162842,-0.004,0.3,-10801418.290000021,fcfe,,,4071125000.0,,,2909780577.06,2138893821.6899998,59270087.81,eps_dcf,0.08,0.08,15.0,,,,,,eps<=0_block|no_intrinsic
CNT,Industrials,3.200000047683716,0.20199999999999999,-0.3,811411758.0,fcfe,,,1027904144.0,,,351079472.0,612684000.0,-39592000.0,eps_dcf,0.088,0.08,15.0,0.7017670076164176,0.9395553358624826,0.6582895076176543,0.594411179366643,-78.06978133877267,
COCOCO,Consumer Defensive,5.650000095367432,0.24,-0.3,-40074517.0,fcfe,,,1470000000.0,,,796866056.0,3293224000.0,-168000.0,eps_dcf,0.08,0.08,15.0,0.8501593920165831,1.1163033693415636,0.8033230039751456,0.7245245788159147,-84.95293136873309,
COLOUR,Basic Materials,1.0099999904632568,0.0499,-4.440892098500626e-16,16792083.0,fcfe,,,588965082.0,,,119062940.0,369714000.0,-5479000.0,eps_dcf,0.08,0.08,15.0,0.7173643607847009,0.9663093009056812,0.7086527538299591,0.494554241527946,-28.97382499422923,
COM7,Consumer Cyclical,28.75,1.8699999999999999,-0.2723884950494262,-1206644000.0,fcfe,,,2357698765.0,,,7244792000.0,15012620000.0,149279000.0,eps_dcf,0.08,0.08,15.0,7.466121807221885,10.029846769442871,7.21850275224196,5.64525400994067,-74.03088067053257,
COMAN,Consumer Cyclical,0.5,-1.3900000000000001,-0.3,-17980177.0,fcfe,,,167407662.0,,,-133063412.0,-35492000.0,0.0,eps_dcf,0.08,0.08,15.0,,,,,,eps<=0_block|no_intrinsic
CPALL,Consumer Defensive,45.5,3.3099999999999996,-0.12419238458178095,50000189004.0,fcfe,,,8915503348.0,,,94203685604.0,406649862000.0,193683790000.0,eps_dcf,0.08,0.08,15.0,27.023267541683104,36.72163559384653,26.630065882936833,18.50450446575848,-40.60820320509208,
CPANEL,Basic Materials,1.4199999570846558,-0.168,0.3,-34011839.0,fcfe,,,163178573.0,,,4632429.0,579195000.0,,eps_dcf,0.08,0.08,15.0,,,,,,eps<=0_block|no_intrinsic
CPAXT,Consumer Defensive,14.699999809265137,0.83,0.3,5079574226.0,fcfe,,,10427661800.0,,,29568074728.0,171560917000.0,1204287000.0,eps_dcf,0.08,0.08,15.0,39.24045307229055,51.57509765625,38.94965802251522,27.778193637657097,166.94186109824315,
CPF,Consumer Defensive,23.799999237060547,3.0500000000000003,0.3,29532079000.0,fcfe,,,7689060785.0,,,51009489000.0,507296531000.0,20079084000.0,eps_dcf,0.08,0.08,15.0,144.19684562709182,189.52294921875,143.1282614080379,102.07649469259539,505.86911869540484,upside>300%
CPH,Consumer Cyclical,10.899999618530273,2.65,-0.3,247215872.54000002,fcfe,,,40000000.0,,,199301366.07,153083799.16,30240.0,eps_dcf,0.08,0.08,15.0,9.387176620183105,12.325849703146428,8.870024835558901,7.999958891092392,-13.87911056230985,
CPI,Consumer Defensive,3.5,0.795392,0.3,77229418.0,fcfe,,,632752650.0,,,525649371.0,626144000.0,,eps_dcf,0.08,0.08,15.0,37.60426801213896,49.424602500000006,37.325598064872814,26.619943366076335,974.4076574896847,upside>300%
CPL,Consumer Cyclical,0.6800000071525574,-0.23700000000000002,-0.3,71561569.78,fcfe,,,439844284.0,,,71171303.86,880534412.55,305134.17,eps_dcf,0.08,0.08,15.0,,,,,,eps<=0_block|no_intrinsic
CPN,Real Estate,64.25,4.34,-0.13974315114917324,39524863847.0,fcfe,,,4488000000.0,,,38159072957.0,116092015000.0,9491114000.0,eps_dcf,0.08,0.08,15.0,32.90533052561507,44.7541837575047,32.41638315075444,22.52331941830734,-48.78547778114386,
CPNREIT,Real Estate,13.0,0.765363,0.019752490193011285,,fcfe,,,3621074000.0,,,5005945084.0,47598351000.0,,eps_dcf,0.08,0.08,15.0,11.98946517964457,16.12474802840066,11.84822898468255,8.277890915774538,-7.773344771964844,
CPR,Consumer Cyclical,2.640000104904175,0.06,0.3,32087327.0,fcfe,,,199000000.0,,,30555336.0,-234180000.0,3717000.0,eps_dcf,0.08,0.08,15.0,2.836659258237872,3.7283203125000006,2.815637929338451,2.008062190674007,7.449210057544124,
CPT,Industrials,1.2400000095367432,0.08449999999999999,0.0,-180319455.51999998,fcfe,,,900000000.0,,,123695367.66,-123911508.55000001,0.0,eps_dcf,0.08,0.08,15.0,1.2147753203668807,1.6363353893092227,1.20002320037338,0.8374716114050405,-2.0342491109565572,
CPW,Technology,2.440000057220459,0.2,-0.3,302901182.0,fcfe,,,600000000.0,,,576246777.0,1201902000.0,,eps_dcf,0.08,0.08,15.0,0.7084661600138192,0.9302528077846364,0.6694358366459547,0.6037704823465957,-70.96450231968959,
CRANE,Industrials,0.3100000023841858,-0.177,-0.3,76261400.62,fcfe,,,758188031.0,,,35148675.72,695626000.0,,eps_dcf,0.08,0.08,15.0,,,,,,eps<=0_block|no_intrinsic
CRC,Consumer Cyclical,29.0,1.21,-0.1961581725120547,23181450379.0,fcfe,,,6031000000.0,,,32088994886.0,102230533794.0,4184497046.0,eps_dcf,0.08,0.08,15.0,6.9747488333192935,9.510631288627472,6.863383081687601,4.772963632906192,-75.94914195407141,
CRD,Industrials,0.46000000834465027,0.074,-4.440892098500626e-16,136639224.0,fcfe,,,500000000.0,,,124471285.0,19725524.0,13954385.0,eps_dcf,0.08,0.08,15.0,1.0638269077769111,1.4330037728861806,1.0509078914512422,0.7334070916446495,131.26671488663317,
CREDIT,Financial Services,22.5,3.31,-0.1536278450802665,7952915000.0,fcfe,,,1234839222.0,,,,4019527000.0,,eps_dcf,0.08,0.08,15.0,23.47808925798654,31.95560514300341,23.12276267961451,16.066553108085742,4.3470633688290645,
CSC,Consumer Cyclical,47.25,5.979205,-0.24868450959046196,404353585.0,fcfe,,,52000775.0,,,598421949.0,-466293000.0,,eps_dcf,0.08,0.08,15.0,26.502295790086777,36.182092074840114,26.053234000669086,18.169684873586505,-43.91048510034545,
CSP,Basic Materials,0.8999999761581421,0.087,-0.3,44929339.859999985,fcfe,,,496168826.0,,,124005663.08,1164795508.9099998,,eps_dcf,0.08,0.08,15.0,0.30818277960601126,0.4046599713863168,0.2912045889409902,0.26264015982076905,-65.7574680255481,
CSR,Consumer Cyclical,71.25,3.16,0.01460718370472569,54486510.900000006,fcfe,,,20500000.0,,,86206662.14,-20735180.61,,eps_dcf,0.08,0.08,15.0,48.41186638862557,65.13645860444801,47.837015563631695,33.41182664778474,-32.053520858069376,
CSS,Technology,0.9800000190734863,0.09,-0.3,619862603.0,fcfe,,,1175739089.0,,,142310972.0,-1023107000.0,38240000.0,eps_dcf,0.08,0.08,15.0,0.31880977200621863,0.4186137635030863,0.3012461264906796,0.2716967170559681,-67.46839124476463,
CTW,Industrials,6.849999904632568,0.7999999999999999,-0.3,-496079717.0,fcfe,,,397906284.0,,,462238466.0,940857000.0,-4152000.0,eps_dcf,0.08,0.08,15.0,2.833864640055277,3.7210112311385446,2.677743346583819,2.4150819293863828,-58.62971270789698,
CWT,Industrials,0.9399999976158142,-0.010000000000000009,0.3,-432834490.0,fcfe,,,630316465.0,,,59218816.0,1350020000.0,86978000.0,eps_dcf,0.08,0.08,15.0,,,,,,eps<=0_block|no_intrinsic
D,Healthcare,3.0199999809265137,0.232032,-0.06720233895721839,102656257.0,fcfe,,,342195576.0,,,172031661.0,247943586.0,15717.0,eps_dcf,0.08,0.08,15.0,2.4696538049137264,3.343545745637287,2.4364954816922357,1.695236833854639,-18.223383426775555,
DCC,Industrials,1.3600000143051147,0.09884899999999999,0.1773756992669746,218736060.0,fcfe,,,9075611266.0,,,1673906148.0,2261515000.0,45823000.0,eps_dcf,0.08,0.08,15.0,2.9552076079011487,3.9229600088951333,2.9282050132699395,2.0684629908007888,117.29467476594823,
DCON,Basic Materials,0.15000000596046448,-0.0719,0.3,-51944250.79000001,fcfe,,,5386340396.0,,,-330604765.15999997,923375983.82,42170843.74,eps_dcf,0.08,0.08,15.0,,,,,,eps<=0_block|no_intrinsic
DDD,Consumer Defensive,4.960000038146973,-0.13,0.3,157676226.0,fcfe,,,316372600.0,,,-8008107.0,-1739407000.0,23077000.0,eps_dcf,0.08,0.08,15.0,,,,,,eps<=0_block|no_intrinsic
DELTA,Industrials,264.0,2.03,-0.3,14230866550.0,fcfe,,,12473816140.0,,,41092251888.0,-13915349000.0,0.0,eps_dcf,0.08185,0.08,15.0,7.158410058010906,9.442065999014059,6.752677152195094,6.091952834455193,-97.28848103863223,
DEMCO,Industrials,3.619999885559082,0.09,-0.3,161761000.0,fcfe,,,753762284.0,,,126393000.0,1025016000.0,0.0,eps_dcf,0.08,0.08,15.0,0.31880977200621863,0.4186137635030863,0.3012461264906796,0.2716967170559681,-91.19309994240564,
DEXON,Energy,1.090000033378601,-0.172,-0.3,21891398.0,fcfe,,,476500000.0,,,82342862.0,-38123327.0,400.0,eps_dcf,0.08,0.08,15.0,,,,,,eps<=0_block|no_intrinsic
DHOUSE,Real Estate,0.2800000011920929,-0.0389,0.0,5367285.0,fcfe,,,906666660.0,,,-3888673.0,374241000.0,,eps_dcf,0.08,0.08,15.0,,,,,,eps<=0_block|no_intrinsic
DIMET,Basic Materials,0.05999999865889549,-0.0084,0.0,,fcfe,,,2691002469.0,,,-6769128.350000001,58409605.17,,eps_dcf,0.08,0.08,15.0,,,,,,eps<=0_block|no_intrinsic
DITTO,Technology,13.100000381469727,1.0003,-0.1711098810643331,470966368.0,fcfe,,,693913599.0,,,816389434.0,-174392000.0,9547.0,eps_dcf,0.08,0.08,15.0,6.519174168727935,8.880516785515836,6.418262840838859,4.460565535607262,-50.23531313823878,
DMT,Industrials,12.0,0.8799999999999999,0.036525940848816996,1685329411.0,fcfe,,,1181232800.0,,,2096085425.0,-371702000.0,13052000.0,eps_dcf,0.08,0.08,15.0,14.815046478456647,19.89788420377082,14.645023823145195,10.24227671907683,23.458720653805397,
DOD,Consumer Defensive,0.8199999928474426,-0.004,0.3,-95218235.0,fcfe,,,450414285.0,,,43150549.0,8182000.0,-3512000.0,eps_dcf,0.085375,0.08,15.0,,,,,,eps<=0_block|no_intrinsic
DOHOME,Consumer Cyclical,3.5,0.22884600000000002,-0.3,526038588.0,fcfe,,,3518606692.0,,,2373507895.0,16588376000.0,5000.0,eps_dcf,0.08,0.08,15.0,0.8106482342726125,1.0644231702514144,0.7659885673654008,0.6908522990154451,-76.83862187792536,
DPAINT,Basic Materials,0.1899999976158142,-0.14344099999999999,0.3,49573292.64,fcfe,,,260163934.0,,,-18600156.709999997,142212885.5,2147.68,eps_dcf,0.08,0.08,15.0,,,,,,eps<=0_block|no_intrinsic
DREIT,Real Estate,4.800000190734863,0.49920099999999995,-0.3,,fcfe,,,711500000.0,,,523564820.0,1706798000.0,,eps_dcf,0.08,0.08,15.0,1.7683350777252924,2.3219156594944907,1.6709151954474857,1.5070141427895143,-63.15968734462557,
DRT,Industrials,5.400000095367432,0.52,-0.3,663269516.0,fcfe,,,812033136.0,,,769531970.0,640154000.0,,eps_dcf,0.08,0.08,15.0,1.84201201603593,2.418657300240054,1.7405331752794821,1.5698032541011486,-65.88866697213282,
DTCENT,Technology,0.9399999976158142,0.08,0.0,55912000.0,fcfe,,,1315774366.0,,,225019000.0,-596991000.0,-7812000.0,eps_dcf,0.08,0.08,15.0,1.150083143542609,1.5491932679850633,1.1361166394067503,0.7928725315077307,22.349270899962022,
DTCI,Industrials,15.5,-0.77,0.20547116433975088,4634058.579999999,fcfe,,,10000000.0,,,3999895.89,-172413922.45,1115656.83,eps_dcf,0.08,0.08,15.0,,,,,,eps<=0_block|no_intrinsic
DUSIT,Consumer Cyclical,10.800000190734863,-0.53,-0.3,-1250357000.0,fcfe,,,845285000.0,,,2449962000.0,16320288000.0,1682598000.0,eps_dcf,0.08,0.08,15.0,,,,,,eps<=0_block|no_intrinsic
EA,Utilities,2.9600000381469727,-0.04,0.0,6916874021.0,fcfe,,,7426800806.0,,,160340059.0,46894834000.0,816258000.0,eps_dcf,0.08005,0.08,15.0,,,,,,eps<=0_block|no_intrinsic
EASON,Basic Materials,1.25,0.1741,-0.3,130276605.86,fcfe,,,537470345.0,,,164662368.51999998,-137784230.14000002,58667659.96,eps_dcf,0.08,0.08,15.0,0.6167197922920294,0.8097850691765257,0.5827438958003035,0.5255822048827115,-50.66241661663764,
EAST,Financial Services,0.800000011920929,0.0942,-0.3,-557297904.51,fcfe,,,1664460561.0,,,142422703.91,2806349066.2599998,,eps_dcf,0.08,0.08,15.0,0.33368756136650884,0.43814907246656365,0.31530427906024466,0.2843758971852466,-58.2890554507279,
EASTW,Utilities,5.050000190734863,0.069,-0.3,395636536.0,fcfe,,,1663725149.0,,,1775514477.0,14551947000.0,126682000.0,eps_dcf,0.08,0.08,15.0,0.24442082520476763,0.3209372186856995,0.23095536364285435,0.20830081640957548,-95.15998384211545,
ECF,Consumer Cyclical,0.10000000149011612,-1.0499999999999998,0.0,,fcfe,,,1500846384.0,,,-501205597.0,2158772000.0,-6255000.0,eps_dcf,0.08,0.08,15.0,,,,,,eps<=0_block|no_intrinsic
EFORL,Healthcare,0.10999999940395355,0.0116,0.0,12594000.0,fcfe,,,3998477368.0,,,117781000.0,252993000.0,0.0,eps_dcf,0.08,0.08,15.0,0.16676205581367828,0.22463302385783412,0.16473691271397878,0.11496651706862092,51.60186974299622,
EGCO,Utilities,130.0,5.77,0.3,1756088000.0,fcfe,,,526465000.0,,,8417041000.0,69568630000.0,247775000.0,eps_dcf,0.08,0.08,15.0,272.79206533387526,358.54013671875,270.77051420471423,193.10864733648373,109.84005025682713,
EKH,Healthcare,5.199999809265137,0.29400000000000004,-0.1525647676480304,-197572078.0,fcfe,,,800000000.0,,,453300121.0,-443463000.0,265610000.0,eps_dcf,0.08,0.08,15.0,2.0960725635070343,2.852773185662635,2.0643938781772277,1.4344079973408552,-59.69091076172076,
EMC,Industrials,0.019999999552965164,-0.0177,-0.3,20739719.0,fcfe,,,12570633180.0,,,-190605734.0,320418000.0,-133959000.0,eps_dcf,0.08,0.08,15.0,,,,,,eps<=0_block|no_intrinsic
EMPIRE,Industrials,0.25,-0.095902,0.3,-68188622.0,fcfe,,,630500000.0,,,-174074581.0,17934397.0,,eps_dcf,0.08,0.08,15.0,,,,,,eps<=0_block|no_intrinsic
EP,Industrials,1.1299999952316284,-0.6699999999999999,-0.3,-80931529.45999998,fcfe,,,932507097.0,,,-273022979.70000005,5352843992.03,245123659.15,eps_dcf,0.08,0.08,15.0,,,,,,eps<=0_block|no_intrinsic
EPG,Basic Materials,6.0,0.485,-0.3,1104255018.0,fcfe,,,2800000000.0,,,2872864360.0,2387968578.0,73136748.0,eps_dcf,0.08185,0.08,15.0,1.7102605311011279,2.255863058877743,1.6133243442436558,1.4554665638969304,-71.4956578149812,
ERW,Consumer Cyclical,3.819999933242798,0.11599999999999999,0.3,694493010.0,fcfe,,,4886929429.0,,,2675551869.0,13494400000.0,844932000.0,eps_dcf,0.08,0.08,15.0,5.484207899259885,7.208085937499998,5.443566663387671,3.882253568636414,43.56565432199736,
ESTAR,Real Estate,0.25,0.005,-0.3,507836417.0,fcfe,,,5022246185.0,,,268298984.0,1626703000.0,119675000.0,eps_dcf,0.08,0.08,15.0,0.01771165400034548,0.023256320194615907,0.016735895916148866,0.01509426205866489,-92.91533839986181,
ETC,Utilities,0.7699999809265137,0.227,-0.29393325617283994,87137096.0,fcfe,,,2240000000.0,,,744483565.0,-327390000.0,47698000.0,eps_dcf,0.08,0.08,15.0,0.8254312005503757,1.0896044597308263,0.7840906818525553,0.685279497463386,7.19885986973189,
ETE,Industrials,0.6000000238418579,0.034990999999999994,-0.3,120918439.0,fcfe,,,560000000.0,,,130727541.0,837883383.0,1376453.0,eps_dcf,0.08,0.08,15.0,0.12394969702521771,0.16275237998596098,0.11712114680039298,0.10563266473894863,-79.34171798335008,
ETL,Industrials,0.4000000059604645,0.016999999999999998,0.3,38521596.0,fcfe,,,620000000.0,,,12548442.0,-47471000.0,-31178000.0,eps_dcf,0.08,0.08,15.0,0.8037201231673969,1.0563574218749996,0.7977640799792276,0.5689509540243021,100.9300277977585,
EURO,Consumer Cyclical,7.25,0.54,-0.24946997304016028,98574706.0,fcfe,,,303180000.0,,,313603025.0,273351580.0,0.0,eps_dcf,0.08,0.08,15.0,2.383994727605323,3.254759040910546,2.343566504690262,1.6345150830452826,-67.11731410199555,
EVER,Real Estate,0.07000000029802322,-0.040248000000000006,8.881784197001252e-16,397382737.0,fcfe,,,4854786552.0,,,147312554.0,2609187000.0,92224000.0,eps_dcf,0.08,0.08,15.0,,,,,,eps<=0_block|no_intrinsic
FANCY,Consumer Cyclical,0.20000000298023224,-0.11639999999999999,0.3,,fcfe,,,615000000.0,,,21808858.07,-258508958.85,,eps_dcf,0.08,0.08,15.0,,,,,,eps<=0_block|no_intrinsic
FE,Communication Services,190.0,10.870000000000001,-0.3,49905453.88999999,fcfe,,,7870000.0,,,137445194.37,-52401000.0,27793000.0,eps_dcf,0.08,0.08,15.0,38.50513579675107,50.55924010309498,36.383837721707636,32.81492571553748,-79.73413905434154,
FLOYD,Industrials,1.1299999952316284,0.20900000000000002,0.1945948022676045,106898248.0,fcfe,,,444442864.0,,,82655862.0,-188098000.0,,eps_dcf,0.08,0.08,15.0,6.678553449205735,8.85297594476663,6.619262314513188,4.6820043577224775,491.0224316272461,upside>300%
FM,Consumer Defensive,4.21999979019165,0.7429999999999999,0.08786127617768424,283566190.0,fcfe,,,987827850.0,,,993546297.0,-432798000.0,55807000.0,eps_dcf,0.08,0.08,15.0,15.51764937950469,20.753543312562567,15.353483780549704,10.77425224331177,267.71682822287437,
FMT,Industrials,18.899999618530273,-0.009999999999999953,-0.3,165368021.0,fcfe,,,48000000.0,,,89073936.0,961287000.0,,eps_dcf,0.08,0.08,15.0,,,,,,eps<=0_block|no_intrinsic
FN,Consumer Cyclical,0.4399999976158142,-0.067,0.2744293212890625,-47256715.0,fcfe,,,1000000000.0,,,32967524.0,37829000.0,-10000.0,eps_dcf,0.08,0.08,15.0,,,,,,eps<=0_block|no_intrinsic
FNS,Financial Services,0.47999998927116394,-1.27,0.25601966590919445,44449000.0,fcfe,,,500651065.0,,,-545956000.0,1153832000.0,0.0,eps_dcf,0.08,0.08,15.0,,,,,,eps<=0_block|no_intrinsic
FORTH,Industrials,14.800000190734863,1.0,-0.3,759186698.0,fcfe,,,935374700.0,,,2527949153.0,4649784000.0,1514759000.0,eps_dcf,0.0874,0.08,15.0,3.4791189773516855,4.651264038923181,3.2653621264701402,2.948244468424825,-76.4924396451718,
FPI,Consumer Cyclical,1.690000057220459,0.22000000000000003,-0.26497014720354695,-181408000.0,fcfe,,,1513029934.0,,,699026000.0,1099418000.0,2415000.0,eps_dcf,0.08,0.08,15.0,0.9072494116445637,1.2255964974188664,0.882167676740899,0.6641475305812552,-46.31660467889476,
FPT,Real Estate,7.199999809265137,1.17,-0.3,,fcfe,,,2319277000.0,,,4921384000.0,52024454000.0,-277274000.0,eps_dcf,0.08,0.08,15.0,4.1445270360808415,5.441978925540122,3.9161996443788345,3.532057321727584,-42.437122973981715,
FSMART,Communication Services,6.849999904632568,0.76,0.1540042036845357,362886686.0,fcfe,,,753141300.0,,,876627147.0,469917000.0,2544000.0,eps_dcf,0.08,0.08,15.0,20.732217362345356,27.57501372174584,20.53528940024565,14.480204889243986,202.66011169320484,
FSX,Financial Services,1.0700000524520874,-0.35,0.047329184266647895,277079501.0,fcfe,,,1139256532.0,,,-311026170.0,-478258000.0,8138000.0,eps_dcf,0.08,0.08,15.0,,,,,,eps<=0_block|no_intrinsic
FTE,Industrials,2.7200000286102295,0.24,-0.3,126149291.41,fcfe,,,659999924.0,,,210614026.8,10793000.0,,eps_dcf,0.08,0.08,15.0,0.8501593920165831,1.1163033693415636,0.8033230039751456,0.7245245788159147,-68.74414032815405,
FTI,Industrials,2.0199999809265137,0.1679,-0.3,107247523.66999999,fcfe,,,450000000.0,,,111337889.11,-71842135.0,4932893.0,eps_dcf,0.08,0.08,15.0,0.5947573413316012,0.7809472321352022,0.5619913848642788,0.506865319929967,-70.5565669827975,
FTREIT,Real Estate,12.300000190734863,0.881176,0.2256038593344074,,fcfe,,,3283387048.0,,,3668448169.0,14475814000.0,,eps_dcf,0.1,0.08460000000000001,15.0,29.443809264903507,40.11938339661601,28.86108504552339,20.516407791331357,139.38055941724653,
FUTURERT,Real Estate,9.25,0.8171689999999998,0.3,,fcfe,,,1059132200.0,,,,6738699000.0,,eps_dcf,0.1,0.08460000000000001,15.0,35.86871150082596,48.60770188861037,35.192939097503256,25.15703832300966,287.76985406298337,
FVC,Industrials,0.3199999928474426,-0.027899999999999998,0.3,-148633709.0,fcfe,,,2190873802.0,,,146906970.0,483699000.0,246093000.0,eps_dcf,0.08,0.08,15.0,,,,,,eps<=0_block|no_intrinsic
GABLE,Technology,3.940000057220459,0.48,-0.3,264151981.0,fcfe,,,700021420.0,,,563364732.0,-765943000.0,35276000.0,eps_dcf,0.08,0.08,15.0,1.7003187840331662,2.232606738683127,1.606646007950291,1.4490491576318294,-56.84470153960643,
GAHREIT,Real Estate,3.6600000858306885,-0.448057,0.3,,fcfe,,,175500000.0,,,-1562597.0500000007,-21080000.0,,eps_dcf,0.08,0.08,15.0,,,,,,eps<=0_block|no_intrinsic
GBX,Financial Services,0.699999988079071,0.11920000000000001,-0.3,193695763.0,fcfe,,,1089076392.0,,,182143670.0,399591000.0,-1912000.0,eps_dcf,0.08,0.08,15.0,0.4222458313682363,0.5544306734396433,0.398983758640989,0.359847207478571,-39.67916592013713,
GC,Basic Materials,5.25,0.76,-0.3,-263935931.0,fcfe,,,439999864.0,,,438167462.0,1287038000.0,,eps_dcf,0.08,0.08,15.0,2.6921714080525128,3.534960669581618,2.543856179254627,2.2943278329170633,-48.72054460852356,
GCAP,Financial Services,0.25,-0.039,0.3,19590266.0,fcfe,,,541897340.0,,,-73110322.0,411624212.0,,eps_dcf,0.08,0.08,15.0,,,,,,eps<=0_block|no_intrinsic
GEL,Basic Materials,0.03999999910593033,-0.05398,-0.2939332561728393,318690312.0,fcfe,,,8612049053.0,,,-49828182.0,4011535000.0,495424000.0,eps_dcf,0.08,0.08,15.0,,,,,,eps<=0_block|no_intrinsic
GENCO,Industrials,0.3400000035762787,0.0184,-0.3,71486370.0,fcfe,,,1108708925.0,,,95885358.0,-122392000.0,0.0,eps_dcf,0.08,0.08,15.0,0.06517888672127137,0.08558325831618653,0.06158809697142782,0.05554688437588679,-80.82973940126782,
GFC,Healthcare,2.180000066757202,0.06,0.3,52082312.39,fcfe,,,220000000.0,,,63775985.78,-73380245.44,20938465.3,eps_dcf,0.1,0.09340000000000001,15.0,2.6336323209147174,3.5689828093290665,2.5840142563535773,1.8471360261837877,20.80881836083167,
GFPT,Consumer Defensive,10.600000381469727,1.97,0.1354111059737677,1113389312.21,fcfe,,,1253821000.0,,,4350434055.440001,-567660000.0,162847000.0,eps_dcf,0.08,0.08,15.0,49.91207922365122,66.48891591565649,49.42325305057774,34.80172105086637,370.8686549757533,upside>300%
GGC,Basic Materials,6.800000190734863,-0.10999999999999996,0.3,1770528456.0,fcfe,,,1023666700.0,,,620130019.0,-1619375000.0,,eps_dcf,0.08,0.08,15.0,,,,,,eps<=0_block|no_intrinsic
GJS,Basic Materials,0.10999999940395355,-0.029,-0.3,-892215765.0,fcfe,,,25487134896.0,,,16566755.0,-372669000.0,,eps_dcf,0.08,0.08,15.0,,,,,,eps<=0_block|no_intrinsic
GLAND,Real Estate,0.6200000047683716,0.07,0.0,,fcfe,,,6499829661.0,,,781942400.0,4628903000.0,1132692000.0,eps_dcf,0.08,0.08,15.0,1.0063227505997827,1.3555441094869303,0.9941020594809065,0.6937634650692643,62.31011981616663,
GLOBAL,Consumer Cyclical,6.449999809265137,0.444564,-0.3,4907963943.0,fcfe,,,5601996698.0,,,4315452544.0,7606364000.0,252174000.0,eps_dcf,0.08,0.08,15.0,1.5747927498019176,2.0677845461998454,1.488035366413361,1.3420731035696596,-75.58460780820802,
GLORY,Industrials,0.8399999737739563,-0.043000000000000003,-0.3,-21067255.0,fcfe,,,270483100.0,,,5766265.0,-27843000.0,15147000.0,eps_dcf,0.116125,0.10109375,15.0,,,,,,eps<=0_block|no_intrinsic
GPI,Communication Services,1.7699999809265137,0.36,0.3,91366772.43000004,fcfe,,,600000000.0,,,154953019.78000003,-176162201.17,589.12,eps_dcf,0.08,0.08,15.0,17.019955549427223,22.369921874999996,16.893827576030695,12.048373144044044,861.5794199341211,upside>300%
GPSC,Utilities,49.75,2.38,-0.3,15586232934.0,fcfe,,,2819729367.0,,,21163439389.0,96020519985.0,12009031551.0,eps_dcf,0.089725,0.08,15.0,8.234156950264053,11.07000841263717,7.711840971950631,6.965253422831205,-83.44893075323809,
GRAMMY,Communication Services,4.440000057220459,0.14300000000000002,-0.3,-65203687.0,fcfe,,,819949729.0,,,667250078.0,396055000.0,315818000.0,eps_dcf,0.08,0.08,15.0,0.5065533044098809,0.665130757566015,0.4786466232018577,0.431695894877816,-88.5911419396018,
GRAND,Consumer Cyclical,0.019999999552965164,-0.103,0.3,-18184791.0,fcfe,,,9341120023.0,,,-515453626.0,8571439000.0,70790000.0,eps_dcf,0.08,0.08,15.0,,,,,,eps<=0_block|no_intrinsic
GREEN,Utilities,0.7900000214576721,0.03,0.0,45283000.0,fcfe,,,818024729.0,,,63665000.0,110491000.0,,eps_dcf,0.08,0.08,15.0,0.4312811788284783,0.5809474754943986,0.4260437397775313,0.29732719931539897,-45.40744720073578,
GROREIT,Real Estate,8.5,0.9031199999999999,-0.20438004877305294,,fcfe,,,315000000.0,,,349355708.65999997,1348089000.0,,eps_dcf,0.08,0.08,15.0,4.998375543464075,6.817559566363808,4.917777725787752,3.420984973593313,-41.19558184159912,
GSTEEL,Unknown,0.09,-0.05,-0.2939332561728393,-2458901435.0,fcfe,,,,,,-581909113.0,11056279000.0,1000.0,eps_dcf,0.1,0.09120000000000002,15.0,,,,,,eps<=0_block|no_intrinsic
GTB,Industrials,0.7699999809265137,0.0824,-0.18549375000000057,82112955.02,fcfe,,,960000000.0,,,130936981.74000001,-33449242.019999996,1000.53,eps_dcf,0.08,0.08,15.0,0.5005654813435023,0.6822901776972223,0.4926763540047887,0.3425081670059233,-34.9914943191051,
GTV,Utilities,0.029999999329447746,0.0092,-0.3,,fcfe,,,13130956245.0,,,130939786.0,253281000.0,25104000.0,eps_dcf,0.08,0.08,15.0,0.032589443360635684,0.042791629158093265,0.03079404848571391,0.027773442187943396,8.63148029688841,
GULF,Utilities,61.75,6.21,0.3,-17575529000.0,fcfe,,,14939837683.0,,,64712213000.0,368914653000.0,32006494000.0,eps_dcf,0.1,0.08460000000000001,15.0,272.5809452146732,369.38972076555825,267.44547553259525,191.178578710022,341.42663192659626,upside>300%
GUNKUL,Utilities,5.099999904632568,0.23,-0.3,1689587881.0,fcfe,,,8882530974.0,,,3935359601.0,12406838000.0,1014000.0,eps_dcf,0.09025,0.08,15.0,0.7945449744694842,1.0688261221588315,0.7439678751131664,0.67199512484909,-84.42068648378283,
GVREIT,Real Estate,7.650000095367432,0.888946,0.1873217956781168,,fcfe,,,814800000.0,,,196634130.0,2636256000.0,,eps_dcf,0.08,0.08,15.0,27.620791327372338,36.63566658362892,27.37257071991012,19.35057789350241,261.05609128160023,
GYT,Consumer Cyclical,185.5,31.363514000000002,0.3,-304745000.0,fcfe,,,7400000.0,,,773445000.0,2597450000.0,,eps_dcf,0.08,0.08,15.0,1482.7933726495519,1948.887105292969,1471.804993595625,1049.664777167915,699.3495270347988,upside>300%
HANA,Technology,50.0,0.55,0.3,1738411013.0,fcfe,,,885366660.0,,,2062390584.0,-3855235000.0,,eps_dcf,0.0826,0.08,15.0,25.789101048254107,34.17626953125,25.52090676865187,18.20651540406492,-48.421797903491786,
HANN,Healthcare,0.8100000023841858,0.015841,0.3,19608654.0,fcfe,,,560000000.0,,,50329086.0,-58553036.0,336.0,eps_dcf,0.1,0.09340000000000001,15.0,0.6953228265935005,0.9422709447096956,0.6822228305816168,0.4876746965129563,-14.157675981869131,
HARN,Industrials,1.9900000095367432,0.17,-0.18549375000000057,189260000.0,fcfe,,,584500000.0,,,148335000.0,-325003000.0,-2644000.0,eps_dcf,0.08,0.08,15.0,1.032720046461109,1.407637502530677,1.0164439342331806,0.7066309270753272,-48.10452052703666,
HENG,Financial Services,0.8799999952316284,0.032,-0.3,3755307992.0,fcfe,,,3810000000.0,,,284919740.0,2634203000.0,,eps_dcf,0.08,0.08,15.0,0.1133545856022111,0.14884044924554185,0.10710973386335276,0.09660327717545532,-87.11879702085969,
HFT,Consumer Cyclical,4.119999885559082,0.23528100000000002,0.1773756992669746,394767606.0,fcfe,,,658434300.0,,,346872855.0,-1046522352.0,0.0,eps_dcf,0.08,0.08,15.0,7.034003390976036,9.337453629807644,6.969731648546417,4.923368379433282,70.72824238735446,
HL,Healthcare,4.480000019073486,0.181,0.3,94080622.0,fcfe,,,249742500.0,,,189768293.0,253031359.0,,eps_dcf,0.08,0.08,15.0,8.557255429017578,11.247099609374999,8.493841086837657,6.057654275199923,91.01016501306431,
HMPRO,Consumer Cyclical,6.150000095367432,0.47,0.106105931432813,4125725533.0,fcfe,,,12890000000.0,,,11790768924.0,22253054000.0,1000.0,eps_dcf,0.08,0.08,15.0,10.578949440512728,14.12695961185692,10.470275692316193,7.356960513758139,72.01543538969148,
HPT,Consumer Cyclical,0.14000000059604645,0.01,0.0,-53232749.0,fcfe,,,662079341.0,,,36491072.0,84204857.0,980200.0,eps_dcf,0.08,0.08,15.0,0.14376039294282614,0.1936491584981329,0.1420145799258438,0.09910906643846634,2.68599452197851,
HTC,Consumer Defensive,15.699999809265137,1.428,0.3,549674749.0,fcfe,,,401921000.0,,,1197631502.0,1241668000.0,23000.0,eps_dcf,0.08,0.08,15.0,67.51249034606134,88.7340234375,67.0121827182551,47.791880138041364,330.01586730096506,upside>300%
HTECH,Industrials,4.659999847412109,0.43604400000000004,-0.3,86945257.0,fcfe,,,321784340.0,,,232363665.0,-93440683.0,29685764.0,eps_dcf,0.08,0.08,15.0,1.544612091385329,2.0281557765882194,1.4595173997722433,1.316352481021695,-66.85381669608603,
HUMAN,Technology,4.320000171661377,0.36,0.14014938271604893,393044000.0,fcfe,,,836193576.0,,,563124000.0,-301058000.0,5004000.0,eps_dcf,0.08,0.08,15.0,9.29518686139899,12.377414731933788,9.204857189273557,6.483948007240495,115.16635398244131,
HYDRO,Industrials,0.03999999910593033,-0.0076380000000000016,0.3,,fcfe,,,301983601.0,,,42207878.519999996,231503000.0,,eps_dcf,0.08,0.08,15.0,,,,,,eps<=0_block|no_intrinsic
HYDROGEN,Real Estate,8.199999809265137,0.704616,-0.06720233895721794,,fcfe,,,207720000.0,,,189793229.0,829372000.0,,eps_dcf,0.08,0.08,15.0,7.499644813659728,10.153409137998068,7.398952301096659,5.147958027010598,-8.540914779218426,
I2,Technology,0.7900000214576721,0.0112,0.3,-127492876.0,fcfe,,,420000000.0,,,73933630.0,726447000.0,6984000.0,eps_dcf,0.10742499999999999,0.09971125,15.0,0.4763754627571422,0.6451411881196767,0.4674367452047411,0.3344258900518109,-39.699310149617986,
ICC,Consumer Cyclical,23.700000762939453,0.9,0.3,,fcfe,,,500000000.0,,,679889429.0,-415642000.0,253805000.0,eps_dcf,0.08,0.08,15.0,42.54988887356809,55.9248046875,42.23456894007676,30.12093286011011,79.53539031148422,
ICHI,Consumer Defensive,13.699999809265137,1.050443,-0.016031739606743978,1533833907.0,fcfe,,,1300000000.0,,,1937067085.0,-157891000.0,,eps_dcf,0.08,0.08,15.0,14.072933637007662,18.980387043031566,13.897810516021035,9.690849593943632,2.7221447659460147,
ICN,Communication Services,2.180000066757202,0.27,-0.3,-430695930.0,fcfe,,,672100443.0,,,371485168.0,757663000.0,22434000.0,eps_dcf,0.08,0.08,15.0,0.9564293160186561,1.2558412905092593,0.9037383794720388,0.8150901511679041,-56.12709693897553,
IDG,Technology,1.5499999523162842,0.04,0.0,2798584.0,fcfe,,,100000000.0,,,13528828.0,-7571308.0,,eps_dcf,0.1,0.09340000000000001,15.0,0.5365727706823189,0.743086685267622,0.5241842646118309,0.3672243743084803,-65.38240082649828,
IFS,Financial Services,1.840000033378601,0.262029,-0.3,-74335641.0,fcfe,,,493499975.0,,,243319609.0,1733388786.0,,eps_dcf,0.08,0.08,15.0,0.9281933972113052,1.218766064855002,0.8770580142025145,0.7910268785939807,-49.55470758840368,
IHL,Consumer Cyclical,1.3700000047683716,0.18,0.3,-100582915.0,fcfe,,,592805637.0,,,358288473.0,1987936000.0,,eps_dcf,0.08,0.08,15.0,8.509977774713612,11.184960937499998,8.446913788015348,6.024186572022022,521.1662587659924,upside>300%
IIG,Technology,1.4299999475479126,-0.98,-0.3,-21735112.0,fcfe,,,123376607.0,,,-236989168.0,328924911.0,1845379.0,eps_dcf,0.08,0.08,15.0,,,,,,eps<=0_block|no_intrinsic
III,Industrials,5.0,0.5307,-0.2667238710938219,182278713.0,fcfe,,,768519820.0,,,559875694.0,501497335.0,,eps_dcf,0.08,0.08,15.0,2.171844130683189,2.930123033922083,2.108997548195723,1.6021049749066911,-56.56311738633622,
ILINK,Technology,4.860000133514404,0.54,0.24512128890646756,-166088626.0,fcfe,,,543632325.0,,,-231983905.0,-539694209.0,21281120.0,eps_dcf,0.08,0.08,15.0,20.889601510953764,27.57662730310124,20.719370545832298,14.71326861417068,329.8271797751556,upside>300%
ILM,Consumer Cyclical,13.899999618530273,1.5,0.0,1086004143.0,fcfe,,,505000000.0,,,2080081208.0,4096043000.0,14000.0,eps_dcf,0.08,0.08,15.0,21.564058941423916,29.047373774719933,21.302186988876567,14.866359965769945,55.13711894406518,
IMH,Healthcare,3.640000104904175,-0.1455,0.3,119065639.42000002,fcfe,,,237003058.0,,,65387734.3,1029003975.41,69224456.54,eps_dcf,0.08,0.08,15.0,,,,,,eps<=0_block|no_intrinsic
IMPACT,Real Estate,13.5,0.947641,-0.3,,fcfe,,,1482500000.0,,,1333083746.0,3838287000.0,,eps_dcf,0.08,0.08,15.0,3.3568579017082785,4.407728505109202,3.1719242283750457,2.8607883183070513,-75.13438591327201,
IND,Industrials,0.8600000143051147,0.2,0.3,-88317888.0,fcfe,,,350000000.0,,,54083190.0,4209000.0,,eps_dcf,0.08,0.08,15.0,9.455530860792905,12.427734374999998,9.3854597644615,6.693540635580025,999.4803143617423,upside>300%
INET,Technology,3.8399999141693115,0.47000000000000003,-0.3,,fcfe,,,596740267.0,,,2152768968.0,6745443784.0,6447757.0,eps_dcf,0.08,0.08,15.0,1.6648954760324755,2.1860940982938954,1.5731742161179938,1.4188606335145,-56.643346009224224,
INETREIT,Real Estate,13.100000381469727,1.078542,-0.07309444946117605,,fcfe,,,734476000.0,,,758570733.0,1228623000.0,,eps_dcf,0.08,0.08,15.0,11.173952350199993,15.134133189483702,11.022641035525908,7.667705454938539,-14.702656299111073,
INGRS,Consumer Cyclical,0.09000000357627869,-0.15,0.0,299767358.0,fcfe,,,1446942690.0,,,588120021.0,2254281000.0,960858000.0,eps_dcf,0.08,0.08,15.0,,,,,,eps<=0_block|no_intrinsic
INOX,Basic Materials,3.819999933242798,0.299,-0.3,-160186033.0,fcfe,,,779570910.0,,,534858631.0,-2293886618.0,,eps_dcf,0.08,0.08,15.0,1.0591569092206596,1.3907279476380312,1.000806575785702,0.9026368711081605,-72.273378855231,
INSET,Technology,4.400000095367432,0.16,-0.3,-427037040.24,fcfe,,,803930031.0,,,176103674.16000003,281284465.93000007,,eps_dcf,0.08,0.08,15.0,0.5667729280110554,0.744202246227709,0.5355486693167637,0.48301638587727647,-87.11879736985037,
INSURE,Financial Services,46.0,-1.6599999999999993,-0.3,,fcfe,,,12000000.0,,,,-250157000.0,,eps_dcf,0.08,0.08,15.0,,,,,,eps<=0_block|no_intrinsic
IP,Healthcare,4.860000133514404,0.2318,-0.20438004877305338,121048760.0,fcfe,,,605344475.0,,,336590457.0,121733000.0,249542000.0,eps_dcf,0.08,0.08,15.0,1.2829119618378182,1.7498342495826988,1.2622252600292305,0.8780497795187,-73.60263525527708,
IRC,Consumer Cyclical,13.399999618530273,1.4400000000000002,-0.3,312019447.0,fcfe,,,192207700.0,,,609720251.0,-1109912000.0,2000.0,eps_dcf,0.08,0.08,15.0,5.100956352099498,6.697820216049381,4.819938023850874,4.3471474728954895,-61.933160467813686,
IRCP,Technology,0.3100000023841858,-0.30000000000000004,-0.1799481955472586,-52113001.0,fcfe,,,623481405.0,,,-148761733.0,116576000.0,14204000.0,eps_dcf,0.08,0.08,15.0,,,,,,eps<=0_block|no_intrinsic
IROYAL,Industrials,4.539999961853027,0.49000000000000005,-0.3,63513914.25,fcfe,,,230000000.0,,,143730785.39,-55381884.58,,eps_dcf,0.1,0.08900000000000001,15.0,1.6385120006443876,2.1989265588744145,1.5350459171318398,1.3884956929520036,-63.90942699533373,
IRPC,Energy,2.9000000953674316,0.37000000000000005,-0.3,16456046976.0,fcfe,,,20410590846.0,,,21922547683.0,40025075000.0,85740000.0,eps_dcf,0.08,0.08,15.0,1.3106623960255654,1.720967694401577,1.2384562977950162,1.116975392341202,-54.804746450896104,
ISSARA,Unknown,5.550000190734863,0.53,0.29216024555669384,,fcfe,,,,,,62229274.0,67334274.0,,eps_dcf,0.1,0.09120000000000002,15.0,22.61822549534122,30.66867262521589,22.189907830532448,15.852731359892864,307.53558050502323,upside>300%
IT,Technology,6.650000095367432,0.79,-0.3,-83159046.0,fcfe,,,366398859.0,,,875393362.0,2089730000.0,,eps_dcf,0.08,0.08,15.0,2.7984413320545856,3.6744985907493133,2.6442715547515205,2.384893405269053,-57.91817606131984,
ITC,Consumer Defensive,16.600000381469727,1.03,-0.28843324908669576,2247741000.0,fcfe,,,3000000000.0,,,4064029000.0,-3621304000.0,162000.0,eps_dcf,0.08,0.08,15.0,3.8355118284888947,5.0867314040205365,3.66046991811299,3.109417984084967,-76.89450758826244,
ITD,Industrials,0.3400000035762787,0.017600000000000005,0.3,1451916000.0,fcfe,,,5279868944.0,,,202087000.0,34509109000.0,208231000.0,eps_dcf,0.08,0.08,15.0,0.832086715749776,1.0936406250000006,0.8259204592726123,0.5890315759310424,144.7313844110293,
ITEL,Communication Services,1.4800000190734863,0.01,0.3,-532712608.0,fcfe,,,2085148868.0,,,444647568.0,3122721843.0,154151871.0,eps_dcf,0.08,0.08,15.0,0.4727765430396453,0.62138671875,0.46927298822307506,0.3346770317790012,-68.0556393954904,
ITNS,Technology,2.5999999046325684,0.17,-0.09631210937500012,-73120000.0,fcfe,,,209000000.0,,,51306000.0,-19306000.0,,eps_dcf,0.08,0.08,15.0,1.5820337909135385,2.1460875134381023,1.5598884116620073,1.084416206143568,-39.15254427145407,
ITTHI,Consumer Cyclical,1.2300000190734863,0.074,0.3,-69493161.0,fcfe,,,270200000.0,,,32224462.0,-73065739.0,4743457.0,eps_dcf,0.08,0.08,15.0,3.4985464184933743,4.59826171875,3.4726201128507546,2.476610035164609,184.4346637594933,
IVF,Healthcare,0.7400000095367432,-0.0582,0.3,-19869065.0,fcfe,,,440000812.0,,,-12895633.0,-394663000.0,0.0,eps_dcf,0.1,0.09340000000000001,15.0,,,,,,eps<=0_block|no_intrinsic
IVL,Basic Materials,28.5,0.15999999999999998,0.3,42170160000.0,fcfe,,,5614552000.0,,,40078544000.0,227876113000.0,12556344000.0,eps_dcf,0.08,0.08,15.0,7.564424688634324,9.942187499999998,7.508367811569199,5.354832508464019,-73.45815898724798,
J,Real Estate,0.8199999928474426,-0.228308,0.08243216000000109,171703175.0,fcfe,,,1460731278.0,,,-517161661.0,2646464000.0,,eps_dcf,0.08,0.08,15.0,,,,,,eps<=0_block|no_intrinsic
JAK,Real Estate,1.190000057220459,0.16999999999999998,-0.3,52623036.0,fcfe,,,320000000.0,,,97974298.0,161161027.0,,eps_dcf,0.08,0.08,15.0,0.6021962360117463,0.7907148866169408,0.5690204611490615,0.5132049099946062,-49.39527671802593,
JAS,Communication Services,0.8899999856948853,0.016000000000000004,0.3,967665397.0,fcfe,,,8292074705.0,,,-1085800176.0,1409658000.0,998729000.0,eps_dcf,0.08,0.08,15.0,0.7564424688634325,0.9942187500000003,0.7508367811569201,0.535483250846402,-15.006462806533092,
JCK,Real Estate,0.11999999731779099,-0.136,-0.3,164461536.0,fcfe,,,3802747351.0,,,277984841.0,5012862000.0,0.0,eps_dcf,0.08,0.08,15.0,,,,,,eps<=0_block|no_intrinsic
JCT,Consumer Defensive,83.0,9.96,-0.0879243237585412,71463078.0,fcfe,,,13500000.0,,,165732813.0,-95842000.0,,eps_dcf,0.08,0.08,15.0,96.36975274488246,130.6566698001213,95.03670826659223,66.08196912451423,16.108135837207787,
JDF,Consumer Defensive,2.0399999618530273,0.162,-0.3,179633620.0,fcfe,,,600000000.0,,,187369850.0,-100447000.0,,eps_dcf,0.08,0.08,15.0,0.5738575896111935,0.7535047743055554,0.5422430276832233,0.48905409070074246,-71.86972547342934,
JMART,Consumer Cyclical,10.0,0.388,-0.3,2184196525.0,fcfe,,,1463972340.0,,,2360439551.0,21075381000.0,14638302000.0,eps_dcf,0.08,0.08,15.0,1.3744243504268094,1.8046904471021947,1.2987055230931523,1.1713147357523956,-86.25575649573192,
JMT,Financial Services,10.600000381469727,0.66,0.3,2038164761.0,fcfe,,,1459739581.0,,,1737815958.0,8226820000.0,805085000.0,eps_dcf,0.08,0.08,15.0,31.20325184061659,41.0115234375,30.972017222722954,22.08868409741408,194.37028978946276,
JPARK,Industrials,3.0999999046325684,0.2,0.07917059648646729,-125632361.0,fcfe,,,400000000.0,,,204930593.0,207502719.0,,eps_dcf,0.08995,0.08146250000000001,15.0,3.911180688705105,5.392904780332178,3.8252770560147793,2.6871674951490103,26.16712287185321,
JR,Industrials,1.809999942779541,0.017700000000000004,0.3,139915695.0,fcfe,,,760000000.0,,,86144866.0,-14468000.0,,eps_dcf,0.08,0.08,15.0,0.8368144811801724,1.0998544921875002,0.8306131891548431,0.5923783462488323,-53.767154274319395,
JSP,Consumer Defensive,1.7400000095367432,0.111,0.3,-160758641.0,fcfe,,,474574934.0,,,156405519.0,345186000.0,21357000.0,eps_dcf,0.08,0.08,15.0,5.247819627740062,6.897392578125,5.208930169276133,3.7149150527469144,201.5988275274343,
JTS,Communication Services,22.5,-0.08499999999999999,0.3,-71893376.0,fcfe,,,698731100.0,,,447062190.0,615903000.0,-4099000.0,eps_dcf,0.08,0.08,15.0,,,,,,eps<=0_block|no_intrinsic
JUBILE,Consumer Cyclical,7.800000190734863,0.52,-0.11416218482336571,267857894.32999998,fcfe,,,174273125.0,,,255065943.05,167878000.0,,eps_dcf,0.08,0.08,15.0,4.451229462627403,6.045086264506756,4.387347950857784,3.0490171960569046,-42.9329570028121,
K,Industrials,0.949999988079071,-0.103,0.3,72239494.0,fcfe,,,505208400.0,,,59507663.0,18403416.0,,eps_dcf,0.08,0.08,15.0,,,,,,eps<=0_block|no_intrinsic
KAMART,Consumer Defensive,7.0,0.484715,0.3,493282552.0,fcfe,,,1273418973.0,,,879798147.0,646521000.0,66032000.0,eps_dcf,0.08,0.08,15.0,22.916188205946163,30.119546337890622,22.746365648654777,16.222297745875856,227.37411722780232,
KASET,Consumer Defensive,0.6600000262260437,-0.2122,-0.3,-15157339.0,fcfe,,,302856200.0,,,-24984311.0,302909483.0,,eps_dcf,0.08,0.08,15.0,,,,,,eps<=0_block|no_intrinsic
KBANK,Financial Services,244.0,22.49,-0.06172762500894646,271904664000.0,fcfe,,,2369327593.0,,,,75170000.0,90079486000.0,eps_dcf,0.08,0.08,15.0,245.4294098524208,332.14578735036207,242.16037540822668,168.5201356870619,0.5858237100085262,
KBS,Consumer Defensive,6.599999904632568,1.48,0.3,1435393435.0,fcfe,,,598333400.0,,,1154474516.0,4495501000.0,,eps_dcf,0.08,0.08,15.0,69.97092836986748,91.965234375,69.45240225701508,49.532200703292176,960.1655966806088,upside>300%
KC,Real Estate,0.029999999329447746,-0.018000000000000002,0.0,-49162670.49,fcfe,,,5175487222.0,,,-128200765.57,611827200.3100001,,eps_dcf,0.08,0.08,15.0,,,,,,eps<=0_block|no_intrinsic
KCAR,Industrials,4.800000190734863,0.7,0.2945382716049383,810151669.99,fcfe,,,250000000.0,,,1167505629.4499998,2004540900.27,,eps_dcf,0.08,0.08,15.0,32.450431838343064,42.66911684718596,32.20764745731007,22.96009997259917,576.0506364349751,upside>300%
KCC,Financial Services,2.6600000858306885,0.7300000000000001,-0.3,-74140716.0,fcfe,,,618334317.0,,,679731453.0,1343906429.0,2444476.0,eps_dcf,0.08,0.08,15.0,2.5859014840504404,3.3954227484139228,2.443440803757735,2.2037622605650737,-2.785661631176523,
KCE,Technology,66.0,0.8300000000000001,-0.23155498204617275,1596135049.0,fcfe,,,1182088596.0,,,2184842685.0,-335417000.0,58587000.0,eps_dcf,0.10442499999999999,0.09716124999999999,15.0,3.7165697846242134,5.185961833717642,3.619046754621351,2.5397468255393694,-94.36883365966028,
KCG,Consumer Defensive,10.100000381469727,0.8400000000000001,-0.1757441577389265,975668900.0,fcfe,,,545000000.0,,,975089460.0,821049000.0,-376.0,eps_dcf,0.08,0.08,15.0,5.352200510279474,7.292328304218085,5.2688663976397825,3.6620750542599385,-47.007917741279975,
KCM,Industrials,0.28999999165534973,-0.010016,0.0,39139350.0,fcfe,,,680000000.0,,,22914567.070000004,156693022.32,915.72,eps_dcf,0.08,0.08,15.0,,,,,,eps<=0_block|no_intrinsic
KDH,Healthcare,84.5,8.82,-0.023619217121611746,121995737.0,fcfe,,,19384226.0,,,246373215.0,-142190000.0,,eps_dcf,0.08,0.08,15.0,114.25440707181798,154.1867465695156,112.81624472381618,78.63655461812577,35.21231606132305,
KGEN,Industrials,1.6100000143051147,-0.071105,-0.3,-187787935.0,fcfe,,,2225726175.0,,,53207704.0,152011000.0,21602000.0,eps_dcf,0.08,0.08,15.0,,,,,,eps<=0_block|no_intrinsic
KGI,Financial Services,4.860000133514404,0.6100000000000001,-0.3,133038199.0,fcfe,,,1991763130.0,,,1888008274.0,7350452876.0,2971590.0,eps_dcf,0.08,0.08,15.0,2.1608217880421488,2.837271063743141,2.041779301770162,1.8414999711571167,-55.53864755802801,
KIAT,Industrials,0.3400000035762787,0.0147,0.3,61549292.339999996,fcfe,,,2926998300.0,,,115821577.83999999,-20660293.549999997,6722119.37,eps_dcf,0.08,0.08,15.0,0.6949815182682786,0.9134384765625,0.6898312926879203,0.49197523671513177,104.40632675239374,
KISS,Consumer Defensive,3.2799999713897705,0.28,-0.2153350654326457,282069269.0,fcfe,,,585010000.0,,,265832377.0,-310610667.0,0.0,eps_dcf,0.08,0.08,15.0,1.4675492102580867,2.0023129837629017,1.4435800974944784,1.0046927750440968,-55.25764563844583,
KJL,Industrials,6.349999904632568,0.660666,0.05160243440828727,-41768295.0,fcfe,,,231997800.0,,,211099521.0,502581189.0,,eps_dcf,0.08,0.08,15.0,11.858479180966915,15.907342632066895,11.725572312657434,8.208336334795387,86.74770644194341,
KK,Consumer Defensive,0.9100000262260437,0.07,-0.3,25218710.959999997,fcfe,,,241499962.0,,,84320709.88,81372072.25999999,,eps_dcf,0.08,0.08,15.0,0.2479631560048367,0.3255884827246227,0.23430254282608415,0.21131966882130848,-72.7513023232328,
KKC,Industrials,0.03999999910593033,-0.23,0.0,,fcfe,,,1500000000.0,,,,4844936459.0,,eps_dcf,0.08,0.08,15.0,,,,,,eps<=0_block|no_intrinsic
KKP,Financial Services,113.0,8.639999999999999,-0.3,-12277225000.0,fcfe,,,860527105.0,,,,49954969000.0,541828000.0,eps_dcf,0.08,0.08,15.0,30.60573811259699,40.186921296296276,28.919628143105243,26.08288483737293,-72.91527600655134,
KLINIQ,Consumer Cyclical,29.0,1.8299999999999998,-0.3,473736019.0,fcfe,,,220000000.0,,,926740184.0,219103679.0,8377881.0,eps_dcf,0.08,0.08,15.0,6.482465364126444,8.51181319122942,6.125337905310484,5.52449991347135,-77.64667115818467,
KOOL,Consumer Cyclical,0.2800000011920929,0.016,-8.881784197001252e-16,290521175.0,fcfe,,,2250000000.0,,,135177985.0,243384000.0,63919000.0,eps_dcf,0.08,0.08,15.0,0.23001662870852088,0.30983865359701146,0.2272233278813492,0.15857450630154551,-17.851204382417528,
KPNREIT,Real Estate,2.0,0.006766999999999995,-0.3,,fcfe,,,180000000.0,,,13233332.82,73906000.0,,eps_dcf,0.08,0.08,15.0,0.023970952524067553,0.031475103751393146,0.02265036153291586,0.020428574270197047,-98.80145237379662,
KSL,Consumer Defensive,1.9700000286102295,0.137,-0.3,-178349668.0,fcfe,,,4410232619.0,,,1597272769.0,24226284000.0,517361000.0,eps_dcf,0.08,0.08,15.0,0.4852993196094661,0.6372231733324759,0.4585635481024789,0.413582780407418,-75.36551712885867,
KTB,Financial Services,43.75,3.6100000000000003,-0.065730469166698,92306452000.0,fcfe,,,13976061250.0,,,,-47677413000.0,22725420000.0,eps_dcf,0.08,0.08,15.0,38.68261722843798,52.36508339952076,38.16436300446971,26.554913729259987,-11.582589192141768,
KTBSTMR,Real Estate,6.400000095367432,0.559393,-0.10800387428128055,,fcfe,,,301500000.0,,,234622647.97,1157665000.0,,eps_dcf,0.08,0.08,15.0,4.929001805438824,6.691379451055435,4.858865304495002,3.377033662653676,-22.98434793764103,
KTC,Financial Services,36.25,3.19,-0.18505510645557743,8906675471.0,fcfe,,,2578334070.0,,,,51504000000.0,-121765000.0,eps_dcf,0.08,0.08,15.0,19.420434814105107,26.47034848280806,19.11452617735599,13.288247055649503,-46.42638671971005,
KTIS,Consumer Defensive,1.9500000476837158,0.005281999999999995,-0.3,-713384070.0,fcfe,,,3860000010.0,,,182323484.0,8703061000.0,3775000.0,eps_dcf,0.1,0.09120000000000002,15.0,0.01766249058653805,0.023703530783621723,0.01654716843732728,0.014967416837086682,-99.09423127412134,
KTMS,Healthcare,1.440000057220459,0.11679999999999999,0.3,-6295614.0,fcfe,,,300000000.0,,,101465374.0,25109000.0,2897000.0,eps_dcf,0.08,0.08,15.0,5.522030022703055,7.257796874999999,5.481108502445515,3.9090277311787345,283.47429189425736,
KUMWEL,Industrials,2.180000066757202,0.19999999999999998,-0.3,21353961.0,fcfe,,,430000000.0,,,164176584.0,160935000.0,718000.0,eps_dcf,0.08,0.08,15.0,0.7084661600138192,0.9302528077846361,0.6694358366459547,0.6037704823465957,-67.50155328813004,
KUN,Real Estate,0.5299999713897705,0.043,-0.3,90607856.0,fcfe,,,819384274.0,,,20152041.0,1783543125.0,1372114.0,eps_dcf,0.08,0.08,15.0,0.15232022440297113,0.2000043536736968,0.14392870487888026,0.12981065370451805,-71.26033346689516,
KWC,Real Estate,280.0,16.33,-0.013695077959978263,131382165.0,fcfe,,,6000000.0,,,163838610.0,-49883000.0,7000.0,eps_dcf,0.1,0.08460000000000001,15.0,206.3309483397604,285.9927465119725,201.52311268223082,141.0926571401371,-26.310375592942712,
KWM,Industrials,0.8600000143051147,0.049,0.3,177950570.0,fcfe,,,488545493.0,,,40013095.0,-54426000.0,5606000.0,eps_dcf,0.08,0.08,15.0,2.3166050608942617,3.044794921875,2.2994376422930674,1.639917455717106,169.3726770186269,
KYE,Consumer Cyclical,285.0,30.29,0.3,79250055.0,fcfe,,,19800000.0,,,871505796.0,-699332000.0,,eps_dcf,0.08,0.08,15.0,1432.0401488670855,1882.1803710937502,1421.4278813276942,1013.7367292585947,402.47022767266157,upside>300%
LALIN,Real Estate,4.300000190734863,0.43,0.24637471403834565,198261323.07,fcfe,,,924999441.0,,,585554950.74,6131908338.91,,eps_dcf,0.08,0.08,15.0,16.712033367692616,22.05952731538729,16.576137733421138,11.772226322812376,288.6519215441373,
LANNA,Energy,14.899999618530273,1.626002,-0.3,1805660375.0,fcfe,,,524999679.0,,,3016066121.0,-1398503000.0,2720583000.0,eps_dcf,0.08,0.08,15.0,5.7598369655739505,7.562964629817171,5.442520046289978,4.908660059182645,-61.343375080286776,
LDC,Healthcare,0.23000000417232513,-0.024179000000000003,0.0,-594889.9200000018,fcfe,,,600000000.0,,,40443151.779999994,209171130.6,,eps_dcf,0.08,0.08,15.0,,,,,,eps<=0_block|no_intrinsic
LEE,Consumer Defensive,2.4600000381469727,0.267,0.3,119303039.0,fcfe,,,890990000.0,,,341370289.0,-10413000.0,29315000.0,eps_dcf,0.08,0.08,15.0,12.62313369915853,16.591025390625003,12.529588785556104,8.935876748499332,413.1355082688158,upside>300%
LEO,Industrials,1.909999966621399,0.07100000000000001,0.3,-36877000.0,fcfe,,,320000200.0,,,108145000.0,845071000.0,-23396000.0,eps_dcf,0.08,0.08,15.0,3.356713455581481,4.411845703125,3.331838216383833,2.3762069256309086,75.74416304934158,
LH,Real Estate,3.640000104904175,0.29000000000000004,0.3,3286748470.0,fcfe,,,11949713176.0,,,6803134259.0,74798837000.0,747594000.0,eps_dcf,0.1,0.08460000000000001,15.0,12.729222884421132,17.25008357842382,12.489402239042288,8.927824126554976,249.70391531777815,
LHFG,Financial Services,1.2100000381469727,0.14300000000000002,-0.1125577699021807,-7177270000.0,fcfe,,,21183660594.0,,,,43452160000.0,2000.0,eps_dcf,0.08,0.08,15.0,1.2333628571464863,1.6748292994969478,1.215701578192259,0.8448802516587066,1.9308114266915322,
LHHOTEL,Real Estate,13.800000190734863,1.341256,0.3,,fcfe,,,1238919900.0,,,1590983360.0,9664227000.0,,eps_dcf,0.08,0.08,15.0,63.41143750111823,83.34386648437498,62.94152110921286,44.8887576935776,359.5031639469964,upside>300%
LHK,Basic Materials,3.5799999237060547,0.31,-0.3,142474857.0,fcfe,,,383000000.0,,,265922129.0,-295657000.0,150519000.0,eps_dcf,0.08,0.08,15.0,1.0981225480214198,1.4418918520661863,1.0376255468012299,0.9358442476372233,-69.32618515576303,
LHRREIT,Real Estate,4.340000152587891,0.03358199999999997,0.3,,fcfe,,,330000000.0,,,136812361.0,69676000.0,,eps_dcf,0.08,0.08,15.0,1.5876781868357355,2.086740878906248,1.5759125490507295,1.123912408120241,-63.41755458489968,
LHSC,Real Estate,15.399999618530273,1.688356,0.2343875472811563,,fcfe,,,778064700.0,,,1413197077.0,2830448000.0,,eps_dcf,0.08,0.08,15.0,62.74748933583568,82.90598427789241,62.22669189307305,44.15138672206682,307.4512395463559,upside>300%
LIT,Financial Services,0.7099999785423279,0.019,0.3,-7599481.0,fcfe,,,442931258.0,,,16587469.0,380677000.0,0.0,eps_dcf,0.08,0.08,15.0,0.898275431775326,1.1806347656249998,0.8916186776238425,0.6358863603801024,26.51767027085533,
LOXLEY,Industrials,1.7000000476837158,0.25,-0.3,474296580.0,fcfe,,,2264955000.0,,,1162334316.0,540447000.0,348384000.0,eps_dcf,0.08,0.08,15.0,0.885582700017274,1.1628160097307954,0.8367947958074432,0.7547131029332446,-47.90690146015594,
LPH,Healthcare,3.619999885559082,0.27,0.06398016214370728,344262995.64,fcfe,,,720000000.0,,,457935609.6,134336388.53,162939202.72,eps_dcf,0.08,0.08,15.0,5.1056211693373585,6.841867313695947,5.049508378987236,3.537713396029139,41.03926328022061,
LPN,Real Estate,1.5700000524520874,0.0337,0.3,2028655659.78,fcfe,,,1377350168.0,,,389490752.97,8204464368.2699995,19906006.3,eps_dcf,0.08,0.08,15.0,1.5932569500436045,2.0940732421874997,1.5814499703117628,1.1278615970952341,1.4813310072947785,
LRH,Consumer Cyclical,29.0,1.08,0.3,-1082630554.0,fcfe,,,166682701.0,,,3311307633.0,4950118000.0,114180000.0,eps_dcf,0.08,0.08,15.0,51.05986664828169,67.109765625,50.68148272809211,36.145119432132134,76.06850568372997,
LST,Consumer Defensive,4.679999828338623,0.64,0.10949165905725033,-295906793.0,fcfe,,,820000000.0,,,1051178924.0,1308006000.0,540686000.0,eps_dcf,0.08,0.08,15.0,14.605412897193151,19.498325185757096,14.45619740553835,10.160147083593607,212.08148360932745,
LTMH,Communication Services,8.25,0.08,0.3,23512972.0,fcfe,,,198548300.0,,,52564393.0,13927837.0,0.0,eps_dcf,0.1,0.09120000000000002,15.0,3.511509761219623,4.758643745772089,3.4453523418047696,2.462848034911717,-57.43624531855003,
LTS,Consumer Cyclical,2.559999942779541,0.173,0.3,13439659.0,fcfe,,,238600000.0,,,1723982.0,32618864.0,1912481.0,eps_dcf,0.08545,0.08,15.0,8.03926788283655,10.749990234374998,7.929261034018507,5.658566077752228,214.03390869250757,
M,Consumer Cyclical,21.200000762939453,0.97,0.28666277644399485,1114446586.0,fcfe,,,903628100.0,,,2798440406.0,2422749000.0,358413000.0,eps_dcf,0.08,0.08,15.0,43.70557110815331,57.504363556094745,43.374057979921034,30.90131804490869,106.15834686457521,
M-CHAI,Healthcare,19.299999237060547,1.35,-0.2991585195328911,805540125.0,fcfe,,,160000000.0,,,1205249940.0,6100826883.0,1042099890.0,eps_dcf,0.08,0.08,15.0,4.799515853136631,6.306720806216622,4.538469234542338,4.075450755839521,-75.13204122868342,
MADAME,Consumer Defensive,1.100000023841858,0.06699999999999999,0.3,-12739555.0,fcfe,,,807808841.0,,,-42284358.0,90573000.0,43757000.0,eps_dcf,0.08,0.08,15.0,3.1676028383656227,4.163291015625,3.144129021094602,2.2423361129193085,187.96388815542562,
MAGURO,Consumer Cyclical,18.0,1.1300000000000001,-0.16180056674420107,157589430.0,fcfe,,,126000000.0,,,559139379.0,765464521.0,,eps_dcf,0.08,0.08,15.0,7.70491949063445,10.491239849384812,7.587065984500407,5.272159650286213,-57.194891718697505,
MAJOR,Communication Services,7.199999809265137,0.53,-0.19448131920411926,1015962207.0,fcfe,,,682248302.0,,,2222052850.0,5080432000.0,93395000.0,eps_dcf,0.08,0.08,15.0,3.0804297253646524,4.200164057072218,3.0313441781162167,2.107952035402395,-57.216252680997584,
MALEE,Consumer Defensive,3.9000000953674316,0.26,0.3,,fcfe,,,545731275.0,,,474331099.0,1030864000.0,57223000.0,eps_dcf,0.08,0.08,15.0,12.292190119030778,16.1560546875,12.201097693799952,8.701602826254032,215.18435431916805,
MANRIN,Consumer Cyclical,20.299999237060547,1.23,0.3,77670142.44999999,fcfe,,,26905580.0,,,100840767.88,55740448.05,,eps_dcf,0.08,0.08,15.0,58.15151479387636,76.43056640625,57.720577551438225,41.16527490881715,186.46067477535894,
MASTEC,Industrials,1.659999966621399,0.13227899999999998,-0.3,466095.0,fcfe,,,300000000.0,,,72585366.0,298048887.0,,eps_dcf,0.1,0.08900000000000001,15.0,0.4423280182310998,0.5936159311864257,0.41439660994343386,0.37483433013877154,-73.35373330570778,
MASTER,Healthcare,8.600000381469727,0.7200000000000001,-0.18549375000000012,207145616.0,fcfe,,,301711736.0,,,449862936.0,419914000.0,,eps_dcf,0.0937,0.08804500000000001,15.0,4.202652101900286,5.876645774128724,4.093347889647321,2.8565710664307433,-51.131954471122256,
MATCH,Communication Services,0.8100000023841858,-0.08,0.0,19181054.0,fcfe,,,781628733.0,,,35482904.0,76325000.0,0.0,eps_dcf,0.08,0.08,15.0,,,,,,eps<=0_block|no_intrinsic
MATI,Communication Services,3.0799999237060547,-0.302763,-0.3,-131849848.9,fcfe,,,185349200.0,,,-45567719.370000005,-69737000.0,,eps_dcf,0.08,0.08,15.0,,,,,,eps<=0_block|no_intrinsic
MBAX,Consumer Cyclical,2.0999999046325684,0.28,-0.3,129766147.0,fcfe,,,198777585.0,,,172697082.0,746798000.0,,eps_dcf,0.08,0.08,15.0,0.9918526240193468,1.3023539308984908,0.9372101713043366,0.8452786752852339,-52.76892052083741,
MBK,Industrials,22.100000381469727,2.9099999999999997,-0.18839621927579808,5462797650.0,fcfe,,,1397598626.0,,,7755048431.0,28828958000.0,1687675000.0,eps_dcf,0.08,0.08,15.0,17.427575851804253,23.757136701191936,17.151926731299003,11.92496236393232,-21.142192076988287,
MC,Consumer Cyclical,11.199999809265137,0.980595,0.3,820523489.0,fcfe,,,792000000.0,,,1338862368.0,821667947.0,752269.0,eps_dcf,0.1,0.08900000000000001,15.0,43.042111428789454,58.328778298567265,42.2311909951506,30.188205859928182,284.3045728731451,
MCA,Communication Services,1.2799999713897705,0.06999999999999999,0.3,11174160.0,fcfe,,,230000000.0,,,25341718.0,-67686000.0,5003000.0,eps_dcf,0.08,0.08,15.0,3.3094358012775174,4.34970703125,3.2849109175615254,2.342739222453009,158.54967775384168,
MCOT,Communication Services,5.449999809265137,-0.32,-0.16979287616966,906205726.0,fcfe,,,687099210.0,,,-117041211.0,-75752000.0,-23053000.0,eps_dcf,0.08,0.08,15.0,,,,,,eps<=0_block|no_intrinsic
MCS,Basic Materials,7.75,1.51,0.3,484244631.0,fcfe,,,477000000.0,,,951308223.0,144893000.0,167552000.0,eps_dcf,0.08,0.08,15.0,71.38925799898644,93.82939453124999,70.86022122168434,50.53623179862919,821.151716115954,upside>300%
MDX,Real Estate,3.440000057220459,0.894,-0.17421768776973923,-174938585.46,fcfe,,,475593142.0,,,656520771.6,-3556603108.56,3251608199.86,eps_dcf,0.08,0.08,15.0,5.7388444283618,7.818611089321108,5.649661930501596,3.926625260983104,66.8268701425203,
MEB,Technology,10.800000190734863,1.32,0.20194424875181016,346221224.0,fcfe,,,300000000.0,,,516979784.0,-1365536764.0,89367286.0,eps_dcf,0.08,0.08,15.0,43.386475228900345,57.47751439918762,43.00602628103606,30.43678290220593,301.7266153950707,upside>300%
MEDEZE,Healthcare,6.400000095367432,0.15000000000000002,0.3,24651401.0,fcfe,,,1068000000.0,,,210411279.0,-1074440000.0,,eps_dcf,0.1,0.09340000000000001,15.0,6.584080802286793,8.922457023322666,6.460035640883943,4.61784006545947,2.876261002755388,
MEGA,Healthcare,36.5,2.3,-0.24346929250290728,2208728000.0,fcfe,,,871869508.0,,,3142489000.0,-2957032000.0,44000.0,eps_dcf,0.08,0.08,15.0,10.467157447049049,14.289362501095049,10.290773500768346,7.174104231845158,-71.32285630945466,
MENA,Industrials,0.8199999928474426,0.09000000000000001,-0.3,40052506.0,fcfe,,,734000000.0,,,142842052.0,214827034.0,,eps_dcf,0.08,0.08,15.0,0.31880977200621863,0.4186137635030863,0.3012461264906796,0.2716967170559681,-61.12075917230748,
META,Utilities,0.019999999552965164,-0.02,0.0,-21610275.409999996,fcfe,,,3069491060.0,,,-627319821.2,561186870.59,34675310.0,eps_dcf,0.08,0.08,15.0,,,,,,eps<=0_block|no_intrinsic
METCO,Technology,299.0,47.519999999999996,0.09741277170751017,1348959288.0,fcfe,,,20898000.0,,,1774789287.0,-3253612000.0,,eps_dcf,0.08,0.08,15.0,1032.2415006647389,1379.438283842912,1021.4876715291072,717.3062048934607,245.23127112533075,
MFC,Financial Services,23.200000762939453,3.37,-0.3,304851430.0,fcfe,,,125615708.0,,,520616021.0,-82284876.0,66.0,eps_dcf,0.08,0.08,15.0,11.937654796232856,15.674759811171118,11.279993847484338,10.173532627540139,-48.54459308767562,
MFEC,Technology,6.199999809265137,0.596167,-0.3,849914391.0,fcfe,,,441453555.0,,,487148396.0,-210880000.0,32238000.0,eps_dcf,0.08,0.08,15.0,2.111820726084793,2.7729301282927166,1.9954777721285444,1.7997401857456143,-65.93837433786793,
MGC,Consumer Cyclical,7.199999809265137,0.883,-0.3,4936265448.0,fcfe,,,1113800000.0,,,3824337085.0,5820129288.0,4634571.0,eps_dcf,0.08,0.08,15.0,3.127878096461012,4.107066146369169,2.9555592187918904,2.66564667956022,-56.55724750942379,
MGI,Unknown,5.0,0.25,0.3,26493580.0,fcfe,,,210110187.0,,,108574508.0,328411000.0,6487000.0,eps_dcf,0.1,0.09120000000000002,15.0,10.973468003811323,14.870761705537776,10.766726068139906,7.696400109099116,119.46936007622647,
MGT,Basic Materials,2.299999952316284,0.27999999999999997,-0.3,93222872.0,fcfe,,,400000000.0,,,202818811.0,150785000.0,138187000.0,eps_dcf,0.08,0.08,15.0,0.9918526240193468,1.3023539308984904,0.9372101713043366,0.8452786752852339,-56.875971974674535,
MICRO,Financial Services,1.440000057220459,0.065,-0.3,861540912.0,fcfe,,,935000000.0,,,119874625.0,472408244.0,284882695.0,eps_dcf,0.08,0.08,15.0,0.23025150200449124,0.3023321625300068,0.21756664690993527,0.19622540676264358,-84.01031299617229,
MIDA,Financial Services,0.41999998688697815,-0.129,-0.3,,fcfe,,,2504098232.0,,,-82891476.0,5068649000.0,1285633000.0,eps_dcf,0.08,0.08,15.0,,,,,,eps<=0_block|no_intrinsic
MII,Real Estate,5.849999904632568,0.787482,-0.0623181353645359,,fcfe,,,172000000.0,,,142581734.48000002,115856000.0,,eps_dcf,0.1,0.08460000000000001,15.0,8.01102428817701,11.13587983786688,7.818294405341686,5.4643583869931085,36.940588355106534,
MILL,Basic Materials,0.009999999776482582,-0.07,0.0,,fcfe,,,9470894572.0,,,-472088506.0,11442971000.0,317334000.0,eps_dcf,0.08,0.08,15.0,,,,,,eps<=0_block|no_intrinsic
MINT,Consumer Cyclical,21.799999237060547,1.4123,-0.3,20671392517.0,fcfe,,,5624574578.0,,,45136904503.0,191698070000.0,8081895000.0,eps_dcf,0.08,0.08,15.0,5.0028337889375845,6.5689802021712085,4.727221160475409,4.263525261090485,-77.0512203485189,
MIPF,Real Estate,9.399999618530273,0.5453100000000001,-4.440892098500626e-16,,fcfe,,,190000000.0,,,136649034.68,-24998000.0,,eps_dcf,0.08,0.08,15.0,7.839397987565237,10.559882262061667,7.744197057936175,5.404516501955998,-16.60214568401273,
MITSIB,Consumer Cyclical,0.6299999952316284,0.05199999999999999,-4.440892098500626e-16,302882652.0,fcfe,,,1372638829.0,,,134572998.0,664338000.0,2000.0,eps_dcf,0.08,0.08,15.0,0.7475540433026944,1.006975624190289,0.7384758156143862,0.5153671454800238,18.659372850922885,
MJD,Real Estate,0.3100000023841858,-0.8200000000000001,-0.3,722653089.0,fcfe,,,860411939.0,,,-830770030.0,9074171000.0,-2831000.0,eps_dcf,0.08,0.08,15.0,,,,,,eps<=0_block|no_intrinsic
MK,Real Estate,0.5199999809265137,-0.48,0.3,-49435000.0,fcfe,,,1424207839.0,,,105081000.0,10688232000.0,47611000.0,eps_dcf,0.08,0.08,15.0,,,,,,eps<=0_block|no_intrinsic
ML,Financial Services,0.4000000059604645,-0.015,0.3,,fcfe,,,3194393157.0,,,55024177.0,1176524000.0,0.0,eps_dcf,0.08,0.08,15.0,,,,,,eps<=0_block|no_intrinsic
MMM,Unknown,2.740000009536743,0.3,0.0,-97726334.0,fcfe,,,,,,182033517.0,-120887000.0,,eps_dcf,0.1,0.09120000000000002,15.0,4.0242957801173915,5.573150139507165,3.9313819845887314,2.754182807313602,46.87210825221079,
MNIT,Real Estate,1.940000057220459,0.159224,0.10381289062499954,,fcfe,,,138000000.0,,,18844061.78,-5067000.0,,eps_dcf,0.1,0.08460000000000001,15.0,3.3055640016215553,4.544858071490992,3.2344784393118258,2.279526618681307,70.38989196513799,
MODERN,Consumer Cyclical,1.9800000190734863,0.038,-0.3,177143812.0,fcfe,,,675000000.0,,,186219216.0,-348448000.0,11175000.0,eps_dcf,0.08,0.08,15.0,0.13460857040262564,0.17674803347908086,0.12719280896273139,0.11471639164585318,-93.20158741889234,
MONO,Communication Services,0.5600000023841858,-0.041499999999999995,0.0,114892227.0,fcfe,,,3471054038.0,,,287568164.0,1347870000.0,,eps_dcf,0.08,0.08,15.0,,,,,,eps<=0_block|no_intrinsic
MOONG,Consumer Defensive,2.2799999713897705,0.162,-4.440892098500626e-16,3417447.0,fcfe,,,332440566.0,,,77933088.0,-235415000.0,,eps_dcf,0.08,0.08,15.0,2.328918365673778,3.137116367669747,2.300636194798664,1.6055668763031514,2.14554363587073,
MORE,Utilities,0.14000000059604645,0.003,0.0,,fcfe,,,7176748441.0,,,48462451.0,-38948000.0,-119008000.0,eps_dcf,0.08,0.08,15.0,0.04312811788284783,0.05809474754943986,0.04260437397775313,0.029732719931539902,-69.19420164340644,
MOSHI,Consumer Cyclical,37.0,1.8999999999999997,-0.16578222103055495,809333381.0,fcfe,,,329999954.0,,,1430004474.0,1753651076.0,,eps_dcf,0.08,0.08,15.0,12.707532113967074,17.306189419312357,12.512161857255926,8.694985578755237,-65.6553186108998,
MOTHER,Consumer Cyclical,1.1200000047683716,0.068,0.3,2409569.0,fcfe,,,286000000.0,,,65602895.0,118556515.0,,eps_dcf,0.1,0.08900000000000001,15.0,2.984783297036679,4.044847183906274,2.928549490534054,2.0934208296749595,166.49850752937857,
MPJ,Industrials,4.380000114440918,0.684,-0.3,-73339168.0,fcfe,,,200000000.0,,,243990865.0,624219663.0,4992244.0,eps_dcf,0.1,0.08900000000000001,15.0,2.2872289968178796,3.0695219719797953,2.142798790445262,1.938226640773817,-47.78016125440601,
MRDIYT,Consumer Cyclical,9.0,0.435515,-0.3,2441139000.0,fcfe,,,6017097000.0,,,6450664000.0,6098416000.0,7000.0,eps_dcf,0.1,0.08900000000000001,15.0,1.4563194978788576,1.9544193883432457,1.3643582093870876,1.2341034728897788,-83.81867224579047,
MSC,Technology,5.800000190734863,0.36,0.0,89368196.0,fcfe,,,360000000.0,,,320582437.0,544096000.0,620000.0,eps_dcf,0.08,0.08,15.0,5.17537414594174,6.9713697059327835,5.112524877330376,3.567926391784788,-10.769414211243028,
MST,Financial Services,7.650000095367432,0.569,-0.29067762240340433,3909765627.0,fcfe,,,570814500.0,,,846833813.0,3853373018.0,,eps_dcf,0.08,0.08,15.0,2.0983581790978407,2.777633354819133,1.9988101727980023,1.7177270222760643,-72.57048166092794,
MTC,Financial Services,29.25,3.3500000000000005,-0.18171390136576615,2243488890.0,fcfe,,,2120000000.0,,,,141079998000.0,,eps_dcf,0.08,0.08,15.0,20.731203302072828,28.253155229934567,20.40599743123659,14.184868986719808,-29.12409127496469,
MTI,Financial Services,21.100000381469727,2.32,-0.3,,fcfe,,,590000000.0,,,,-398164124.0,,eps_dcf,0.08,0.08,15.0,8.218207456160302,10.790932570301779,7.765455705093075,7.0037375952205085,-61.05115020103208,
MTW,Consumer Cyclical,1.0299999713897705,-0.011700000000000002,-0.3,-46864942.85,fcfe,,,879259621.0,,,21037138.22,283726559.65999997,83630390.92,eps_dcf,0.08,0.08,15.0,,,,,,eps<=0_block|no_intrinsic
MUD,Consumer Cyclical,0.6899999976158142,-0.526,0.3,201532314.0,fcfe,,,1053386750.0,,,-323916545.0,2054787000.0,0.0,eps_dcf,0.08,0.08,15.0,,,,,,eps<=0_block|no_intrinsic
MVP,Communication Services,0.05999999865889549,-0.33999999999999997,0.0,,fcfe,,,337259284.0,,,-95385225.0,61595764.0,522808.0,eps_dcf,0.08,0.08,15.0,,,,,,eps<=0_block|no_intrinsic
NAM,Healthcare,3.380000114440918,0.1011,0.3,3440768.299999982,fcfe,,,700000000.0,,,220264125.69,-214687112.58999997,97275735.67,eps_dcf,0.08,0.08,15.0,4.779770850130813,6.282219726562499,4.744349910935288,3.3835847912857027,41.41333397325726,
NAT,Technology,2.380000114440918,-0.011,0.3,-208357685.0,fcfe,,,322600000.0,,,8130283.0,-259448660.0,462.0,eps_dcf,0.08,0.08,15.0,,,,,,eps<=0_block|no_intrinsic
NATION,Communication Services,0.03999999910593033,-0.006279,-0.3,-66371054.0,fcfe,,,17693787256.0,,,86159989.0,279062000.0,-2000.0,eps_dcf,0.08,0.08,15.0,,,,,,eps<=0_block|no_intrinsic
NC,Consumer Cyclical,1.7200000286102295,0.019999999999999997,0.3,-20608235.0,fcfe,,,152499896.0,,,16315153.0,124205758.0,,eps_dcf,0.08,0.08,15.0,0.9455530860792905,1.2427734374999997,0.9385459764461499,0.6693540635580024,-45.02598428191288,
NCAP,Financial Services,3.2799999713897705,0.5,-0.3,44849999.0,fcfe,,,1350000052.0,,,862068761.0,5209981553.0,115.0,eps_dcf,0.08,0.08,15.0,1.771165400034548,2.3256320194615907,1.6735895916148864,1.5094262058664891,-46.001054405982615,
NCH,Real Estate,0.4399999976158142,-0.0727,-0.3,455638212.46999997,fcfe,,,1245283691.0,,,-76017970.47999999,986775000.0,-31521000.0,eps_dcf,0.08,0.08,15.0,,,,,,eps<=0_block|no_intrinsic
NCL,Industrials,0.07000000029802322,-0.06,0.3,-61369779.0,fcfe,,,719233993.0,,,-62538576.0,278485000.0,783000.0,eps_dcf,0.08,0.08,15.0,,,,,,eps<=0_block|no_intrinsic
NCP,Industrials,1.0299999713897705,0.09999999999999999,0.3,-39559427.0,fcfe,,,180000000.0,,,25669275.0,-47753000.0,,eps_dcf,0.08,0.08,15.0,4.7277654303964525,6.213867187499999,4.69272988223075,3.3467703177900114,359.0063652154589,upside>300%
NDR,Consumer Cyclical,1.899999976158142,0.08825,-0.3,65854953.0,fcfe,,,456891630.0,,,122750425.0,-175148776.0,2539521.0,eps_dcf,0.083275,0.08,15.0,0.3101166768823442,0.41047405143497073,0.2921603065628606,0.2636284132881683,-83.67806943295813,
NEO,Consumer Defensive,23.799999237060547,1.49,0.23141450475242897,-1562094598.0,fcfe,,,300000000.0,,,1324883522.0,3866316000.0,34193000.0,eps_dcf,0.08,0.08,15.0,54.76164183695181,72.37209440575052,54.304817824645816,38.52166130507106,130.09093946389228,
NEP,Consumer Cyclical,0.20000000298023224,0.02,-0.3,,fcfe,,,2325380588.0,,,54541813.0,-9090000.0,,eps_dcf,0.08,0.08,15.0,0.07084661600138192,0.09302528077846363,0.06694358366459546,0.06037704823465956,-64.57669252715745,
NER,Basic Materials,4.760000228881836,1.0422,0.3,1530103989.0,fcfe,,,1847815475.0,,,2471179954.0,10892490000.0,,eps_dcf,0.08,0.08,15.0,49.27277131559183,64.760923828125,48.90763083260888,34.880040252007504,935.1422047550283,upside>300%
NETBAY,Technology,12.100000381469727,1.08,0.3,141646107.0,fcfe,,,200000000.0,,,276479589.0,-83946000.0,,eps_dcf,0.08,0.08,15.0,51.05986664828169,67.109765625,50.68148272809211,36.145119432132134,321.98235569046903,upside>300%
NEW,Healthcare,92.75,4.68,-0.22949126835099232,52209954.25,fcfe,,,10000000.0,,,101280504.08,-25465068.099999998,,eps_dcf,0.08,0.08,15.0,22.852054955629722,31.18953885479125,22.4727848858912,15.652381265683761,-75.36166581603264,
NEX,Industrials,0.9700000286102295,0.010000000000000002,1.7763568394002505e-15,-68617519.0,fcfe,,,6197667839.0,,,-1199068217.0,-120040000.0,219750000.0,eps_dcf,0.08,0.08,15.0,0.14376039294282722,0.19364915849813438,0.14201457992584487,0.09910906643846713,-85.17934137086569,
NFC,Basic Materials,1.2300000190734863,0.22789999999999996,-0.3,251670162.0,fcfe,,,1087833099.0,,,937355965.0,5223727000.0,0.0,eps_dcf,0.08,0.08,15.0,0.8072971893357468,1.0600230744705925,0.7628221358580654,0.6879964646339456,-34.36608318560401,
NKI,Financial Services,18.0,1.0363889999999998,-0.3,,fcfe,,,49999507.0,,,,-175334958.0,,eps_dcf,0.08,0.08,15.0,3.6712326755528095,4.820518886035556,3.468979686528321,3.1287054321435286,-79.6042629135955,
NKT,Healthcare,3.7200000286102295,0.22999999999999998,0.3,-567327240.0,fcfe,,,535000000.0,,,339599386.0,160194000.0,50.0,eps_dcf,0.1,0.09340000000000001,15.0,10.095590563506416,13.681100769094751,9.905387982688712,7.080688100371187,171.3868410177962,
NL,Industrials,0.6000000238418579,-0.12,0.3,27864185.410000008,fcfe,,,500000000.0,,,-15399573.559999999,-141814944.6,11.72,eps_dcf,0.08,0.08,15.0,,,,,,eps<=0_block|no_intrinsic
NNCL,Utilities,1.7200000286102295,0.27,-0.3,571994159.0,fcfe,,,2048254862.0,,,853596935.0,-361893000.0,0.0,eps_dcf,0.08,0.08,15.0,0.9564293160186561,1.2558412905092593,0.9037383794720388,0.8150901511679041,-44.393645342468,
NOBLE,Real Estate,1.4299999475479126,0.18999999999999997,0.3,1902045000.0,fcfe,,,1369413691.0,,,992933023.0,11891344000.0,-271000.0,eps_dcf,0.08,0.08,15.0,8.982754317753262,11.80634765625,8.916186776238426,6.358863603801023,528.1646606460656,upside>300%
NOVA,Energy,5.599999904632568,-0.2999999999999999,0.3,328550479.0,fcfe,,,117231224.0,,,412866976.0,2468849168.0,2676.0,eps_dcf,0.08,0.08,15.0,,,,,,eps<=0_block|no_intrinsic
NPK,Consumer Cyclical,13.0,2.06,0.3,34919413.0,fcfe,,,10000000.0,,,22135587.0,-56975414.0,9579615.0,eps_dcf,0.08,0.08,15.0,97.39196786616694,128.0056640625,96.67023557395348,68.94346854647425,649.1689835858996,upside>300%
NRF,Consumer Defensive,0.20999999344348907,-0.14,-0.3,-100805953.0,fcfe,,,1503827271.0,,,-77015853.0,1938899000.0,-111209000.0,eps_dcf,0.08,0.08,15.0,,,,,,eps<=0_block|no_intrinsic
NSL,Consumer Defensive,21.899999618530273,2.01,0.1214483539422877,-113358534.0,fcfe,,,300000000.0,,,904504826.0,405723486.0,23637217.0,eps_dcf,0.08,0.08,15.0,48.14741312174495,64.2129921237676,47.664984855561364,33.52911891827303,119.85120529867916,
NTF,Consumer Defensive,12.899999618530273,2.328844,-0.3,-246575932.0,fcfe,,,200000000.0,,,453688481.0,333640401.0,15.0,eps_dcf,0.1,0.09120000000000002,15.0,7.787426207405463,10.450932496072097,7.295678518034656,6.599162986851255,-39.632353196203404,
NTSC,Basic Materials,7.25,0.99,-0.1711098810643331,37698414.0,fcfe,,,133333016.0,,,179338909.0,-146121000.0,7000.0,eps_dcf,0.08,0.08,15.0,6.452046812996755,8.789074895192119,6.352174560062451,4.414635489604307,-11.006250855217168,
NTV,Healthcare,19.0,1.33,0.3,202897885.0,fcfe,,,160000000.0,,,469495200.0,-1061686000.0,,eps_dcf,0.08,0.08,15.0,62.87928022427282,82.64443359375002,62.413307433668976,44.512045226607164,230.9435801277517,
NUT,Consumer Defensive,4.860000133514404,0.5,0.3,63547902.70999999,fcfe,,,117769500.0,,,109579030.1,-281354783.04,,eps_dcf,0.1,0.09120000000000002,15.0,21.946936007622647,29.74152341107555,21.533452136279813,15.392800218198232,351.5830330184002,upside>300%
NV,Consumer Defensive,0.5299999713897705,-0.1,0.3,-78500716.0,fcfe,,,575984100.0,,,-5930885.0,-16673000.0,437000.0,eps_dcf,0.08,0.08,15.0,,,,,,eps<=0_block|no_intrinsic
NVD,Real Estate,0.75,0.011996999999999997,-4.440892098500626e-16,,fcfe,,,1851901547.0,,,393578019.0,8366674295.0,122256.0,eps_dcf,0.08,0.08,15.0,0.1724693434135081,0.23232089545020954,0.17037489153703442,0.11890114700622781,-77.0040875448656,
NWR,Industrials,0.03999999910593033,-0.2799,0.3,17285740.0,fcfe,,,2585481515.0,,,-998258586.0,5459815000.0,359288000.0,eps_dcf,0.08,0.08,15.0,,,,,,eps<=0_block|no_intrinsic
NYT,Industrials,3.880000114440918,0.35000000000000003,-0.17346432272600865,1190581967.0,fcfe,,,1240000000.0,,,1474688763.0,2536400000.0,-204793000.0,eps_dcf,0.08,0.08,15.0,2.255017788870698,3.0721388756691415,2.2200077938661615,1.542926687085864,-41.88098653714521,
OCC,Consumer Defensive,9.800000190734863,-0.013799999999999993,0.3,-34536000.0,fcfe,,,60000000.0,,,25708000.0,-32803000.0,,eps_dcf,0.08,0.08,15.0,,,,,,eps<=0_block|no_intrinsic
OGC,Consumer Cyclical,8.800000190734863,-5.659999999999999,0.3,66409000.0,fcfe,,,21330715.0,,,149278000.0,1473040000.0,,eps_dcf,0.08,0.08,15.0,,,,,,eps<=0_block|no_intrinsic
OHTL,Consumer Cyclical,280.0,11.659999999999998,0.3,403171917.0,fcfe,,,15097800.0,,,845783486.0,1506516491.0,,eps_dcf,0.08,0.08,15.0,551.2574491842263,724.5369140624998,547.1723042681053,390.2334190543154,96.87766042293796,
OKJ,Consumer Defensive,3.180000066757202,-0.019999999999999997,0.3,-172379220.0,fcfe,,,609000000.0,,,198999312.0,128856332.0,,eps_dcf,0.1,0.09120000000000002,15.0,,,,,,eps<=0_block|no_intrinsic
ONEE,Communication Services,2.9200000762939453,0.176,-0.3,1400483369.0,fcfe,,,2381250000.0,,,2038698297.0,-1424052000.0,-672000.0,eps_dcf,0.08,0.08,15.0,0.6234502208121608,0.8186224708504799,0.58910353624844,0.5313180244650041,-78.64896559854061,
ONSENS,Consumer Cyclical,0.9800000190734863,0.04,0.0,45323000.0,fcfe,,,300000000.0,,,80962000.0,373825000.0,,eps_dcf,0.1,0.08900000000000001,15.0,0.5365727706823189,0.743086685267622,0.5241842646118309,0.3672243743084803,-45.24767752661815,
OR,Energy,12.300000190734863,0.46,0.3,-21175568176.0,fcfe,,,12000000000.0,,,15371290161.0,10823489075.0,66451770.0,eps_dcf,0.08,0.08,15.0,21.747720979823683,28.583789062500003,21.586557458261453,15.39514346183406,76.81073693157695,
ORI,Real Estate,1.7799999713897705,0.30879999999999996,0.3,1690659404.0,fcfe,,,2454122453.0,,,1892860391.0,30925363000.0,1591363000.0,eps_dcf,0.08,0.08,15.0,14.599339649064245,19.188421875,14.491149876328556,10.334826741335556,720.1876339169556,upside>300%
ORN,Real Estate,0.7799999713897705,0.1309,-0.3,-34337700.0,fcfe,,,1500000000.0,,,363765048.0,1718105485.0,2247464.0,eps_dcf,0.08,0.08,15.0,0.46369110172904465,0.6088504626950443,0.4381457550847774,0.3951677806958468,-40.55242067472647,
OSP,Consumer Defensive,16.200000762939453,1.33,0.058379050395668264,6984761111.0,fcfe,,,3003750000.0,,,5977934365.0,-4459563000.0,383532000.0,eps_dcf,0.08,0.08,15.0,24.564935807943485,32.933832857550925,24.292550126307688,17.013195803243427,51.635399080599996,
PACO,Consumer Cyclical,1.4600000381469727,0.112,0.3,198382189.0,fcfe,,,1000000122.0,,,156833939.0,-9456000.0,,eps_dcf,0.08,0.08,15.0,5.295097282044027,6.9595312499999995,5.255857468098441,3.7483827559248146,262.67788655434197,
PAF,Consumer Cyclical,0.8899999856948853,0.081,-4.440892098500626e-16,101959377.0,fcfe,,,540000000.0,,,82395604.0,36372000.0,40712000.0,eps_dcf,0.08,0.08,15.0,1.164459182836889,1.5685581838348734,1.150318097399332,0.8027834381515757,30.838112534093398,
PANEL,Industrials,1.159999966621399,0.066,0.3,-56605552.0,fcfe,,,190000000.0,,,17572215.0,-9529451.0,,eps_dcf,0.08,0.08,15.0,3.1203251840616586,4.101152343750001,3.0972017222722945,2.208868409741408,168.99355809034012,
PAP,Basic Materials,3.2200000286102295,0.7100000000000001,-0.3,851341844.0,fcfe,,,660000000.0,,,582333537.0,1181262000.0,,eps_dcf,0.08,0.08,15.0,2.515054868049058,3.3023974676354593,2.376497220093139,2.1433852123304145,-21.892706655205522,
PATO,Basic Materials,6.199999809265137,0.49,0.10204855468873242,62374783.0,fcfe,,,142372000.0,,,84926478.0,-11435220.0,,eps_dcf,0.08,0.08,15.0,10.847899321045237,14.491014113709715,10.735729086566813,7.541295231816028,74.96612346397795,
PB,Consumer Defensive,46.75,2.56,0.23515039780905855,533302382.0,fcfe,,,450000000.0,,,1851756657.0,-548879000.0,200.0,eps_dcf,0.08,0.08,15.0,95.41424580324143,126.05956023858836,94.6233471997598,67.14162717833935,104.09464342939343,
PCC,Industrials,3.2200000286102295,0.405,0.08597385736159313,549911281.0,fcfe,,,1226619100.0,,,661364698.0,197775000.0,137980000.0,eps_dcf,0.1,0.08900000000000001,15.0,7.816449698489153,10.760834253282848,7.646281213914379,5.382570597419782,142.74688288940104,
PCE,Consumer Defensive,2.3399999141693115,0.163,-0.3,-821122897.0,fcfe,,,2750000000.0,,,666700319.0,1976243000.0,0.0,eps_dcf,0.1,0.09120000000000002,15.0,0.5450560328674185,0.7314796512174071,0.5106377234540609,0.4618873427575032,-76.7070062880361,
PCSGH,Consumer Cyclical,2.9000000953674316,0.295,0.3,791071180.0,fcfe,,,1450000000.0,,,715707566.0,54292000.0,,eps_dcf,0.08,0.08,15.0,13.946908019669534,18.330908203124995,13.843553152580714,9.872972437480534,380.92784693175855,upside>300%
PDG,Consumer Cyclical,3.240000009536743,0.263976,0.12293988936914024,85608422.0,fcfe,,,296999929.0,,,132134467.0,-259043000.0,,eps_dcf,0.08,0.08,15.0,6.361428060918635,8.483019703976053,6.297842504175902,4.430593088089412,96.34037167265919,
PDJ,Consumer Cyclical,1.559999942779541,-0.3851,-0.3,204335591.0,fcfe,,,592928784.0,,,-84131960.0,712419000.0,12463000.0,eps_dcf,0.08,0.08,15.0,,,,,,eps<=0_block|no_intrinsic
PEACE,Real Estate,1.4700000286102295,0.03599999999999999,-0.3,173498204.0,fcfe,,,503997673.0,,,86176334.0,1370147000.0,,eps_dcf,0.08,0.08,15.0,0.12752390880248743,0.16744550540123448,0.1204984505962718,0.10867868682238718,-91.32490433193723,
PEER,Industrials,0.09000000357627869,-0.23099999999999998,-0.3,-34822000.0,fcfe,,,1054926479.0,,,-224729000.0,17477000.0,0.0,eps_dcf,0.08,0.08,15.0,,,,,,eps<=0_block|no_intrinsic
PERM,Basic Materials,0.27000001072883606,-0.12000000000000001,-0.3,20568812.0,fcfe,,,766658697.0,,,116655617.0,3081882000.0,6248000.0,eps_dcf,0.08,0.08,15.0,,,,,,eps<=0_block|no_intrinsic
PF,Real Estate,0.03999999910593033,-0.195,0.3,83098000.0,fcfe,,,10011080604.0,,,1770145570000.0,24481794000.0,479201000.0,eps_dcf,0.08,0.08,15.0,,,,,,eps<=0_block|no_intrinsic
PG,Consumer Cyclical,6.5,0.07999999999999999,0.3,-29689609.0,fcfe,,,96000000.0,,,57333934.0,6720000.0,,eps_dcf,0.08,0.08,15.0,3.782212344317162,4.971093749999999,3.7541839057845996,2.6774162542320097,-41.81211777973598,
PHAT,Consumer Defensive,1.5800000429153442,0.11,0.0,,fcfe,,,471431600.0,,,,,,eps_dcf,0.1,0.09120000000000002,15.0,1.475575119376377,2.04348838448596,1.4415067276825348,1.009867029348321,-6.609172196368237,
PHG,Healthcare,10.199999809265137,0.8600000000000001,0.3,199667897.0,fcfe,,,300000000.0,,,396659979.0,-505859000.0,0.0,eps_dcf,0.08,0.08,15.0,40.65878270140949,53.43925781250001,40.357476987184455,28.78222473299411,298.6155241343948,
PHOL,Industrials,3.259999990463257,0.36000000000000004,-0.20862617646399684,76787291.30999999,fcfe,,,202500232.0,,,106161829.66,16352000.0,121000.0,eps_dcf,0.08,0.08,15.0,1.9509029869922179,2.6612914223347293,1.9192871619860372,1.3353620266682489,-40.15634991719776,
PICO,Communication Services,4.199999809265137,-0.18000000000000002,0.3,12341611.0,fcfe,,,215294559.0,,,34842182.0,-194765643.0,3222972.0,eps_dcf,0.08,0.08,15.0,,,,,,eps<=0_block|no_intrinsic
PIMO,Industrials,1.2999999523162842,0.13,-0.3,121388082.0,fcfe,,,724235181.0,,,162251331.0,-108214983.0,,eps_dcf,0.08,0.08,15.0,0.4605030040089825,0.6046643250600136,0.43513329381987054,0.39245081352528716,-64.5766906999898,
PIN,Real Estate,4.239999771118164,0.44999999999999996,-0.15065344000000047,-22888531.0,fcfe,,,1160000000.0,,,834300387.0,2797732000.0,1000.0,eps_dcf,0.08,0.08,15.0,3.2379267844789403,4.40641665525661,3.1891133737052977,2.2158771460221978,-23.633798130488085,
PIS,Technology,5.849999904632568,0.6000000000000001,-0.07864892402186907,-525809188.0,fcfe,,,540000000.0,,,488021795.0,1602199669.0,-1.0,eps_dcf,0.1,0.09340000000000001,15.0,5.666747300605049,7.883966647340573,5.528990906785709,3.8627971353275488,-3.132523196836342,
PJW,Consumer Cyclical,2.0399999618530273,0.223,0.3,123762199.5,fcfe,,,579134229.0,,,477544505.01,1538578000.0,11756000.0,eps_dcf,0.08,0.08,15.0,10.54291690978409,13.856923828125,10.464787637374572,7.463297808671728,416.80966210447696,upside>300%
PK,Industrials,0.49000000953674316,-0.209244,0.3,55008156.0,fcfe,,,520756281.0,,,23369293.0,541786000.0,20190000.0,eps_dcf,0.08,0.08,15.0,,,,,,eps<=0_block|no_intrinsic
PL,Industrials,1.3600000143051147,0.12000000000000001,0.3,860873381.0,fcfe,,,596509825.0,,,1495871743.0,8051211000.0,,eps_dcf,0.08,0.08,15.0,5.673318516475744,7.456640625000001,5.631275858676902,4.016124381348016,317.15576888243623,upside>300%
PLANB,Communication Services,6.050000190734863,0.22999999999999998,-0.20438004877305294,3490762556.0,fcfe,,,4600279515.0,,,4610059978.0,3025027000.0,967151000.0,eps_dcf,0.08,0.08,15.0,1.2729497464309698,1.7362462355652353,1.2524236833767197,0.8712314464594537,-78.95950898678647,
PLANET,Technology,0.5,-0.18000000000000002,0.3,54356831.0,fcfe,,,659289102.0,,,-4408429.0,267528000.0,1230000.0,eps_dcf,0.1195,0.109975,15.0,,,,,,eps<=0_block|no_intrinsic
PLAT,Real Estate,1.3799999952316284,0.17,-0.3,745213169.0,fcfe,,,2851376147.0,,,1512794280.0,2844564000.0,,eps_dcf,0.08,0.08,15.0,0.6021962360117463,0.7907148866169408,0.5690204611490615,0.5132049099946062,-56.36259144256955,
PLE,Industrials,0.05999999865889549,-0.11600000000000002,0.3,61339866.13999998,fcfe,,,2200795276.0,,,73675900.47,5816966923.18,-9646203.09,eps_dcf,0.08,0.08,15.0,,,,,,eps<=0_block|no_intrinsic
PLT,Energy,0.5299999713897705,0.07,-0.22752380371093783,210056308.43,fcfe,,,960000000.0,,,313621887.63,558113462.4200001,480.75,eps_dcf,0.08,0.08,15.0,0.3451953072540152,0.47111942012269126,0.33947872738272106,0.2364209339992216,-34.868806436188834,
PLUS,Consumer Defensive,1.1699999570846558,-0.04800000000000001,-0.3,-319311154.0,fcfe,,,670000000.0,,,70217592.0,435011957.0,,eps_dcf,0.08,0.08,15.0,,,,,,eps<=0_block|no_intrinsic
PM,Consumer Defensive,10.899999618530273,0.96,0.3,356616736.0,fcfe,,,558120000.0,,,745578712.0,412504000.0,-40513000.0,eps_dcf,0.08,0.08,15.0,45.38654813180595,59.65312500000001,45.05020686941521,32.12899505078411,316.3903644055884,upside>300%
PMC,Consumer Cyclical,0.9800000190734863,0.162381,-0.09631210937500012,77793000.0,fcfe,,,415655478.0,,,126078000.0,118711000.0,0.0,eps_dcf,0.1,0.08900000000000001,15.0,1.4140161915144938,1.9689740996738414,1.37926160448262,0.9633220444507671,44.287363672843185,
PMTA,Basic Materials,8.350000381469727,1.03,0.3,-468147849.0,fcfe,,,101200000.0,,,216086181.0,328154000.0,,eps_dcf,0.08,0.08,15.0,48.69598393308347,64.00283203125,48.33511778697674,34.471734273237125,483.18540968152905,upside>300%
POLY,Industrials,7.25,0.6,-0.07567456077270873,276799802.0,fcfe,,,450000000.0,,,422252458.0,-165591288.0,,eps_dcf,0.08,0.08,15.0,6.142932829785251,8.321551669256856,6.059438384823736,4.214797325198197,-15.269892002962052,
PORT,Industrials,0.7599999904632568,0.025,1.7763568394002505e-15,250745175.0,fcfe,,,607202667.0,,,318694195.0,1364162167.0,0.0,eps_dcf,0.08,0.08,15.0,0.35940098235706813,0.4841228962453359,0.35503644981461224,0.24777266609616783,-52.71039646487419,
POWER,Energy,0.41999998688697815,-0.0358,-0.3,167882497.0,fcfe,,,3464679949.0,,,-2894537610.0,446004000.0,-564000.0,eps_dcf,0.1,0.08679999999999999,15.0,,,,,,eps<=0_block|no_intrinsic
PPM,Industrials,2.0999999046325684,0.2511,-0.3,-37120590.280000016,fcfe,,,422000713.0,,,278627885.33,619403000.0,-136000.0,eps_dcf,0.08,0.08,15.0,0.88947926389735,1.1679324001736109,0.8404766929089961,0.7580338405861508,-57.64384265279384,
PPP,Industrials,0.7099999785423279,-0.44,0.3,83396012.0,fcfe,,,300000000.0,,,-102217973.0,154847000.0,150156000.0,eps_dcf,0.08,0.08,15.0,,,,,,eps<=0_block|no_intrinsic
PPPM,Consumer Defensive,0.3799999952316284,-0.133,0.3,-16207279.0,fcfe,,,933150915.0,,,-184986736.0,122961059.0,0.0,eps_dcf,0.08,0.08,15.0,,,,,,eps<=0_block|no_intrinsic
PPS,Industrials,0.17000000178813934,-0.021779,-0.3,24079946.0,fcfe,,,859855142.0,,,31926230.0,158388348.0,2598649.0,eps_dcf,0.08,0.08,15.0,,,,,,eps<=0_block|no_intrinsic
PQS,Consumer Defensive,1.4199999570846558,-0.18,0.3,91599058.0,fcfe,,,670000000.0,,,76933074.0,298677089.0,4870721.0,eps_dcf,0.08,0.08,15.0,,,,,,eps<=0_block|no_intrinsic
PR9,Healthcare,19.600000381469727,0.97,0.06720393510224398,273884889.0,fcfe,,,786300000.0,,,1325339799.0,-1002848000.0,,eps_dcf,0.08,0.08,15.0,18.59182325135882,24.907628766200574,18.38853543035707,12.88588119952232,-5.143760767801096,
PRAKIT,Communication Services,10.100000381469727,-0.8300000000000001,0.3,92205232.0,fcfe,,,60450262.0,,,75544782.0,-103426387.0,2099300.0,eps_dcf,0.08,0.08,15.0,,,,,,eps<=0_block|no_intrinsic
PRAPAT,Basic Materials,0.8500000238418579,0.08,-0.3,6200057.0,fcfe,,,427854836.0,,,202035351.0,502269000.0,20823000.0,eps_dcf,0.08,0.08,15.0,0.2833864640055277,0.3721011231138545,0.26777433465838185,0.24150819293863823,-66.6604169344998,
PREB,Industrials,3.4200000762939453,0.424,-0.19261507340419448,420071075.37,fcfe,,,308676462.0,,,413185285.1100001,622020905.59,767.13,eps_dcf,0.08,0.08,15.0,2.4871126038791216,3.390947568193339,2.4475710431211435,1.701902321838838,-27.277410865608502,
PRECHA,Real Estate,0.41999998688697815,-0.16,0.3,-19218877.71,fcfe,,,336000000.0,,,-85145882.28999999,190404000.0,,eps_dcf,0.08,0.08,15.0,,,,,,eps<=0_block|no_intrinsic
PRG,Consumer Defensive,11.800000190734863,1.2570000000000001,-0.3,-42795587.0,fcfe,,,764497914.0,,,735671495.0,326755000.0,,eps_dcf,0.08,0.08,15.0,4.4527098156868545,5.846638896926439,4.207404233319826,3.794697481548354,-62.26517166344592,
PRI,Real Estate,3.4800000190734863,0.556,0.3,-239166937.0,fcfe,,,320000000.0,,,272559286.0,-106059000.0,32969000.0,eps_dcf,0.08,0.08,15.0,26.28637579300428,34.549101562500006,26.091578145202973,18.60804296691247,655.3556220957364,upside>300%
PRIME,Utilities,0.05000000074505806,0.010000000000000005,-0.3,196052000.0,fcfe,,,4254485515.0,,,469674000.0,2978011000.0,184832000.0,eps_dcf,0.08,0.08,15.0,0.035423308000690976,0.046512640389231835,0.03347179183229775,0.0301885241173298,-29.153385054314878,
PRIN,Real Estate,1.340000033378601,0.05,-0.3,555603202.0,fcfe,,,1220011755.0,,,238187640.0,5261407895.0,-97231.0,eps_dcf,0.08,0.08,15.0,0.1771165400034548,0.2325632019461591,0.16735895916148869,0.15094262058664892,-86.78234809018002,
PRINC,Healthcare,1.7000000476837158,-0.125,0.1309823989868173,-764359822.0,fcfe,,,3808570502.0,,,496387676.0,5051467765.0,981960773.0,eps_dcf,0.08,0.08,15.0,,,,,,eps<=0_block|no_intrinsic
PRM,Energy,10.100000381469727,0.98,0.06347268935137218,1419980000.0,fcfe,,,2167327500.0,,,4482839000.0,6137374000.0,442132000.0,eps_dcf,0.08,0.08,15.0,18.492108811895555,24.781677052535112,18.288709504325478,12.812738493966235,83.09017934120742,
PROEN,Communication Services,0.8600000143051147,0.0,0.3,-57044692.0,fcfe,,,392568069.0,,,2815571.0,30806380.0,450.0,eps_dcf,0.08,0.08,15.0,,,,,,eps<=0_block|no_intrinsic
PROS,Industrials,0.1599999964237213,-0.089,0.3,45006125.0,fcfe,,,600000000.0,,,-162102847.0,105471000.0,-5610000.0,eps_dcf,0.08,0.08,15.0,,,,,,eps<=0_block|no_intrinsic
PROSPECT,Real Estate,9.199999809265137,0.895599,-0.3,,fcfe,,,668898591.0,,,940724608.0,3941547000.0,,eps_dcf,0.08,0.08,15.0,3.172507922211082,4.165667421995562,2.9977303293214015,2.7036812010956432,-65.51621752191656,
PROUD,Real Estate,1.159999966621399,0.247,-0.3,1820020021.0,fcfe,,,974014010.0,,,497278205.0,2014562000.0,,eps_dcf,0.08,0.08,15.0,0.8749557076170666,1.1488622176140257,0.8267532582577539,0.7456565456980455,-24.572781655722675,
PRTR,Industrials,3.299999952316284,0.37,0.13695457029616787,82184008.0,fcfe,,,600000000.0,,,284694315.0,-260897843.0,4594056.0,eps_dcf,0.08,0.08,15.0,9.432360128338846,12.563423639362124,9.34021549985585,6.577730502764554,185.82909892826612,
PSGC,Industrials,5.800000190734863,0.31195,-0.3,-1204982753.0,fcfe,,,2225768430.0,,,1282252364.0,868925000.0,435955000.0,eps_dcf,0.08,0.08,15.0,1.1050300930815546,1.4509618169420864,1.0441525462085277,0.9417310098401026,-80.94775764237438,
PSH,Real Estate,3.799999952316284,0.17,-0.3,4448163343.0,fcfe,,,2189000000.0,,,1409923170.0,9463109000.0,1651797000.0,eps_dcf,0.08,0.08,15.0,0.6021962360117463,0.7907148866169408,0.5690204611490615,0.5132049099946062,-84.15273043241281,
PSL,Industrials,10.5,0.3053,-0.3,-4384470531.0,fcfe,,,1484704462.0,,,3320361648.0,11864250000.0,46000.0,eps_dcf,0.08357500000000001,0.08,15.0,1.0720621844720852,1.4200309110832474,1.009711717980284,0.9111448573363266,-89.78988395740872,
PSP,Basic Materials,7.849999904632568,0.9100000000000001,-0.3,628176910.0,fcfe,,,1400000000.0,,,1656462765.0,2130419236.0,36564.0,eps_dcf,0.08,0.08,15.0,3.2235210280628777,4.232650275420095,3.045933056739094,2.7471556946770104,-58.93603736019713,
PT,Technology,11.399999618530273,0.8357,0.03901983672282472,382846046.0,fcfe,,,283888942.0,,,362787592.0,47375000.0,,eps_dcf,0.08,0.08,15.0,14.219784304781012,19.094517316435372,14.05722897952597,9.832717268891779,24.734954215851758,
PTC,Energy,0.6000000238418579,0.005,0.3,,fcfe,,,410000000.0,,,28835625.97,-50583740.800000004,1924366.43,eps_dcf,0.08,0.08,15.0,0.23638827151982264,0.310693359375,0.23463649411153753,0.1673385158895006,-60.60195631223382,
PTG,Consumer Cyclical,8.199999809265137,0.227022,0.3,588454353.0,fcfe,,,1670000000.0,,,6635463042.0,27929118000.0,1110749000.0,eps_dcf,0.08,0.08,15.0,10.733067635394635,14.106845566406252,10.653529233237894,7.597904910853242,30.89107176889685,
PTL,Basic Materials,14.399999618530273,0.30600000000000005,-0.3,438411614.0,fcfe,,,900000000.0,,,2090780492.0,1579799000.0,351872000.0,eps_dcf,0.08,0.08,15.0,1.0839532248211436,1.4232867959104936,1.024236830068311,0.9237688379902915,-92.47254685044376,
PTT,Energy,42.0,4.21,-0.3,83603190860.0,fcfe,,,28324335850.0,,,468054089686.0,662412256878.0,586076886578.0,eps_dcf,0.08,0.08,15.0,14.913212668290893,19.581821603866594,14.091624361397344,12.709368653395837,-64.49235078978359,
PTTEP,Energy,153.5,17.41,-0.3,29668684000.0,fcfe,,,3969985400.0,,,231232372000.0,61724829000.0,255904000.0,eps_dcf,0.08,0.08,15.0,61.67197922920296,80.9785069176526,58.27438958003036,52.55822048827115,-59.822814834395466,
PTTGC,Basic Materials,49.0,1.4299999999999997,0.3,55288316814.0,fcfe,,,4508849117.0,,,41052163856.0,122163520501.0,4908058310.0,eps_dcf,0.08,0.08,15.0,67.60704565466925,88.85830078124997,67.10603731589971,47.85881554439716,37.97356256054949,
PYLON,Industrials,3.799999952316284,0.370989,-0.3,239348109.0,fcfe,,,749873396.0,,,418226978.0,60642017.0,0.0,eps_dcf,0.08,0.08,15.0,1.314165761186834,1.7255677945360721,1.2417666580072306,1.119961037376406,-65.41669006111997,
Q-CON,Industrials,6.050000190734863,0.44,0.3,,fcfe,,,400000000.0,,,359409951.0,-376769000.0,,eps_dcf,0.08,0.08,15.0,20.802167893744397,27.341015624999997,20.648011481815306,14.725789398276055,243.83747500704888,
QDC,Consumer Cyclical,0.05999999865889549,-0.448039,-0.3,,fcfe,,,371901758.0,,,-5110490.0,561764000.0,,eps_dcf,0.08,0.08,15.0,,,,,,eps<=0_block|no_intrinsic
QH,Real Estate,1.399999976158142,0.15324200000000002,-0.10118045057972269,4346771141.0,fcfe,,,10606634445.0,,,2513775237.0,6371836000.0,,eps_dcf,0.08,0.08,15.0,1.3940767377104162,1.8917129969474233,1.3744282407143529,0.9553859694615988,-0.4230884677570043,
QHBREIT,Real Estate,3.6600000858306885,-0.08323199999999999,0.3,,fcfe,,,797000000.0,,,655141837.0,410789000.0,,eps_dcf,0.08,0.08,15.0,,,,,,eps<=0_block|no_intrinsic
QHHRREIT,Real Estate,8.25,1.639687,0.14180327094150114,,fcfe,,,405000000.0,,,335558374.0,2271586000.0,,eps_dcf,0.1,0.08460000000000001,15.0,39.650304566704065,54.36367780590943,38.819609836507745,27.429015518087645,380.60975232368565,upside>300%
QHOP,Real Estate,3.359999895095825,0.35385300000000003,-0.3,,fcfe,,,191300000.0,,,83601304.0,-2112000.0,,eps_dcf,0.1,0.08460000000000001,15.0,1.1832497693143234,1.5879525706885476,1.1085318426833732,1.0027007478329497,-64.78423195663291,
QLT,Industrials,1.9199999570846558,-0.077,0.3,10123704.91,fcfe,,,98568485.0,,,21551889.68,-49370910.04,4552.72,eps_dcf,0.08,0.08,15.0,,,,,,eps<=0_block|no_intrinsic
QTC,Industrials,5.099999904632568,0.10743899999999998,-0.3,-334525499.0,fcfe,,,341092557.0,,,208040615.0,268565000.0,7135000.0,eps_dcf,0.08,0.08,15.0,0.38058447882862345,0.4997271570778675,0.3596175842670235,0.32434248426417933,-92.53755909911055,
QTCG,Industrials,0.15000000596046448,-0.041954,0.3,-49919751.0,fcfe,,,2851688500.0,,,-35665989.0,127533000.0,574000.0,eps_dcf,0.08,0.08,15.0,,,,,,eps<=0_block|no_intrinsic
RABBIT,Industrials,0.33000001311302185,0.0385,-0.3,-1017670359.0,fcfe,,,7484282875.0,,,3771388600.0,14287005000.0,767222000.0,eps_dcf,0.08,0.08,15.0,0.1363797358026602,0.17907366549854248,0.12886639855434628,0.11622581785171966,-58.672808974722244,
RAM,Healthcare,17.600000381469727,0.94,0.0329190684396472,1122690720.0,fcfe,,,1200000000.0,,,6339646973.0,14970318000.0,17850469000.0,eps_dcf,0.08,0.08,15.0,15.58294562149088,20.93537524171156,15.403099332160739,10.77005486926063,-11.460538160570241,
RATCH,Utilities,38.0,3.1500000000000004,0.12987427179600375,12158931843.0,fcfe,,,2174999985.0,,,15291937556.0,101509343000.0,13711600000.0,eps_dcf,0.08,0.08,15.0,78.0577908896065,104.03048462134281,77.28635089357235,54.399417145972606,105.41523918317499,
RBF,Consumer Defensive,5.050000190734863,0.22000000000000003,-0.3,362715590.0,fcfe,,,581590838.0,,,823434802.0,-476571415.0,165266449.0,eps_dcf,0.08,0.08,15.0,0.7793127760152012,1.0232780885630999,0.7363794203105503,0.6641475305812552,-84.56806442413624,
RCL,Industrials,42.25,9.61,0.09945478894675097,4446721825.0,fcfe,,,828750000.0,,,12925806651.0,7049050000.0,-2315000.0,eps_dcf,0.08,0.08,15.0,210.5053380620276,281.2614174620719,208.31951883150236,146.3067163535589,398.2374865373434,upside>300%
READY,Technology,3.0,0.22000000000000003,0.3,26809853.0,fcfe,,,119999977.0,,,77797410.0,-130461394.0,,eps_dcf,0.08,0.08,15.0,10.401083946872198,13.670507812499999,10.324005740907653,7.362894699138027,246.70279822907327,
RICHY,Real Estate,0.15000000596046448,-0.11499999999999999,0.3,452493890.0,fcfe,,,1628322777.0,,,168430020.0,3048060185.0,,eps_dcf,0.08,0.08,15.0,,,,,,eps<=0_block|no_intrinsic
RJH,Healthcare,15.199999809265137,1.18,-0.3,308695504.03000003,fcfe,,,293478500.0,,,592940670.61,1359648913.23,287496540.35,eps_dcf,0.08,0.08,15.0,4.179950344081534,5.488491565929355,3.9496714362111325,3.5622458458449144,-72.5003263385987,
RML,Real Estate,0.09000000357627869,-0.15049999999999997,0.3,-70644297.0,fcfe,,,5795220780.0,,,-434510336.0,3168296000.0,6790000.0,eps_dcf,0.08,0.08,15.0,,,,,,eps<=0_block|no_intrinsic
ROCK,Consumer Cyclical,10.699999809265137,1.4348109999999998,-0.3,37190357.0,fcfe,,,20000000.0,,,103286727.0,155809475.0,0.0,eps_dcf,0.08,0.08,15.0,5.082575197577938,6.673684806951408,4.802569511069093,4.331482647731005,-52.49929637216504,
ROCTEC,Technology,0.6100000143051147,0.06,-4.440892098500626e-16,665058028.0,fcfe,,,8117976744.0,,,818429214.0,-1335659000.0,294220000.0,eps_dcf,0.1,0.09340000000000001,15.0,0.8048591560234768,1.1146300279014307,0.7862763969177446,0.5508365614627193,31.944120844052282,
ROH,Consumer Cyclical,1.2100000381469727,-0.28,0.3,329428124.0,fcfe,,,938917233.0,,,-746780570.0,4749296000.0,,eps_dcf,0.08,0.08,15.0,,,,,,eps<=0_block|no_intrinsic
ROJNA,Utilities,5.75,1.617,-0.3,1044097365.0,fcfe,,,2020461863.0,,,6786416947.0,13798057000.0,2872506000.0,eps_dcf,0.08,0.08,15.0,5.727948903711729,7.521093950938785,5.4123887392825445,4.881484349772226,-0.38349732675253834,
RP,Industrials,0.5899999737739563,-0.07,0.0,98469861.99000001,fcfe,,,200811609.0,,,131777208.57,438396000.0,,eps_dcf,0.08,0.08,15.0,,,,,,eps<=0_block|no_intrinsic
RPC,Consumer Cyclical,0.4300000071525574,0.0211,0.3,205309144.0,fcfe,,,1304664125.0,,,326279735.0,1504746000.0,1537359000.0,eps_dcf,0.08,0.08,15.0,0.9975585058136515,1.3111259765625003,0.9901660051506882,0.7061685370536925,131.99034633032764,
RPH,Healthcare,4.900000095367432,0.29000000000000004,0.3,50653310.0,fcfe,,,530398500.0,,,281613756.0,-179509000.0,,eps_dcf,0.08,0.08,15.0,13.710519748149713,18.02021484375,13.608916658469173,9.705633921591037,179.80652002664124,
RS,Communication Services,0.12999999523162842,-0.38589999999999997,-0.18212628678733989,-118433395.0,fcfe,,,2182218261.0,,,140954290.0,3987152000.0,45052000.0,eps_dcf,0.08,0.08,15.0,,,,,,eps<=0_block|no_intrinsic
RSP,Consumer Cyclical,1.0499999523162842,0.052000000000000005,-0.3,217237537.0,fcfe,,,743000000.0,,,231355343.0,2531000.0,-9566000.0,eps_dcf,0.08,0.08,15.0,0.18420120160359302,0.24186573002400552,0.17405331752794823,0.15698032541011486,-82.45702762202532,
RT,Industrials,0.2800000011920929,0.06269999999999999,0.3,651935766.0,fcfe,,,1477355692.0,,,498465985.0,2318802000.0,-178000.0,eps_dcf,0.08,0.08,15.0,2.964308924858576,3.8960947265624997,2.9423416361586803,2.098424989254337,958.6817543707522,upside>300%
RWI,Basic Materials,0.20000000298023224,-0.1,-0.3,,fcfe,,,915277061.0,,,-42784414.940000005,-44337462.25,,eps_dcf,0.08,0.08,15.0,,,,,,eps<=0_block|no_intrinsic
S,Consumer Cyclical,0.5299999713897705,-0.004999999999999999,0.0,1209699042.0,fcfe,,,6853719395.0,,,1242490323.0,34537169000.0,5304683000.0,eps_dcf,0.08,0.08,15.0,,,,,,eps<=0_block|no_intrinsic
S11,Financial Services,4.639999866485596,0.6900000000000001,-0.3,352004476.0,fcfe,,,613000000.0,,,667807441.0,2448097319.0,182883.0,eps_dcf,0.08,0.08,15.0,2.4442082520476758,3.2093721868569953,2.3095536364285434,2.083008164095755,-47.323096500454106,
SA,Real Estate,6.849999904632568,0.013125000000000001,0.3,462548000.0,fcfe,,,1198907004.0,,,607227000.0,14612214000.0,839579000.0,eps_dcf,0.08,0.08,15.0,0.6205192127395346,0.8155700683593752,0.6159207970427861,0.43926360420993915,-90.9413252353495,
SAAM,Utilities,4.659999847412109,-0.22139999999999999,0.3,17155595.0,fcfe,,,317000000.0,,,-29584254.0,-23096000.0,-360000.0,eps_dcf,0.08,0.08,15.0,,,,,,eps<=0_block|no_intrinsic
SABINA,Consumer Cyclical,15.399999618530273,1.16,0.01376916061125888,642190099.7499999,fcfe,,,347500000.0,,,588210568.39,-50837526.83,7223434.76,eps_dcf,0.08,0.08,15.0,17.707002058982212,23.825743556076205,17.496473787623717,12.219845375963697,14.980535698689268,
SAF,Basic Materials,0.4099999964237213,-0.006,0.0,7762792.590000003,fcfe,,,300000000.0,,,8651326.86,60605868.35999999,,eps_dcf,0.08,0.08,15.0,,,,,,eps<=0_block|no_intrinsic
SAFE,Healthcare,5.349999904632568,0.43,0.07615720747928689,163898719.0,fcfe,,,303947800.0,,,206749286.0,-290825288.0,9226500.0,eps_dcf,0.08,0.08,15.0,8.555444765003507,11.453311388655123,8.463222217112705,5.934245785024297,59.9148582712187,
SAK,Financial Services,3.180000066757202,0.43000000000000005,-0.03652580172352171,1142420768.0,fcfe,,,2096000000.0,,,1283888972.0,8506512110.0,3302665.0,eps_dcf,0.08,0.08,15.0,5.258449789415603,7.103246507572633,5.190966893662175,3.616101758518858,65.36005279955529,
SALEE,Basic Materials,0.5799999833106995,0.0313,-0.3,82664495.0,fcfe,,,1520484068.0,,,198160369.0,-94278000.0,384597000.0,eps_dcf,0.08,0.08,15.0,0.1108749540421627,0.1455845644182956,0.1047667084350919,0.09449008048724222,-80.8836280633532,
SAM,Basic Materials,0.10000000149011612,-0.1,0.0,41420759.39999999,fcfe,,,1045125095.0,,,-83811387.26999998,1295746634.73,,eps_dcf,0.08,0.08,15.0,,,,,,eps<=0_block|no_intrinsic
SAMART,Technology,5.699999809265137,0.526,-0.3,2064059010.0,fcfe,,,997205298.0,,,2295809410.0,1708122000.0,1646599000.0,eps_dcf,0.08,0.08,15.0,1.8632660008363446,2.4465648844735934,1.760616250378861,1.5879163685715465,-67.3111216985012,
SAMCO,Real Estate,0.8100000023841858,0.16899999999999998,-0.3,92006214.0,fcfe,,,641800446.0,,,269869363.0,1405608000.0,243950000.0,eps_dcf,0.08,0.08,15.0,0.5986539052116772,0.7860636225780174,0.5656732819658317,0.5101860575828733,-26.092110685237557,
SAMTEL,Communication Services,3.0,0.06999999999999999,0.3,922554759.0,fcfe,,,618000071.0,,,693874250.0,65501000.0,769000.0,eps_dcf,0.08,0.08,15.0,3.3094358012775174,4.34970703125,3.2849109175615254,2.342739222453009,10.314526709250577,
SANKO,Consumer Cyclical,1.2100000381469727,0.204252,-0.2192510400000005,37777419.0,fcfe,,,316662232.0,,,121675978.0,85992435.0,,eps_dcf,0.08,0.08,15.0,1.0498207006254165,1.4325127141505236,1.03259697331638,0.7187998690274192,-13.237961361295422,
SAPPE,Consumer Defensive,33.0,2.61,0.29066675798791786,729575704.0,fcfe,,,302791262.0,,,1127731165.0,-535718000.0,139145000.0,eps_dcf,0.08,0.08,15.0,119.31525469676406,156.9358399006035,118.41652243896596,84.39086626631897,261.561377868982,
SAT,Consumer Cyclical,16.200000762939453,1.6784080000000001,-0.009400639842914948,928731229.0,fcfe,,,425193894.0,,,1322418173.0,-1041385000.0,-22816000.0,eps_dcf,0.08,0.08,15.0,23.153512900368113,31.21142138961379,22.868276401750123,15.95131390697642,42.922912407116215,
SAUCE,Consumer Defensive,42.0,2.09,0.022661990388580078,783167730.0,fcfe,,,360000000.0,,,1103172736.0,-707572000.0,,eps_dcf,0.08,0.08,15.0,33.15360692213026,44.57817033919926,32.764814852454975,22.89541971408709,-21.062840661594624,
SAV,Industrials,10.600000381469727,0.8190000000000002,0.0799615597855694,627287024.0,fcfe,,,638425300.0,,,754692197.0,-338306000.0,,eps_dcf,0.08,0.08,15.0,16.554745193024505,22.155109706076377,16.377376631742095,11.486486363819871,56.176835823180724,
SAWAD,Financial Services,22.299999237060547,3.21,-0.19563705441866064,4814360000.0,fcfe,,,1661506929.0,,,,57835168000.0,3463407000.0,eps_dcf,0.08,0.08,15.0,18.55089828976234,25.295178275666593,18.254882650934455,12.694665220341738,-16.812112446477332,
SAWANG,Consumer Cyclical,5.849999904632568,-1.1844999999999999,-0.0766407124493319,-13022562.0,fcfe,,,24000000.0,,,-21075702.0,10423753.0,,eps_dcf,0.08,0.08,15.0,,,,,,eps<=0_block|no_intrinsic
SC,Real Estate,2.0399999618530273,0.3733,-0.3,2864576318.0,fcfe,,,4277263395.0,,,2813807885.0,28740461000.0,85866000.0,eps_dcf,0.08,0.08,15.0,1.3223520876657933,1.7363168657300236,1.2495019890996741,1.1269376052999207,-35.178818019945496,
SCAP,Financial Services,1.5299999713897705,0.2,-0.3,4035132000.0,fcfe,,,6769084776.0,,,,15211803000.0,226621000.0,eps_dcf,0.08,0.08,15.0,0.7084661600138192,0.9302528077846364,0.6694358366459547,0.6037704823465957,-53.69502135543922,
SCB,Financial Services,148.5,13.71,0.19542985995473927,168733787000.0,fcfe,,,3367107286.0,,,,372726086000.0,7142975000.0,eps_dcf,0.08,0.08,15.0,439.509004964415,582.5654339652241,435.612580244097,308.1418501245598,195.96565990869698,
SCC,Industrials,265.0,28.689999999999998,-0.3,17465269000.0,fcfe,,,1200000000.0,,,60675218000.0,266438409000.0,63952747000.0,eps_dcf,0.08,0.08,15.0,101.62947065398235,133.44476527670605,96.03057076686218,86.61087569261915,-61.64925635698779,
SCCC,Basic Materials,154.0,15.08,-0.27996737004573335,4137626000.0,fcfe,,,298000000.0,,,12128039000.0,15355875000.0,8179229000.0,eps_dcf,0.08,0.08,15.0,58.255286536016214,77.79600388695481,55.98537814139765,45.52429436893331,-62.17189185972973,
SCG,Utilities,2.680000066757202,-0.153,0.3,166565960.0,fcfe,,,1163695652.0,,,416454806.0,4097920000.0,84157000.0,eps_dcf,0.08,0.08,15.0,,,,,,eps<=0_block|no_intrinsic
SCGD,Basic Materials,5.449999809265137,0.29,0.3,1772856000.0,fcfe,,,1650000000.0,,,2548456000.0,8957459000.0,1444792000.0,eps_dcf,0.08,0.08,15.0,13.71051974814971,18.020214843749997,13.608916658469173,9.705633921591035,151.56917849504293,
SCGP,Consumer Cyclical,30.5,1.35,-0.3,10598663000.0,fcfe,,,4292920000.0,,,19389014000.0,55986916000.0,15797433000.0,eps_dcf,0.08335000000000001,0.08,15.0,4.743128001026366,6.279206452546296,4.468186270376609,4.031874741455708,-84.44876065237257,
SCI,Industrials,0.800000011920929,-0.025,0.3,29517741.0,fcfe,,,750000000.0,,,33675397.0,17852860.0,-1496562.0,eps_dcf,0.08,0.08,15.0,,,,,,eps<=0_block|no_intrinsic
SCL,Consumer Cyclical,1.5800000429153442,0.23,-0.13538467044981295,59054564.0,fcfe,,,246365300.0,,,95903862.0,366565000.0,,eps_dcf,0.08,0.08,15.0,1.7804944711547126,2.421048515218978,1.7541917453544538,1.2188486044912226,12.68952042997576,
SCM,Consumer Defensive,0.11999999731779099,-0.1124,-0.3,49276305.0,fcfe,,,886293350.0,,,-65522312.0,-125663686.0,76454835.0,eps_dcf,0.08,0.08,15.0,,,,,,eps<=0_block|no_intrinsic
SCN,Utilities,0.4699999988079071,-0.08499999999999999,0.0,190067000.0,fcfe,,,1213722000.0,,,-86209000.0,1939227000.0,7000.0,eps_dcf,0.08,0.08,15.0,,,,,,eps<=0_block|no_intrinsic
SCP,Basic Materials,9.300000190734863,1.3599999999999999,-0.035870767024110184,301409789.0,fcfe,,,282300000.0,,,432998310.0,-908838000.0,,eps_dcf,0.08,0.08,15.0,16.680259972849242,22.53100711041049,16.46640743435174,11.471070450780504,79.35763043819044,
SDC,Technology,0.029999999329447746,0.0007000000000000001,0.0,535935742.0,fcfe,,,34516369130.0,,,274787069.0,973932000.0,-21447000.0,eps_dcf,0.08,0.08,15.0,0.010063227505997828,0.013555441094869301,0.009941020594809067,0.006937634650692644,-66.45590756357169,
SE,Industrials,0.49000000953674316,0.038400000000000004,0.3,45100696.12,fcfe,,,679450333.0,,,41887210.99,-106243119.24000001,7309139.06,eps_dcf,0.08,0.08,15.0,1.815461925272238,2.3861250000000003,1.8020082747766084,1.2851598020313646,270.5024265180353,
SE-ED,Consumer Cyclical,1.309999942779541,0.052000000000000005,-0.3,5088903.0,fcfe,,,391944418.0,,,108088885.0,532302907.0,151733631.0,eps_dcf,0.08,0.08,15.0,0.18420120160359302,0.24186573002400552,0.17405331752794823,0.15698032541011486,-85.93883895805695,
SEAFCO,Industrials,2.880000114440918,280.42,-0.3,209762888.0,fcfe,,,790436319.0,,,688339981.0,231421000.0,-16024000.0,eps_dcf,0.08,0.08,15.0,993.3404029553759,1304.3074617948384,938.6159865612931,846.5465932981617,34390.98484317973,upside>300%
SEAOIL,Energy,3.5199999809265137,0.456944,-0.3,-383136000.0,fcfe,,,738981791.0,,,434081000.0,-861165000.0,4000.0,eps_dcf,0.08,0.08,15.0,1.6186468051067728,2.125367195001714,1.5294734447017455,1.379446496426914,-54.0157155148415,
SECURE,Technology,12.5,1.04,0.3,161991790.0,fcfe,,,102741000.0,,,151076163.0,-552759647.0,,eps_dcf,0.08,0.08,15.0,49.16876047612311,64.62421875,48.804390775199806,34.80641130501613,293.3500838089849,
SEI,Healthcare,2.180000066757202,0.2,0.3,-66713840.0,fcfe,,,170000000.0,,,58855552.0,6457520.0,,eps_dcf,0.1,0.09340000000000001,15.0,8.778774403049056,11.896609364430219,8.613380854511924,6.157120087279292,302.6960612027721,upside>300%
SELIC,Basic Materials,3.140000104904175,0.29375,-0.3,269582000.0,fcfe,,,637537436.0,,,472640000.0,359548000.0,535209000.0,eps_dcf,0.08,0.08,15.0,1.040559672520297,1.3663088114336843,0.983233885073746,0.8867878959465625,-66.86115803323986,
SENA,Real Estate,1.6799999475479126,0.1711,0.3,1242201077.0,fcfe,,,1414915860.0,,,1168020185.0,18494514593.0,7306414934.0,eps_dcf,0.08,0.08,15.0,8.089206651408333,10.6319267578125,8.029260828496815,5.7263240137387115,381.5004109503184,upside>300%
SENX,Real Estate,0.2199999988079071,0.0249,0.3,384444009.0,fcfe,,,4187305152.0,,,124886171.0,1353181006.0,150867054.0,eps_dcf,0.08,0.08,15.0,1.1772135921687163,1.5472529296874997,1.1684897406754564,0.8333458091297132,435.09709024889577,upside>300%
SFLEX,Consumer Cyclical,3.0999999046325684,0.35000000000000003,-0.3,148640965.0,fcfe,,,729401252.0,,,366980936.0,679121000.0,,eps_dcf,0.08,0.08,15.0,1.2398157800241838,1.6279424136231138,1.171512714130421,1.0565983441065425,-60.00594134950031,
SFT,Industrials,1.5099999904632568,0.16,-0.18549375000000012,13258560.910000011,fcfe,,,440000000.0,,,170906196.59,228951000.0,,eps_dcf,0.08,0.08,15.0,0.9719718084339872,1.3248352964994639,0.9566531145724073,0.6650644019532506,-35.63100565743756,
SGC,Financial Services,1.5,0.092,-0.3,384743808.0,fcfe,,,6240028067.0,,,802197030.0,5960482000.0,,eps_dcf,0.10930000000000001,0.09864000000000002,15.0,0.2983734360015766,0.39952462529615396,0.27967665451904206,0.2533125911546028,-80.10843759989488,
SGF,Financial Services,0.15000000596046448,-0.0877,-0.3,388182769.0,fcfe,,,1310000004.0,,,-25620368.0,31943809.0,,eps_dcf,0.08,0.08,15.0,,,,,,eps<=0_block|no_intrinsic
SGP,Energy,8.949999809265137,1.8199999999999996,-0.3,2698679645.0,fcfe,,,1837863000.0,,,8296911648.0,20003464000.0,478996000.0,eps_dcf,0.08,0.08,15.0,6.447042056125753,8.465300550840189,6.0918661134781855,5.494311389354018,-27.96600901095322,
SHANG,Consumer Cyclical,43.5,2.160562,0.060315176206022114,530975986.0,fcfe,,,130000000.0,,,666994388.0,-146310000.0,2989000.0,eps_dcf,0.08,0.08,15.0,40.231669537830456,53.92937885837635,39.786930499369205,27.868177332668278,-7.5134033613092965,
SHR,Consumer Cyclical,1.5800000429153442,0.091,0.3,976291425.0,fcfe,,,3593640000.0,,,497913362.0,14119418000.0,,eps_dcf,0.08,0.08,15.0,4.302266541660772,5.654619140625,4.270384192829983,3.0455609891889113,172.29534334204354,
SIAM,Consumer Cyclical,0.9300000071525574,0.068,-0.3,,fcfe,,,593125849.0,,,140287234.0,-404461000.0,221405000.0,eps_dcf,0.08,0.08,15.0,0.24087849440469855,0.31628595464677633,0.2276081844596246,0.20528196399784254,-74.09908682235259,
SICT,Technology,3.0,0.222,-4.440892098500626e-16,13899320.0,fcfe,,,479999884.0,,,102173634.0,-87872000.0,,eps_dcf,0.08,0.08,15.0,3.191480723330733,4.299011318658542,3.152723674353725,2.2002212749339485,6.382690777691098,
SIMAT,Technology,1.1699999570846558,0.06,0.3,-85507556.0,fcfe,,,648564609.0,,,173159975.0,221699000.0,266652000.0,eps_dcf,0.08,0.08,15.0,2.836659258237872,3.7283203125000006,2.815637929338451,2.008062190674007,142.4495181440955,
SINGER,Financial Services,10.699999809265137,0.411,-0.3,119739977.0,fcfe,,,815102226.0,,,945355888.0,53609000.0,1786553000.0,eps_dcf,0.08,0.08,15.0,1.4558979588283985,1.9116695199974272,1.3756906443074368,1.240748341222254,-86.3934767777497,
SINO,Industrials,0.9599999785423279,0.044,0.3,8658901.0,fcfe,,,1040000000.0,,,164131245.0,104240000.0,470000.0,eps_dcf,0.08,0.08,15.0,2.080216789374439,2.7341015625000002,2.0648011481815307,1.472578939827605,116.68925373655298,
SIRI,Real Estate,1.4600000381469727,0.215,0.0,1597861486.0,fcfe,,,17578686250.0,,,6617829471.0,76881590000.0,542742000.0,eps_dcf,0.08,0.08,15.0,3.0908484482707617,4.163456907709857,3.0533134684056416,2.130844928427026,111.7019429803342,
SIRIPRT,Real Estate,5.5,0.459488,-0.06953798140748668,,fcfe,,,170000000.0,,,93202172.0,-18359000.0,,eps_dcf,0.1,0.08460000000000001,15.0,4.5237387154586655,6.290753350849682,4.414401985088196,3.0847342711790553,-17.750205173478808,
SIS,Technology,24.5,2.67,-0.2978750008753196,-223627000.0,fcfe,,,350198655.0,,,1428294000.0,2263779000.0,,eps_dcf,0.08,0.08,15.0,9.545041557747304,12.556710721356911,9.03605370935085,8.060335939327052,-61.040646703072234,
SISB,Consumer Defensive,9.100000381469727,0.98,0.15457006537354023,175780825.0,fcfe,,,940000000.0,,,1204872660.0,-697457000.0,,eps_dcf,0.08,0.08,15.0,26.79345694920799,35.635122539409956,26.539193214745,18.714582562394988,194.4335805058573,
SITHAI,Consumer Cyclical,1.1299999952316284,0.13,-0.3,70418370.0,fcfe,,,2636756900.0,,,1115044648.0,446869000.0,247611000.0,eps_dcf,0.08,0.08,15.0,0.4605030040089825,0.6046643250600136,0.43513329381987054,0.39245081352528716,-59.24752159714938,
SJWD,Industrials,9.449999809265137,0.7100000000000001,-0.22071038345176786,1966164162.0,fcfe,,,1776525806.0,,,3818315750.0,14287094000.0,1038841000.0,eps_dcf,0.08,0.08,15.0,3.622767741872683,4.943556172601636,3.563232359293817,2.4805854588803298,-61.663832645575454,
SK,Basic Materials,0.5400000214576721,0.0624,-4.440892098500626e-16,44381246.7,fcfe,,,460000000.0,,,39588134.84,-166106416.51,610.96,eps_dcf,0.08,0.08,15.0,0.8970648519632329,1.2083707490283464,0.8861709787372634,0.6184405745760287,66.12311413279255,
SKE,Utilities,0.1899999976158142,-0.11500000000000002,-0.3,35292821.0,fcfe,,,1116001923.0,,,-12971229.0,666111000.0,83252000.0,eps_dcf,0.08,0.08,15.0,,,,,,eps<=0_block|no_intrinsic
SKIN,Consumer Defensive,0.8899999856948853,-0.07529700000000002,0.3,,fcfe,,,144000000.0,,,-16466092.32,-56049539.22,,eps_dcf,0.1,0.09120000000000002,15.0,,,,,,eps<=0_block|no_intrinsic
SKN,Basic Materials,4.960000038146973,0.29000000000000004,0.3,-765134434.0,fcfe,,,800000000.0,,,370647803.0,396632000.0,,eps_dcf,0.08,0.08,15.0,13.710519748149713,18.02021484375,13.608916658469173,9.705633921591037,176.4217669899834,
SKR,Healthcare,7.900000095367432,0.33,0.3,1010432524.0,fcfe,,,2021851149.0,,,1398241130.0,-89308245.0,91478413.0,eps_dcf,0.08,0.08,15.0,15.601625920308296,20.50576171875,15.486008611361477,11.04434204870704,97.48893331605282,
SKY,Technology,17.5,1.1600000000000001,-0.26622046348931394,332328983.0,fcfe,,,717279904.0,,,2017549717.0,4806602524.0,367415442.0,eps_dcf,0.08,0.08,15.0,4.757640979396548,6.421126281181463,4.621736606063674,3.501868797610255,-72.813480117734,
SLP,Industrials,0.49000000953674316,0.032136,0.0,-53288602.0,fcfe,,,1200000000.0,,,115172888.0,6182000.0,,eps_dcf,0.08,0.08,15.0,0.461988398761066,0.6223109357495997,0.45637805404969156,0.3184968959066554,-5.716655149080497,
SMART,Unknown,0.6299999952316284,0.0264,0.3,44204000.0,fcfe,,,,,,68229000.0,-148767000.0,,eps_dcf,0.1,0.09120000000000002,15.0,1.1587982212024754,1.5703524361047894,1.1369662727955738,0.8127398515208666,83.93622697987908,
SMD100,Healthcare,1.75,0.05000000000000002,0.3,-39018285.0,fcfe,,,207703317.0,,,136402179.0,254774000.0,0.0,eps_dcf,0.08,0.08,15.0,2.3638827151982267,3.106933593750001,2.3463649411153757,1.6733851588950066,35.07901229704152,
SMIT,Basic Materials,3.640000104904175,0.32,-0.09631210937500045,244283579.29,fcfe,,,530000000.0,,,197841502.86,-54453183.96,,eps_dcf,0.08,0.08,15.0,2.977945959366656,4.039694142942304,2.936260539599067,2.0412540350937727,-18.188300177396503,
SMO,Consumer Defensive,3.5,0.806797,0.3,-362006503.0,fcfe,,,920000000.0,,,398358227.0,980877000.0,44053000.0,eps_dcf,0.1,0.09120000000000002,15.0,35.413444260283846,47.99074372697104,34.74624916638828,24.837730075283353,911.812693150967,upside>300%
SMPC,Consumer Cyclical,9.600000381469727,1.35,-0.2971371840476993,504608000.0,fcfe,,,535506333.0,,,777455000.0,302184000.0,,eps_dcf,0.08,0.08,15.0,4.841526079802826,6.3732593906907375,4.586306750827957,4.075450755839521,-49.5674386727305,
SMT,Technology,5.849999904632568,-0.1,0.3,-137410322.0,fcfe,,,813443863.0,,,196013742.0,-42301000.0,1928000.0,eps_dcf,0.11657500000000001,0.10748875000000001,15.0,,,,,,eps<=0_block|no_intrinsic
SNC,Technology,7.25,1.56,0.3,-247179575.0,fcfe,,,362026339.0,,,1094061214.0,2573779000.0,87093000.0,eps_dcf,0.08,0.08,15.0,73.75314071418467,96.936328125,73.2065861627997,52.20961695752419,917.2846995059954,upside>300%
SNNP,Consumer Defensive,6.699999809265137,0.43000000000000005,0.3,107481463.0,fcfe,,,900005100.0,,,657248865.0,2310023841.0,226125012.0,eps_dcf,0.08,0.08,15.0,20.329391350704746,26.719628906250005,20.178738493592228,14.391112366497055,203.42376014089015,
SNP,Consumer Cyclical,8.699999809265137,0.35000000000000003,0.3,631851880.0,fcfe,,,510630383.0,,,988743059.0,-6935593.0,34437113.0,eps_dcf,0.08,0.08,15.0,16.547179006387587,21.748535156250004,16.42455458780763,11.713696112265046,90.19746401333862,
SNPS,Consumer Defensive,4.300000190734863,0.26,-4.440892098500626e-16,53183000.0,fcfe,,,405000000.0,,,161246916.0,-274082167.0,26461871.0,eps_dcf,0.1,0.09120000000000002,15.0,3.4877230094350673,4.830063454239534,3.4071977199768946,2.3869584330051175,-18.89016616906194,
SO,Industrials,4.800000190734863,0.49999999999999994,0.21171520025399615,458145724.0,fcfe,,,472116604.0,,,568615703.0,1110097000.0,,eps_dcf,0.08,0.08,15.0,17.058380944904147,22.580439405937284,16.911243630961582,11.977734425698706,255.3829222305212,
SOLAR,Technology,0.25999999046325684,-0.1362,-0.3,-20022698.0,fcfe,,,1307120744.0,,,-353104886.0,559523565.0,-4500.0,eps_dcf,0.08,0.08,15.0,,,,,,eps<=0_block|no_intrinsic
SONIC,Industrials,1.5099999904632568,0.17700000000000002,-0.3,121711992.0,fcfe,,,731926092.0,,,231750351.0,-17646945.0,68250116.0,eps_dcf,0.08,0.08,15.0,0.62699255161223,0.823273734889403,0.5924507154316699,0.5343368768767371,-58.477314200520404,
SORKON,Consumer Defensive,3.4000000953674316,0.06659999999999999,0.3,5807801.0,fcfe,,,312766300.0,,,248528023.0,1265451000.0,15968000.0,eps_dcf,0.08,0.08,15.0,3.148691776644037,4.138435546875,3.125358101565679,2.228949031648148,-7.3914209315995985,
SPA,Consumer Cyclical,3.0,0.13799999999999998,0.11582706999695125,217215437.0,fcfe,,,1282499124.0,,,574251315.0,918355000.0,4000.0,eps_dcf,0.08,0.08,15.0,3.2313481188794015,4.3115908789587305,3.1986730087782256,2.2491306891036,7.711603962646718,
SPACK,Consumer Cyclical,1.690000057220459,0.137,-0.3,16247398.780000001,fcfe,,,300000000.0,,,101817023.99,198860100.01999998,0.0,eps_dcf,0.08,0.08,15.0,0.4852993196094661,0.6372231733324759,0.4585635481024789,0.413582780407418,-71.28406490070554,
SPALI,Real Estate,16.0,2.2684759999999997,-0.3,3692842885.0,fcfe,,,1901820930.0,,,6469938019.0,26388470000.0,1066794000.0,eps_dcf,0.08,0.08,15.0,8.03569240401754,10.5512808419603,7.592995644856342,6.848194243558378,-49.77692247489037,
SPC,Consumer Defensive,56.25,6.487161,-0.048336279213429756,1502816104.0,fcfe,,,330000000.0,,,2923524667.0,-1909593000.0,545158000.0,eps_dcf,0.08,0.08,15.0,75.22616636923638,101.70661302742994,74.24369728905401,51.69312695158992,33.73540687864246,
SPCG,Utilities,11.199999809265137,0.38,0.08076847975396406,887266462.0,fcfe,,,1055790000.0,,,1079856373.0,-26423561.0,2463128631.0,eps_dcf,0.08,0.08,15.0,7.706832878717124,10.313314291160797,7.624367922495166,5.347746334939323,-31.18899098246689,
SPG,Basic Materials,12.0,1.06,-0.14110584406197546,311476881.0,fcfe,,,345000000.0,,,491490791.0,-164336000.0,2000.0,eps_dcf,0.08,0.08,15.0,7.9845856344565505,10.860553636907936,7.865725074836166,5.465199310866316,-33.461786379528746,
SPI,Real Estate,36.0,1.4400000000000002,0.3,-1064682410.0,fcfe,,,1286842169.0,,,2616554373.0,19029393000.0,1064179000.0,eps_dcf,0.08,0.08,15.0,68.07982219770892,89.4796875,67.57531030412281,48.19349257617618,89.11061721585811,
SPRC,Energy,13.399999618530273,3.4699999999999998,-0.3,10742468959.0,fcfe,,,4335902125.0,,,24770411576.0,-863896669.0,5202000.0,eps_dcf,0.08,0.08,15.0,12.29188787623976,16.139886215063438,11.61471176580731,10.475417868713432,-8.26949084952326,
SPREME,Technology,1.5,0.16,-0.3,-1518171032.0,fcfe,,,740000000.0,,,595638514.0,1237760000.0,,eps_dcf,0.08,0.08,15.0,0.5667729280110554,0.744202246227709,0.5355486693167637,0.48301638587727647,-62.2151381325963,
SPRIME,Real Estate,4.21999979019165,0.56835,-0.1586004877048478,,fcfe,,,446750000.0,,,337717941.0,1256493000.0,,eps_dcf,0.08,0.08,15.0,3.935758158391928,5.35821255798321,3.875805925771816,2.6931604566609835,-6.735584026813749,
SPTX,Technology,0.009999999776482582,-0.001134,0.0,-62494364.0,fcfe,,,213644881541.0,,,38317820.0,9000.0,64870000.0,eps_dcf,0.08,0.08,15.0,,,,,,eps<=0_block|no_intrinsic
SPVI,Technology,3.7200000286102295,0.4,-0.3,182186346.0,fcfe,,,400000000.0,,,356950587.0,-22051000.0,,eps_dcf,0.08,0.08,15.0,1.4169323200276385,1.8605056155692727,1.3388716732919095,1.2075409646931914,-61.91042179757736,
SQ,Industrials,0.18000000715255737,-0.53,0.3,383855720.0,fcfe,,,1149160000.0,,,-225782123.0,4200684000.0,-18954000.0,eps_dcf,0.08,0.08,15.0,,,,,,eps<=0_block|no_intrinsic
SR,Industrials,0.38999998569488525,-0.014100000000000001,-0.3,23408000.0,fcfe,,,676700000.0,,,136857000.0,1016731000.0,-7867000.0,eps_dcf,0.08,0.08,15.0,,,,,,eps<=0_block|no_intrinsic
SRICHA,Industrials,17.600000381469727,3.49,-0.3,1521509314.0,fcfe,,,309879000.0,,,2265098986.0,-610550469.0,31220454.0,eps_dcf,0.08,0.08,15.0,12.362734492241145,16.232911495841904,11.68165534947191,10.535794916948094,-29.75719190746536,
SRIPANWA,Real Estate,4.980000019073486,0.81489,0.10067965671899004,,fcfe,,,279064000.0,,,276298165.0,596715905.0,,eps_dcf,0.08,0.08,15.0,17.939760321873802,23.967312526356096,17.75384766247243,12.469946095595624,260.2361496619319,
SRS,Technology,2.6600000858306885,0.2,0.3,-197272932.0,fcfe,,,160000000.0,,,71238017.0,-47110000.0,,eps_dcf,0.08,0.08,15.0,9.455530860792905,12.427734374999998,9.3854597644615,6.693540635580025,255.47107352216676,
SSF,Consumer Defensive,5.050000190734863,0.49,0.3,293064324.0,fcfe,,,269999000.0,,,469248422.0,110477000.0,729517000.0,eps_dcf,0.08,0.08,15.0,23.16605060894262,30.44794921875,22.99437642293068,16.39917455717106,358.7336580985664,upside>300%
SSP,Utilities,7.300000190734863,0.3388,0.24637471403834454,-1213331713.0,fcfe,,,1248825638.0,,,2420664170.0,16660998000.0,404167000.0,eps_dcf,0.08,0.08,15.0,13.167527685986594,17.38085547547252,13.060454567635022,9.275419251555386,80.37708687595348,
SSSC,Basic Materials,2.319999933242798,0.32,-0.2620975376190706,,fcfe,,,639997880.0,,,322837068.0,-594909000.0,1068000.0,eps_dcf,0.08,0.08,15.0,1.336297148455349,1.8089867290902861,1.3021554138106355,0.9660327717545529,-42.400983322981,
SST,Consumer Defensive,0.949999988079071,-0.761,0.3,390419036.0,fcfe,,,526456550.0,,,-124800732.0,3488341000.0,324299000.0,eps_dcf,0.08,0.08,15.0,,,,,,eps<=0_block|no_intrinsic
SSTRT,Real Estate,4.639999866485596,0.50145,-0.22434979167396207,,fcfe,,,198329343.0,,,119930659.8,59047000.0,,eps_dcf,0.08,0.08,15.0,2.5124787832738806,3.428770782895863,2.471018995308217,1.7205661475488898,-45.851748802379404,
STA,Basic Materials,21.700000762939453,-0.06000000000000005,-0.3,3111837102.0,fcfe,,,1535999998.0,,,6391879482.0,28498345434.0,18586306773.0,eps_dcf,0.08,0.08,15.0,,,,,,eps<=0_block|no_intrinsic
STANLY,Consumer Cyclical,223.0,15.27,0.0,1295479365.0,fcfe,,,76625000.0,,,2788862891.0,-1094380390.0,,eps_dcf,0.08,0.08,15.0,219.5221200236955,295.7022650266489,216.85626354676344,151.3395444515381,-1.5595874333204067,
STARM,Financial Services,0.9700000286102295,0.1,-0.15653633777006204,379388381.0,fcfe,,,1100000000.0,,,158603733.0,1307554000.0,,eps_dcf,0.08,0.08,15.0,0.6994270869809233,0.9521160426807377,0.6888014516776163,0.4786150371910299,-27.89411687100365,
STC,Basic Materials,0.7099999785423279,0.0031000000000000003,1.7763568394002505e-15,37059130.0,fcfe,,,568000000.0,,,66174996.0,277643000.0,,eps_dcf,0.08,0.08,15.0,0.04456572181227646,0.060031239134421654,0.04402451977701193,0.03072381059592481,-93.72313758321901,
STECH,Basic Materials,1.6100000143051147,0.27,0.060589186005595375,134112542.0,fcfe,,,725000000.0,,,347950316.0,932838835.0,428601.0,eps_dcf,0.08,0.08,15.0,5.033445115343187,6.747033875171967,4.977827290882093,3.4867098288976894,212.63633979007452,
STECON,Industrials,17.799999237060547,1.284,-0.3,840205774.0,fcfe,,,1519080194.0,,,3847496523.0,5486612000.0,427623000.0,eps_dcf,0.10389999999999999,0.09192499999999999,15.0,4.2386255163373665,5.6829763713686265,3.97183284686229,3.594652669731336,-76.18749607858229,
STELLA,Real Estate,0.2199999988079071,-0.024,-0.3,-894975939.0,fcfe,,,21783238767.0,,,-2326693020.0,4604376000.0,101090000.0,eps_dcf,0.08,0.08,15.0,,,,,,eps<=0_block|no_intrinsic
STGT,Basic Materials,10.899999618530273,0.33000000000000007,-0.3,3072627990.0,fcfe,,,2755000000.0,,,2924979254.0,2428232364.0,,eps_dcf,0.08,0.08,15.0,1.168969164022802,1.53491713284465,1.1045691304658254,0.9962212958718829,-89.27551188134424,
STI,Industrials,1.7300000190734863,0.07,-0.3,228282514.0,fcfe,,,602997079.0,,,138272950.0,210516000.0,137412000.0,eps_dcf,0.08,0.08,15.0,0.2479631560048367,0.3255884827246227,0.23430254282608415,0.21131966882130848,-85.66686975312085,
STOWER,Basic Materials,0.029999999329447746,-0.017231,0.0,-66041440.89,fcfe,,,4062375325.0,,,-69813798.9,-170869656.14999998,-13190550.4,eps_dcf,0.08,0.08,15.0,,,,,,eps<=0_block|no_intrinsic
STP,Basic Materials,11.800000190734863,1.84,-0.07664071244933224,141820097.46,fcfe,,,100000000.0,,,266901761.1,43807000.0,,eps_dcf,0.08,0.08,15.0,18.754845124553803,25.40803251030089,18.499575084136396,12.86746786005892,58.93936289322904,
STPI,Industrials,5.449999809265137,0.09,0.3,776319249.0,fcfe,,,1812272387.0,,,825681358.0,2945081000.0,449650000.0,eps_dcf,0.08837500000000001,0.08028125000000001,15.0,4.144124586829187,5.592480468749999,4.073415027454779,2.9078973830315964,-23.96101409427445,
STX,Basic Materials,0.7900000214576721,0.0402,0.3,-75692461.0,fcfe,,,307134600.0,,,54320308.0,25888465.0,,eps_dcf,0.08,0.08,15.0,1.9005617030193738,2.4979746093749995,1.8864774126567614,1.3454016677515848,140.5774242274758,
SUC,Industrials,27.5,5.720000000000001,0.3,403799073.0,fcfe,,,300000000.0,,,1986740267.0,-3798569000.0,1687481000.0,eps_dcf,0.08,0.08,15.0,270.42818261867706,355.433203125,268.4241492635989,191.4352621775887,883.375209522462,upside>300%
SUN,Consumer Defensive,2.259999990463257,0.16,0.3,-53372272.0,fcfe,,,773996592.0,,,180311037.0,444917207.0,0.0,eps_dcf,0.08,0.08,15.0,7.5644246886343245,9.9421875,7.508367811569201,5.354832508464019,234.70905843162248,
SUPER,Utilities,0.11999999731779099,-0.0143,0.3,1983132000.0,fcfe,,,27349473107.0,,,7503719000.0,36998867000.0,2096448000.0,eps_dcf,0.08,0.08,15.0,,,,,,eps<=0_block|no_intrinsic
SUSCO,Energy,2.5,0.25,-0.3,1198971000.0,fcfe,,,949999956.0,,,986183000.0,2362762000.0,-9781000.0,eps_dcf,0.08,0.08,15.0,0.885582700017274,1.1628160097307954,0.8367947958074432,0.7547131029332446,-64.57669199930905,
SUTHA,Basic Materials,3.180000066757202,0.27,-0.3,122318353.0,fcfe,,,362393057.0,,,198409894.0,716722000.0,1036000.0,eps_dcf,0.08,0.08,15.0,0.9564293160186561,1.2558412905092593,0.9037383794720388,0.8150901511679041,-69.92360704589629,
SVOA,Technology,2.059999942779541,0.305,-0.3,-1001663187.0,fcfe,,,813473000.0,,,591905836.0,3465628000.0,,eps_dcf,0.08,0.08,15.0,1.0804108940210744,1.4186355318715702,1.020889650885081,0.9207499855785584,-47.55286776545805,
SVR,Real Estate,0.36000001430511475,-0.11,0.3,,fcfe,,,510000000.0,,,-47888588.0,716101719.0,34611390.0,eps_dcf,0.08,0.08,15.0,,,,,,eps<=0_block|no_intrinsic
SVT,Industrials,1.5800000429153442,0.16,-0.3,175554543.0,fcfe,,,700000000.0,,,368197736.0,-265523000.0,,eps_dcf,0.08,0.08,15.0,0.5667729280110554,0.744202246227709,0.5355486693167637,0.48301638587727647,-64.12829666983605,
SWC,Basic Materials,5.0,0.39,-0.3,157363901.0,fcfe,,,498732180.0,,,341411450.0,-358535000.0,23725000.0,eps_dcf,0.08,0.08,15.0,1.3815090120269473,1.8139929751800403,1.3053998814596115,1.1773524405758613,-72.36981975946105,
SYMC,Communication Services,6.300000190734863,0.41000000000000003,-0.17574415773892693,-192672155.0,fcfe,,,433654887.0,,,743460116.0,1058837000.0,,eps_dcf,0.08,0.08,15.0,2.612383582398309,3.5593507199159617,2.5717085988479833,1.7874413955316324,-58.53359518559653,
SYNEX,Technology,9.850000381469727,0.97,-0.1869337606977729,1051771403.0,fcfe,,,847361206.0,,,1182149918.0,6834644000.0,4964000.0,eps_dcf,0.08,0.08,15.0,5.851075944922239,7.975692316575065,5.758696631374885,4.003597513911474,-40.59821605764044,
SYNTEC,Industrials,1.940000057220459,0.359513,-0.16289607312723997,397588904.0,fcfe,,,1580595100.0,,,1052449457.0,836697000.0,530043000.0,eps_dcf,0.08,0.08,15.0,2.438371847654709,3.3203304407028975,2.401022119871425,1.668462437956372,25.689266790450194,
TACC,Consumer Defensive,6.5,0.62,-0.3,340325831.0,fcfe,,,606930500.0,,,478369544.0,-169576000.0,-497000.0,eps_dcf,0.08,0.08,15.0,2.1962450960428397,2.8837837041323726,2.0752510936024597,1.8716884952744466,-66.21161390703324,
TAE,Basic Materials,1.5700000524520874,0.196,-0.3,337660317.0,fcfe,,,1000000000.0,,,521141277.0,712950000.0,,eps_dcf,0.08,0.08,15.0,0.6942968368135428,0.9116477516289435,0.6560471199130355,0.5916950726996637,-55.77727301797456,
TAKUNI,Energy,0.4699999988079071,-0.28400000000000003,-0.3,1404937465.0,fcfe,,,800000236.0,,,-304313376.0,-902194000.0,379728000.0,eps_dcf,0.08,0.08,15.0,,,,,,eps<=0_block|no_intrinsic
TAN,Consumer Cyclical,4.039999961853027,0.10999999999999999,0.3,197596224.0,fcfe,,,299200000.0,,,440874053.0,839319000.0,8317000.0,eps_dcf,0.08,0.08,15.0,5.200541973436097,6.835253906249999,5.162002870453825,3.6814473495690128,28.726287686665327,
TASCO,Basic Materials,17.399999618530273,0.92,-0.032918976658950494,3769890906.0,fcfe,,,1578361570.0,,,2628318872.0,940771000.0,186814000.0,eps_dcf,0.08,0.08,15.0,11.433755338821161,15.440811482113808,11.287811618519532,7.8645303564333915,-34.28876097994457,
TATG,Consumer Cyclical,1.0199999809265137,0.22000000000000003,-0.2192510400000005,129090156.0,fcfe,,,400000000.0,,,221305557.0,429171000.0,20346000.0,eps_dcf,0.1,0.08900000000000001,15.0,1.0634545572500131,1.4854835222098397,1.0355475675814914,0.7251465612957524,4.260252660399821,
TBN,Technology,3.5399999618530273,-0.13999999999999999,0.3,71809277.0,fcfe,,,100000000.0,,,7360584.0,-99732295.0,1531945.0,eps_dcf,0.08,0.08,15.0,,,,,,eps<=0_block|no_intrinsic
TBSP,Industrials,0.9700000286102295,-3.0100000000000002,-0.3,-10143678.0,fcfe,,,367316314.0,,,-656121419.0,10543000.0,0.0,eps_dcf,0.08,0.08,15.0,,,,,,eps<=0_block|no_intrinsic
TC,Consumer Defensive,8.199999809265137,0.8,-0.3,-180250780.0,fcfe,,,330000000.0,,,441336167.0,482335000.0,1000.0,eps_dcf,0.08,0.08,15.0,2.833864640055277,3.7210112311385455,2.677743346583819,2.4150819293863828,-65.44067431741513,
TCAP,Financial Services,81.5,8.49,-0.3,12423698000.0,fcfe,,,1047697307.0,,,,43284671000.0,5544460000.0,eps_dcf,0.08,0.08,15.0,30.07438849258663,39.4892316904578,28.41755126562078,25.63005697561299,-63.09890982504708,
TCC,Energy,0.28999999165534973,0.0052,0.3,51956273.0,fcfe,,,1395550150.0,,,43206739.0,318224000.0,,eps_dcf,0.08,0.08,15.0,0.2458438023806155,0.3231210937499999,0.244021953875999,0.17403205652508064,-15.226272601832214,
TCJ,Industrials,2.7200000286102295,0.15999999999999998,0.3,110928657.0,fcfe,,,105596336.0,,,158763578.0,347677775.0,404993518.0,eps_dcf,0.08,0.08,15.0,7.564424688634324,9.942187499999998,7.508367811569199,5.354832508464019,178.1038459216241,
TCMC,Consumer Cyclical,0.28999999165534973,-1.19,-0.3,367205949.94000006,fcfe,,,763201125.0,,,-349188350.46999997,2813557482.1000004,16939298.33,eps_dcf,0.08,0.08,15.0,,,,,,eps<=0_block|no_intrinsic
TCOAT,Consumer Cyclical,26.25,1.57,-0.3,32992000.0,fcfe,,,10500000.0,,,35880000.0,10020000.0,27791000.0,eps_dcf,0.08,0.08,15.0,5.561459356108481,7.302484541109394,5.255071317670744,4.739598286420776,-78.81348816720579,
TEAM,Technology,5.599999904632568,0.33499999999999996,-0.3,-11169976.0,fcfe,,,637063385.0,,,308048172.0,-459112000.0,,eps_dcf,0.161125,0.14535625,15.0,0.923615198835209,1.221456633408428,0.8682001042061638,0.7920190481491258,-83.50687116849494,
TEAMG,Industrials,2.9600000381469727,0.25,-0.12292194763302655,33413002.0,fcfe,,,817901829.0,,,329035019.0,210540000.0,0.0,eps_dcf,0.08,0.08,15.0,2.053344474325349,2.790059289810551,2.0235191055672326,1.4061057651144964,-30.630255139767186,
TEGH,Basic Materials,3.200000047683716,0.471,0.3,149607168.0,fcfe,,,1080000000.0,,,945815475.0,3564925000.0,1100000.0,eps_dcf,0.08,0.08,15.0,22.26777517716729,29.267314453125,22.102757745306832,15.763288196790958,595.8679639172371,upside>300%
TEKA,Industrials,1.8600000143051147,0.22226700000000002,0.3,-41947231.0,fcfe,,,300000000.0,,,153263632.0,34877000.0,,eps_dcf,0.08,0.08,15.0,10.508262389179285,13.811376181640624,10.430389927337822,7.4387659822423275,464.9603391591968,upside>300%
TERA,Technology,1.25,0.11,-0.3,1791213.0,fcfe,,,240000000.0,,,51322228.0,-82935000.0,,eps_dcf,0.08,0.08,15.0,0.3896563880076006,0.5116390442815499,0.36818971015527513,0.3320737652906276,-68.82748895939194,
TFG,Consumer Defensive,9.850000381469727,1.3,0.3,5227161000.0,fcfe,,,5936785269.0,,,13388034000.0,20337249000.0,2007000.0,eps_dcf,0.08,0.08,15.0,61.46095059515389,80.7802734375,61.00548846899977,43.50801413127016,523.9690174101622,upside>300%
TFI,Consumer Cyclical,0.03999999910593033,-0.016999999999999998,0.3,-106916954.0,fcfe,,,16826223539.0,,,-194885498.0,341898000.0,,eps_dcf,0.08,0.08,15.0,,,,,,eps<=0_block|no_intrinsic
TFM,Consumer Defensive,6.25,0.47000000000000003,-0.3,630397000.0,fcfe,,,1000000000.0,,,896010000.0,-589755000.0,148953000.0,eps_dcf,0.08,0.08,15.0,1.6648954760324755,2.1860940982938954,1.5731742161179938,1.4188606335145,-73.3616723834804,
TFMAMA,Consumer Defensive,186.0,10.969999999999999,0.060089820851039644,3447896409.0,fcfe,,,329704014.0,,,6678769204.0,-6238148000.0,10849597000.0,eps_dcf,0.08,0.08,15.0,204.0781255330839,273.5658526795483,201.82134828584697,141.3607301283302,9.719422329614996,
TGE,Utilities,1.100000023841858,0.09,0.1945948022676045,311646727.0,fcfe,,,2511691156.0,,,395727102.0,409583173.0,71970.0,eps_dcf,0.08,0.08,15.0,2.875932107313473,3.812286292004768,2.85040003974252,2.016174125335038,161.44836772539315,
TGH,Financial Services,10.399999618530273,2.0100000000000002,-0.17421768776973923,1848059000.0,fcfe,,,752097582.0,,,5720670000.0,15778684000.0,278121000.0,eps_dcf,0.08,0.08,15.0,12.902771030209419,17.57875647599041,12.702260045087483,8.82831853979423,24.065110610387084,
TGPRO,Basic Materials,0.029999999329447746,-0.0206,-0.3,19986129.0,fcfe,,,4719459894.0,,,9236713.0,662503000.0,-1107000.0,eps_dcf,0.08,0.08,15.0,,,,,,eps<=0_block|no_intrinsic
TH,Financial Services,0.4699999988079071,-0.006499999999999999,0.3,5426074.0,fcfe,,,986345834.0,,,91932749.0,-8644868.0,13336634.0,eps_dcf,0.08,0.08,15.0,,,,,,eps<=0_block|no_intrinsic
THAI,Industrials,5.849999904632568,1.0,0.3,11143860460.0,fcfe,,,28303291567.0,,,47244306320.0,55120674990.0,75492348.0,eps_dcf,0.08,0.08,15.0,47.277654303964525,62.138671875,46.92729882230751,33.46770317790012,708.165044011808,upside>300%
THANA,Real Estate,1.5800000429153442,-0.07999999999999999,0.3,-22830711.0,fcfe,,,277375424.0,,,-10486310.0,460324000.0,-423000.0,eps_dcf,0.08,0.08,15.0,,,,,,eps<=0_block|no_intrinsic
THANI,Financial Services,2.0799999237060547,0.2,-0.3,7139464546.0,fcfe,,,6229328690.0,,,1083781530.0,22942572000.0,4000.0,eps_dcf,0.08,0.08,15.0,0.7084661600138192,0.9302528077846364,0.6694358366459547,0.6037704823465957,-65.93912567306712,
THCOM,Communication Services,10.0,0.38,-0.3,-793347113.0,fcfe,,,1096101954.0,,,1248756568.0,746321000.0,0.0,eps_dcf,0.08,0.08,15.0,1.3460857040262564,1.767480334790809,1.2719280896273135,1.1471639164585317,-86.53914295973743,
THE,Basic Materials,1.100000023841858,0.14,-0.3,965573380.0,fcfe,,,1102061385.0,,,207272659.0,622377000.0,847000.0,eps_dcf,0.08,0.08,15.0,0.4959263120096734,0.6511769654492454,0.4686050856521683,0.42263933764261696,-54.91579079447634,
THG,Healthcare,7.099999904632568,0.04,-0.3,784190929.0,fcfe,,,1789154360.0,,,1776808149.0,2581851901.0,1091187740.0,eps_dcf,0.08,0.08,15.0,0.14169323200276385,0.18605056155692726,0.13388716732919093,0.12075409646931912,-98.00432064921138,
THIP,Consumer Cyclical,22.399999618530273,2.029167,0.3,-249461916.0,fcfe,,,89999686.0,,,478541048.0,-144552000.0,,eps_dcf,0.08,0.08,15.0,95.9342559510128,126.08974239257813,95.22332616936525,67.91155885439008,328.2779356462655,upside>300%
THMUI,Industrials,0.30000001192092896,0.00749,0.0,25022236.0,fcfe,,,425000000.0,,,45577119.0,147109000.0,-5617000.0,eps_dcf,0.08,0.08,15.0,0.10767653431417677,0.14504321971510153,0.106368920364457,0.07423269076241129,-64.10782332150137,
THRE,Financial Services,0.6499999761581421,0.076,-0.3,,fcfe,,,4214993832.0,,,,-586897239.0,269755296.0,eps_dcf,0.08,0.08,15.0,0.2692171408052513,0.3534960669581617,0.25438561792546277,0.22943278329170635,-58.58197681844961,
THREL,Financial Services,1.340000033378601,-0.06000000000000001,-0.3,,fcfe,,,620000000.0,,,,-31286318.0,,eps_dcf,0.08,0.08,15.0,,,,,,eps<=0_block|no_intrinsic
TIDLOR,Financial Services,17.799999237060547,2.02,-0.2584147375671083,-559232000.0,fcfe,,,2876959570.0,,,11343221000.0,73834596000.0,196858000.0,eps_dcf,0.1,0.09120000000000002,15.0,8.07765158557543,11.212683453201848,7.817190607365882,5.7240026525776475,-54.61993296742773,
TIF1,Financial Services,7.949999809265137,0.659355,-0.06953798140748702,,fcfe,,,90000000.0,,,56339000.0,-12113000.0,,eps_dcf,0.08,0.08,15.0,6.943325753783651,9.40178265653144,6.849785966320596,4.765488213425032,-12.66256703941403,
TIGER,Industrials,0.46000000834465027,-0.088,0.21550625000000023,19052316.0,fcfe,,,460000000.0,,,-58201563.0,11328103.0,-2093453.0,eps_dcf,0.08,0.08,15.0,,,,,,eps<=0_block|no_intrinsic
TIPCO,Consumer Defensive,7.0,0.685,0.3,-171933575.0,fcfe,,,482579640.0,,,530257669.0,841895000.0,-77424000.0,eps_dcf,0.08,0.08,15.0,32.3851931982157,42.56499023437501,32.145199693280645,22.925376676861582,362.6456171173672,upside>300%
TIPH,Financial Services,25.0,1.77,-0.14276177116902955,,fcfe,,,594292336.0,,,,129843058.0,208190121.0,eps_dcf,0.08,0.08,15.0,13.227498611393834,17.993519570538304,13.030156211676303,9.053504851401954,-47.090005554424664,
TISCO,Financial Services,124.5,8.58,-0.07671066766438883,6868489000.0,fcfe,,,800703295.0,,,,18999767000.0,2893000.0,eps_dcf,0.08,0.08,15.0,87.42652978171564,118.44122542346682,86.2364574556996,59.98205111801264,-29.777887725529606,
TITLE,Real Estate,8.949999809265137,0.773979,-0.3,-649467241.0,fcfe,,,782055617.0,,,1270801238.0,3376197470.0,195345252.0,eps_dcf,0.08,0.08,15.0,2.7416896503066788,3.599980689581725,2.5906463970569966,2.3365283707806785,-69.36659543312558,
TK,Financial Services,4.440000057220459,0.21926600000000002,0.3,-355242000.0,fcfe,,,500000000.0,,,32547000.0,-477977000.0,10988000.0,eps_dcf,0.08,0.08,15.0,10.366382148613084,13.62489802734375,10.289561103572076,7.3383294050054495,133.47707241028,
TKC,Industrials,8.75,0.55,-0.3,-13367991.0,fcfe,,,400000000.0,,,353484097.0,1485460000.0,-7313000.0,eps_dcf,0.08,0.08,15.0,1.9482819400380027,2.55819522140775,1.8409485507763752,1.660368826453138,-77.73392068527997,
TKN,Consumer Defensive,4.139999866485596,0.3,-0.24409105594450065,194604314.0,fcfe,,,1365000000.0,,,751136351.0,1172436000.0,21222000.0,eps_dcf,0.0847,0.08,15.0,1.3449479664903934,1.8579961158936442,1.3159793171883774,0.9188057649931911,-67.51333309505378,
TKS,Industrials,7.949999809265137,0.85,-0.3,144515735.0,fcfe,,,491105539.0,,,684128784.0,529657000.0,55057000.0,eps_dcf,0.08,0.08,15.0,3.0109811800587316,3.953574433084704,2.8451023057453075,2.5660245499730316,-62.12602198367784,
TKT,Consumer Cyclical,0.7200000286102295,-0.0009000000000000011,0.3,55703241.17,fcfe,,,350780000.0,,,59589496.86,99910185.13999999,,eps_dcf,0.08,0.08,15.0,,,,,,eps<=0_block|no_intrinsic
TL,Technology,0.46000000834465027,0.027099999999999996,0.3,178439095.0,fcfe,,,5699252147.0,,,313865597.0,-245211489.0,-10468227.0,eps_dcf,0.08,0.08,15.0,1.2812244316374386,1.6839580078125003,1.2717297980845332,0.9069747561210932,178.52704530333276,
TLHPF,Unknown,4.96,0.12000000000000001,-0.3,,fcfe,,,,,,66484816.66,-9843000.0,,eps_dcf,0.08,0.08,15.0,0.42507969600829154,0.5581516846707818,0.4016615019875729,0.36226228940795746,-91.42984483854252,
TLI,Financial Services,11.300000190734863,1.16,-0.12334253291701958,,fcfe,,,11450000000.0,,,,-12543321000.0,,eps_dcf,0.08,0.08,15.0,9.508572445814963,12.920452671941712,9.370378534860894,6.511273952550414,-15.853342607805745,
TM,Healthcare,1.350000023841858,0.1023,-0.3,425715482.0,fcfe,,,308000178.0,,,84832255.0,312527000.0,32490000.0,eps_dcf,0.08,0.08,15.0,0.36238044084706855,0.47582431118184143,0.34241643044440584,0.30882860172028365,-73.15700485576298,
TMAN,Healthcare,10.300000190734863,1.08,0.1529960096167482,86904940.0,fcfe,,,400003600.0,,,762955220.0,436316000.0,1000.0,eps_dcf,0.1,0.09340000000000001,15.0,27.297002065229805,37.39532103371505,26.72948465822237,18.901235317766865,165.01943261888692,
TMC,Industrials,0.6899999976158142,-0.065,-0.3,-57677043.92,fcfe,,,458800000.0,,,16915503.89,-145831000.0,,eps_dcf,0.08,0.08,15.0,,,,,,eps<=0_block|no_intrinsic
TMD,Consumer Cyclical,27.25,2.55,-0.03069609315451982,206829172.32999998,fcfe,,,150000000.0,,,441754611.72,-129662505.63,253801623.79,eps_dcf,0.08,0.08,15.0,32.00769711719796,43.21779798211367,31.600498856121984,22.019191035510175,17.459438962194334,
TMI,Industrials,0.5099999904632568,0.049999999999999996,0.3,85000203.0,fcfe,,,671442656.0,,,89283932.0,280011120.0,-9062325.0,eps_dcf,0.08,0.08,15.0,2.3638827151982262,3.1069335937499996,2.346364941115375,1.6733851588950057,363.5064234120869,upside>300%
TMILL,Consumer Defensive,2.619999885559082,0.17,-0.3,145061046.0,fcfe,,,398664061.0,,,164973487.0,287481000.0,,eps_dcf,0.08,0.08,15.0,0.6021962360117463,0.7907148866169408,0.5690204611490615,0.5132049099946062,-77.01540983528541,
TMT,Basic Materials,4.400000095367432,0.5,-0.3,46821630.0,fcfe,,,870758034.0,,,943732458.0,4759839784.0,2913900.0,eps_dcf,0.08,0.08,15.0,1.771165400034548,2.3256320194615907,1.6735895916148864,1.5094262058664891,-59.74624178078244,
TMW,Basic Materials,56.25,14.59,0.09612377429817331,217834914.0,fcfe,,,39900000.0,,,946654309.0,-599445000.0,,eps_dcf,0.08,0.08,15.0,315.255867960369,421.3381474466496,311.9647199066994,219.0470326350973,460.4548763739894,upside>300%
TNDT,Industrials,0.18000000715255737,-0.0248,-0.3,34630553.0,fcfe,,,1731582707.0,,,47223957.0,283683000.0,1437000.0,eps_dcf,0.08,0.08,15.0,,,,,,eps<=0_block|no_intrinsic
TNH,Healthcare,28.25,1.79,0.3,148242600.0,fcfe,,,180000000.0,,,551247251.0,-1198212000.0,2000.0,eps_dcf,0.08,0.08,15.0,84.6270012040965,111.22822265624998,83.99986489193043,59.907188688441224,199.5646060322,
TNITY,Financial Services,2.4600000381469727,-0.136,-0.18549375000000057,267089037.0,fcfe,,,214404846.0,,,74804081.0,2307742000.0,,eps_dcf,0.08,0.08,15.0,,,,,,eps<=0_block|no_intrinsic
TNL,Financial Services,18.899999618530273,1.55,-0.19767306835042742,-1254509815.0,fcfe,,,304622662.0,,,-306940255.0,3058813000.0,-53000.0,eps_dcf,0.08,0.08,15.0,8.86802374398357,12.09290160271156,8.72616933372571,6.06870911602916,-53.07923850279327,
TNP,Consumer Defensive,2.880000114440918,0.252,-0.12292194763302655,55894217.600000024,fcfe,,,800000000.0,,,336825924.7,74546845.35,0.0,eps_dcf,0.08,0.08,15.0,2.069771230119952,2.812379764129035,2.03970725841177,1.4173546112354123,-28.132946254352927,
TNPC,Consumer Cyclical,0.8999999761581421,-0.32,-0.3,-7659690.0500000045,fcfe,,,340813930.0,,,61284978.52,366894000.0,,eps_dcf,0.08,0.08,15.0,,,,,,eps<=0_block|no_intrinsic
TNR,Consumer Defensive,6.099999904632568,0.75,-0.3,92113000.0,fcfe,,,300000000.0,,,366700000.0,578353000.0,,eps_dcf,0.08,0.08,15.0,2.656748100051822,3.488448029192386,2.51038438742233,2.2641393087997335,-56.446751777255145,
TOA,Basic Materials,15.300000190734863,1.55,-0.1473308168351658,3615440087.0,fcfe,,,1938584500.0,,,4884975351.0,-3136107000.0,722145000.0,eps_dcf,0.08,0.08,15.0,11.332386729725494,15.419314513374886,11.16229110055001,7.755745833602548,-25.932113800965933,
TOG,Healthcare,7.050000190734863,0.41000000000000003,0.3,148633070.0,fcfe,,,474318000.0,,,578014136.0,1462554000.0,,eps_dcf,0.08,0.08,15.0,19.38383826462546,25.476855468750006,19.240192517146077,13.721758302939055,174.9480530525343,
TOP,Energy,67.0,16.29,-0.3,1881296524.0,fcfe,,,2233835566.0,,,52636360536.0,71572623000.0,21396810000.0,eps_dcf,0.08,0.08,15.0,57.70456873312557,75.7690911940586,54.525548894813,49.177105787130216,-13.873778010260343,
TOPP,Consumer Cyclical,134.0,23.93,-0.3,46599143.0,fcfe,,,6000000.0,,,279421281.0,-152398059.0,,eps_dcf,0.08,0.08,15.0,84.76797604565347,111.30474845143172,80.09799785468849,72.24113821277015,-36.74031638384069,
TPA,Basic Materials,2.5799999237060547,-0.049791,-0.3,14693820.0,fcfe,,,121500000.0,,,22329380.0,-66420517.0,,eps_dcf,0.08,0.08,15.0,,,,,,eps<=0_block|no_intrinsic
TPAC,Consumer Cyclical,9.850000381469727,1.52,-0.29799986471835904,433749173.0,fcfe,,,326549999.0,,,1365201016.0,3122930000.0,103997000.0,eps_dcf,0.08,0.08,15.0,5.430956515873513,7.1437571914946645,5.140789907346258,4.588655665834127,-44.86338776097433,
TPBI,Consumer Cyclical,3.859999895095825,0.577,-0.3,212536490.0,fcfe,,,416879900.0,,,531015580.0,206298000.0,54412000.0,eps_dcf,0.08,0.08,15.0,2.0439248716398684,2.683779350458675,1.9313223887235793,1.7418778415699283,-47.04857701585177,
TPCH,Utilities,0.9700000286102295,-2.29,0.3,587314173.1199999,fcfe,,,401200000.0,,,-317584573.21000004,2736195128.11,544091379.16,eps_dcf,0.08,0.08,15.0,,,,,,eps<=0_block|no_intrinsic
TPCS,Consumer Cyclical,10.199999809265137,1.1400000000000001,0.10458783602079413,33712078.0,fcfe,,,108000000.0,,,167429459.0,-175454000.0,16542000.0,eps_dcf,0.08,0.08,15.0,25.50114671344391,34.058135625120116,25.23853825125268,17.731983188341392,150.01124696375018,
TPIPL,Basic Materials,1.0199999809265137,0.14,-0.29393325617283994,1098922000.0,fcfe,,,18935235000.0,,,9692046000.0,76143076000.0,10824997000.0,eps_dcf,0.08,0.08,15.0,0.5090765113526545,0.6720027504947829,0.48358015620862427,0.42263933764261696,-50.090537169399106,
TPIPP,Utilities,1.7599999904632568,0.176,0.3,-898981000.0,fcfe,,,8400000000.0,,,3326937000.0,27060406000.0,4000.0,eps_dcf,0.08,0.08,15.0,8.320867157497757,10.936406250000001,8.259204592726123,5.89031575931042,372.7765456014342,upside>300%
TPL,Industrials,0.46000000834465027,-0.0711,0.3,83588940.0,fcfe,,,1970603681.0,,,121858643.0,780915246.0,1920979.0,eps_dcf,0.08,0.08,15.0,,,,,,eps<=0_block|no_intrinsic
TPLAS,Consumer Cyclical,1.1399999856948853,0.063,-0.3,12128475.0,fcfe,,,270000000.0,,,40550923.0,-36372000.0,,eps_dcf,0.08,0.08,15.0,0.22316684040435303,0.29302963445216035,0.21087228854347576,0.1901877019391776,-80.4239611223923,
TPOLY,Industrials,0.10000000149011612,-1.18,0.3,,fcfe,,,572759484.0,,,-432339812.39000005,4210485690.75,2243495167.34,eps_dcf,0.08,0.08,15.0,,,,,,eps<=0_block|no_intrinsic
TPP,Consumer Cyclical,12.899999618530273,1.676,-0.3,51531808.0,fcfe,,,37500000.0,,,95296491.0,-51961000.0,380000.0,eps_dcf,0.08,0.08,15.0,5.936946420915804,7.79551852923525,5.6098723110931,5.059596642064471,-53.977158166829355,
TPRIME,Real Estate,8.199999809265137,0.811699,-0.3,,fcfe,,,547500000.0,,,563118835.0,1836284000.0,,eps_dcf,0.08,0.08,15.0,2.875306368085285,3.7754263691299066,2.7169019958484237,2.4503994837512466,-64.93528737846444,
TPS,Technology,3.0199999809265137,0.2808,0.1945948022676045,27173008.740000002,fcfe,,,419699735.0,,,164719307.46,42576335.400000006,5656401.82,eps_dcf,0.08,0.08,15.0,8.972908174818038,11.894333231054878,8.893248123996663,6.290463271045318,197.11616660557777,
TQM,Financial Services,15.600000381469727,1.1400000000000001,0.19733077550157385,705303235.0,fcfe,,,581242000.0,,,1198955701.0,456429000.0,534334000.0,eps_dcf,0.08,0.08,15.0,36.813411685018245,48.788208208380546,36.488086358729184,25.814591140523135,135.98340246675002,
TQR,Financial Services,6.400000095367432,0.48,-0.09189040317563202,126398056.0,fcfe,,,230000000.0,,,,-114169138.0,0.0,eps_dcf,0.08,0.08,15.0,4.559695109161783,6.183598517025097,4.496266238142436,3.126078314356511,-28.75476498098387,
TR,Consumer Cyclical,26.25,-8.190000000000001,0.3,-161540000.0,fcfe,,,201600000.0,,,-487518000.0,3093007000.0,,eps_dcf,0.08,0.08,15.0,,,,,,eps<=0_block|no_intrinsic
TRC,Industrials,0.5099999904632568,-0.2246,0.3,-2726000.0,fcfe,,,1577723153.0,,,-193314000.0,1094956000.0,1551000.0,eps_dcf,0.08,0.08,15.0,,,,,,eps<=0_block|no_intrinsic
TRITN,Industrials,0.029999999329447746,0.001,0.0,-34522465.0,fcfe,,,21896790985.0,,,188245456.0,190021734.0,15586771.0,eps_dcf,0.08,0.08,15.0,0.01437603929428261,0.019364915849813293,0.014201457992584376,0.009910906643846633,-52.07986794795955,
TRP,Healthcare,3.9600000381469727,0.23,-0.19292363306306048,-35739712.49000001,fcfe,,,329793200.0,,,133898607.48000002,-146596654.76000002,,eps_dcf,0.08,0.08,15.0,1.3470922035430253,1.8366560721993819,1.3256673116219893,0.9218030106497764,-65.98252044024277,
TRT,Industrials,12.699999809265137,1.0638,-0.3,543179773.51,fcfe,,,308008272.0,,,525039348.16,310999214.4,-34960459.24,eps_dcf,0.08,0.08,15.0,3.7683315051135042,4.9480146846064805,3.560729215119833,3.2114551956015425,-70.32809793930578,
TRU,Consumer Cyclical,3.799999952316284,0.37,0.3,161135549.0,fcfe,,,652495823.0,,,377537060.0,-177433000.0,61280000.0,eps_dcf,0.08,0.08,15.0,17.49273209246687,22.99130859375,17.36310056425377,12.383050175823044,360.3350608413614,upside>300%
TRUBB,Basic Materials,1.0399999618530273,-0.212433,-0.3,311555541.0,fcfe,,,840487370.0,,,347286037.0,3447683000.0,549450000.0,eps_dcf,0.08,0.08,15.0,,,,,,eps<=0_block|no_intrinsic
TRUE,Communication Services,13.0,0.49,-0.3,39920908000.0,fcfe,,,34552100801.0,,,105658765000.0,412385612000.0,-324209000.0,eps_dcf,0.08,0.08,15.0,1.7357420920338569,2.2791193790723585,1.6401177997825889,1.4792376817491593,-86.64813775358571,
TRV,Consumer Cyclical,1.4700000286102295,0.0366,-0.3,-546417.0,fcfe,,,240000000.0,,,22933244.0,-157903000.0,0.0,eps_dcf,0.08,0.08,15.0,0.12964930728252894,0.17023626382458845,0.12250675810620973,0.11048999826942701,-91.18031940413618,
TSC,Consumer Cyclical,15.199999809265137,1.3399999999999999,0.17407426225326672,381545000.0,fcfe,,,259800000.0,,,432503000.0,-303215000.0,,eps_dcf,0.08,0.08,15.0,39.54922251076057,52.51493461192352,39.185856454542815,27.673608578250892,160.19225662524946,
TSE,Utilities,0.9700000286102295,0.05493700000000001,0.3,-572868672.0,fcfe,,,2115216281.0,,,533167809.0,3000262000.0,46710000.0,eps_dcf,0.08,0.08,15.0,2.5972924944969,3.4137122167968754,2.578045015401108,1.838615209484299,167.7621049370667,
TSI,Financial Services,0.03999999910593033,-0.0474,0.3,,fcfe,,,1902913766.0,,,,28213875.0,,eps_dcf,0.08,0.08,15.0,,,,,,eps<=0_block|no_intrinsic
TSR,Unknown,0.03999999910593033,-0.5800000000000001,0.3,-14050000.0,fcfe,,,604358700.0,,,-100465000.0,1611481000.0,,eps_dcf,0.1,0.09120000000000002,15.0,,,,,,eps<=0_block|no_intrinsic
TSTE,Consumer Defensive,10.199999809265137,0.48,-0.3,225557125.0,fcfe,,,383327181.0,,,427499165.0,1339900000.0,346378000.0,eps_dcf,0.08,0.08,15.0,1.7003187840331662,2.232606738683127,1.606646007950291,1.4490491576318294,-83.33020768795811,
TSTH,Basic Materials,0.9900000095367432,0.18,-0.3,2025043928.0,fcfe,,,8421540848.0,,,2102327561.0,-4293048000.0,-7041000.0,eps_dcf,0.08,0.08,15.0,0.6376195440124373,0.8372275270061726,0.6024922529813592,0.5433934341119362,-35.59398607371706,
TTA,Industrials,5.599999904632568,0.33,0.3,3007909000.0,fcfe,,,1805692464.0,,,3457815000.0,3528482000.0,3317451000.0,eps_dcf,0.08,0.08,15.0,15.601625920308296,20.50576171875,15.486008611361477,11.04434204870704,178.6004676071858,
TTB,Financial Services,2.9800000190734863,0.21999999999999997,-0.2606842702001223,97585876000.0,fcfe,,,90628279312.0,,,,101729719000.0,45000000.0,eps_dcf,0.08,0.08,15.0,0.9243961804420302,1.252661289464955,0.9017240273879805,0.6641475305812552,-68.97999414344184,
TTCL,Industrials,0.07999999821186066,-7.81,-0.3,644673192.0,fcfe,,,616000043.0,,,-3926311029.0,2410244000.0,178046000.0,eps_dcf,0.08,0.08,15.0,,,,,,eps<=0_block|no_intrinsic
TTI,Consumer Cyclical,25.25,-1.39,0.3,-18176917.0,fcfe,,,50000000.0,,,31787515.0,-157500149.0,144336214.0,eps_dcf,0.08,0.08,15.0,,,,,,eps<=0_block|no_intrinsic
TTT,Consumer Cyclical,47.0,1.0,-0.3,675856877.0,fcfe,,,57840000.0,,,645241208.0,-1927285000.0,,eps_dcf,0.08,0.08,15.0,3.542330800069096,4.651264038923181,3.347179183229773,3.0188524117329782,-92.4631259572998,
TTW,Utilities,10.100000381469727,0.77,0.11070272911410539,3160780392.0,fcfe,,,3990000000.0,,,4668366243.0,5570584000.0,40203000.0,eps_dcf,0.08,0.08,15.0,17.658899440366163,23.572367732941775,17.478842112802315,12.285603130482091,74.840581914874,
TU,Consumer Defensive,12.699999809265137,1.18,-0.28782110480986756,2669275000.0,fcfe,,,3855093796.0,,,12170559000.0,69410485000.0,7402799000.0,eps_dcf,0.08,0.08,15.0,4.405745918523573,5.845974645721572,4.206836367017127,3.5622458458449144,-65.30908673471465,
TU-PF,Unknown,1.1200000047683716,0.249339,0.1354111059737677,,fcfe,,,104229800.0,,,4758423.41,29008222.14,,eps_dcf,0.1,0.09120000000000002,15.0,5.878197090623757,8.06327736919806,5.754504436451605,4.064194774565908,424.8390237140609,upside>300%
TURBO,Financial Services,1.6699999570846558,0.244248,-0.06248031846400004,-330789262.0,fcfe,,,2670000000.0,,,998426392.0,8963171897.0,,eps_dcf,0.1,0.09120000000000002,15.0,2.482902162972227,3.4514368781167013,2.4231620708057475,1.693587724327191,48.67678004654964,
TURTLE,Consumer Cyclical,3.680000066757202,-0.04,0.0,,fcfe,,,1589549287.0,,,,-1908305763.0,,eps_dcf,0.08,0.08,15.0,,,,,,eps<=0_block|no_intrinsic
TVDH,Consumer Cyclical,0.03999999910593033,-0.0348,-0.3,-4091408.0,fcfe,,,2278074514.0,,,126433088.0,148586933.0,2914562.0,eps_dcf,0.08,0.08,15.0,,,,,,eps<=0_block|no_intrinsic
TVH,Financial Services,11.899999618530273,2.433,-0.3,,fcfe,,,299787556.0,,,,-297284000.0,900866000.0,eps_dcf,0.08,0.08,15.0,8.61849083656811,11.316525406700102,8.143686952798038,7.344867917746336,-27.575704934076718,
TVO,Consumer Defensive,27.0,3.07,-0.3,508798701.0,fcfe,,,889471248.0,,,3569656018.0,-380577000.0,410995000.0,eps_dcf,0.08,0.08,15.0,10.874955556212123,14.279380599494164,10.275840092515402,9.267876904020241,-59.722386828844,
TVT,Communication Services,0.23000000417232513,-0.027661,0.0,14435757.079999998,fcfe,,,800030075.0,,,-7246676.58,-27219000.0,0.0,eps_dcf,0.08,0.08,15.0,,,,,,eps<=0_block|no_intrinsic
TWP,Basic Materials,1.7400000095367432,0.1867,-0.3,-295724485.0,fcfe,,,266953705.0,,,47730393.0,358233554.0,,eps_dcf,0.08,0.08,15.0,0.6613531603729003,0.868390996066958,0.6249183535089987,0.5636197452705469,-61.99119788804032,
TWPC,Consumer Defensive,2.6600000858306885,0.26,0.3,-250054675.0,fcfe,,,880420930.0,,,746374997.0,1054377000.0,751446000.0,eps_dcf,0.08,0.08,15.0,12.292190119030778,16.1560546875,12.201097693799952,8.701602826254032,362.1123955788168,upside>300%
TWZ,Consumer Cyclical,0.009999999776482582,-0.024380000000000002,0.3,1674118333.0,fcfe,,,19860911512.0,,,-2407327510.0,1523300000.0,-33856000.0,eps_dcf,0.08,0.08,15.0,,,,,,eps<=0_block|no_intrinsic
TYCN,Basic Materials,1.690000057220459,0.12,0.3,-811476913.0,fcfe,,,596748900.0,,,393840201.0,1498604000.0,410828000.0,eps_dcf,0.08,0.08,15.0,5.673318516475744,7.456640625000001,5.631275858676902,4.016124381348014,235.69930913532892,
UAC,Basic Materials,2.559999942779541,0.10999999999999999,0.3,122010998.0,fcfe,,,667606199.0,,,248845325.0,-65987000.0,130000000.0,eps_dcf,0.08,0.08,15.0,5.200541973436097,6.835253906249999,5.162002870453825,3.6814473495690128,103.1461753780184,
UBA,Industrials,1.340000033378601,0.11,-0.3,8627609.540000001,fcfe,,,600000000.0,,,106418616.39999999,-358918716.75,,eps_dcf,0.08,0.08,15.0,0.3896563880076006,0.5116390442815499,0.36818971015527513,0.3320737652906276,-70.92116579839607,
UBE,Consumer Defensive,0.5299999713897705,-0.047,0.3,631441845.0,fcfe,,,3914286000.0,,,397893383.0,158512000.0,177216000.0,eps_dcf,0.08,0.08,15.0,,,,,,eps<=0_block|no_intrinsic
UBIS,Basic Materials,1.5199999809265137,0.09999999999999998,-0.3,39188000.0,fcfe,,,285000000.0,,,101464000.0,123933000.0,7305000.0,eps_dcf,0.08,0.08,15.0,0.3542330800069095,0.465126403892318,0.3347179183229772,0.30188524117329774,-76.69519181237177,
UEC,Basic Materials,0.7599999904632568,-0.134,0.3,32814632.0,fcfe,,,570510600.0,,,-60760768.0,-435580000.0,,eps_dcf,0.08,0.08,15.0,,,,,,eps<=0_block|no_intrinsic
UKEM,Basic Materials,1.4500000476837158,0.35000000000000003,-0.3,61830537.0,fcfe,,,1083902251.0,,,512899587.0,482106000.0,5929000.0,eps_dcf,0.08,0.08,15.0,1.2398157800241838,1.6279424136231138,1.171512714130421,1.0565983441065425,-14.495466258452074,
UMI,Industrials,0.8999999761581421,0.45600000000000007,-0.3,269029686.0,fcfe,,,836504741.0,,,658971731.0,68184000.0,81071000.0,eps_dcf,0.08,0.08,15.0,1.615302844831508,2.1209764017489707,1.5263137075527768,1.3765966997502381,79.47809862471348,
UMS,Energy,0.6899999976158142,0.019000000000000003,0.3,-71257490.0,fcfe,,,2388349543.0,,,-195825895.0,260123596.0,15.0,eps_dcf,0.1,0.08679999999999999,15.0,0.8339835682896606,1.1301778896208714,0.8182711811786328,0.5849264082915329,20.867184227733162,
UNIQ,Industrials,2.6600000858306885,0.897633,0.3,-1868076821.0,fcfe,,,1081016253.0,,,2878008751.0,22246356000.0,85000.0,eps_dcf,0.08,0.08,15.0,42.43798266583059,55.77772245117188,42.12349202376435,30.041714806688027,1495.4128306946154,upside>300%
UNIX,Consumer Cyclical,2.240000009536743,0.22999999999999998,0.0,,fcfe,,,144000000.0,,,,1194728590.0,,eps_dcf,0.1,0.08900000000000001,15.0,3.0852934314233336,4.272748440288826,3.014059521518027,2.1115401522737614,37.73631331641853,
UP,Consumer Cyclical,26.0,2.3888,0.3,-44212076.0,fcfe,,,25000000.0,,,110390444.0,-63161000.0,,eps_dcf,0.08,0.08,15.0,112.93686060131046,148.436859375,112.09993142672816,79.94764935136782,334.372540774271,upside>300%
UPF,Consumer Cyclical,23.299999237060547,-0.07000000000000006,0.3,25438314.0,fcfe,,,7500000.0,,,24345373.0,-60001000.0,,eps_dcf,0.08,0.08,15.0,,,,,,eps<=0_block|no_intrinsic
UPOIC,Consumer Defensive,6.800000190734863,0.543209,0.16295166485767343,37409746.0,fcfe,,,324050000.0,,,341664628.0,150891000.0,,eps_dcf,0.08,0.08,15.0,15.349790343090266,20.400877225667166,15.206130923053035,10.729681720625061,125.73220459618022,
UREKA,Industrials,0.4099999964237213,0.0056700000000000006,0.0,87966665.0,fcfe,,,1882220881.0,,,55491303.0,241162000.0,1279000.0,eps_dcf,0.08,0.08,15.0,0.08151214279858243,0.10979907286844137,0.08052226681795344,0.056194840670610424,-80.11898938790664,
UTP,Basic Materials,9.0,1.01,-0.3,614859020.0,fcfe,,,650000000.0,,,1005855245.8199999,-1805995852.54,,eps_dcf,0.08,0.08,15.0,3.5777541080697874,4.697776679312414,3.3806509750620717,3.049040935850308,-60.24717657700236,
UV,Utilities,0.9800000190734863,-0.048,-0.3,2795340859.0,fcfe,,,1911926537.0,,,2118750995.0,15340985000.0,4127329000.0,eps_dcf,0.08,0.08,15.0,,,,,,eps<=0_block|no_intrinsic
UVAN,Consumer Defensive,14.300000190734863,2.01,0.3,916197583.0,fcfe,,,940000000.0,,,1793734363.0,-913385000.0,343612000.0,eps_dcf,0.08,0.08,15.0,95.0280851509687,124.89873046875,94.32387063283808,67.27008338757923,564.5320551291916,upside>300%
VARO,Basic Materials,6.199999809265137,1.31,-0.3,181785289.0,fcfe,,,99902123.0,,,277398379.0,706349000.0,,eps_dcf,0.08,0.08,15.0,4.6404533480905155,6.093155890989368,4.384804730031003,3.9546966593702013,-25.153975954064883,
VCOM,Technology,3.940000057220459,0.42,-0.10849160368043431,-252606533.0,fcfe,,,307005200.0,,,249711471.0,258167000.0,41326000.0,eps_dcf,0.08,0.08,15.0,3.6923071034522477,5.012654478944231,3.6397322865319137,2.5296841787212645,-6.286623100786211,
VGI,Industrials,0.9900000095367432,0.022,0.3,-649523727.0,fcfe,,,21101284893.0,,,-258791908.0,-4765054000.0,1616237000.0,eps_dcf,0.08,0.08,15.0,1.0401083946872196,1.3670507812500001,1.0324005740907654,0.7362894699138025,5.06145299674532,
VIBE,Consumer Cyclical,0.30000001192092896,-0.038000000000000006,0.3,-1425648.0,fcfe,,,547680522.0,,,-1275244.0,-27599672.0,56757849.0,eps_dcf,0.08,0.08,15.0,,,,,,eps<=0_block|no_intrinsic
VIBHA,Healthcare,1.350000023841858,0.062,-0.3,349007731.0,fcfe,,,13484805805.0,,,2857027011.0,7310947000.0,835372000.0,eps_dcf,0.08,0.08,15.0,0.21962450960428392,0.2883783704132372,0.2075251093602459,0.18716884952744461,-83.7315180944018,
VIH,Healthcare,8.449999809265137,0.7036,-0.045706649056204696,374333177.0,fcfe,,,626824035.0,,,756702296.0,-668273000.0,5097000.0,eps_dcf,0.08,0.08,15.0,8.256444256642999,11.160641484269432,8.149031951821488,5.674483943481091,-2.2905983075870737,
VL,Industrials,0.800000011920929,0.0409,-0.3,151236222.94,fcfe,,,1183626515.0,,,218165678.67000002,198771671.52,,eps_dcf,0.08,0.08,15.0,0.144881329722826,0.19023669919195813,0.1368996285940977,0.12347106363987878,-81.88983405450927,
VNG,Basic Materials,2.0,-0.34,0.3,-1720679190.1299999,fcfe,,,1735237480.0,,,408743245.28,9563711000.0,62344000.0,eps_dcf,0.08,0.08,15.0,,,,,,eps<=0_block|no_intrinsic
VPO,Consumer Defensive,0.47999998927116394,0.038000000000000006,0.3,-240432321.0,fcfe,,,940000000.0,,,-41565525.0,523699063.0,901298.0,eps_dcf,0.08,0.08,15.0,1.7965508635506522,2.361269531250001,1.7832373552476852,1.2717727207602048,274.28143827222794,
VRANDA,Real Estate,4.460000038146973,0.072,0.3,-219704473.0,fcfe,,,319681672.0,,,480547244.0,3337916000.0,,eps_dcf,0.08,0.08,15.0,3.403991109885446,4.473984375,3.3787655152061404,2.409674628808809,-23.677330027563723,
VS,Industrials,0.25,-0.052461999999999995,-0.3,562751.0,fcfe,,,250000000.0,,,-2098237.0,22885293.0,2600.0,eps_dcf,0.08,0.08,15.0,,,,,,eps<=0_block|no_intrinsic
WACOAL,Consumer Cyclical,16.200000762939453,-1.27,-0.3,-159534608.0,fcfe,,,120000000.0,,,138416090.0,-123439000.0,197000.0,eps_dcf,0.08,0.08,15.0,,,,,,eps<=0_block|no_intrinsic
WARRIX,Consumer Cyclical,1.2599999904632568,-0.13,0.3,-56101919.79,fcfe,,,589080000.0,,,80888233.79,66099000.0,39579000.0,eps_dcf,0.08,0.08,15.0,,,,,,eps<=0_block|no_intrinsic
WASH,Industrials,3.6600000858306885,0.14,0.0,106911540.0,fcfe,,,352941176.0,,,617352501.0,1499890636.0,,eps_dcf,0.1,0.08900000000000001,15.0,1.8780046973881166,2.6008033984366765,1.8346449261414082,1.285285310079681,-48.68839744953512,
WAVE,Consumer Defensive,0.03999999910593033,0.0395,0.3,4668005.0,fcfe,,,11462937100.0,,,488841824.0,122519694.0,-247017425.0,eps_dcf,0.08,0.08,15.0,1.8674673450065984,2.4544775390624993,1.853628303481146,1.321974275527055,4568.668466869368,upside>300%
WFX,Consumer Cyclical,1.25,-0.11,-0.3,73942913.0,fcfe,,,464200000.0,,,132772244.0,202721990.0,,eps_dcf,0.08,0.08,15.0,,,,,,eps<=0_block|no_intrinsic
WGE,Industrials,0.6700000166893005,0.2107,0.3,178367388.52,fcfe,,,600000000.0,,,208651630.79,-185156279.89000005,,eps_dcf,0.08,0.08,15.0,9.961401761845325,13.092618164062499,9.88758186186019,7.0516450595835565,1386.7763453302614,upside>300%
WHA,Real Estate,4.699999809265137,0.253,0.3,-225312131.0,fcfe,,,14946834679.0,,,7547232713.0,49232619245.0,3742503654.0,eps_dcf,0.08,0.08,15.0,11.961246538903024,15.721083984374998,11.872606602043799,8.467328904008733,154.49461753857418,
WHABT,Real Estate,6.300000190734863,0.434886,0.3,,fcfe,,,202000000.0,,,100358186.0,353579856.0,,eps_dcf,0.08,0.08,15.0,20.56038996963392,27.023238457031255,20.40802527563802,14.554635564224274,226.3553864628638,
WHAIR,Real Estate,8.199999809265137,0.6558569999999999,0.3,,fcfe,,,1058806116.0,,,487876045.0,4138106913.0,,eps_dcf,0.08,0.08,15.0,31.00738051883526,40.75408291992187,30.777597423702126,21.95002740314804,278.13879561070456,
WHART,Real Estate,10.600000381469727,0.768332,-0.08158837332433055,,fcfe,,,3468827441.0,,,2939613603.0,15055113585.0,,eps_dcf,0.08,0.08,15.0,7.6550569277740985,10.374170516525446,7.550121608321078,5.250749297381812,-27.782484412394915,
WHAUP,Utilities,7.300000190734863,0.39,-0.3,755885417.0,fcfe,,,3825000000.0,,,2724109243.0,16072907294.0,71.0,eps_dcf,0.08,0.08,15.0,1.3815090120269473,1.8139929751800403,1.3053998814596115,1.1773524405758613,-81.07521950779734,
WICE,Industrials,3.0799999237060547,0.16,0.3,98748001.0,fcfe,,,640999500.0,,,278337176.0,-55036000.0,315633000.0,eps_dcf,0.08,0.08,15.0,7.5644246886343245,9.9421875,7.508367811569201,5.354832508464019,145.5982102600938,
WIIK,Industrials,1.2599999904632568,0.13069,-0.3,342337915.0,fcfe,,,837683469.0,,,250970912.0,173917000.0,40463000.0,eps_dcf,0.08,0.08,15.0,0.46294721226103014,0.6078736972468707,0.437442847456299,0.3945338216893829,-63.25815747896784,
WIN,Real Estate,0.28999999165534973,0.0007360000000000001,0.3,17980162.0,fcfe,,,561144020.0,,,15570861.0,84691223.0,56340085.0,eps_dcf,0.08,0.08,15.0,0.0347963535677179,0.04573406250000001,0.03453849193321833,0.024632229538934493,-88.00125704518238,
WINDOW,Basic Materials,0.7200000286102295,0.056398000000000004,-0.22752380371093783,26304853.0,fcfe,,,888000000.0,,,101974542.0,-126486602.0,989869.0,eps_dcf,0.08,0.08,15.0,0.2781189276930278,0.379574186515422,0.27351316095615286,0.1904809690812586,-61.37237268867014,
WINMED,Healthcare,1.3600000143051147,0.032,-0.3,32847914.890000008,fcfe,,,400000000.0,,,89961952.77,370962555.74,,eps_dcf,0.08,0.08,15.0,0.1133545856022111,0.14884044924554185,0.10710973386335276,0.09660327717545532,-91.66510408750774,
WINNER,Consumer Defensive,2.200000047683716,0.21,-0.07204174593228674,125357403.0,fcfe,,,599974662.0,,,215937397.0,309587000.0,,eps_dcf,0.08,0.08,15.0,2.186180033823594,2.9607706647497496,2.156621048433749,1.5002663590669734,-0.6281824345718707,
WORK,Communication Services,3.440000057220459,0.010000000000000009,0.3,78748610.0,fcfe,,,441560485.0,,,190952935.0,-1036953000.0,-6901000.0,eps_dcf,0.08,0.08,15.0,0.47277654303964567,0.6213867187500005,0.46927298822307545,0.3346770317790015,-86.2564960704782,
WP,Utilities,3.759999990463257,0.31,-0.1451958089702745,90482142.0,fcfe,,,500634800.0,,,655760592.0,-98779913.0,-315442.0,eps_dcf,0.08,0.08,15.0,2.28981601929911,3.115267948290505,2.255543493954918,1.5671816663402915,-39.100637630134955,
WPH,Healthcare,6.300000190734863,0.39804000000000006,0.3,-179171784.0,fcfe,,,714125065.0,,,610287259.0,1225816000.0,114123000.0,eps_dcf,0.08,0.08,15.0,18.818397519150047,24.733676953125006,18.678942023231283,13.321484572931364,198.70471348279398,
WSOL,Industrials,0.029999999329447746,-0.7200000000000001,0.0,-98988000.0,fcfe,,,2431768238.0,,,-4471153000.0,5049998000.0,409450000.0,eps_dcf,0.08,0.08,15.0,,,,,,eps<=0_block|no_intrinsic
XBIO,Consumer Cyclical,0.07000000029802322,-0.17824099999999998,-0.3,-311184298.0,fcfe,,,12190177039.0,,,-652446297.0,123960000.0,62901000.0,eps_dcf,0.08,0.08,15.0,,,,,,eps<=0_block|no_intrinsic
XO,Consumer Defensive,18.399999618530273,1.27,0.13726748998201677,495812162.0,fcfe,,,428264050.0,,,584385964.0,-549930000.0,,eps_dcf,0.08,0.08,15.0,32.416432315040254,43.17591019795798,32.09991903151379,22.60649428270193,76.17626623423574,
XPG,Financial Services,0.5199999809265137,0.0191,-4.440892098500626e-16,-1352100199.0,fcfe,,,10700191101.0,,,352020930.0,-76542663.0,,eps_dcf,0.0814,0.08,15.0,0.2734538907447027,0.369869892731433,0.2697083766930693,0.1882744309128727,-47.412711389436154,
XYZ,Basic Materials,0.25999999046325684,-0.146,8.881784197001252e-16,-625663519.0,fcfe,,,1746739583.0,,,-87426326.0,81438000.0,271004000.0,eps_dcf,0.08,0.08,15.0,,,,,,eps<=0_block|no_intrinsic
YGG,Communication Services,0.18000000715255737,-0.058,0.3,,fcfe,,,601997187.0,,,-11733134.0,2522680.0,0.0,eps_dcf,0.08,0.08,15.0,,,,,,eps<=0_block|no_intrinsic
YONG,Basic Materials,0.7099999785423279,0.02,0.3,8324817.0,fcfe,,,680000000.0,,,112444527.0,259231000.0,,eps_dcf,0.08,0.08,15.0,0.9455530860792906,1.2427734375,0.9385459764461501,0.6693540635580024,33.17649502195298,
YUASA,Consumer Cyclical,15.0,2.61,-0.13578363927494475,258824009.0,fcfe,,,107625000.0,,,382414362.0,-768977832.0,,eps_dcf,0.08,0.08,15.0,20.166341021128645,27.422032020491812,19.868269824902576,13.804863610443697,34.44227347419096,
ZAA,Communication Services,1.590000033378601,-0.08379999999999999,-0.2043800487730526,-30759966.0,fcfe,,,650059588.0,,,-39804566.0,-137816000.0,8121000.0,eps_dcf,0.08,0.08,15.0,,,,,,eps<=0_block|no_intrinsic
ZEN,Consumer Cyclical,5.599999904632568,0.16,0.10381289062499954,361632000.0,fcfe,,,298184500.0,,,528059000.0,662615000.0,132782000.0,eps_dcf,0.08,0.08,15.0,3.567801723222931,4.7652966683563776,3.5310147492843003,2.4806676999053763,-36.28925385746012,
ZIGA,Basic Materials,1.1100000143051147,0.05,-0.3,43989754.0,fcfe,,,737328449.0,,,71621407.0,65917742.0,0.0,eps_dcf,0.08,0.08,15.0,0.1771165400034548,0.2325632019461591,0.16735895916148869,0.15094262058664892,-84.04355516028225,
