symbol,sector,last_price,eps_ttm,g_base,fcf_ttm,fcf_mode,terminal_method,exit_multiple_used,shares,equity_last,roe_ttm,ebitda_ttm,net_debt,minority_interest,model,coe,wacc,terminal_pe_used,intrinsic,intrinsic_s_bull,intrinsic_s_base,intrinsic_s_bear,upside_pct,flags
A,Healthcare,167.8350067138672,5.08,0.042184924178831684,1267000000.0,fcff,exit,8.0,281965813.0,,,2035000000.0,2191000000.0,,fcf_dcf,0.11948999828338623,0.10749149854087829,,48.161811869801284,52.944442174134295,48.16181186980128,43.37918156546827,-71.30407248595655,
AA,Basic Materials,42.154998779296875,4.86,-0.3,352000000.0,fcff,exit,8.0,263909445.0,,,1993000000.0,873000000.0,67000000.0,fcf_dcf,0.14869499828338623,0.12139624871253968,,39.11578745318835,43.81751792364161,39.11578745318835,34.414056982735076,-7.209610755821308,
AAMI,Financial Services,94.20999908447266,2.83,-0.3,-50100000.0,fcff,exit,8.0,35490128.0,,,198000000.0,192900000.0,41200000.0,fcf_dcf,0.12548499828338622,0.10828799862670899,,17.33387791782876,21.017671877244258,17.33387791782876,13.650083958413266,-81.60080873975333,
AAPL,Technology,334.75,8.719999999999999,-0.1906473899081339,136683000000.0,fcff,exit,8.0,14594180000.0,,,167959000000.0,44800000000.0,,fcf_dcf,0.11184499828338623,0.1009932485408783,,97.21652461464711,105.0707102476249,97.21652461464711,89.36233898166932,-70.95846912183805,
AARD,Healthcare,5.335000038146973,-3.21,0.12992006969622727,,fcff,exit,8.0,21884158.0,,,-73913000.0,-73172000.0,,fcf_dcf,0.10804999828338624,0.0977674985408783,,,,,,,no_intrinsic
AAT,Real Estate,21.309999465942383,0.29,-0.05160187992533882,88654000.0,fcff,exit,8.0,61404213.0,,,232378000.0,1595575000.0,-68132000.0,fcf_dcf,0.10672999828338622,0.08319949888420106,,3.5895490453561605,6.39146720995165,3.5895490453561614,0.7876308807606685,-83.15556482724003,
ABAT,Industrials,2.139899969100952,-0.56,0.3,-37765423.0,fcff,exit,8.0,142577758.0,,,-70166359.0,-49329311.0,,fcf_dcf,0.12487999828338624,0.10353499871253968,,-3.362381756777321,-3.694388925927125,-3.362381756777321,-3.0303745876275165,-257.12798753812666,pe<0
ABBV,Healthcare,261.5799865722656,3.54,-0.3,18210000000.0,fcff,exit,8.0,1767117285.0,,,19484000000.0,64253000000.0,47000000.0,fcf_dcf,0.08,0.08,,73.4407544971832,81.72579865236563,73.4407544971832,65.15571034200079,-71.92416917687468,
ABCB,Financial Services,80.4800033569336,5.53,0.3,521976000.0,fcff,exit,8.0,67107239.0,,,,188235000.0,,fcf_dcf,0.10650999828338623,0.09310799862670899,,,,,,,no_intrinsic
ABM,Industrials,48.33000183105469,2.77,-0.26514106947188165,312300000.0,fcff,exit,8.0,58614592.0,,,439400000.0,1771700000.0,,fcf_dcf,0.08813999828338623,0.08,,37.35298094125476,42.9859373139188,37.35298094125476,31.72002456859072,-22.712643231779445,
ABNB,Consumer Cyclical,162.8699951171875,4.4,0.3,,fcff,exit,8.0,589585682.0,,,2914000000.0,-4325000000.0,,fcf_dcf,0.12146999828338623,0.10097749871253967,,,,,,,no_intrinsic
ABOS,Healthcare,2.0399999618530273,-1.9,-0.3,,fcff,exit,8.0,72317285.0,,,-100543000.0,-27797000.0,,fcf_dcf,0.08,0.08,,,,,,,no_intrinsic
ABT,Healthcare,98.48999786376953,3.0900000000000003,0.3,7378000000.0,fcff,exit,8.0,1730383296.0,,,11836000000.0,27244000000.0,640000000.0,fcf_dcf,0.08511499828338623,0.08,,43.02219501385622,48.16197730616172,43.02219501385622,37.882412721550715,-56.3182090090365,
ACET,Healthcare,6.614999771118164,-11.45,-0.3,-85024000.0,fcff,exit,8.0,9361490.0,,,-93163000.0,-20277000.0,,fcf_dcf,0.14253499828338623,0.12707974854087828,,-80.15944937793493,-86.20068972325431,-80.15944937793493,-74.11820903261555,-1311.7831013074276,pe<0
ACGL,Financial Services,93.69999694824219,12.790000000000001,0.150099718377533,6055000000.0,fcff,exit,8.0,341229126.0,,,,3177000000.0,,fcf_dcf,0.08,0.08,,,,,,,no_intrinsic
ACHC,Healthcare,28.09000015258789,-12.45,0.13324628738256772,-134031000.0,fcff,exit,8.0,93100275.0,,,-749314000.0,2393974000.0,212725000.0,fcf_dcf,0.0874049997329712,0.08021924977302551,,-82.41206699776322,-88.45369777527839,-82.41206699776322,-76.37043622024805,-393.38578337519414,pe<0
ACHR,Industrials,4.82289981842041,-1.1800000000000002,0.3,-681000000.0,fcff,exit,8.0,770026800.0,,,-914000000.0,-727100000.0,23300000.0,fcf_dcf,0.2328799997329712,0.1845349997997284,,-6.468564310895506,-7.030519552675743,-6.468564310895506,-5.906609069115268,-234.12188837490885,pe<0
ACI,Consumer Defensive,11.614999771118164,0.08000000000000013,0.3,564300000.0,fcff,exit,8.0,485325683.0,,,3250900000.0,15407600000.0,,fcf_dcf,0.08,0.08,,13.432967296769274,18.466262672858516,13.43296729676927,8.399671920680033,15.651894631730121,
ACIU,Healthcare,2.6758999824523926,-0.71,-0.3,-70162000.0,fcff,exit,8.0,99426932.0,,,-41676000.0,-23655000.0,,fcf_dcf,0.1384449997329712,0.12360324977302552,,-4.493722167114391,-4.7521372844258725,-4.493722167114391,-4.235307049802909,-267.9331139647458,pe<0
ACMR,Technology,81.0199966430664,2.1,-0.3,-119802000.0,fcff,exit,8.0,69649196.0,,,264963000.0,-619910000.0,544969000.0,fcf_dcf,0.16775999973297118,0.14852099977302552,,11.78034359633989,13.882065653358607,11.78034359633989,9.67862153932117,-85.45995546230618,
ACN,Technology,196.25,12.52,-0.15277349278266872,12581688000.0,fcff,exit,8.0,611942109.0,,,12330716000.0,-1776475000.0,1617147000.0,fcf_dcf,0.1136399997329712,0.10251899977302552,,191.4112095485103,205.06799236818034,191.4112095485103,177.7544267288403,-2.465625707765452,
ACNB,Financial Services,63.220001220703125,5.27,-0.19139060359319782,58816000.0,fcff,exit,8.0,10169930.0,,,,227267000.0,,fcf_dcf,0.10071499973297118,0.08847199978637696,,,,,,,no_intrinsic
ACNT,Basic Materials,13.6899995803833,-0.47,0.3,-8401000.0,fcff,exit,8.0,9009453.0,,,-1795000.0,-14238000.0,,fcf_dcf,0.08,0.08,,-3.55781751757528,-3.707526586801978,-3.55781751757528,-3.4081084483485813,-125.98844139245521,pe<0
ACOG,Healthcare,9.1899995803833,-1.8399999999999999,0.08461063913019684,-37081797.0,fcff,exit,8.0,21777868.0,,,-28891170.0,-41384287.0,,fcf_dcf,0.17556999973297122,0.1551594997730255,,-9.7489109957581,-10.461010785280665,-9.7489109957581,-9.036811206235535,-206.08173493900733,pe<0
ACON,Healthcare,2.3350000381469727,-8.14,-0.3,-8260842.0,fcff,exit,8.0,2882371.0,,,-9239644.0,-16285462.0,,fcf_dcf,0.11935999973297119,0.10738099977302551,,-22.626546161488086,-24.751849277784686,-22.626546161488086,-20.50124304519148,-1069.016950399891,pe<0
ACRE,Real Estate,3.740000009536743,-0.08000000000000003,-0.3,13210000.0,fcff,exit,8.0,55481113.0,,,,1245191000.0,,fcf_dcf,0.1216699997329712,0.09291049982643129,,,,,,,no_intrinsic
ACRS,Healthcare,4.179999828338623,-0.58,0.2122486136395314,-62177000.0,fcff,exit,8.0,147198893.0,,,-85092000.0,-19167000.0,,fcf_dcf,0.10153999973297119,0.0922339997730255,,-4.882638530524584,-5.2932268490121785,-4.882638530524584,-4.47205021203699,-216.80953902013033,pe<0
ACT,Financial Services,45.32160186767578,4.75,-0.11732082835612012,,fcff,exit,8.0,137483671.0,,,,296786000.0,,fcf_dcf,0.08,0.08,,,,,,,no_intrinsic
ACTG,Industrials,4.312900066375732,-0.15,0.3,875000.0,fcff,exit,8.0,97586805.0,,,16937000.0,-205597000.0,30233000.0,fcf_dcf,0.0809149997329712,0.08,,2.8782158842114836,3.008630861327853,2.878215884211483,2.7478009070951135,-33.264953049789995,pe<0
ACTU,Healthcare,0.8485000133514404,-0.99,-0.3,,fcff,exit,8.0,24014202.0,,,-20433557.0,-4425841.0,,fcf_dcf,0.1190299997329712,0.1071004997730255,,,,,,,no_intrinsic
ACVA,Consumer Cyclical,10.449899673461914,-0.36,-0.2679058593749999,-7000000.0,fcff,exit,8.0,169824232.0,,,-3345000.0,-37259000.0,,fcf_dcf,0.1498849997329712,0.1222887497997284,,-0.034458089798740106,-0.04667254988080649,-0.034458089798740106,-0.02224362971667372,-100.3297456518769,pe<0
ACXP,Healthcare,1.2598999738693237,-4.27,-0.3,,fcff,exit,8.0,5559405.0,,,-7669035.0,-10656386.0,,fcf_dcf,0.08,0.08,,,,,,,no_intrinsic
ADBE,Technology,237.60000610351562,17.92,-0.06013285249115996,10592000000.0,fcff,exit,8.0,389200000.0,,,10307000000.0,2403000000.0,,fcf_dcf,0.1308549997329712,0.11715174977302553,,232.6842424075391,249.48773089775273,232.6842424075391,215.88075391732545,-2.0689240613213045,
ADGM,Healthcare,0.1501999944448471,-1.48,-0.3,-17071000.0,fcff,exit,8.0,27189328.0,,,-23190000.0,18261000.0,,fcf_dcf,0.08,0.08,,-8.452000564380702,-9.092891834849844,-8.452000564380702,-7.811109293911563,-5727.164365498193,pe<0
ADI,Technology,411.1400146484375,8.43,-0.3,4937495000.0,fcff,exit,8.0,484565465.0,,,7025615000.0,6955713000.0,,fcf_dcf,0.1207349997329712,0.1085497497730255,,102.10647986840623,111.66865747073787,102.10647986840623,92.5443022660746,-75.16503472528291,
ADMA,Healthcare,9.880000114440918,0.7000000000000001,-0.17729752520811815,116224000.0,fcff,exit,8.0,223984680.0,,,232988000.0,67819000.0,,fcf_dcf,0.09119999973297119,0.08344499977302551,,8.024156765905225,8.793431997195984,8.024156765905225,7.254881534614467,-18.783839342502983,
ADP,Technology,258.2099914550781,10.94,-0.1871850472234391,4776100000.0,fcff,exit,8.0,396251548.0,,,6775400000.0,1040700000.0,,fcf_dcf,0.0992849997329712,0.09031724977302552,,144.94944562366533,157.20126008868647,144.94944562366535,132.6976311586442,-43.863734781586565,
ADSK,Technology,222.81500244140625,7.73,-0.3,2804000000.0,fcff,exit,8.0,209000000.0,,,2376000000.0,-393000000.0,,fcf_dcf,0.1260149997329712,0.11303774977302551,,112.68270835662128,120.03041042603597,112.68270835662126,105.33500628720655,-49.42768344952289,
ADT,Industrials,6.25,0.7100000000000001,-0.10771333362957247,1613800000.0,fcff,exit,8.0,730559248.0,,,2661294000.0,7683712000.0,,fcf_dcf,0.1111099997329712,0.0932074997997284,,19.103940270335897,21.67981808482392,19.103940270335897,16.528062455847873,205.66304432537436,
AEE,Utilities,99.47000122070312,5.77,-0.10925060872124914,-1345000000.0,fcff,exit,8.0,276843251.0,,,4171000000.0,21291000000.0,129000000.0,fcf_dcf,0.08,0.08,,-7.3343460751242215,3.9867462112286525,-7.334346075124224,-18.65543836147709,-107.37342513834984,
AEHR,Technology,103.14640045166016,-0.24000000000000002,-0.3,-5376000.0,fcff,exit,8.0,32659546.0,,,-10613000.0,-106476000.0,,fcf_dcf,0.2446499997329712,0.2138774997730255,,1.6679145215348719,1.5317842934146055,1.667914521534872,1.8040447496551384,-98.38296390932561,pe<0
AEM,Basic Materials,180.93499755859375,11.69,-0.3,4548557000.0,fcff,exit,8.0,506364864.0,,,10485627000.0,-3143607000.0,,fcf_dcf,0.08822999973297119,0.08,,168.64922763716703,184.2093469637704,168.64922763716703,153.0891083105637,-6.79015673429797,
AENT,Communication Services,4.670000076293945,0.36999999999999994,-0.3,-2774000.0,fcff,exit,8.0,50957370.0,,,31781000.0,92390000.0,,fcf_dcf,0.08,0.08,,1.7060171618089308,2.174660701376134,1.7060171618089308,1.2373736222417273,-63.46858385572437,
AEP,Utilities,118.9800033569336,7.000000000000001,0.28220829436441175,-2437000000.0,fcff,exit,8.0,544397352.0,,,9307800000.0,53123000000.0,1210000000.0,fcf_dcf,0.08,0.08,,-15.942433016424111,-3.095095902170983,-15.942433016424111,-28.78977013067724,-113.39925413230799,
AES,Utilities,14.899999618530273,2.02,-0.3,-1720000000.0,fcff,exit,8.0,713438630.0,,,3816000000.0,30317000000.0,4830000000.0,fcf_dcf,0.1054999997329712,0.08239999982643129,,-27.58893570781504,-23.614150305241804,-27.58893570781504,-31.563721110388272,-285.1606470748111,
AESI,Energy,12.53499984741211,-0.95,0.3,-184122000.0,fcff,exit,8.0,124905584.0,,,110943000.0,881046000.0,,fcf_dcf,0.11655499973297119,0.09343849981307983,,-8.04631837330706,-7.418914632777207,-8.04631837330706,-8.673722113836911,-164.1908134922574,pe<0
AFBI,Financial Services,23.0,1.37,-0.19067754420404093,13804000.0,fcff,exit,8.0,6094885.0,,,,-35352000.0,,fcf_dcf,0.08,0.08,,,,,,,no_intrinsic
AFL,Financial Services,112.05500030517578,9.33,0.01154389204741535,,fcff,exit,8.0,501343298.0,,,,2609000000.0,,fcf_dcf,0.0836099997329712,0.08,,,,,,,no_intrinsic
AGCO,Industrials,114.2699966430664,7.23,0.3,330300000.0,fcff,exit,8.0,70031729.0,,,1112000000.0,2265500000.0,292400000.0,fcf_dcf,0.11209999973297119,0.0939499997997284,,72.20330426451395,83.39313287441989,72.20330426451395,61.013475654608015,-36.81341875763935,
AGEN,Healthcare,8.265000343322754,1.9500000000000002,0.3,,fcff,exit,8.0,45161916.0,,,155766000.0,21970000.0,-6775000.0,fcf_dcf,0.1258499997329712,0.11289749977302552,,,,,,,no_intrinsic
AGIO,Healthcare,31.299999237060547,-6.71,0.08104108270490751,-390252000.0,fcff,exit,8.0,59701882.0,,,-453671000.0,-68476000.0,,fcf_dcf,0.08767999973297119,0.08045299977302552,,-72.02705746541113,-77.72508387463077,-72.02705746541113,-66.32903105619151,-330.1184000673329,pe<0
AGM,Financial Services,215.63999938964844,18.310000000000002,-0.1772614253392234,,fcff,exit,8.0,10853210.0,,,,35900346000.0,,fcf_dcf,0.11209999973297119,0.09757999978637696,,,,,,,no_intrinsic
AGO,Financial Services,68.55000305175781,7.5,0.3,,fcff,exit,8.0,43979208.0,,,,1396000000.0,23000000.0,fcf_dcf,0.09268499973297119,0.08204799978637696,,,,,,,no_intrinsic
AHR,Real Estate,50.525001525878906,0.68,-4.440892098500626e-16,195546000.0,fcff,exit,8.0,217998775.0,,,456233000.0,1410514000.0,47344000.0,fcf_dcf,0.09702999973297119,0.08,,9.683872992794544,11.256460145721359,9.683872992794544,8.11128583986773,-80.83350281971893,
AHT,Real Estate,2.2799999713897705,-33.09,-0.3,,fcff,exit,8.0,6469814.0,,,344923000.0,1888171000.0,35147000.0,fcf_dcf,0.1532399997329712,0.11343099982643129,,,,,,,no_intrinsic
AI,Technology,11.170000076293945,-3.08,-0.22228225373918942,-155777000.0,fcff,exit,8.0,160779856.0,,,-446879000.0,-130650000.0,,fcf_dcf,0.1682549997329712,0.1489417497730255,,-14.887158249497187,-16.419900451467477,-14.887158249497187,-13.354416047526898,-233.27804966709132,pe<0
AIG,Financial Services,74.70999908447266,6.1,-0.17218626451993335,,fcff,exit,8.0,522893169.0,,,,7637000000.0,20000000.0,fcf_dcf,0.08206999973297119,0.08,,,,,,,no_intrinsic
AII,Financial Services,25.969499588012695,4.5,-0.17931210026515476,163151000.0,fcff,exit,8.0,19593427.0,,,,-254976000.0,,fcf_dcf,0.1080299997329712,0.09432399978637697,,,,,,,no_intrinsic
AIMD,Technology,1.3499000072479248,-2.66,-0.3,,fcff,exit,8.0,7384073.0,,,-8458702.0,10971518.0,,fcf_dcf,0.18948499973297117,0.16698724977302548,,,,,,,no_intrinsic
AIN,Consumer Cyclical,59.654998779296875,-1.7400000000000002,-0.3,58477000.0,fcff,exit,8.0,28371147.0,,,56134000.0,373320000.0,6400000.0,fcf_dcf,0.1175999997329712,0.09807499979972839,,5.867650924291888,7.235978046566176,5.867650924291887,4.499323802017601,-90.16402473495944,pe<0
AIRE,Real Estate,1.3154000043869019,-5.4399999999999995,-0.3,-12316163.0,fcff,exit,8.0,6006624.0,,,-17089980.0,-1929848.0,10979.0,fcf_dcf,0.08,0.08,,-25.44884078351118,-27.58676934296655,-25.44884078351118,-23.3109122240558,-2034.6845597262025,pe<0
AISP,Technology,2.3903000354766846,-0.6900000000000001,0.3,,fcff,exit,8.0,34439562.0,,,-6146369.0,-11714937.0,,fcf_dcf,0.08762499973297119,0.08040624977302552,,,,,,,no_intrinsic
AIT,Industrials,343.989990234375,10.96,-0.10597282861328139,460517000.0,fcff,exit,8.0,36733895.0,,,627607000.0,135170000.0,,fcf_dcf,0.09983499973297119,0.0847512497997284,,149.1080965445142,161.66755349039323,149.1080965445142,136.5486395986352,-56.653361790289146,
AIZ,Financial Services,266.6575927734375,20.939999999999998,-0.21664202319130532,1655600000.0,fcff,exit,8.0,49323767.0,,,,509400000.0,,fcf_dcf,0.08190499973297119,0.08,,,,,,,no_intrinsic
AJG,Financial Services,223.40499877929688,6.03,-0.3,2285000000.0,fcff,exit,8.0,256341000.0,,,3966700000.0,12720000000.0,30000000.0,fcf_dcf,0.08311499973297119,0.08,,80.95216934135031,92.57985716279018,80.95216934135031,69.32448151991048,-63.764387644108425,
AKAM,Technology,109.3499984741211,2.7800000000000002,0.3,629879000.0,fcff,exit,8.0,143716609.0,,,1261233000.0,7858729000.0,,fcf_dcf,0.0869099997329712,0.08,,16.593613011320677,23.18793949861812,16.593613011320677,9.99928652402323,-84.82522794433531,
AKO-B,Consumer Defensive,28.670000076293945,1853.28,-0.24683670519486467,,fcff,exit,8.0,157761767.0,,,478624084000.0,853525004000.0,40513451000.0,fcf_dcf,0.08,0.08,,,,,,,no_intrinsic
ALB,Basic Materials,103.7300033569336,0.26999999999999935,0.3,1342372000.0,fcff,exit,8.0,118005057.0,,,986287000.0,245096000.0,258685000.0,fcf_dcf,0.12777499973297118,0.1057062497997284,,85.34006485907514,90.92354179877746,85.34006485907513,79.7565879193728,-17.728658924823236,
ALCO,Consumer Defensive,37.98500061035156,-1.06,-0.3,-3551000.0,fcff,exit,8.0,7418561.0,,,22088000.0,29834000.0,0.0,fcf_dcf,0.10417999973297119,0.09124399978637697,,11.00992818139746,13.13428877432599,11.00992818139746,8.885567588468927,-71.01506382917613,pe<0
ALGM,Technology,38.165000915527344,0.060000000000000005,0.3,87847000.0,fcff,exit,8.0,186402046.0,,,100921000.0,141978000.0,1686000.0,fcf_dcf,0.1622049997329712,0.1437992497730255,,3.3650837639073368,3.6704230544975913,3.3650837639073368,3.0597444733170827,-91.18280182579987,
ALGN,Healthcare,139.60000610351562,5.75,-0.09544325336638149,633569000.0,fcff,exit,8.0,71039852.0,,,906705000.0,-981749000.0,,fcf_dcf,0.1450449997329712,0.1292132497730255,,108.42673508302113,116.10185190744646,108.42673508302114,100.75161825859583,-22.330422390797764,
ALIT,Technology,8.699999809265137,-77.220294,-0.3,249000000.0,fcff,exit,8.0,26419410.0,,,-1500000000.0,1893000000.0,2000000.0,fcf_dcf,0.14597999973297118,0.13000799977302552,,-308.8820030984221,-342.90412630538015,-308.8820030984221,-274.859879891464,-3650.3679295426614,pe<0
ALL,Financial Services,220.2899932861328,50.08,-0.15592750360753627,12249000000.0,fcff,exit,8.0,252857950.0,,,,6652000000.0,-20000000.0,fcf_dcf,0.08,0.08,,,,,,,no_intrinsic
ALLR,Healthcare,1.0199999809265137,-0.7200000000000001,-0.11808957309841883,,fcff,exit,8.0,15910724.0,,,-11228000.0,5304000.0,,fcf_dcf,0.0844899997329712,0.08,,,,,,,no_intrinsic
ALRM,Technology,55.28499984741211,2.26,0.3,186619000.0,fcff,exit,8.0,49090228.0,,,217647000.0,88047000.0,45865000.0,fcf_dcf,0.09466499973297118,0.08639024977302551,,38.94369364602453,42.178357823075636,38.94369364602453,35.70902946897341,-29.558300165487868,
ALSN,Consumer Cyclical,114.97000122070312,6.29,0.14220834270249139,737000000.0,fcff,exit,8.0,82578038.0,,,1082000000.0,3715000000.0,,fcf_dcf,0.10698499973297118,0.09011374979972839,,66.90859569764658,76.30592556667528,66.90859569764656,57.511265828617866,-41.803431341011354,
ALTO,Basic Materials,3.7149999141693115,0.67,-0.3,49944000.0,fcff,exit,8.0,77568460.0,,,86152000.0,58976000.0,,fcf_dcf,0.08,0.08,,8.63716030347286,9.471729355728097,8.63716030347286,7.802591251217625,132.49422619177,
ALUR,Healthcare,0.434,-46.05,0.3,,fcff,exit,8.0,607651.0,,,-30577000.0,24390000.0,,fcf_dcf,0.08,0.08,,,,,,,no_intrinsic
AM,Energy,20.450000762939453,0.84,0.05567133435216087,775570000.0,fcff,exit,8.0,474674000.0,,,972551000.0,3609545000.0,,fcf_dcf,0.09119999973297119,0.08,,11.616953263202934,13.156521781825681,11.616953263202934,10.077384744580186,-43.19338469534057,
AMAL,Financial Services,47.77000045776367,3.7099999999999995,-0.2686060091306848,144002000.0,fcff,exit,8.0,29900147.0,,,,-88990000.0,0.0,fcf_dcf,0.09735999973297119,0.08578799978637695,,,,,,,no_intrinsic
AMAT,Technology,537.9401245117188,11.599999999999998,-0.3,5623000000.0,fcff,exit,8.0,793597443.0,,,11631000000.0,309000000.0,,fcf_dcf,0.14053499973297118,0.12537974977302552,,97.95962039324283,106.92403994233833,97.95962039324284,88.99520084414733,-81.7898654646445,
AMBQ,Technology,67.47100067138672,-2.02174,-0.20663313040717846,-40022000.0,fcff,exit,8.0,24184536.0,,,-35495000.0,-362191000.0,,fcf_dcf,0.1080299997329712,0.09775049977302552,,0.17043169929530372,-0.8460792531353784,0.1704316992953037,1.1869426517259858,-99.74740007173544,pe<0
AMCX,Communication Services,11.140000343322754,-5.94,0.3,190523000.0,fcff,exit,8.0,41249971.0,,,1102177000.0,1285630000.0,35150000.0,fcf_dcf,0.1295349997329712,0.11152799978637697,,125.05540124119736,142.4424759112501,125.05540124119736,107.6683265711446,1022.5798688251817,upside>300%|pe<0
AMD,Technology,629.7880249023438,3.8899999999999997,-0.3,8403000000.0,fcff,exit,8.0,1632475042.0,,,10718000000.0,-810000000.0,,fcf_dcf,0.1879999997329712,0.16572499977302552,,44.98525502641756,48.35259921615664,44.985255026417555,41.61791083667848,-92.85707996219948,
AMG,Financial Services,372.70001220703125,28.87,-0.2935278143917954,1063500000.0,fcff,exit,8.0,25859933.0,,,1672100000.0,2593000000.0,1165900000.0,fcf_dcf,0.11204499973297119,0.09753599978637696,,379.2022964376556,424.0295197996773,379.20229643765566,334.37507307563385,1.7446428810451442,
AMGN,Healthcare,401.1050109863281,16.09,-0.08767548314738771,10175000000.0,fcff,exit,8.0,540632005.0,,,17622000000.0,43315000000.0,,fcf_dcf,0.08,0.08,,195.35533869924768,219.84797458799804,195.3553386992477,170.8627028104973,-51.29571225777918,
AMIX,Healthcare,3.6105000972747803,-64.25,-0.3,,fcff,exit,8.0,1959938.0,,,-16136000.0,-3460000.0,,fcf_dcf,0.08,0.08,,,,,,,no_intrinsic
AMOD,Technology,3.9200000762939453,-16.94,-0.3,,fcff,exit,8.0,56607824.0,,,-6827416.0,4234644.0,,fcf_dcf,0.08520499973297119,0.08,,,,,,,no_intrinsic
AMP,Financial Services,490.17999267578125,41.46,-0.10482411423632276,8064000000.0,fcff,exit,8.0,88333219.0,,,,-3716000000.0,,fcf_dcf,0.11660999973297119,0.10118799978637696,,,,,,,no_intrinsic
AMPL,Technology,14.779999732971191,-0.75,0.3,25096000.0,fcff,exit,8.0,132619246.0,,,-90902000.0,-64069000.0,,fcf_dcf,0.1354749997329712,0.12107874977302552,,-2.2167202192745643,-2.644073596420986,-2.2167202192745643,-1.7893668421281426,-114.99810730259696,pe<0
AMRX,Healthcare,20.510000228881836,0.49,-0.3,-12307000.0,fcff,exit,8.0,348296027.0,,,622924000.0,2664124000.0,0.0,fcf_dcf,0.12001999973297119,0.1079419997730255,,1.6743810024790342,2.857156373396716,1.6743810024790347,0.4916056315613518,-91.8362701911568,
AMT,Real Estate,160.39500427246094,7.2700000000000005,-0.3,3959800000.0,fcff,exit,8.0,465960048.0,,,7407000000.0,43217400000.0,6532800000.0,fcf_dcf,0.1017049997329712,0.08,,24.70064402500269,36.6453577245946,24.700644025002685,12.755930325410771,-84.60011635833493,
AMTB,Financial Services,29.315000534057617,1.3900000000000001,-0.050558537757623645,102131000.0,fcff,exit,8.0,39189858.0,,,,618844000.0,,fcf_dcf,0.09779999973297118,0.08613999978637696,,,,,,,no_intrinsic
AMTM,Industrials,18.239999771118164,0.83,-0.3,474000000.0,fcff,exit,8.0,244319846.0,,,1010000000.0,3366000000.0,94000000.0,fcf_dcf,0.08,0.08,,18.887254924604683,21.993564312396717,18.887254924604683,15.78094553681265,3.5485480351343246,
AMTX,Basic Materials,1.6749999523162842,-0.91,-0.3,-39334000.0,fcff,exit,8.0,72169594.0,,,-5047000.0,414922000.0,,fcf_dcf,0.1529099997329712,0.12455749979972841,,-8.145606849652529,-8.188537905540754,-8.145606849652529,-8.102675793764302,-586.304900390494,pe<0
AMWL,Healthcare,12.350000381469727,-4.77,-0.3,-32051000.0,fcff,exit,8.0,17008758.0,,,-48913000.0,-192968000.0,13092000.0,fcf_dcf,0.1452099997329712,0.12935349977302552,,-10.264046678724107,-11.992282676616982,-10.264046678724107,-8.535810680831233,-183.10968713915636,pe<0
AMZN,Consumer Cyclical,252.61000061035156,12.429999999999998,-0.3,-2472000000.0,fcff,exit,8.0,10786313572.0,,,188438000000.0,108072000000.0,,fcf_dcf,0.1331099997329712,0.10970749979972838,,80.77902726728922,92.24085026699213,80.77902726728922,69.31720426758632,-68.02223701670067,
AN,Consumer Cyclical,158.10499572753906,21.589999999999996,-0.3,-104000000.0,fcff,exit,8.0,33060806.0,,,1635400000.0,10413400000.0,,fcf_dcf,0.09779999973297118,0.08322499979972839,,-35.197049519451205,1.4229253779069984,-35.19704951945119,-71.81702441680946,-122.26181997443393,
ANDE,Consumer Defensive,66.56999969482422,3.76,-0.3,56913000.0,fcff,exit,8.0,33975570.0,,,404356000.0,834216000.0,38882000.0,fcf_dcf,0.0890549997329712,0.08,,52.92435802098091,61.86727546458899,52.924358020980904,43.98144057737282,-20.49818497280878,
ANET,Technology,206.30999755859375,3.17,-0.28794332793865496,5155300000.0,fcff,exit,8.0,1261224648.0,,,4639600000.0,-2290200000.0,,fcf_dcf,0.1413049997329712,0.12603424977302552,,35.1037289019859,37.34725407774701,35.103728901985896,32.86020372622479,-82.98495985779063,
ANF,Consumer Cyclical,139.91000366210938,11.68,-0.2054060344724088,566462000.0,fcff,exit,8.0,42434377.0,,,924408000.0,659724000.0,15141000.0,fcf_dcf,0.1085799997329712,0.0913099997997284,,163.15039696242764,178.68878812202598,163.15039696242764,147.6120058028293,16.610958967912783,
ANGX,Communication Services,4.085000038146973,-0.775146,-0.3,-16139473.0,fcff,exit,8.0,186756319.0,,,-64365323.0,29039044.0,-182367.0,fcf_dcf,0.08,0.08,,-2.5915197015686324,-2.850495230673735,-2.5915197015686324,-2.33254417246353,-163.4398941828209,pe<0
ANRO,Healthcare,24.479999542236328,-2.62,0.22426661998251518,,fcff,exit,8.0,39242104.0,,,-81288000.0,-220439000.0,,fcf_dcf,0.1266199997329712,0.1135519997730255,,,,,,,no_intrinsic
ANTX,Healthcare,5.599999904632568,-1.07,-0.11926174163818315,,fcff,exit,8.0,37736237.0,,,-38811000.0,-44318000.0,,fcf_dcf,0.08,0.08,,,,,,,no_intrinsic
AON,Financial Services,267.239990234375,18.14,-0.28599999978116997,3248000000.0,fcff,exit,8.0,212125434.0,,,6732000000.0,14812000000.0,112000000.0,fcf_dcf,0.09103499973297119,0.08072799978637696,,184.35928450594122,208.12605678930532,184.3592845059412,160.59251222257706,-31.013586572782646,
AOS,Industrials,55.8849983215332,3.586885,0.18749272557464436,639400000.0,fcff,exit,8.0,135908573.0,,,758700000.0,495400000.0,,fcf_dcf,0.1140799997329712,0.09543499979972839,,46.70164608563942,50.60907446506952,46.70164608563941,42.7942177062093,-16.43258926672513,
APA,Energy,43.279998779296875,4.73,-0.3,2102000000.0,fcff,exit,8.0,350351510.0,,,5525000000.0,3437000000.0,923000000.0,fcf_dcf,0.08,0.08,,107.70757609510588,119.55735835124803,107.70757609510586,95.85779383896372,148.86224383774277,
APD,Basic Materials,276.25,-0.21999999999999978,0.3,-301400000.0,fcff,exit,8.0,222685530.0,,,1683000000.0,17176800000.0,2712600000.0,fcf_dcf,0.0948849997329712,0.08103874979972839,,-49.805493403461185,-44.15369490688888,-49.805493403461185,-55.45729190003349,-118.02913788360586,pe<0
APG,Industrials,40.58000183105469,-0.6699999999999999,0.0,676000000.0,fcff,exit,8.0,432160297.0,,,939000000.0,2991000000.0,,fcf_dcf,0.1397099997329712,0.11465749979972842,,10.272638037499776,11.66680367235195,10.272638037499776,8.878472402647605,-74.68546679650856,pe<0
APGE,Healthcare,135.07000732421875,-4.390249,0.14652298064024083,,fcff,exit,8.0,75687735.0,,,-314673000.0,-98738000.0,,fcf_dcf,0.08,0.08,,,,,,,no_intrinsic
APH,Technology,87.55000305175781,3.99,-0.28167844534849484,4631700000.0,fcff,exit,8.0,2465966914.0,,,7954600000.0,14620900000.0,114700000.0,fcf_dcf,0.12095499973297119,0.10873674977302551,,18.392553468620704,20.51819362384678,18.3925534686207,16.266913313394625,-78.99194422900547,
APLD,Technology,24.549999237060547,-0.8900000000000001,0.3,-2776080000.0,fcff,exit,8.0,299170185.0,,,-64876000.0,3507928000.0,1963335000.0,fcf_dcf,0.38286499973297117,0.3313602497730255,,-41.12075393774715,-41.17799249562885,-41.12075393774715,-41.063515379865464,-267.4979845851542,pe<0
APO,Financial Services,113.45500183105469,2.6499999999999995,0.3,,fcff,exit,8.0,590543159.0,,,9520000000.0,-13088000000.0,20476000000.0,fcf_dcf,0.1399299997329712,0.11984399978637698,,,,,,,no_intrinsic
APOG,Industrials,35.38999938964844,3.19,-0.3,123247000.0,fcff,exit,8.0,20868294.0,,,154089000.0,261494000.0,,fcf_dcf,0.1137499997329712,0.0951874997997284,,52.8395859410695,58.01378529985573,52.8395859410695,47.66538658228327,49.30654663002074,
APP,Communication Services,278.9200134277344,13.010000000000002,-0.3,,fcff,exit,8.0,335939521.0,,,5550334000.0,461766000.0,,fcf_dcf,0.1936649997329712,0.16283199978637694,,,,,,,no_intrinsic
APVO,Healthcare,1.7699999809265137,-203.14999999999998,-0.3,,fcff,exit,8.0,1810215.0,,,-26689000.0,-5588000.0,,fcf_dcf,0.1454849997329712,0.1295872497730255,,,,,,,no_intrinsic
APYX,Healthcare,2.55,-0.2,-0.24861405862733454,-11048000.0,fcff,exit,8.0,42124023.0,,,-1605000.0,12013000.0,427000.0,fcf_dcf,0.1327799997329712,0.11878799977302551,,-1.489588293846236,-1.5135880625985558,-1.4895882938462357,-1.4655885250939156,-158.4152272096563,pe<0
AQB,Consumer Defensive,0.925599992275238,-1.81,0.3,,fcff,exit,8.0,5147204.0,,,-897511.0,1896835.0,,fcf_dcf,0.1346499997329712,0.11561999978637698,,,,,,,no_intrinsic
AQMS,Industrials,2.109999895095825,-12.16,-0.3,,fcff,exit,8.0,3563531.0,,,-14851000.0,-4303000.0,,fcf_dcf,0.08,0.08,,,,,,,no_intrinsic
AQST,Healthcare,4.509900093078613,-0.65,0.025557817517760872,-45949000.0,fcff,exit,8.0,125466988.0,,,-61387000.0,-39459000.0,,fcf_dcf,0.1347049997329712,0.12042424977302552,,-3.5267902626632623,-3.832729582639217,-3.526790262663262,-3.220850942687307,-178.20107297001678,pe<0
AR,Energy,33.904998779296875,3.4800000000000004,-0.3,1594733000.0,fcff,exit,8.0,307439000.0,,,2389068000.0,4615305000.0,0.0,fcf_dcf,0.0829499997329712,0.08,,53.62159798479048,59.460774901158636,53.62159798479048,47.78242106842232,58.15248463460494,
ARAI,Technology,0.21199999749660492,-0.7100000000000001,0.3,-11598743.0,fcff,exit,8.0,51876209.0,,,-27621881.0,2460052.0,,fcf_dcf,0.1080299997329712,0.09775049977302552,,-3.8993244295297513,-4.268104684253287,-3.8993244295297513,-3.530544174806215,-1939.3039979126404,pe<0
ARDT,Healthcare,10.390000343322754,0.75,0.3,304755000.0,fcff,exit,8.0,141045907.0,,,423560000.0,1541852000.0,390856000.0,fcf_dcf,0.09246499973297119,0.08452024977302551,,12.997816221261331,15.207687530218617,12.99781622126133,10.787944912304045,25.09928577254108,
ARDX,Healthcare,3.325000047683716,-0.22,0.3,-17919000.0,fcff,exit,8.0,258187572.0,,,-23429000.0,158999000.0,,fcf_dcf,0.0903199997329712,0.08269699977302551,,-1.4457489969445516,-1.5130907799722741,-1.4457489969445514,-1.3784072139168286,-143.4811722168756,pe<0
ARE,Real Estate,46.70000076293945,-6.06,-0.3,,fcff,exit,8.0,172095277.0,,,687779000.0,12697330000.0,3621382000.0,fcf_dcf,0.11781999973297119,0.09040799982643129,,,,,,,no_intrinsic
AREB,Consumer Cyclical,0.1031000018119812,-125951.250848,-0.3,,fcff,exit,8.0,34727687.0,,,-20055954.0,16761442.0,-13575.0,fcf_dcf,0.08,0.08,,,,,,,no_intrinsic
AREC,Industrials,1.7200000286102295,-0.23000000000000004,0.0,,fcff,exit,8.0,106971272.0,,,-16973402.0,-27973971.0,-1588192.0,fcf_dcf,0.1172149997329712,0.09778624979972839,,,,,,,no_intrinsic
ARES,Financial Services,115.79000091552734,2.1799999999999997,0.3,836147000.0,fcff,exit,8.0,227447653.0,,,2292811000.0,13020250000.0,4634192000.0,fcf_dcf,0.1384999997329712,0.11869999978637696,,-12.75104762082839,-6.398916332426217,-12.75104762082839,-19.10317890923056,-111.01221825719709,
ARKR,Consumer Cyclical,4.505,-0.88,-0.3,-6325000.0,fcff,exit,8.0,3606157.0,,,466000.0,74494000.0,-626000.0,fcf_dcf,0.08,0.08,,-27.11900770796729,-27.021906782867067,-27.11900770796729,-27.21610863306752,-701.9757537839577,pe<0
ARL,Real Estate,16.040000915527344,0.52,0.3,,fcff,exit,8.0,16152043.0,,,35327000.0,207179000.0,195008000.0,fcf_dcf,0.0928499997329712,0.08,,,,,,,no_intrinsic
ARLO,Industrials,12.977999687194824,0.27,-0.3,66871000.0,fcff,exit,8.0,107613304.0,,,22472000.0,-95666000.0,,fcf_dcf,0.14086499973297117,0.11552374979972838,,4.351046355555287,4.484516003414599,4.351046355555287,4.217576707695974,-66.47367498514896,
ARMK,Industrials,55.0099983215332,1.4300000000000002,-0.24434879244441587,432805000.0,fcff,exit,8.0,262953564.0,,,1392188000.0,5968472000.0,69918000.0,fcf_dcf,0.1187549997329712,0.0989412497997284,,12.830209380389737,16.477306316902403,12.830209380389736,9.183112443877073,-76.67658648997366,
ARRY,Technology,3.8949999809265137,-0.9800000000000001,0.3,134728000.0,fcff,exit,8.0,153826378.0,,,7250000.0,445584000.0,,fcf_dcf,0.15252499973297118,0.13557124977302548,,0.5340868520170371,0.561644116738711,0.5340868520170371,0.5065295872953632,-86.28788563203041,pe<0
ARTL,Healthcare,3.6698999404907227,-33.66,-0.3,,fcff,exit,8.0,547774.0,,,-12336000.0,-4149000.0,,fcf_dcf,0.08,0.08,,,,,,,no_intrinsic
ARTV,Healthcare,6.650000095367432,-3.33,-0.14519580897027407,-76910000.0,fcff,exit,8.0,48890121.0,,,-93463000.0,-291605000.0,,fcf_dcf,0.18576499828338622,0.16382524854087827,,-7.3311992142410904,-8.31970812835354,-7.3311992142410904,-6.342690300128638,-210.24359562563316,pe<0
ARW,Technology,242.7100067138672,15.649999999999999,-0.3,825464000.0,fcff,exit,8.0,50905423.0,,,1365019000.0,1925949000.0,73700000.0,fcf_dcf,0.11717999828338622,0.10552799854087828,,168.23317276249054,186.1609635241219,168.23317276249054,150.30538200085914,-30.685522595357178,
ARWR,Healthcare,63.22999954223633,-3.33,0.3,-75111000.0,fcff,exit,8.0,141254467.0,,,-133668000.0,964008000.0,512000.0,fcf_dcf,0.12471499828338622,0.11193274854087829,,-13.813102483396875,-14.427760445841011,-13.813102483396875,-13.19844452095274,-121.84580512952559,pe<0
ASAN,Technology,8.944999694824219,-0.6599999999999999,-0.3,111967000.0,fcff,exit,8.0,228970117.0,,,-123828000.0,38764000.0,,fcf_dcf,0.11822499828338623,0.10641624854087829,,-1.121876305024994,-1.4819970880980768,-1.121876305024994,-0.7617555219519113,-112.54193787926161,pe<0
ASBP,Consumer Cyclical,8.598999977111816,-117.98001,-0.3,,fcff,exit,8.0,1402557.0,,,-1740495.0,-10667922.0,,fcf_dcf,0.08,0.08,,,,,,,no_intrinsic
ASIC,Financial Services,26.450000762939453,2.08,-0.3,,fcff,exit,8.0,47926928.0,,,,-33327000.0,5981000.0,fcf_dcf,0.10804999828338624,0.094339998626709,,,,,,,no_intrinsic
ASPN,Basic Materials,5.639999866485596,-1.5300000000000002,0.3,34380000.0,fcff,exit,8.0,82988784.0,,,-70497000.0,-26595000.0,,fcf_dcf,0.22118499828338622,0.17576374871253966,,-1.6388855624717351,-2.0562849086956634,-1.6388855624717351,-1.2214862162478062,-129.05825534164347,pe<0
ASRV,Financial Services,4.6016998291015625,0.51,-0.3,41000.0,fcff,exit,8.0,16979267.0,,,,38673000.0,,fcf_dcf,0.08,0.08,,,,,,,no_intrinsic
ASTC,Technology,6.960000038146973,-8.84,0.08974944276178709,-14756000.0,fcff,exit,8.0,2009050.0,,,-12583000.0,-300000.0,,fcf_dcf,0.32337499828338623,0.2807937485408783,,-35.425470783749724,-37.43178206104672,-35.425470783749724,-33.419159506452736,-608.9866464021081,pe<0
ASTE,Industrials,41.1349983215332,0.8500000000000001,0.3,32400000.0,fcff,exit,8.0,22992630.0,,,110000000.0,316600000.0,0.0,fcf_dcf,0.12597999828338624,0.10435999871253968,,17.540968823463967,20.756491343072092,17.540968823463967,14.325446303855843,-57.357555514274374,
ASTS,Technology,57.72999954223633,-2.14,0.3,-1736539000.0,fcff,exit,8.0,299789305.0,,,-662965000.0,705478000.0,503561000.0,fcf_dcf,0.2018799982833862,0.17752299854087827,,-31.876457548484723,-32.954977872893885,-31.876457548484723,-30.797937224075564,-155.21645210678258,pe<0
ASUR,Technology,7.639999866485596,-0.29000000000000004,-0.3,-4712000.0,fcff,exit,8.0,28879328.0,,,29073000.0,55199000.0,,fcf_dcf,0.08318999828338623,0.08,,3.4507955006918536,4.207253546303729,3.4507955006918536,2.694337455079978,-54.83251883511849,pe<0
ATEN,Technology,27.520000457763672,0.6000000000000001,0.11257037148889526,60935000.0,fcff,exit,8.0,72609021.0,,,84607000.0,171405000.0,,fcf_dcf,0.11464999828338623,0.1033774985408783,,7.268183346827692,8.054859451398539,7.268183346827693,6.481507242256845,-73.58945048717374,
ATI,Industrials,191.79989624023438,3.41,-0.3,526300000.0,fcff,exit,8.0,136170383.0,,,881600000.0,1409000000.0,121500000.0,fcf_dcf,0.10777499828338624,0.09070624871253968,,41.68256583972982,46.313309865890616,41.68256583972982,37.05182181356902,-78.26768071473755,
ATLC,Financial Services,91.45999908447266,7.45,-0.3,936455000.0,fcff,exit,8.0,15170038.0,,,,5739352000.0,-4403000.0,fcf_dcf,0.16249999828338624,0.13789999862670899,,,,,,,no_intrinsic
ATLO,Financial Services,32.3650016784668,2.58,-0.2763217464286225,20995000.0,fcff,exit,8.0,8857220.0,,,,-95974000.0,,fcf_dcf,0.08,0.08,,,,,,,no_intrinsic
ATLX,Basic Materials,2.5299999713897705,-1.51,-0.1888182609702872,-36789885.0,fcff,exit,8.0,30099805.0,,,-44095095.0,-25463298.0,6270952.0,fcf_dcf,0.08,0.08,,-13.333919047945418,-14.434719709583534,-13.333919047945418,-12.233118386307302,-627.032379396466,pe<0
ATNI,Communication Services,27.290000915527344,10.280000000000001,-0.3,41368000.0,fcff,exit,8.0,15403357.0,,,397349000.0,356489000.0,217917000.0,fcf_dcf,0.08824999828338623,0.08,,129.12863062855337,148.51242636722577,129.12863062855337,109.744834889881,373.1719541829782,upside>300%
ATO,Utilities,156.17999267578125,8.5,0.16354948738791064,-2020303000.0,fcff,exit,8.0,168988553.0,,,2673591000.0,9802914000.0,,fcf_dcf,0.08423499828338624,0.08,,-13.424448552123856,-1.536148310813808,-13.424448552123856,-25.3127487934339,-108.59549825949351,
ATRA,Healthcare,9.630000114440918,-0.74,0.3,,fcff,exit,8.0,10037710.0,,,-13707000.0,6658000.0,,fcf_dcf,0.08,0.08,,,,,,,no_intrinsic
ATRC,Healthcare,54.435001373291016,0.21,0.3,52114000.0,fcff,exit,8.0,50866294.0,,,38580000.0,-96738000.0,,fcf_dcf,0.12179999828338624,0.1094549985408783,,9.896180109987437,10.394358092070549,9.896180109987439,9.398002127904327,-81.82018947308582,
ATRO,Industrials,68.06999969482422,1.7000000000000002,-0.3,60680000.0,fcff,exit,8.0,43009064.0,,,149321000.0,343950000.0,,fcf_dcf,0.12190999828338624,0.10130749871253969,,16.56846097745307,18.93448296277519,16.56846097745307,14.202438992130954,-75.65967232006192,
AUID,Technology,0.39980000257492065,-1.23,-0.2115558311596233,,fcff,exit,8.0,16720339.0,,,-18364974.0,2459233.0,,fcf_dcf,0.14737499828338624,0.13119374854087829,,,,,,,no_intrinsic
AUR,Consumer Cyclical,5.614999771118164,-0.47,0.14264492078762103,-751000000.0,fcff,exit,8.0,2004155268.0,,,-939000000.0,-54000000.0,,fcf_dcf,0.20154999828338627,0.1610374987125397,,-3.2263907032987866,-3.4715813241440956,-3.2263907032987866,-2.981200082453479,-157.4602107714118,pe<0
AVAH,Healthcare,12.505000114440918,1.23,-0.29770144920017116,158382000.0,fcff,exit,8.0,218290683.0,,,306314000.0,1408094000.0,,fcf_dcf,0.16024499828338623,0.14213324854087828,,2.543940934059302,3.3411066885519936,2.543940934059302,1.7467751795666104,-79.65661006974698,
AVAV,Industrials,140.41000366210938,-4.090000000000001,-0.3,-44782000.0,fcff,exit,8.0,50820702.0,,,-10792000.0,572433000.0,,fcf_dcf,0.12806999828338622,0.10592749871253967,,-15.876818505683516,-16.01853775766801,-15.876818505683516,-15.735099253699019,-111.30746961868215,pe<0
AVB,Real Estate,184.06,2.610096,0.3,1368855000.0,fcff,exit,8.0,142797963.0,,,2240530000.0,9106542000.0,206247000.0,fcf_dcf,0.09556499828338624,0.08,,69.61191174482305,81.40183104441212,69.61191174482305,57.82199244523397,-62.179771952176985,
AVBC,Financial Services,22.280000686645508,1.192865,-0.3,48181000.0,fcff,exit,8.0,18471500.0,,,,117403000.0,,fcf_dcf,0.10804999828338624,0.094339998626709,,,,,,,no_intrinsic
AVGO,Technology,357.20001220703125,7.83,-0.3,39403000000.0,fcff,exit,8.0,4773629865.0,,,52349000000.0,35444000000.0,,fcf_dcf,0.13422999828338622,0.12002049854087829,,78.9778046680183,85.84739203147336,78.9778046680183,72.10821730456324,-77.8897530881821,
AVNT,Basic Materials,41.02000045776367,1.85,-0.3,190800000.0,fcff,exit,8.0,91719550.0,,,510800000.0,1450200000.0,13100000.0,fcf_dcf,0.12427499828338623,0.10308124871253968,,22.439212648243313,26.204102907622467,22.43921264824331,18.674322388864162,-45.29689810377283,
AVTR,Healthcare,15.260000228881836,-0.8400000000000001,-0.3,454700000.0,fcff,exit,8.0,676358840.0,,,112900000.0,3391000000.0,,fcf_dcf,0.10447499828338624,0.0947287485408783,,-1.3433410979384246,-1.2261256061099621,-1.3433410979384246,-1.4605565897668866,-108.8030214796193,pe<0
AVXL,Healthcare,1.7549999952316284,-0.15,-0.3,,fcff,exit,8.0,92696842.0,,,-12953000.0,-118326000.0,,fcf_dcf,0.11761999828338623,0.1059019985408783,,,,,,,no_intrinsic
AVY,Consumer Cyclical,168.4250030517578,9.129999999999999,-0.09518714514799231,1033000000.0,fcff,exit,8.0,75788142.0,,,1450400000.0,3450900000.0,,fcf_dcf,0.09704999828338623,0.08266249871253967,,125.29311828086614,139.49748643715103,125.29311828086612,111.08875012458124,-25.608955908783354,
AWK,Utilities,128.36000061035156,5.77,0.20119931896397536,-1223000000.0,fcff,exit,8.0,198728989.0,,,3024000000.0,15867000000.0,,fcf_dcf,0.08434499828338624,0.08,,-14.375991180545812,-2.941873832401101,-14.375991180545808,-25.810108528690535,-111.199743777024,
AWRE,Technology,1.1200000047683716,-0.4,0.3,,fcff,exit,8.0,21812637.0,,,-7791000.0,-685000.0,,fcf_dcf,0.10997499828338622,0.09940374854087829,,,,,,,no_intrinsic
AX,Financial Services,88.45999908447266,8.47,-0.1656317347918782,291148000.0,fcff,exit,8.0,56858003.0,,,,-35038000.0,,fcf_dcf,0.12394499828338623,0.10705599862670899,,,,,,,no_intrinsic
AXGN,Healthcare,37.72999954223633,-0.68,0.3,6510000.0,fcff,exit,8.0,58671513.0,,,-20295000.0,-74506000.0,,fcf_dcf,0.11717999828338622,0.10552799854087828,,-0.14169548420628109,-0.3729626067162114,-0.14169548420628103,0.08957163830364911,-100.37555124814581,pe<0
AXON,Industrials,410.510009765625,2.4099999999999997,-0.3,133192000.0,fcff,exit,8.0,81237415.0,,,406221000.0,1235771000.0,,fcf_dcf,0.13219499828338624,0.10902124871253968,,17.53751071557404,20.82835852331968,17.53751071557404,14.246662907828403,-95.72787257353679,
AXP,Financial Services,301.3999938964844,16.48,-0.09739356073111893,15052000000.0,fcff,exit,8.0,675309833.0,,,,13883000000.0,,fcf_dcf,0.11272499828338622,0.09807999862670899,,,,,,,no_intrinsic
AXSM,Healthcare,177.76499938964844,-3.75,0.16149227471280714,-71959000.0,fcff,exit,8.0,52380818.0,,,-176130000.0,-95157000.0,,fcf_dcf,0.09996499828338623,0.0908952485408783,,-23.047231242929747,-25.45019193619694,-23.047231242929744,-20.64427054966255,-112.96499947799725,pe<0
AYTU,Healthcare,2.069999933242798,-1.6607760000000003,0.3,,fcff,exit,8.0,10866708.0,,,-8406000.0,-9276000.0,,fcf_dcf,0.08,0.08,,,,,,,no_intrinsic
AZO,Consumer Cyclical,2756.389892578125,145.45000000000002,0.18480087501367803,1633222000.0,fcff,exit,8.0,16173000.0,,,4274993000.0,12377442000.0,,fcf_dcf,0.08,0.08,,1250.4074689164067,1449.0292640779044,1250.4074689164065,1051.7856737549089,-54.63604505722276,
BA,Industrials,192.5500030517578,2.3100000000000014,0.3,-1050000000.0,fcff,exit,8.0,790370020.0,,,7324000000.0,37768000000.0,3000000.0,fcf_dcf,0.12218499828338622,0.10151374871253965,,-2.6214742823538693,3.6876506142298937,-2.621474282353866,-8.93059917893764,-101.36145117673625,
BAC,Financial Services,53.76499938964844,4.36,-0.238063404181591,,fcff,exit,8.0,6992748365.0,,,,133729000000.0,,fcf_dcf,0.11981999828338623,0.10375599862670899,,,,,,,no_intrinsic
BAER,Industrials,0.6771000027656555,-0.85,0.3,-90469000.0,fcff,exit,8.0,58826140.0,,,27850000.0,260674000.0,,fcf_dcf,0.08,0.08,,-8.084314045791611,-7.728570582550802,-8.084314045791613,-8.440057509032423,-1293.9616028313021,pe<0
BALL,Consumer Cyclical,56.0099983215332,3.5300000000000002,0.1319413665208824,827000000.0,fcff,exit,8.0,264703357.0,,,2128000000.0,6729000000.0,20000000.0,fcf_dcf,0.10590499828338623,0.08930374871253968,,33.68193656999266,39.469130584937936,33.68193656999266,27.894742555047376,-39.86442139020107,
BAP,Financial Services,378.239990234375,92.871539,-0.13522977351511245,,fcff,exit,8.0,79419317.0,,,,-22026581000.0,679926000.0,fcf_dcf,0.10078999828338622,0.08853199862670899,,,,,,,no_intrinsic
BATRK,Communication Services,51.810001373291016,-1.01,0.3,-94859000.0,fcff,exit,8.0,64167897.0,,,53015000.0,773559000.0,12359000.0,fcf_dcf,0.09886499828338624,0.086991998626709,,-13.571083700405401,-12.969979057984672,-13.571083700405401,-14.172188342826127,-126.19394584189594,pe<0
BAX,Healthcare,23.773799896240234,-2.07,-0.17729752520811815,812000000.0,fcff,exit,8.0,516995999.0,,,762000000.0,7517000000.0,-27000000.0,fcf_dcf,0.08885499828338624,0.0814517485408783,,0.9248238869906997,2.024925780574442,0.9248238869906996,-0.17527800659304288,-96.10990295608165,pe<0
BBCP,Industrials,9.865799903869629,0.16,0.08983337859713147,15583000.0,fcff,exit,8.0,50393420.0,,,101699000.0,399131000.0,,fcf_dcf,0.10045999828338623,0.08521999871253966,,5.210965448310559,6.691282582237556,5.21096544831056,3.7306483143835636,-47.18152102125363,
BBIO,Healthcare,66.69999694824219,-3.5700000000000003,-0.1847347459745886,-437789000.0,fcff,exit,8.0,195492997.0,,,-492710000.0,1815865000.0,9322000.0,fcf_dcf,0.10650999828338623,0.09645849854087829,,-32.44491284336137,-34.2008139016394,-32.44491284336137,-30.689011785083345,-148.6430499667608,pe<0
BBNX,Healthcare,18.8700008392334,-1.6500000000000001,0.3,-61411000.0,fcff,exit,8.0,53946211.0,,,-75117000.0,-37806000.0,,fcf_dcf,0.10804999828338624,0.0977674985408783,,-11.604411077302945,-12.56874246856892,-11.604411077302945,-10.640079686036968,-161.4966113471269,pe<0
BBVA,Financial Services,26.709999084472656,1.88,-0.18255859531478336,,fcff,exit,8.0,5499983056.0,,,,-2360000000.0,4839000000.0,fcf_dcf,0.10265999828338623,0.090027998626709,,,,,,,no_intrinsic
BBY,Consumer Cyclical,86.41500091552734,6.01,-0.3,1768000000.0,fcff,exit,8.0,209727698.0,,,2580000000.0,1878000000.0,,fcf_dcf,0.12355999828338624,0.10254499871253966,,91.31387200518833,99.65036053366896,91.31387200518833,82.97738347670771,5.669005424706001,
BC,Consumer Cyclical,64.5,-1.3099999999999996,0.3,341200000.0,fcff,exit,8.0,64797428.0,,,293400000.0,2003000000.0,,fcf_dcf,0.12867499828338624,0.10638124871253968,,13.98035592574484,16.99599364989886,13.980355925744838,10.964718201590818,-78.32502957248863,pe<0
BCAB,Healthcare,1.309999942779541,-25.45,-0.3,,fcff,exit,8.0,1666100.0,,,-31930000.0,4319000.0,,fcf_dcf,0.08764499828338623,0.08042324854087829,,,,,,,no_intrinsic
BCBP,Financial Services,8.510000228881836,-1.0999999999999999,0.3,34223000.0,fcff,exit,8.0,30751822.0,,,,-18334000.0,,fcf_dcf,0.09039499828338624,0.080215998626709,,,,,,,no_intrinsic
BCDA,Healthcare,1.0449999570846558,-0.98,-0.3,,fcff,exit,8.0,15138782.0,,,-7803000.0,-539000.0,,fcf_dcf,0.08692999828338624,0.08,,,,,,,no_intrinsic
BCE,Communication Services,19.575000762939453,6.74,0.3,2654000000.0,fcff,exit,8.0,932525817.0,,,14916000000.0,41297000000.0,314000000.0,fcf_dcf,0.08890999828338624,0.08,,63.55833934630532,75.57748482759808,63.55833934630532,51.539193865012535,224.69137608739058,
BCG,Financial Services,1.0399999618530273,0.202206,-0.3,5612000.0,fcff,exit,8.0,17060131.0,,,7477000.0,15067000.0,,fcf_dcf,0.08,0.08,,3.1415647524352464,3.4708915722472327,3.1415647524352464,2.8122379326232596,202.07354496799604,
BCS,Financial Services,23.575000762939453,1.992,-0.3,,fcff,exit,8.0,3338065479.0,,,,-107924000000.0,453000000.0,fcf_dcf,0.10285999973297119,0.09018799978637697,,,,,,,no_intrinsic
BDTX,Healthcare,1.8799999952316284,-0.7500000000000001,-0.06231813536453512,,fcff,exit,8.0,57453747.0,,,-44349000.0,-2224000.0,,fcf_dcf,0.2359049997329712,0.2064442497730255,,,,,,,no_intrinsic
BDX,Healthcare,177.51499938964844,3.6,0.3,2534000000.0,fcff,exit,8.0,272386800.0,,,4411000000.0,16100000000.0,,fcf_dcf,0.08,0.08,,77.55312377247994,89.7215126801034,77.55312377247995,65.38473486485643,-56.31179109419959,
BEAM,Healthcare,24.299999237060547,-0.8599999999999999,0.19571215965860866,-372768000.0,fcff,exit,8.0,103287665.0,,,-355781000.0,27533000.0,,fcf_dcf,0.1740849997329712,0.1538972497730255,,-27.79374516353756,-29.652831074128038,-27.79374516353756,-25.93465925294708,-214.3775557043994,pe<0
BEAT,Healthcare,0.7275999784469604,-0.52,-0.3,-14011000.0,fcff,exit,8.0,56349171.0,,,-20302000.0,-8722000.0,,fcf_dcf,0.08,0.08,,-3.0617884841690532,-3.3325166080493895,-3.0617884841690532,-2.7910603602887165,-520.8065660892879,pe<0
BEEP,Industrials,2.7300000190734863,-0.6,-0.0818665218369452,-146000.0,fcff,exit,8.0,41300000.0,,,3038000.0,192010000.0,17605000.0,fcf_dcf,0.09196999973297118,0.08,,-4.64817178876701,-4.592897928125273,-4.6481717887670095,-4.703445649408747,-270.2627016956768,pe<0
BELFA,Technology,207.69500732421875,4.15,0.3,73336000.0,fcff,exit,8.0,14439450.0,,,130899000.0,-271844000.0,102601000.0,fcf_dcf,0.12854499973297118,0.1151882497730255,,77.73003995488844,83.5329469796833,77.73003995488844,71.92713293009355,-62.574911666726166,
BEN,Financial Services,32.599998474121094,1.3099999999999998,-0.3,,fcff,exit,8.0,508076910.0,,,1958700000.0,12949100000.0,2662500000.0,fcf_dcf,0.1397099997329712,0.11966799978637697,,,,,,,no_intrinsic
BF-A,Consumer Defensive,26.443199157714844,1.55,0.3,925000000.0,fcff,exit,8.0,458864265.0,,,1090000000.0,2141000000.0,,fcf_dcf,0.08,0.08,,18.132401323532395,19.91734428194677,18.132401323532395,16.347458365118012,-31.428866774456676,
BF-B,Consumer Defensive,25.809999465942383,1.55,0.3,925000000.0,fcff,exit,8.0,458864265.0,,,1090000000.0,2141000000.0,,fcf_dcf,0.08,0.08,,18.132401323532395,19.91734428194677,18.132401323532395,16.347458365118012,-29.746603259488523,
BFAM,Consumer Cyclical,64.02999877929688,3.16,0.3,235929000.0,fcff,exit,8.0,48635306.0,,,407702000.0,1891096000.0,,fcf_dcf,0.11776499973297119,0.0981987497997284,,27.00973908896166,32.80385692378518,27.009739088961663,21.215621254138142,-57.81705512433205,
BFC,Financial Services,152.2100067138672,7.69,-0.18731642061481324,42580000.0,fcff,exit,8.0,11085607.0,,,,-161677000.0,,fcf_dcf,0.08,0.08,,,,,,,no_intrinsic
BFLY,Healthcare,8.899999618530273,-0.29000000000000004,-0.3,-28042000.0,fcff,exit,8.0,266285183.0,,,-66321000.0,-105562000.0,,fcf_dcf,0.1654499997329712,0.1465574997730255,,-1.089622663114429,-1.2284022933498417,-1.0896226631144288,-0.9508430328790164,-112.24295179570318,pe<0
BFS,Real Estate,30.06999969482422,0.97,0.3,,fcff,exit,8.0,24717101.0,,,181353000.0,1598265000.0,173647000.0,fcf_dcf,0.1020349997329712,0.08014774982643129,,,,,,,no_intrinsic
BFST,Financial Services,30.774999618530273,2.82,0.028713180140127026,,fcff,exit,8.0,32549883.0,,,,-9182000.0,,fcf_dcf,0.0957099997329712,0.08446799978637697,,,,,,,no_intrinsic
BGMS,Industrials,0.8700000047683716,-3.64,-0.3,,fcff,exit,8.0,6622794.0,,,-2733000.0,-3790000.0,,fcf_dcf,0.08,0.08,,,,,,,no_intrinsic
BGS,Consumer Defensive,2.549999952316284,-0.8899999999999999,0.060742491877385785,63902000.0,fcff,exit,8.0,81167001.0,,,150301000.0,1983638000.0,,fcf_dcf,0.08465499973297119,0.08,,-9.98045756597412,-8.58901766916793,-9.98045756597412,-11.37189746278031,-491.39050010210406,pe<0
BH,Consumer Cyclical,365.7900085449219,55.3,-0.3,50316000.0,fcff,exit,8.0,3184478.0,,,25440000.0,290054000.0,0.0,fcf_dcf,0.0811349997329712,0.08,,23.710047444681557,29.712945050342345,23.710047444681553,17.707149839020783,-93.51812600376978,
BHC,Healthcare,5.762199878692627,-2.9599999999999995,0.3,1393000000.0,fcff,exit,8.0,373990561.0,,,2047000000.0,18954000000.0,969000000.0,fcf_dcf,0.08,0.08,,-4.628765608979945,-0.5159495872309501,-4.628765608979945,-8.74158163072894,-180.3298342026649,pe<0
BIAF,Healthcare,6.0,-169.35,-0.3,-11577266.0,fcff,exit,8.0,1166625.0,,,-14720949.0,-994714.0,,fcf_dcf,0.08,0.08,,-116.93749641001901,-126.41920515350768,-116.93749641001902,-107.45578766653036,-2048.958273500317,pe<0
BIIB,Healthcare,220.64999389648438,5.65,0.3,2490000000.0,fcff,exit,8.0,147753998.0,,,2139100000.0,7070100000.0,,fcf_dcf,0.08,0.08,,110.39444602170465,121.27306906030371,110.39444602170465,99.5158229831056,-49.96852523209448,
BIVI,Healthcare,1.4450000524520874,-3.96,-0.3,,fcff,exit,8.0,8682710.0,,,-21876621.0,-8701940.0,,fcf_dcf,0.09325499828338624,0.0851917485408783,,,,,,,no_intrinsic
BJ,Consumer Defensive,94.875,4.57,-0.12976282004498552,358216000.0,fcff,exit,8.0,126314692.0,,,1158112000.0,2743341000.0,,fcf_dcf,0.08,0.08,,45.38073958800924,52.270097944694044,45.380739588009234,38.49138123132444,-52.16786341184797,
BJRI,Consumer Cyclical,61.275001525878906,1.87,-0.11445007101530869,44604000.0,fcff,exit,8.0,21273765.0,,,126496000.0,420237000.0,,fcf_dcf,0.12641999828338624,0.10468999871253967,,20.47548367125688,24.46601921299878,20.475483671256885,16.484948129514983,-66.5842788064081,
BKE,Consumer Cyclical,42.73500061035156,4.34,0.030945495430696246,191323000.0,fcff,exit,8.0,51512434.0,,,303679000.0,156603000.0,,fcf_dcf,0.11107499828338624,0.09318124871253969,,45.470381717461215,49.639485248821714,45.470381717461215,41.301278186100724,6.40079810001704,
BKKT,Technology,7.739999771118164,-1.78,0.3,-90035000.0,fcff,exit,8.0,45069458.0,,,-146179000.0,-49917000.0,0.0,fcf_dcf,0.38667999828338623,0.33460299854087827,,-10.44643534902276,-11.292187339732084,-10.44643534902276,-9.600683358313438,-234.9668689655996,pe<0
BKNG,Consumer Cyclical,154.63999938964844,8.366399999999999,-0.3,9539000000.0,fcff,exit,8.0,751380500.0,,,11109000000.0,3480000000.0,,fcf_dcf,0.11508999828338623,0.09619249871253968,,129.27678784658355,139.58971087485313,129.27678784658352,118.96386481831392,-16.40145605481857,
BKR,Energy,56.970001220703125,3.1,-0.12965513369878245,3128000000.0,fcff,exit,8.0,992674071.0,,,5080000000.0,526000000.0,176000000.0,fcf_dcf,0.10997499828338622,0.08883249879837035,,41.835811579925576,45.52773359066214,41.83581157992558,38.14388956918902,-26.565191006662157,
BL,Technology,27.864999771118164,0.5700000000000001,-0.3,149120000.0,fcff,exit,8.0,58125270.0,,,105352000.0,447843000.0,24293000.0,fcf_dcf,0.09380499828338623,0.0856592485408783,,13.171270489010059,14.498087339008201,13.171270489010057,11.844453639011915,-52.73184784784398,
BLBD,Industrials,56.45000076293945,8.219999999999999,-0.3,153143000.0,fcff,exit,8.0,31347063.0,,,350118000.0,-1073000.0,,fcf_dcf,0.12790499828338625,0.1058037487125397,,78.99496006307992,86.45305919515374,78.99496006307992,71.5368609310061,39.93792558979322,
BLDR,Industrials,55.40999984741211,0.9100000000000001,0.3,639317000.0,fcff,exit,8.0,107596457.0,,,1032812000.0,5172563000.0,,fcf_dcf,0.13268999828338623,0.10939249871253967,,25.63316989563897,31.939809853572136,25.633169895638968,19.32652993770581,-53.73909047784241,
BLIN,Technology,0.8119999766349792,-0.12,-0.3,-362000.0,fcff,exit,8.0,12599879.0,,,-850000.0,-479000.0,,fcf_dcf,0.10359499828338622,0.09398074854087829,,-0.45926302540258573,-0.5067970966134979,-0.45926302540258573,-0.4117289541916735,-156.55948751449776,pe<0
BLK,Financial Services,1044.1099853515625,41.839999999999996,-0.3,3515000000.0,fcff,exit,8.0,154869259.0,,,11188000000.0,4476000000.0,6927000000.0,fcf_dcf,0.13120499828338622,0.11286399862670898,,388.23781951948587,434.96586656550943,388.23781951948587,341.50977247346225,-62.816386686622664,
BLKB,Technology,41.58000183105469,3.1999999999999997,-0.08763031855091374,276585000.0,fcff,exit,8.0,45390097.0,,,321494000.0,1115619000.0,,fcf_dcf,0.11041499828338623,0.0997777485408783,,38.7507703467832,43.61134902744325,38.7507703467832,33.890191666123144,-6.804308224340751,
BLNE,Financial Services,0.8698999881744385,-1.15,-0.3,-17604000.0,fcff,exit,8.0,32928148.0,,,-18002000.0,9339000.0,0.0,fcf_dcf,0.10804999828338624,0.094339998626709,,-5.535529676888071,-5.920115211589562,-5.535529676888072,-5.150944142186582,-736.3409302378388,pe<0
BLNK,Industrials,0.5529999732971191,-0.4,-0.3,-16012000.0,fcff,exit,8.0,144938716.0,,,-33784000.0,-29535000.0,,fcf_dcf,0.1671549997329712,0.1352412497997284,,-1.2933662232414003,-1.4298517819619259,-1.2933662232414003,-1.1568806645208747,-333.8817876482053,pe<0
BMBL,Communication Services,2.5250000953674316,-4.2299999999999995,-0.3,255040000.0,fcff,exit,8.0,131968314.0,,,-532691000.0,305859000.0,100558000.0,fcf_dcf,0.1569249997329712,0.13343999978637694,,-15.017974290363318,-17.4003698686695,-15.01797429036332,-12.635578712057136,-694.7712365602086,pe<0
BMI,Technology,125.13500213623047,4.279999999999999,0.2218910360103079,150301000.0,fcff,exit,8.0,28986847.0,,,200098000.0,-95733000.0,,fcf_dcf,0.08811999973297119,0.0808269997730255,,66.50430999493341,71.67158651511969,66.50430999493341,61.33703347474714,-46.85395064561369,
BMO,Financial Services,164.16510009765625,12.440000000000001,-0.01992961945976901,48500000000.0,fcff,exit,8.0,695092237.0,,,,235530000000.0,50000000.0,fcf_dcf,0.11484999973297119,0.09977999978637696,,,,,,,no_intrinsic
BMRN,Healthcare,57.095001220703125,0.37,0.3,725077000.0,fcff,exit,8.0,193573759.0,,,385694000.0,3328195000.0,,fcf_dcf,0.08,0.08,,10.61318992223952,12.110385309992045,10.61318992223952,9.115994534486997,-81.41135003883477,
BMY,Healthcare,59.3025016784668,4.54,-0.3,11440000000.0,fcff,exit,8.0,2042714656.0,,,16816000000.0,36331000000.0,0.0,fcf_dcf,0.08,0.08,,55.3674676013724,61.55328470697638,55.3674676013724,49.1816504957684,-6.635527955346346,
BNED,Consumer Cyclical,11.519700050354004,0.0,0.3,48802000.0,fcff,exit,8.0,34664980.0,,,68791000.0,265404000.0,,fcf_dcf,0.1331649997329712,0.1097487497997284,,8.26213392826666,9.563855810184567,8.26213392826666,6.9604120463487495,-28.27821998704938,
BNGO,Healthcare,1.4290000200271606,-3.012486,-0.3,,fcff,exit,8.0,11777000.0,,,-21744000.0,2974000.0,,fcf_dcf,0.14421999973297117,0.1285119997730255,,,,,,,no_intrinsic
BODI,Communication Services,5.09499979019165,1.63,-0.3,7556000.0,fcff,exit,8.0,7284736.0,,,31222000.0,-7417000.0,,fcf_dcf,0.1038499997329712,0.09097999978637697,,29.76939368022618,32.83110200870061,29.76939368022618,26.707685351751756,484.28645546826203,upside>300%
BOKF,Financial Services,126.88999938964844,10.610000000000001,-0.25546084871850927,,fcff,exit,8.0,60766867.0,,,,1915172000.0,1792000.0,fcf_dcf,0.09807499973297118,0.08635999978637696,,,,,,,no_intrinsic
BOOT,Consumer Cyclical,121.41500091552734,7.9,-0.2232412016512647,116404000.0,fcff,exit,8.0,30284844.0,,,406627000.0,666787000.0,,fcf_dcf,0.15004999973297117,0.12241249979972837,,59.11136074726165,67.4330071347457,59.11136074726165,50.789714359777584,-51.31461491452157,
BOTJ,Financial Services,27.40999984741211,2.53,-0.1333366691446468,11175000.0,fcff,exit,8.0,4543339.0,,,,-16004000.0,,fcf_dcf,0.08,0.08,,,,,,,no_intrinsic
BOW,Financial Services,33.7599983215332,1.8499999999999999,-0.22285275913776836,328805000.0,fcff,exit,8.0,32943747.0,,,,4825000.0,,fcf_dcf,0.08,0.08,,,,,,,no_intrinsic
BOX,Technology,34.900001525878906,0.69,-0.2657644519834479,349663000.0,fcff,exit,8.0,137200773.0,,,168805000.0,182488000.0,,fcf_dcf,0.09262999973297119,0.0846604997730255,,16.545509755263723,17.450326196430773,16.545509755263723,15.640693314096671,-52.59166466512914,
BPRN,Financial Services,43.720001220703125,3.8,-0.3,23380000.0,fcff,exit,8.0,6813201.0,,,,-27231000.0,,fcf_dcf,0.08,0.08,,,,,,,no_intrinsic
BR,Technology,156.83999633789062,9.62,-0.21748178538016705,1233000000.0,fcff,exit,8.0,112900032.0,,,1898900000.0,3114700000.0,,fcf_dcf,0.10428999973297119,0.09457149977302551,,111.3741005323837,123.19330399379334,111.3741005323837,99.55489707097408,-28.988712616108963,
BRBR,Consumer Defensive,7.580100059509277,1.42,-0.08570659477174813,225000000.0,fcff,exit,8.0,116278194.0,,,331900000.0,1084900000.0,,fcf_dcf,0.0809699997329712,0.08,,16.0054965908981,18.150317604662444,16.005496590898098,13.860675577133758,111.15152128920933,
BRC,Industrials,85.04000091552734,4.31,0.030243617430601777,192654000.0,fcff,exit,8.0,46899214.0,,,313984000.0,-103556000.0,,fcf_dcf,0.08635999973297119,0.08,,59.81244320829866,64.8430924201534,59.81244320829866,54.78179399644394,-29.665519091760046,
BRCB,Consumer Cyclical,6.809999942779541,0.06999999999999999,-0.3,-40429000.0,fcff,exit,8.0,22207657.0,,,9138000.0,175067000.0,54897000.0,fcf_dcf,0.1080299997329712,0.09089749979972839,,-15.47698045287602,-15.182924795408468,-15.47698045287602,-15.771036110343575,-327.2684373409701,
BRK-B,Financial Services,503.1300048828125,24.464012000000004,-0.3,21239000000.0,fcff,exit,8.0,2140709794.0,,,,87990000000.0,2267000000.0,fcf_dcf,0.08575499973297118,0.08,,,,,,,no_intrinsic
BRO,Financial Services,59.6150016784668,3.17,-0.2301280195027069,1446000000.0,fcff,exit,8.0,334610357.0,,,2468000000.0,7089000000.0,25000000.0,fcf_dcf,0.08564499973297118,0.08,,41.33953223214328,46.88180450584103,41.33953223214328,35.79725995844551,-30.65582308441786,
BROS,Consumer Cyclical,37.45000076293945,0.7200000000000001,-0.2883351329625016,95035000.0,fcff,exit,8.0,137940798.0,,,320235000.0,938704000.0,177362000.0,fcf_dcf,0.18018999973297117,0.14501749979972836,,4.79544127847288,6.097757049245465,4.79544127847288,3.4931255077002947,-87.19508362942825,
BRT,Real Estate,13.5649995803833,-0.7000000000000001,0.2602098863449387,,fcff,exit,8.0,18793277.0,,,38148000.0,483827000.0,-82000.0,fcf_dcf,0.10145500190734863,0.08,,,,,,,no_intrinsic
BRTX,Healthcare,2.109999895095825,-1.3900000000000001,-0.3,,fcff,exit,8.0,1381128.0,,,-14014733.0,-3112679.0,,fcf_dcf,0.09953000190734863,0.09052550162124634,,,,,,,no_intrinsic
BRX,Real Estate,27.135000228881836,1.4,-0.02359778111157107,,fcff,exit,8.0,306872316.0,,,1095428000.0,5151534000.0,242000.0,fcf_dcf,0.10541500190734862,0.08234475123977661,,,,,,,no_intrinsic
BSLK,Basic Materials,0.0001,-7.9,0.0,,fcff,exit,8.0,4366123.0,,,,8166000.0,,fcf_dcf,0.08,0.08,,,,,,,no_intrinsic
BSX,Healthcare,42.94499969482422,2.4699999999999998,-0.3,1806000000.0,fcff,exit,8.0,1449229526.0,,,5637000000.0,12085000000.0,242000000.0,fcf_dcf,0.08462500190734863,0.08,,20.14237379236884,23.06513236236437,20.14237379236884,17.219615222373307,-53.097278063791855,
BTG,Basic Materials,5.15500020980835,0.55,-0.3,,fcff,exit,8.0,1321070762.0,,,2278547000.0,169510000.0,32717000.0,fcf_dcf,0.13060500190734864,0.10782875143051149,,,,,,,no_intrinsic
BTU,Energy,24.399999618530273,-1.5081090000000001,0.3,-178000000.0,fcff,exit,8.0,121900000.0,,,242400000.0,-101400000.0,49300000.0,fcf_dcf,0.08,0.08,,6.21037603278855,7.704583805560403,6.21037603278855,4.716168260016696,-74.54763881196065,pe<0
BUSE,Financial Services,29.43000030517578,2.42,-0.1772975252081186,208518000.0,fcff,exit,8.0,82576956.0,,,,-394089000.0,,fcf_dcf,0.09386500190734863,0.08299200152587892,,,,,,,no_intrinsic
BVFL,Financial Services,21.23,1.52,0.022283267603906864,17667000.0,fcff,exit,8.0,8470604.0,,,,-33902000.0,,fcf_dcf,0.08,0.08,,,,,,,no_intrinsic
BWA,Consumer Cyclical,60.33000183105469,1.96465,-0.3,1242000000.0,fcff,exit,8.0,203666354.0,,,1484000000.0,1617000000.0,177000000.0,fcf_dcf,0.11573499858856201,0.09667624894142152,,56.42357837110583,61.49492483134573,56.423578371105826,51.35223191086594,-6.475092559897842,
BWB,Financial Services,20.719999313354492,1.8399999999999999,-0.27288425928478544,36460000.0,fcff,exit,8.0,27883823.0,,,,265076000.0,,fcf_dcf,0.08773999858856202,0.08,,,,,,,no_intrinsic
BWFG,Financial Services,66.29000091552734,5.35,-0.24449547455061182,34496000.0,fcff,exit,8.0,7971972.0,,,,-91558000.0,,fcf_dcf,0.08438499858856201,0.08,,,,,,,no_intrinsic
BWIN,Financial Services,31.829999923706055,-1.04,0.3,43707000.0,fcff,exit,8.0,140677358.0,,,82723000.0,2502335000.0,537359000.0,fcf_dcf,0.10792499858856201,0.09423999887084962,,-17.03233127145031,-16.618484090065074,-17.03233127145031,-17.446178452835547,-153.51030886671518,pe<0
BWMN,Industrials,42.75,0.4,0.3,11569000.0,fcff,exit,8.0,17333752.0,,,46633000.0,274095000.0,,fcf_dcf,0.134379998588562,0.1106599989414215,,0.8508308553922173,2.608333477590098,0.8508308553922179,-0.9066717668056655,-98.00975238504745,
BX,Financial Services,109.61949920654297,4.47,-0.3,5486239000.0,fcff,exit,8.0,750625114.0,,,,11520243000.0,13418685000.0,fcf_dcf,0.140264998588562,0.12011199887084961,,,,,,,no_intrinsic
BXC,Industrials,72.33999633789062,-0.2506269999999999,-0.3,58023000.0,fcff,exit,8.0,7860217.0,,,74993000.0,353248000.0,,fcf_dcf,0.131354998588562,0.10839124894142149,,34.39690908961753,40.69373387693823,34.39690908961753,28.100084302296825,-52.45104944579471,pe<0
BXMT,Real Estate,10.9399995803833,-0.11000000000000001,0.3,,fcff,exit,8.0,168543591.0,,,,15382119000.0,3047000.0,fcf_dcf,0.10561499858856202,0.08247474908256532,,,,,,,no_intrinsic
BXP,Real Estate,59.90999984741211,1.8599999999999999,-0.3,,fcff,exit,8.0,159661556.0,,,1979044000.0,15864537000.0,2574578000.0,fcf_dcf,0.11094999858856201,0.08594249908256532,,,,,,,no_intrinsic
BYD,Consumer Cyclical,67.2300033569336,22.72,0.3,-49936000.0,fcff,exit,8.0,72655414.0,,,2761078000.0,2935571000.0,-3177000.0,fcf_dcf,0.114909998588562,0.09605749894142152,,169.05061928805435,195.5749762446849,169.05061928805435,142.52626233142374,151.45115401904818,
BZH,Consumer Cyclical,33.400001525878906,-0.2999999999999998,0.3,-153338000.0,fcff,exit,8.0,26679623.0,,,-18423000.0,1310836000.0,,fcf_dcf,0.173374998588562,0.1399062489414215,,-73.14563160170857,-73.5417598834928,-73.14563160170857,-72.74950331992434,-318.99888700613997,pe<0
C,Financial Services,128.36000061035156,9.26,-0.3,-24511000000.0,fcff,exit,8.0,1677436783.0,,,,36314000000.0,2435000000.0,fcf_dcf,0.11408499858856201,0.09916799887084962,,,,,,,no_intrinsic
CAG,Consumer Defensive,13.270000457763672,-4.0,0.3,978700000.0,fcff,exit,8.0,477411517.0,,,-1038300000.0,7050400000.0,0.0,fcf_dcf,0.08,0.08,,-19.178668119753112,-20.81289384896958,-19.178668119753112,-17.54444239053665,-244.52650684373225,pe<0
CAH,Healthcare,229.88999938964844,7.239999999999999,-0.26289845961878466,4525000000.0,fcff,exit,8.0,231559345.0,,,3478000000.0,4030000000.0,159000000.0,fcf_dcf,0.08053499858856202,0.08,,154.7792571205777,166.0654988196416,154.77925712057774,143.49301542151386,-32.672470515676046,
CAKE,Consumer Cyclical,108.01499938964844,3.69,-0.3,205195000.0,fcff,exit,8.0,49760634.0,,,318912000.0,1885846000.0,,fcf_dcf,0.11001499858856201,0.0923862489414215,,15.356766350864994,19.905648569778883,15.356766350864993,10.80788413195111,-85.78274643555041,
CAL,Consumer Cyclical,12.145000457763672,1.5,-0.3,62926000.0,fcff,exit,8.0,34504977.0,,,157118000.0,826391000.0,8257000.0,fcf_dcf,0.09356999858856202,0.08005249894142152,,10.882322434328493,14.303067651006597,10.882322434328493,7.4615772176503885,-10.396689796977435,
CAPR,Healthcare,8.380000114440918,-2.45,0.22165097709910708,-129778202.0,fcff,exit,8.0,58138989.0,,,-126919184.0,70110175.0,,fcf_dcf,0.086309998588562,0.08,,-23.76190221823973,-25.402272441630274,-23.76190221823973,-22.121531994849185,-383.55491519972406,pe<0
CARE,Financial Services,30.459999084472656,5.81,-0.3,58756000.0,fcff,exit,8.0,22163931.0,,,,-98035000.0,,fcf_dcf,0.08548499858856201,0.08,,,,,,,no_intrinsic
CARL,Healthcare,14.850000381469727,-1.4300000000000002,0.23064613132303524,-35673000.0,fcff,exit,8.0,27302743.0,,,-34602000.0,-24327000.0,,fcf_dcf,0.10796000003814697,0.09769100003242492,,-11.402886288201588,-12.280887797157629,-11.402886288201588,-10.524884779245545,-176.7871110793401,pe<0
CARR,Industrials,54.7400016784668,1.44,0.3,1928000000.0,fcff,exit,8.0,824325057.0,,,3080000000.0,11050000000.0,325000000.0,fcf_dcf,0.12380000003814698,0.10272500002861024,,15.752065260349752,18.282044577836952,15.752065260349752,13.22208594286255,-71.22384951159732,
CASH,Financial Services,73.0,7.98,-0.15007491533130768,479138000.0,fcff,exit,8.0,20773362.0,,,,51621000.0,245000.0,fcf_dcf,0.08942500003814698,0.08,,,,,,,no_intrinsic
CAT,Industrials,834.2650146484375,23.24,-0.3,8994000000.0,fcff,exit,8.0,459674889.0,,,16830000000.0,38433000000.0,-1000000.0,fcf_dcf,0.13986000003814697,0.11477000002861024,,179.77070236394897,203.25122888485384,179.77070236394897,156.29017584304407,-78.45160719825881,
CATO,Consumer Cyclical,2.4000000953674316,-0.30000000000000004,-0.3,1625000.0,fcff,exit,8.0,19958858.0,,,1439000.0,103514000.0,,fcf_dcf,0.08370500003814697,0.08,,-4.4089001391986695,-4.3547241079434835,-4.4089001391986695,-4.4630761704538555,-283.70416516686356,pe<0
CATY,Financial Services,60.18000030517578,5.12,-0.2067850950829393,534243000.0,fcff,exit,8.0,66713820.0,,,,-9726000.0,,fcf_dcf,0.10158000003814698,0.0891640000305176,,,,,,,no_intrinsic
CB,Financial Services,329.5799865722656,28.265839,0.06968995133992428,,fcff,exit,8.0,385799859.0,,,,15605000000.0,5473000000.0,fcf_dcf,0.08,0.08,,,,,,,no_intrinsic
CBAN,Financial Services,20.315000534057617,1.6500000000000001,-0.14324957120482695,21738000.0,fcff,exit,8.0,21221503.0,,,,73549000.0,,fcf_dcf,0.08324499671936035,0.08,,,,,,,no_intrinsic
CBFV,Financial Services,36.85,1.28,-0.3,19531000.0,fcff,exit,8.0,5081584.0,,,,23688000.0,,fcf_dcf,0.08,0.08,,,,,,,no_intrinsic
CBIO,Healthcare,13.970000267028809,-6.719999999999999,-0.3,-153618000.0,fcff,exit,8.0,37146830.0,,,-162912000.0,-170156000.0,,fcf_dcf,0.10793999671936036,0.09767399721145631,,-36.408134618728546,-39.44667697213194,-36.408134618728546,-33.36959226532516,-360.6165635132945,pe<0
CBLL,Healthcare,23.899999618530273,-1.7600000000000002,0.3,-55685000.0,fcff,exit,8.0,38378101.0,,,-63017000.0,-10754000.0,,fcf_dcf,0.10793999671936036,0.09767399721145631,,-14.673481161202387,-15.811129979176501,-14.673481161202387,-13.535832343228272,-161.3953196460542,pe<0
CBNK,Financial Services,40.40999984741211,3.4000000000000004,-0.009535092853040994,65233000.0,fcff,exit,8.0,16295949.0,,,,-366137000.0,,fcf_dcf,0.08120999671936036,0.08,,,,,,,no_intrinsic
CBRE,Real Estate,129.27000427246094,4.359999999999999,0.08109582415922212,938000000.0,fcff,exit,8.0,289575298.0,,,2197000000.0,9088000000.0,776000000.0,fcf_dcf,0.12080999671936035,0.09235149786758423,,22.271790390042014,27.65767892495326,22.271790390042014,16.885901855130772,-82.77110725307936,
CBT,Basic Materials,75.66000366210938,3.5500000000000003,0.3,281000000.0,fcff,exit,8.0,51631007.0,,,665000000.0,1023000000.0,129000000.0,fcf_dcf,0.09825999671936035,0.08356999753952027,,76.62754887888859,86.14733192111015,76.62754887888859,67.107765836667,1.2788067273961319,
CC,Basic Materials,13.699999809265137,-4.13,0.3,218000000.0,fcff,exit,8.0,150377709.0,,,553000000.0,3449000000.0,1000000.0,fcf_dcf,0.13015999671936035,0.10749499753952027,,2.25384528308032,4.690722568846429,2.25384528308032,-0.18303200268578879,-83.54857434701515,pe<0
CCAP,Financial Services,9.039999961853027,0.08999999999999997,0.3,,fcff,exit,8.0,36845952.0,,,,907342000.0,,fcf_dcf,0.08725999671936036,0.08,,,,,,,no_intrinsic
CCI,Real Estate,65.91000366210938,1.97,0.3,2406000000.0,fcff,exit,8.0,425455439.0,,,2684000000.0,22362000000.0,,fcf_dcf,0.10579499671936035,0.08259174786758423,,8.644135814389248,13.328015476096772,8.644135814389248,3.960256152681723,-86.88494108010704,
CCL,Consumer Cyclical,25.700000762939453,2.22,0.3,3200000000.0,fcff,exit,8.0,1344610129.0,,,7167000000.0,23927000000.0,16000000.0,fcf_dcf,0.18389499671936033,0.14779624753952023,,14.293403385015997,17.24745365704881,14.293403385015997,11.339353112983185,-44.38364606732727,
CCNE,Financial Services,33.880001068115234,3.088636,-0.3,85718000.0,fcff,exit,8.0,29621999.0,,,,-196132000.0,,fcf_dcf,0.08692999671936036,0.08,,,,,,,no_intrinsic
CCO,Communication Services,2.4000000953674316,-0.213907,0.3,84252000.0,fcff,exit,8.0,509093845.0,,,445657000.0,6277405000.0,6401000.0,fcf_dcf,0.16409499671936034,0.13917599737548828,,-7.711528482747056,-7.207738397509674,-7.711528482747056,-8.215318567984438,-421.31367401326906,pe<0
CDE,Basic Materials,17.104999542236328,0.9899999999999999,-0.3,1156220000.0,fcff,exit,8.0,1027934998.0,,,1590921000.0,-339118000.0,,fcf_dcf,0.12834499671936034,0.10613374753952026,,13.024125618519843,14.056044615356825,13.024125618519843,11.992206621682858,-23.857784466113742,
CDNS,Technology,357.7799987792969,5.03,-0.3,1671720000.0,fcff,exit,8.0,275393000.0,,,2276611000.0,1210916000.0,,fcf_dcf,0.11497999671936035,0.1036579972114563,,64.3033047534391,69.87726951491778,64.3033047534391,58.72933999196041,-82.02713819306993,
CDRE,Industrials,24.760000228881836,0.8500000000000001,0.3,78122000.0,fcff,exit,8.0,42820734.0,,,90203000.0,345847000.0,,fcf_dcf,0.12586999671936036,0.10427749753952026,,10.488499774338507,11.904869453705286,10.488499774338507,9.072130094971724,-57.63933894433503,
CDW,Technology,135.8300018310547,8.32,0.037150796340764236,860200000.0,fcff,exit,8.0,125017426.0,,,1977000000.0,5602500000.0,,fcf_dcf,0.10469499671936035,0.09491574721145629,,71.90102554715298,82.99618289833037,71.90102554715298,60.8058681959756,-47.065431364284706,
CDXS,Healthcare,1.3650000095367432,-0.34,-0.3,-12180000.0,fcff,exit,8.0,109505765.0,,,-18700000.0,45415000.0,,fcf_dcf,0.19340999671936032,0.1703234972114563,,-1.4769198868007056,-1.562796687861438,-1.4769198868007056,-1.3910430857399732,-208.19925835033115,pe<0
CECO,Industrials,74.0,-0.6900000000000001,0.3,-21599000.0,fcff,exit,8.0,58569830.0,,,20819000.0,710764000.0,5280000.0,fcf_dcf,0.13543999671936036,0.11145499753952026,,-11.810088582013318,-11.578707767375173,-11.810088582013318,-12.041469396651461,-115.95957916488287,pe<0
CEG,Utilities,265.15899658203125,10.26,0.16042202665956307,309000000.0,fcff,exit,8.0,354307379.0,,,8229000000.0,24003000000.0,345000000.0,fcf_dcf,0.11503499671936035,0.08859774786758423,,69.07247222671845,85.84623769389887,69.07247222671845,52.29870675953802,-73.95054547758868,
CELC,Healthcare,71.6675033569336,-4.3,0.3,-192277000.0,fcff,exit,8.0,48931908.0,,,-204017000.0,572336000.0,,fcf_dcf,0.08,0.08,,-53.36585710372512,-56.49882747669157,-53.36585710372512,-50.23288673075867,-174.4631173182373,pe<0
CENT,Consumer Defensive,39.619998931884766,2.6799999999999997,-0.3,345632000.0,fcff,exit,8.0,62592598.0,,,358203000.0,411883000.0,1231000.0,fcf_dcf,0.08533499671936035,0.08,,51.13654353881037,55.436740245082326,51.13654353881037,46.836346832538425,29.06750357748622,
CENTA,Consumer Defensive,34.13999938964844,2.6799999999999997,-0.3,345632000.0,fcff,exit,8.0,62592598.0,,,358203000.0,411883000.0,1231000.0,fcf_dcf,0.08533499671936035,0.08,,51.13654353881037,55.436740245082326,51.13654353881037,46.836346832538425,49.7848402256136,
CETX,Technology,2.0399999618530273,-86.67999999999999,0.3,-9614056.0,fcff,exit,8.0,1721141.0,,,-9818386.0,14165909.0,0.0,fcf_dcf,0.17520499671936035,0.15484924721145632,,-52.30151500013207,-55.36769772584543,-52.30151500013207,-49.235332274418724,-2663.7998028502,pe<0
CETY,Industrials,0.975,-0.8499950000000001,-0.3,,fcff,exit,8.0,12166106.0,,,-3387400.0,3427285.0,0.0,fcf_dcf,0.08,0.08,,,,,,,no_intrinsic
CF,Basic Materials,116.2300033569336,13.49,-0.3,1904000000.0,fcff,exit,8.0,151338130.0,,,4153000000.0,1133000000.0,3172000000.0,fcf_dcf,0.08192499671936035,0.08,,189.68263007781695,210.30296187558721,189.68263007781695,169.0622982800467,63.195925836219644,
CFG,Financial Services,64.1624984741211,4.609999999999999,-0.2709067536984068,2327000000.0,fcff,exit,8.0,421176788.0,,,,2482000000.0,,fcf_dcf,0.11134999671936036,0.09697999737548829,,,,,,,no_intrinsic
CFR,Financial Services,153.3350067138672,10.58,-0.08936035152158228,541464000.0,fcff,exit,8.0,62148785.0,,,,-6243915000.0,,fcf_dcf,0.08307999671936035,0.08,,,,,,,no_intrinsic
CGNX,Technology,64.40499877929688,1.03,-0.3,268296000.0,fcff,exit,8.0,168223842.0,,,267406000.0,-230044000.0,,fcf_dcf,0.13450499671936036,0.1202542472114563,,15.397617420932495,16.392338825797825,15.397617420932495,14.40289601606716,-76.09251189694596,
CHCO,Financial Services,142.0449981689453,9.14,0.015841276017289685,138538000.0,fcff,exit,8.0,14045160.0,,,,-117202000.0,,fcf_dcf,0.08,0.08,,,,,,,no_intrinsic
CHCT,Real Estate,13.510000228881836,0.67,0.3,38729000.0,fcff,exit,8.0,28653842.0,,,93941000.0,560629000.0,,fcf_dcf,0.08863499671936036,0.08,,5.854272314565985,8.317782705733269,5.854272314565984,3.3907619233987027,-56.66711905710665,
CHD,Consumer Defensive,95.0999984741211,3.11,-0.1455473451568713,1066700000.0,fcff,exit,8.0,237203907.0,,,1292700000.0,1702300000.0,,fcf_dcf,0.08,0.08,,44.58745677848908,48.682495306334474,44.58745677848908,40.49241825064367,-53.1151866520562,
CHDN,Consumer Cyclical,76.4749984741211,5.83,-0.29567824574710677,382600000.0,fcff,exit,8.0,69700243.0,,,1116200000.0,4585000000.0,50000000.0,fcf_dcf,0.09523499671936035,0.08130124753952025,,52.306968952905656,64.26817755566249,52.30696895290566,40.34576035014883,-31.602523705043062,
CHEF,Consumer Defensive,116.87999725341797,2.1,-0.3,125773000.0,fcff,exit,8.0,40796083.0,,,255944000.0,811142000.0,,fcf_dcf,0.13230499671936036,0.11374399737548829,,24.38607118271053,28.42810984469752,24.38607118271053,20.34403252072354,-79.1358044526328,
CHGG,Consumer Defensive,0.7371000051498413,-0.49,-0.3,-6963000.0,fcff,exit,8.0,111027482.0,,,5743000.0,6096000.0,,fcf_dcf,0.17195999671936035,0.14546799737548827,,-0.04762376863614835,-0.018664046957179867,-0.04762376863614836,-0.07658349031511685,-106.46096436079486,pe<0
CHMI,Real Estate,2.609999895095825,0.18,-0.3,,fcff,exit,8.0,36947394.0,,,,88586000.0,2481000.0,fcf_dcf,0.11354999671936036,0.08763249786758424,,,,,,,no_intrinsic
CHPT,Consumer Cyclical,9.069999694824219,-7.18,-0.3,-68418000.0,fcff,exit,8.0,26850324.0,,,-133943000.0,149984000.0,,fcf_dcf,0.14643999671936037,0.11970499753952027,,-40.335859174364906,-43.465202890113254,-40.335859174364906,-37.206515458616565,-544.7173156729266,pe<0
CHRW,Industrials,140.11500549316406,5.24,-0.13971191834459584,807110000.0,fcff,exit,8.0,116851258.0,,,895822000.0,1484821000.0,,fcf_dcf,0.10513499671936036,0.08872624753952027,,60.08123765900953,65.61468427215897,60.08123765900954,54.54779104586011,-57.12005473821947,
CHTR,Communication Services,105.8949966430664,38.51,-0.1497180425201321,4358000000.0,fcff,exit,8.0,114457597.0,,,21354000000.0,96201000000.0,4949000000.0,fcf_dcf,0.09105499671936035,0.08074399737548829,,394.51270199874335,534.2207140684267,394.5127019987434,254.80468992905998,272.550842348579,
CHWY,Consumer Cyclical,17.905000686645508,0.66,-0.3,568100000.0,fcff,exit,8.0,401927249.0,,,510000000.0,507900000.0,,fcf_dcf,0.12905999671936036,0.10666999753952028,,11.058479209246393,11.902460663881676,11.058479209246393,10.214497754611113,-38.23804085361254,
CHYM,Technology,28.1200008392334,-0.06999999999999998,-0.3,308901000.0,fcff,exit,8.0,378585111.0,,,-20440000.0,-405164000.0,,fcf_dcf,0.10793999671936036,0.09767399721145631,,4.062062816915826,4.024655949651624,4.062062816915826,4.099469684180027,-85.55454233398036,pe<0
CI,Healthcare,267.5350036621094,24.17,-0.02912746793878007,9113000000.0,fcff,exit,8.0,264240486.0,,,12785000000.0,25580000000.0,290000000.0,fcf_dcf,0.08,0.08,,338.6898126384216,375.04642873064057,338.6898126384216,302.3331965462025,26.596448316041332,
CIA,Financial Services,3.5299999713897705,0.21000000000000002,0.3,14967000.0,fcff,exit,8.0,50643108.0,,,,-15406000.0,,fcf_dcf,0.08,0.08,,,,,,,no_intrinsic
CIEN,Technology,386.2799987792969,4.48,-0.3,814362000.0,fcff,exit,8.0,141808525.0,,,971833000.0,840169000.0,,fcf_dcf,0.12383499671936035,0.1111847472114563,,52.178679442206466,56.64509167358226,52.178679442206466,47.71226721083067,-86.49200590061639,
CIFR,Technology,15.039899826049805,-1.06,0.3,-1496008000.0,fcff,exit,8.0,415030722.0,,,-810736000.0,4754971000.0,25679000.0,fcf_dcf,0.22937999671936038,0.2008979972114563,,-29.766983073973343,-30.630497243113613,-29.766983073973343,-28.90346890483307,-297.9200886858006,pe<0
CIM,Real Estate,9.260000228881836,-1.022052,0.3,,fcff,exit,8.0,83711818.0,,,,13006268000.0,,fcf_dcf,0.15226999671936037,0.11280049786758424,,,,,,,no_intrinsic
CINF,Financial Services,161.4199981689453,21.2,-0.15181678597979653,3439000000.0,fcff,exit,8.0,153478045.0,,,,-326000000.0,,fcf_dcf,0.08197999671936035,0.08,,,,,,,no_intrinsic
CION,Financial Services,7.09499979019165,0.05999999999999983,0.3,,fcff,exit,8.0,49202704.0,,,,1152277000.0,,fcf_dcf,0.11481499671936035,0.09975199737548829,,,,,,,no_intrinsic
CISO,Technology,0.20600000023841858,-0.09999999999999999,-0.3,,fcff,exit,8.0,45525655.0,,,-1152700.0,3764945.0,,fcf_dcf,0.16953999671936038,0.15003399721145633,,,,,,,no_intrinsic
CJMB,Industrials,2.2799999713897705,-1.73,0.08036299517192003,-5169074.0,fcff,exit,8.0,6658368.0,,,-9615629.0,1303681.0,,fcf_dcf,0.10793999671936036,0.09082999753952026,,-11.642430545378355,-12.674776834233628,-11.642430545378355,-10.610084256523084,-610.6329250645442,pe<0
CL,Consumer Defensive,85.55000305175781,2.52,0.12818726309893402,3858000000.0,fcff,exit,8.0,797172829.0,,,3839000000.0,6487000000.0,330000000.0,fcf_dcf,0.08,0.08,,40.849384337590415,44.46804372068248,40.849384337590415,37.23072495449834,-52.25086746884566,
CLAR,Consumer Cyclical,3.3949999809265137,-0.8200000000000001,-0.3,-422000.0,fcff,exit,8.0,38288155.0,,,-76000.0,-11771000.0,,fcf_dcf,0.11349499671936035,0.09499624753952027,,0.2515270170705725,0.250134864424335,0.2515270170705725,0.25291916971681,-92.5912512965043,pe<0
CLH,Industrials,318.2099914550781,8.24,-0.1256768039354954,457860000.0,fcff,exit,8.0,52787248.0,,,1218642000.0,2625938000.0,,fcf_dcf,0.10106499671936035,0.08567374753952026,,121.54815274732103,138.44677498746287,121.54815274732104,104.64953050717918,-61.80253417200446,
CLIR,Industrials,3.559999942779541,-0.94,-0.3,-5831000.0,fcff,exit,8.0,6807455.0,,,-5288000.0,-9772000.0,,fcf_dcf,0.12487999671936036,0.10353499753952028,,-6.159923620789347,-6.683978744441849,-6.159923620789347,-5.635868497136845,-273.0315651628877,pe<0
CLNE,Energy,1.5650999546051025,-0.44,-0.2987651750888186,8351000.0,fcff,exit,8.0,220445015.0,,,2118000.0,265585000.0,5349000.0,fcf_dcf,0.15694499671936035,0.12171149770355223,,-1.0375368404444865,-1.031563453137491,-1.0375368404444865,-1.0435102277514818,-166.29204974363904,pe<0
CLRB,Healthcare,1.774999976158142,-6.699999999999999,-0.3,,fcff,exit,8.0,9452108.0,,,-23394017.0,-32462410.0,,fcf_dcf,0.08467499671936035,0.08,,,,,,,no_intrinsic
CLS,Technology,384.1650085449219,9.657456000000002,-0.3,518700000.0,fcff,exit,8.0,126111117.0,,,1549300000.0,274700000.0,,fcf_dcf,0.12531999671936034,0.11244699721145629,,77.48450415697275,85.44584773937241,77.48450415697275,69.52316057457311,-79.83041077831214,
CLSK,Financial Services,12.21500015258789,-2.9800000000000004,0.3,-1038213000.0,fcff,exit,8.0,256817073.0,,,-572867000.0,1584319000.0,,fcf_dcf,0.26435999671936034,0.21938799737548828,,-25.68845135162649,-26.601977941757372,-25.688451351626494,-24.774924761495612,-310.3025053682385,pe<0
CLX,Consumer Defensive,81.41999816894531,6.16,0.3,405000000.0,fcff,exit,8.0,120931005.0,,,1168000000.0,5377000000.0,162000000.0,fcf_dcf,0.08450999671936035,0.08,,26.40959557483028,33.667099210230695,26.409595574830277,19.15209193942987,-67.56374825748492,
CLYM,Healthcare,10.819999694824219,-0.8300000000000001,0.24962365259358843,,fcff,exit,8.0,57436255.0,,,-64628000.0,-42793000.0,,fcf_dcf,0.08,0.08,,,,,,,no_intrinsic
CMCSA,Communication Services,21.549999237060547,3.09,0.3,17817000000.0,fcff,exit,8.0,3548636573.0,,,34134000000.0,82720000000.0,192000000.0,fcf_dcf,0.08973499671936036,0.08,,55.67545176835259,62.90327864027157,55.67545176835259,48.447624896433595,158.35477373291457,
CMDB,Industrials,22.11750030517578,0.16999999999999998,-0.3,24337000.0,fcff,exit,8.0,24301490.0,,,49618000.0,-57729000.0,,fcf_dcf,0.10793999671936036,0.09082999753952026,,18.164350608910972,19.62391026051394,18.164350608910972,16.704790957308003,-17.873401793690586,
CME,Financial Services,266.3949890136719,11.790000000000001,-0.10894207447675586,4212700000.0,fcff,exit,8.0,359579263.0,,,6101400000.0,1280000000.0,,fcf_dcf,0.08,0.08,,147.95074185081256,160.70094020586953,147.95074185081256,135.2005434957556,-44.4618900683528,
CMG,Consumer Cyclical,30.360000610351562,1.09,0.08786127617768424,1568985000.0,fcff,exit,8.0,1267838000.0,,,2296607000.0,5190997000.0,,fcf_dcf,0.10562999671936035,0.08909749753952026,,11.452466837501916,12.75770564514767,11.452466837501914,10.14722802985616,-62.277777973439576,
CMI,Industrials,522.5999755859375,19.57,-0.10695927322957788,3367000000.0,fcff,exit,8.0,137664487.0,,,5289000000.0,5107000000.0,1059000000.0,fcf_dcf,0.12102999671936035,0.10064749753952026,,263.19252013064795,289.45351970149295,263.19252013064795,236.9315205598029,-49.63786214579186,
CMPX,Healthcare,0.9135000109672546,-0.4,8.881784197001252e-16,-56393000.0,fcff,exit,8.0,180087915.0,,,-79600000.0,-25820000.0,,fcf_dcf,0.10320999671936035,0.0936534972114563,,-3.6282956546288188,-3.9402066081249263,-3.6282956546288188,-3.3163847011327103,-497.1861643205693,pe<0
CMRC,Technology,3.255000114440918,-0.07,-0.3,19550000.0,fcff,exit,8.0,82858991.0,,,17678000.0,107343000.0,,fcf_dcf,0.11072999858856201,0.10004549880027772,,0.8202105743600931,0.9664421320975132,0.8202105743600931,0.6739790166226731,-74.80151933877971,pe<0
CMRE,Industrials,15.350000381469727,2.63,0.1593233154438638,-133330000.0,fcff,exit,8.0,120892607.0,,,554911000.0,1150645000.0,72277000.0,fcf_dcf,0.10654999858856201,0.08978749894142152,,11.718779223376746,15.015751845867227,11.718779223376746,8.421806600886265,-23.656163308481297,
CMS,Utilities,64.04000091552734,3.307106,0.20617866717878908,-2103000000.0,fcff,exit,8.0,313577136.0,,,3314000000.0,19060000000.0,625000000.0,fcf_dcf,0.08,0.08,,-27.5862223231703,-19.64494804249844,-27.586222323170304,-35.52749660384215,-143.0765489206632,
CMTG,Real Estate,1.2100000381469727,-3.5700000000000003,0.3,-14297000.0,fcff,exit,8.0,141084206.0,,,,938885000.0,,fcf_dcf,0.11738499858856202,0.09012524908256532,,,,,,,no_intrinsic
CMTL,Technology,1.2649999856948853,-2.21,0.19844677754680196,15346000.0,fcff,exit,8.0,29961431.0,,,56121000.0,222980000.0,,fcf_dcf,0.139769998588562,0.1247294988002777,,3.6782433922780444,4.827251991755483,3.678243392278044,2.529234792800607,190.77023192672408,pe<0
CNA,Financial Services,46.244998931884766,4.54,-0.014362423951834513,2255000000.0,fcff,exit,8.0,270600928.0,,,,2634000000.0,,fcf_dcf,0.08,0.08,,,,,,,no_intrinsic
CNC,Healthcare,63.36000061035156,-10.440000000000001,-0.3,8951000000.0,fcff,exit,8.0,493995000.0,,,-2731000000.0,-8046000000.0,95000000.0,fcf_dcf,0.11512999858856202,0.10378549880027771,,58.231506991602416,54.506075468635174,58.231506991602416,61.95693851456966,-8.094213335457685,pe<0
CNET,Communication Services,1.600000023841858,-0.37,-0.3,,fcff,exit,8.0,3668429.0,,,-675000.0,-458000.0,62000.0,fcf_dcf,0.095109998588562,0.08398799887084961,,,,,,,no_intrinsic
CNK,Communication Services,36.31999969482422,1.69,-0.3,313000000.0,fcff,exit,8.0,115911855.0,,,610600000.0,2463300000.0,9400000.0,fcf_dcf,0.10946499858856201,0.09547199887084962,,19.114560444684585,22.801138189412054,19.114560444684585,15.42798269995711,-47.37180450084501,
CNM,Industrials,41.0099983215332,2.4299999999999997,0.006405103635660492,628000000.0,fcff,exit,8.0,184443500.0,,,938000000.0,2437000000.0,73000000.0,fcf_dcf,0.10319499858856201,0.08727124894142152,,30.067094997828697,33.762404530958925,30.067094997828693,26.37178546469847,-26.68350102798881,
CNNE,Consumer Cyclical,15.600000381469727,-3.02,-0.3,-43400000.0,fcff,exit,8.0,43374227.0,,,-6200000.0,129300000.0,-45700000.0,fcf_dcf,0.12156499858856201,0.10104874894142152,,-6.708413197618039,-6.8059409153556905,-6.708413197618039,-6.610885479880388,-143.00264765112794,pe<0
CNP,Utilities,37.73500061035156,1.6,-0.01936988669600903,-2695000000.0,fcff,exit,8.0,658720288.0,,,3997000000.0,24593000000.0,,fcf_dcf,0.08,0.08,,-18.147880087405817,-13.588401398974531,-18.147880087405817,-22.707358775837108,-148.09296354543437,
CNQ,Energy,47.9900016784668,5.62,-0.3,9801000000.0,fcff,exit,8.0,2061500000.0,,,25375000000.0,14526000000.0,,fcf_dcf,0.10489999858856201,0.0852799990119934,,84.97567892349068,94.00207889920624,84.97567892349066,75.94927894777508,77.06954772126925,
CNR,Energy,90.31500244140625,1.9899999999999998,0.3,259504000.0,fcff,exit,8.0,49636257.0,,,721008000.0,-25555000.0,,fcf_dcf,0.08,0.08,,109.9281046638418,120.84308959165156,109.9281046638418,99.01311973603204,21.716328065384214,
CNS,Financial Services,72.39990234375,3.2600000000000002,-0.21607412422640626,-68839000.0,fcff,exit,8.0,51421533.0,,,216618000.0,83229000.0,103619000.0,fcf_dcf,0.11991499858856203,0.10383199887084964,,13.757122133191098,16.59527303354396,13.757122133191098,10.918971232838235,-80.99842446213093,
CNSP,Healthcare,5.3248,-19.86,-0.3,,fcff,exit,8.0,1461449.0,,,-16669463.0,-19752647.0,,fcf_dcf,0.10896999858856202,0.09854949880027772,,,,,,,no_intrinsic
CNTX,Healthcare,0.31769999861717224,-0.42999999999999994,0.3,-40560624.0,fcff,exit,8.0,91879177.0,,,-48706951.0,-42745379.0,,fcf_dcf,0.14735999858856202,0.13118099880027773,,-3.6986080995075867,-4.01462783089829,-3.6986080995075867,-3.3825883681168833,-1264.182598554053,pe<0
CNVS,Communication Services,1.909999966621399,-0.5900000000000001,-0.3,-18194000.0,fcff,exit,8.0,23771387.0,,,-3312000.0,21747000.0,0.0,fcf_dcf,0.147139998588562,0.1256119988708496,,-4.4712073865609305,-4.556339437185446,-4.4712073865609305,-4.386075335936414,-334.0946316596044,pe<0
CNXC,Technology,25.249900817871094,-21.32,0.054235179264290334,513532000.0,fcff,exit,8.0,60948000.0,,,-297293000.0,4329308000.0,,fcf_dcf,0.08091999858856201,0.08,,-64.74890163116287,-68.41418288797371,-64.74890163116287,-61.08362037435205,-356.43230085615073,pe<0
COCH,Healthcare,0.667,-0.8200000000000001,-0.3,,fcff,exit,8.0,77194595.0,,,-22627000.0,-18869000.0,,fcf_dcf,0.16011999858856202,0.1420269988002777,,,,,,,no_intrinsic
COF,Financial Services,195.1300048828125,16.16,-0.3,29701000000.0,fcff,exit,8.0,613484836.0,,,,-10037000000.0,,fcf_dcf,0.110179998588562,0.09604399887084962,,,,,,,no_intrinsic
COGT,Healthcare,30.770000457763672,-2.265459,-0.1960127958961737,-309240000.0,fcff,exit,8.0,173524982.0,,,-367189000.0,63089000.0,,fcf_dcf,0.08,0.08,,-20.61491006283496,-22.204956235427183,-20.61491006283496,-19.024863890242738,-166.9967817879364,pe<0
COHU,Technology,72.25,-0.83,-0.3,34918000.0,fcff,exit,8.0,47338433.0,,,21319000.0,107336000.0,,fcf_dcf,0.13613999858856202,0.12164399880027771,,2.7718775030510256,3.0519552636740856,2.7718775030510256,2.491799742427965,-96.1634913452581,pe<0
COIN,Financial Services,188.8699951171875,-3.84,0.3,,fcff,exit,8.0,263836923.0,,,-901225000.0,-1945775000.0,,fcf_dcf,0.240474998588562,0.2002799988708496,,,,,,,no_intrinsic
COLB,Financial Services,28.735000610351562,2.5100000000000002,-0.15109026239405732,1264000000.0,fcff,exit,8.0,282902268.0,,,,2933000000.0,,fcf_dcf,0.09092999858856202,0.08064399887084962,,,,,,,no_intrinsic
COLD,Real Estate,14.050000190734863,-1.59,0.3,-206634000.0,fcff,exit,8.0,285480551.0,,,69202000.0,4579440000.0,36546000.0,fcf_dcf,0.104679998588562,0.08186699908256531,,-17.76806491020263,-17.587483262434525,-17.76806491020263,-17.948646557970726,-226.4630937294905,pe<0
COLL,Healthcare,22.145000457763672,1.24,0.3,328279000.0,fcff,exit,8.0,32555613.0,,,387723000.0,967058000.0,,fcf_dcf,0.09312999858856201,0.0850854988002777,,82.2650837798549,91.0063983278488,82.2650837798549,73.52376923186098,271.48377547679894,
COO,Healthcare,56.59000015258789,2.9300000000000006,-0.3,678000000.0,fcff,exit,8.0,190155294.0,,,935600000.0,2389500000.0,200000.0,fcf_dcf,0.098354998588562,0.0895267488002777,,30.430658236671228,33.96894612678767,30.430658236671224,26.892370346554785,-46.226085607671415,
COOK,Consumer Cyclical,55.0,-38.31,0.07357822325431052,61099000.0,fcff,exit,8.0,2798224.0,,,-31784000.0,364659000.0,,fcf_dcf,0.1591799997329712,0.1292599997997284,,-103.6618450456207,-110.49084655439583,-103.6618450456207,-96.83284353684556,-288.4760819011285,pe<0
COP,Energy,126.46499633789062,7.56,-0.3,10064000000.0,fcff,exit,8.0,1218294007.0,,,27787000000.0,16716000000.0,,fcf_dcf,0.08,0.08,,158.2956617986594,175.43411546060113,158.29566179865938,141.1572081367177,25.169546026572643,
COR,Healthcare,310.44500732421875,13.46,-0.3,4060102000.0,fcff,exit,8.0,190827165.0,,,5186821000.0,8907950000.0,188133000.0,fcf_dcf,0.08498499973297119,0.08,,205.63749284865136,226.0616029786884,205.63749284865136,185.21338271861438,-33.7604123122875,
CORT,Healthcare,117.79000091552734,0.42000000000000004,0.3,106864000.0,fcff,exit,8.0,108098397.0,,,8825000.0,-101618000.0,,fcf_dcf,0.08,0.08,,5.608432616892512,5.669777386768558,5.608432616892512,5.547087847016464,-95.2386173925624,
COSM,Healthcare,0.33640000224113464,-0.43000000000000005,0.3,-9951222.0,fcff,exit,8.0,100633773.0,,,-19297397.0,14175170.0,,fcf_dcf,0.2847449997329712,0.2479582497730255,,-0.9814905494869656,-1.051435368850819,-0.9814905494869656,-0.9115457301231121,-391.76294380147596,pe<0
COST,Consumer Defensive,915.7249755859375,19.88,-0.0008275576261296269,8806000000.0,fcff,exit,8.0,443266000.0,,,14463000000.0,-10810000000.0,0.0,fcf_dcf,0.10087999973297118,0.08860399978637695,,294.9541006830115,318.51789351596307,294.9541006830115,271.3903078500601,-67.79009980651868,
COTY,Consumer Defensive,2.7200000286102295,-0.7,-0.12989767938060648,348200000.0,fcff,exit,8.0,880686464.0,,,72200000.0,3119800000.0,247000000.0,fcf_dcf,0.1024199997329712,0.08983599978637696,,-1.724162228686063,-1.6652899308171494,-1.724162228686063,-1.7830345265549763,-163.38831656435735,pe<0
CPAY,Technology,401.739990234375,16.43,-0.057511057805826216,1638406000.0,fcff,exit,8.0,65659599.0,,,2551576000.0,7459992000.0,360068000.0,fcf_dcf,0.1021999997329712,0.09279499977302552,,203.08455541127532,230.61528022744238,203.08455541127532,175.55383059510817,-49.44875781651813,
CPB,Consumer Defensive,19.604999542236328,1.31,0.3,671000000.0,fcff,exit,8.0,298234693.0,,,1535000000.0,6608000000.0,2000000.0,fcf_dcf,0.08,0.08,,18.28421970272457,22.15173730148048,18.28421970272457,14.416702103968666,-6.73695419714913,
CPBI,Financial Services,20.07229995727539,1.19,-0.3,5610000.0,fcff,exit,8.0,3888043.0,,,,-25942000.0,,fcf_dcf,0.08,0.08,,,,,,,no_intrinsic
CPNG,Consumer Cyclical,13.885000228881836,-0.43,0.3,99000000.0,fcff,exit,8.0,1797511702.0,,,32000000.0,-477000000.0,0.0,fcf_dcf,0.11715999973297118,0.0977449997997284,,0.5861198702961388,0.5984501171930601,0.5861198702961388,0.5737896233992174,-95.77875505484712,pe<0
CPRT,Industrials,27.010000228881836,1.55,0.10601226805682429,1339233000.0,fcff,exit,8.0,926330452.0,,,1919218000.0,-3261026000.0,17181000.0,fcf_dcf,0.1112199997329712,0.09328999979972841,,21.116158623281045,22.58063492189008,21.116158623281045,19.651682324672013,-21.82096096133497,
CPT,Real Estate,96.24500274658203,3.02,0.3,370482000.0,fcff,exit,8.0,115732578.0,,,1156484000.0,4209824000.0,75965000.0,fcf_dcf,0.09735999973297119,0.08,,36.56580003634747,44.07452302553161,36.565800036347476,29.05707704716333,-62.00758585603964,
CR,Industrials,208.5449981689453,5.719999999999999,0.028107916495210716,361500000.0,fcff,exit,8.0,57800356.0,,,508500000.0,859500000.0,2300000.0,fcf_dcf,0.11204499973297119,0.09390874979972838,,60.17319557271163,66.37411120009305,60.17319557271163,53.97227994533021,-71.14618135124753,
CRBU,Healthcare,1.1799999475479126,-1.08,-0.3,-96386000.0,fcff,exit,8.0,107207513.0,,,-106885000.0,461000.0,,fcf_dcf,0.1800249997329712,0.15894624977302552,,-7.3308640896423,-7.8573368752364114,-7.3308640896423,-6.804391304048187,-721.2596962293203,pe<0
CRCT,Technology,6.394999980926514,0.43000000000000005,-0.3,147654000.0,fcff,exit,8.0,209444416.0,,,141507000.0,-256530000.0,,fcf_dcf,0.08,0.08,,8.265420867645734,8.773102228755409,8.265420867645735,7.75773950653606,29.248176580107383,
CRD-A,Financial Services,12.699999809265137,0.38,-0.3,72912000.0,fcff,exit,8.0,48605522.0,,,89139000.0,201254000.0,-1886000.0,fcf_dcf,0.0869649997329712,0.08,,13.26176751043689,14.639815137013514,13.26176751043689,11.883719883860268,4.423367792194155,
CRD-B,Financial Services,12.220000267028809,0.38,-0.3,72912000.0,fcff,exit,8.0,48605522.0,,,89139000.0,201254000.0,-1886000.0,fcf_dcf,0.0869649997329712,0.08,,13.26176751043689,14.639815137013514,13.26176751043689,11.883719883860268,8.525100005266845,
CRDF,Healthcare,1.1050000190734863,-0.7,-0.2939332561728393,,fcff,exit,8.0,77795249.0,,,-41328000.0,-8740000.0,,fcf_dcf,0.13101999973297118,0.1172919997730255,,,,,,,no_intrinsic
CREG,Utilities,0.1431,-15.1,-0.3,,fcff,exit,8.0,2745912.0,,,-1943284.0,-158731248.0,,fcf_dcf,0.1801349997329712,0.13091274982643128,,,,,,,no_intrinsic
CRL,Healthcare,299.29998779296875,-4.85,0.3,370605000.0,fcff,exit,8.0,47738872.0,,,220471000.0,2835668000.0,48891000.0,fcf_dcf,0.1302499997329712,0.11663749977302551,,-7.098798076287264,-4.161695360336736,-7.098798076287262,-10.035900792237799,-102.37180032269085,pe<0
CRM,Technology,232.1300048828125,10.969999999999999,-0.3,15154000000.0,fcff,exit,8.0,823000000.0,,,16588000000.0,33433000000.0,,fcf_dcf,0.1221099997329712,0.10971849977302552,,137.1623603775116,150.38538844770986,137.1623603775116,123.93933230731335,-40.91140417338291,
CRNC,Technology,7.980000019073486,-0.36,-0.3,78639000.0,fcff,exit,8.0,45230257.0,,,39319000.0,59445000.0,,fcf_dcf,0.22061499973297122,0.19344774977302553,,7.419000279093107,7.815421794619084,7.419000279093107,7.022578763567132,-7.0300719127756786,pe<0
CROX,Consumer Cyclical,118.18000030517578,11.57,0.3,704620000.0,fcff,exit,8.0,47945075.0,,,924336000.0,1518926000.0,,fcf_dcf,0.1386649997329712,0.11387374979972839,,124.49393379791894,136.90779479528055,124.49393379791896,112.08007280055732,5.342641289929525,
CRS,Industrials,389.0849914550781,10.52,-0.3,362300000.0,fcff,exit,8.0,49558566.0,,,847100000.0,306200000.0,,fcf_dcf,0.12392499973297119,0.10281874979972838,,115.47069733430077,127.03970484334522,115.47069733430075,103.90168982525628,-70.32250025824179,
CRVO,Healthcare,3.134999990463257,-3.1799999999999997,0.09978726655948678,,fcff,exit,8.0,15119096.0,,,-31164793.0,-22462577.0,,fcf_dcf,0.08,0.08,,,,,,,no_intrinsic
CRWD,Technology,270.7799987792969,0.039999999999999994,0.3,1522603000.0,fcff,exit,8.0,1023934842.0,,,436857000.0,-4193668000.0,37801000.0,fcf_dcf,0.1188649997329712,0.10696024977302551,,12.181836035624293,12.465241165444537,12.181836035624292,11.898430905804046,-95.50120537316596,
CRWS,Consumer Cyclical,2.440000057220459,0.47,-0.3,7600000.0,fcff,exit,8.0,10760287.0,,,10348000.0,19194000.0,,fcf_dcf,0.09092499973297119,0.08,,6.9819831935164824,7.704610962232851,6.9819831935164824,6.259355424800112,186.14684548286655,
CRWV,Technology,88.7300033569336,-3.6500000000000004,0.3,-13655000000.0,fcff,exit,8.0,551536602.0,,,3941538000.0,46084000000.0,,fcf_dcf,0.1080299997329712,0.09775049977302552,,-143.801549775944,-138.85190513296726,-143.801549775944,-148.75119441892082,-262.06643112304914,pe<0
CSCO,Technology,112.30999755859375,3.34,-0.2843758050119548,12767000000.0,fcff,exit,8.0,3942586873.0,,,20019000000.0,22315000000.0,,fcf_dcf,0.10687499973297118,0.0967687497730255,,35.692638455026874,39.22517471807831,35.692638455026874,32.16010219197544,-68.2195358998156,
CSGP,Real Estate,27.450000762939453,0.19,-0.3,227000000.0,fcff,exit,8.0,405197588.0,,,394000000.0,-64000000.0,13000000.0,fcf_dcf,0.09680999973297119,0.08,,8.338516758698983,9.069170229600758,8.338516758698983,7.607863287797208,-69.62289061224033,
CSL,Industrials,329.2550048828125,17.43,0.09226263019943914,866600000.0,fcff,exit,8.0,39714133.0,,,1249500000.0,2219600000.0,,fcf_dcf,0.0988449997329712,0.08400874979972839,,221.00373392868863,244.21121980415683,221.00373392868863,197.79624805322044,-32.877638714300595,
CSTL,Healthcare,35.70000076293945,-0.66,0.3,-489000.0,fcff,exit,8.0,30549507.0,,,-3236000.0,-25466000.0,,fcf_dcf,0.1050049997329712,0.09517924977302551,,0.17477312483941487,0.10054318095348752,0.1747731248394149,0.24900306872534214,-99.51043943668246,pe<0
CSV,Consumer Cyclical,32.064998626708984,2.79,-0.25003210200001436,-21602000.0,fcff,exit,8.0,15882296.0,,,117466000.0,546723000.0,,fcf_dcf,0.0963699997329712,0.08215249979972838,,3.88146946931674,9.38393610934832,3.88146946931674,-1.6209971707148396,-87.89499567892194,
CSX,Industrials,47.189998626708984,1.727151,-0.21894478887938562,2796000000.0,fcff,exit,8.0,1852474917.0,,,6702000000.0,18350000000.0,6000000.0,fcf_dcf,0.1191949997329712,0.0992712497997284,,16.061442360780802,18.54989052114726,16.061442360780802,13.572994200414342,-65.96430848020789,
CTAS,Industrials,194.00379943847656,4.91,-0.1207760129552472,1881175000.0,fcff,exit,8.0,399517000.0,,,3124465000.0,2416939000.0,,fcf_dcf,0.10346499973297119,0.08747374979972838,,58.87623117898933,64.55360311666607,58.87623117898933,53.19885924131259,-69.65202158442241,
CTBI,Financial Services,75.80500030517578,5.97,-0.1772975252081186,130308000.0,fcff,exit,8.0,18167954.0,,,,-434644000.0,,fcf_dcf,0.08404999973297118,0.08,,,,,,,no_intrinsic
CTEV,Healthcare,23.187299728393555,-17.01,-0.04346143169493799,-17924000.0,fcff,exit,8.0,16947463.0,,,478600000.0,4677390000.0,6725000.0,fcf_dcf,0.1044549997329712,0.09471174977302552,,-122.03209420575153,-102.19993677621443,-122.03209420575153,-141.8642516352886,-626.2885098100471,pe<0
CTKB,Healthcare,6.010000228881836,-0.6200000000000001,0.3,-12171000.0,fcff,exit,8.0,129983253.0,,,-28603000.0,-47386000.0,0.0,fcf_dcf,0.11682999973297119,0.10523049977302551,,-1.1843795926224674,-1.3316992627373152,-1.1843795926224674,-1.0370599225076191,-119.70681443456155,pe<0
CTO,Real Estate,20.3700008392334,1.36,0.14264492078761992,,fcff,exit,8.0,37485454.0,,,102869000.0,641451000.0,,fcf_dcf,0.08784499973297119,0.08,,,,,,,no_intrinsic
CTOS,Industrials,9.720000267028809,0.09,0.3,-226324000.0,fcff,exit,8.0,227505535.0,,,437982000.0,2537864000.0,,fcf_dcf,0.13167999973297118,0.10863499979972838,,-4.902563933868876,-3.633386832249951,-4.902563933868877,-6.171741035487801,-150.43789916857156,
CTRE,Real Estate,36.20000076293945,1.5899999999999999,-0.07023541379031195,431350000.0,fcff,exit,8.0,236293199.0,,,528054000.0,1157480000.0,21861000.0,fcf_dcf,0.0955999997329712,0.08,,16.157087963999828,17.836314142783543,16.157087963999828,14.47786178521611,-55.367161261109686,
CTRN,Consumer Cyclical,48.01499938964844,0.8200000000000002,-0.3,6496000.0,fcff,exit,8.0,8339447.0,,,27966000.0,168957000.0,,fcf_dcf,0.15296499973297117,0.12459874979972838,,-0.859970132030624,1.1983170870861268,-0.8599701320306233,-2.918257351147377,-101.79104476301634,
CTS,Technology,61.650001525878906,2.38,-0.13281999937500055,91407000.0,fcff,exit,8.0,28556195.0,,,131093000.0,-17648000.0,,fcf_dcf,0.10758999973297119,0.09737649977302551,,39.01873106656326,42.203674652327784,39.01873106656327,35.83378748079875,-36.70927801975103,
CTSH,Technology,58.689998626708984,4.65,-0.2774203138922978,2598000000.0,fcff,exit,8.0,450444209.0,,,4102000000.0,1056000000.0,,fcf_dcf,0.09983499973297119,0.09078474977302552,,73.43185455499531,79.94304232376172,73.4318545549953,66.9206667862289,25.11817391929111,
CTVA,Basic Materials,12.2475004196167,1.51,-0.3,2046000000.0,fcff,exit,8.0,667196000.0,,,3146000000.0,1392000000.0,243000000.0,fcf_dcf,0.1080299997329712,0.09089749979972839,,37.09687152421722,40.46653407323657,37.09687152421722,33.72720897519787,202.89340888529003,
CTXR,Healthcare,0.5249999761581421,-2.4699999999999998,-0.3,,fcff,exit,8.0,27452570.0,,,-57316621.0,-9830405.0,9295324.0,fcf_dcf,0.1080299997329712,0.09775049977302552,,,,,,,no_intrinsic
CUBI,Financial Services,74.88999938964844,8.2,-0.08005588395217522,229048000.0,fcff,exit,8.0,33783799.0,,,,-1848670000.0,,fcf_dcf,0.13728999973297118,0.11773199978637695,,,,,,,no_intrinsic
CURI,Communication Services,2.890000104904175,0.08,-0.3,,fcff,exit,8.0,59338028.0,,,15381000.0,-1701000.0,,fcf_dcf,0.1492249997329712,0.12727999978637697,,,,,,,no_intrinsic
CURV,Consumer Cyclical,2.4800000190734863,-0.09,-0.3,-13273000.0,fcff,exit,8.0,99719435.0,,,76345000.0,395485000.0,,fcf_dcf,0.09108999973297119,0.08,,0.07382183380851556,0.6491065970596208,0.07382183380851569,-0.5014629294425901,-97.0233131757759,pe<0
CVBF,Financial Services,22.149999618530273,1.4499999999999997,0.16390383073955017,572497000.0,fcff,exit,8.0,175997435.0,,,,-566135000.0,,fcf_dcf,0.0897699997329712,0.08,,,,,,,no_intrinsic
CVGI,Consumer Cyclical,2.950000047683716,-0.52,-0.3,-390000.0,fcff,exit,8.0,40632682.0,,,13973000.0,63440000.0,,fcf_dcf,0.12876499973297117,0.10644874979972838,,0.232523208794196,0.46148262893101044,0.23252320879419597,0.003563788657381676,-92.11785745641703,pe<0
CVLG,Industrials,32.935001373291016,0.10999999999999999,0.3,-37856000.0,fcff,exit,8.0,25377778.0,,,109092000.0,321819000.0,,fcf_dcf,0.1299749997329712,0.10735624979972838,,4.253563450427842,7.103947395411998,4.253563450427842,1.403179505443689,-87.08497563969343,
CVLT,Technology,151.98019409179688,1.5700000000000003,0.029018674233613373,258450000.0,fcff,exit,8.0,41444564.0,,,114163000.0,-12182000.0,,fcf_dcf,0.0965899997329712,0.08802649977302551,,42.04796712588116,44.042592276893735,42.04796712588116,40.05334197486857,-72.33325870048307,
CVNA,Consumer Cyclical,64.43000030517578,1.8079999999999998,-0.3,929000000.0,fcff,exit,8.0,719916415.0,,,142000000.0,2991000000.0,1110000000.0,fcf_dcf,0.2481699997329712,0.19600249979972842,,-0.880137619105406,-0.7911464955191905,-0.8801376191054062,-0.9691287426916214,-101.36603696249666,
CVS,Healthcare,87.06999969482422,3.7799999999999994,-0.3,11758000000.0,fcff,exit,8.0,1278970369.0,,,13411000000.0,64977000000.0,197000000.0,fcf_dcf,0.08580999973297118,0.08,,50.92543155864851,58.80464310677164,50.92543155864851,43.04622001052539,-41.51208023757956,
CVX,Energy,204.3249969482422,10.430000000000001,-0.3,27012000000.0,fcff,exit,8.0,1961603274.0,,,55951000000.0,28548000000.0,5675000000.0,fcf_dcf,0.08179499973297119,0.08,,212.20781623685033,233.64060860224825,212.20781623685033,190.7750238714524,3.857980866924938,
CWD,Financial Services,0.5677000284194946,-3.79,-0.3,,fcff,exit,8.0,10384653.0,,,-16140000.0,120610000.0,36160000.0,fcf_dcf,0.08,0.08,,,,,,,no_intrinsic
CXAI,Technology,2.1600000858306885,-23.5,-0.07076773444436812,-10868000.0,fcff,exit,8.0,2337407.0,,,-18294000.0,-1185000.0,,fcf_dcf,0.10670999973297118,0.0966284997730255,,-61.88652723663775,-67.33503471559436,-61.88652723663775,-56.43801975768112,-2965.116887846676,pe<0
CXM,Technology,5.269999980926514,0.09999999999999999,0.3,110382000.0,fcff,exit,8.0,232171340.0,,,65525000.0,-190063000.0,,fcf_dcf,0.09537999973297119,0.08699799977302551,,4.4333894512816805,4.638720939955773,4.4333894512816805,4.228057962607587,-15.874962669311993,
CXT,Industrials,48.869998931884766,2.42,0.3,224000000.0,fcff,exit,8.0,57561304.0,,,374800000.0,1235700000.0,19500000.0,fcf_dcf,0.11248499973297119,0.09423874979972838,,30.691998269616608,35.27457099692778,30.691998269616604,26.10942554230543,-37.19664632611256,
CXW,Industrials,34.439998626708984,1.25,-0.2067175277709965,57315000.0,fcff,exit,8.0,98893489.0,,,383496000.0,1238086000.0,,fcf_dcf,0.0842699997329712,0.08,,13.241005763122766,16.154909635481733,13.241005763122766,10.327101890763803,-61.553407981688856,
CYH,Healthcare,2.734999895095825,1.85,0.3,-185000000.0,fcff,exit,8.0,141009357.0,,,1760000000.0,10056000000.0,546000000.0,fcf_dcf,0.1569249997329712,0.1393112497730255,,-22.52091209293168,-15.342082145283227,-22.52091209293168,-29.699742040580134,-923.4337461333843,
CYN,Technology,0.6991000175476074,-4.94,-0.3,-25813851.0,fcff,exit,8.0,15348281.0,,,-27454923.0,4594434.0,,fcf_dcf,0.08,0.08,,-18.15980786123662,-19.50394187015409,-18.15980786123662,-16.81567385231915,-2697.5979695923793,pe<0
CYRX,Industrials,17.760000228881836,-0.8999999999999999,0.3,-21348000.0,fcff,exit,8.0,50649100.0,,,-3129000.0,-37249000.0,,fcf_dcf,0.1607749997329712,0.13045624979972842,,-1.1246339350726355,-1.1615798046860761,-1.1246339350726355,-1.087688065459195,-106.33239820145792,pe<0
CZNC,Financial Services,25.63,1.48,-0.3,44769000.0,fcff,exit,8.0,17934867.0,,,,87115000.0,,fcf_dcf,0.08,0.08,,,,,,,no_intrinsic
CZR,Consumer Cyclical,29.709999084472656,-2.28,0.022661990388580966,606000000.0,fcff,exit,8.0,203780124.0,,,3270000000.0,23891000000.0,177000000.0,fcf_dcf,0.15483499973297118,0.12600124979972838,,-28.643019702927248,-18.855054279664472,-28.643019702927255,-38.430985126190016,-196.40868591576955,pe<0
D,Utilities,60.92499923706055,2.8650510000000002,0.3,-6342000000.0,fcff,exit,8.0,879525949.0,,,8710000000.0,53128000000.0,4689000000.0,fcf_dcf,0.0870749997329712,0.08,,-36.67733049629396,-29.235983110863195,-36.67733049629396,-44.118677881724736,-160.20078942238743,
DAC,Industrials,166.6750030517578,30.25,-0.24604050668734312,196663000.0,fcff,exit,8.0,18203567.0,,,749192000.0,202452000.0,,fcf_dcf,0.10060499973297118,0.08532874979972838,,275.28104040062505,305.4549063408613,275.28104040062505,245.10717446038873,65.16036319803855,
DAIO,Technology,2.967099905014038,-0.93,0.3,-7600000.0,fcff,exit,8.0,10395627.0,,,-7321000.0,-2881000.0,,fcf_dcf,0.1315149997329712,0.11771274977302552,,-6.090057445967936,-6.535785072087985,-6.090057445967937,-5.644329819847887,-305.25286107409056,pe<0
DAL,Industrials,84.31999969482422,6.030024,0.3,3410000000.0,fcff,exit,8.0,657623030.0,,,5709000000.0,15319000000.0,,fcf_dcf,0.1265099997329712,0.1047574997997284,,43.836217093970596,49.66058896055011,43.836217093970596,38.0118452273911,-48.01207631330035,
DAN,Consumer Cyclical,28.225000381469727,10.67,-0.3,117000000.0,fcff,exit,8.0,107576679.0,,,569000000.0,1172000000.0,63000000.0,fcf_dcf,0.16489999973297118,0.13354999979972837,,17.48823955263066,20.608505318021507,17.488239552630656,14.367973787239812,-38.03989613367008,
DAR,Consumer Defensive,62.689998626708984,3.7100000000000004,-0.3,881242000.0,fcff,exit,8.0,157802916.0,,,1490031000.0,4010457000.0,60523000.0,fcf_dcf,0.11061499973297119,0.09639199978637696,,49.44565624960254,56.02604951385404,49.44565624960254,42.86526298535105,-21.126723029570634,
DASH,Consumer Cyclical,191.72999572753906,1.91,0.3,2139000000.0,fcff,exit,8.0,433295654.0,,,1763000000.0,-1119000000.0,11000000.0,fcf_dcf,0.1571449997329712,0.1277337497997284,,40.707719471387755,43.170558056661505,40.707719471387755,38.244880886114004,-78.76820509127008,
DAVE,Technology,358.42999267578125,15.42,0.3,319193000.0,fcff,exit,8.0,12755507.0,,,222389000.0,58854000.0,,fcf_dcf,0.2692349997329712,0.23477474977302554,,122.16598971532254,128.87220877877328,122.16598971532254,115.45977065187182,-65.91635962065594,
DB,Financial Services,34.93000030517578,3.2758830000000003,-0.19314463634554135,,fcff,exit,8.0,1879000000.0,,,,-4241000000.0,1575000000.0,fcf_dcf,0.1100099997329712,0.09590799978637697,,,,,,,no_intrinsic
DBD,Technology,64.40499877929688,3.0600000000000005,0.3,212000000.0,fcff,exit,8.0,33946588.0,,,378300000.0,660500000.0,7300000.0,fcf_dcf,0.1183149997329712,0.10649274977302552,,64.29627916758113,71.71447352455208,64.29627916758113,56.878084810610204,-0.1688061699811568,
DBGI,Consumer Cyclical,4.75,-135.53,-0.3,,fcff,exit,8.0,933509.0,,,-42373679.0,20236065.0,,fcf_dcf,0.08,0.08,,,,,,,no_intrinsic
DBI,Consumer Cyclical,5.889999866485596,0.278512,0.3,119916000.0,fcff,exit,8.0,51123404.0,,,161078000.0,1157425000.0,6232000.0,fcf_dcf,0.1216699997329712,0.1011274997997284,,3.8068096578417903,5.955774347743196,3.806809657841789,1.6578449679403866,-35.36825561741123,
DD,Basic Materials,130.44500732421875,0.44999999999999984,-0.3,441000000.0,fcff,exit,8.0,135042975.0,,,934000000.0,1385000000.0,112000000.0,fcf_dcf,0.11237499973297119,0.09415624979972839,,41.163552538866824,46.032992452521235,41.163552538866824,36.294112625212406,-68.44375006507106,
DDOG,Technology,278.3414001464844,0.5,-0.3,1072769000.0,fcff,exit,8.0,359075024.0,,,281700000.0,842844000.0,,fcf_dcf,0.1361899997329712,0.12168649977302551,,12.88938005303913,13.377183700310788,12.889380053039131,12.401576405767472,-95.36921922277615,
DDS,Consumer Cyclical,656.1950073242188,43.650000000000006,-0.3,635077000.0,fcff,exit,8.0,15619451.0,,,959469000.0,-306242000.0,,fcf_dcf,0.11660999973297119,0.09733249979972838,,524.7617202385397,567.3877448717362,524.7617202385397,482.13569560534324,-20.029607909031114,
DE,Industrials,687.9439697265625,18.0,-0.26144861826735666,3229000000.0,fcff,exit,8.0,269625412.0,,,11687000000.0,55252000000.0,51000000.0,fcf_dcf,0.1009899997329712,0.08561749979972841,,98.63933399854646,130.37582482292487,98.63933399854648,66.90284317416803,-85.66171979997837,
DECK,Consumer Cyclical,79.43000030517578,7.050000000000001,0.22773766315482513,1117808000.0,fcff,exit,8.0,136181857.0,,,1390224000.0,-1130255000.0,,fcf_dcf,0.1146849997329712,0.09588874979972839,,98.6078161290896,105.73854700129107,98.6078161290896,91.47708525688815,24.144297809683078,
DEI,Real Estate,9.729999542236328,-0.15000000000000002,-0.3,64401000.0,fcff,exit,8.0,167485267.0,,,601639000.0,5378403000.0,1676599000.0,fcf_dcf,0.1197449997329712,0.09165924982643128,,-20.082454996454793,-17.524312486102538,-20.082454996454793,-22.640597506807048,-306.39728613840276,pe<0
DELL,Technology,555.02001953125,17.23,-0.3,8560000000.0,fcff,exit,8.0,635812750.0,,,18411000000.0,22897000000.0,0.0,fcf_dcf,0.13233999973297117,0.1184139997730255,,161.6443539228902,179.91424804676717,161.6443539228902,143.37445979901318,-70.87594172559591,
DFIN,Technology,47.130001068115234,1.45,-0.3,152300000.0,fcff,exit,8.0,24585383.0,,,129800000.0,186400000.0,,fcf_dcf,0.09422499973297119,0.08601624977302551,,49.048832558989695,52.9073187945719,49.048832558989695,45.19034632340748,4.071358895369522,
DG,Consumer Defensive,118.83499908447266,7.69,-0.3,2010656000.0,fcff,exit,8.0,220616790.0,,,3516317000.0,14183510000.0,,fcf_dcf,0.08,0.08,,70.03589856827688,82.01244328705125,70.03589856827686,58.059353849502486,-41.06458610018369,
DGX,Healthcare,231.0749969482422,9.42,-0.13095926512941802,1349000000.0,fcff,exit,8.0,110373360.0,,,2253000000.0,5757000000.0,383000000.0,fcf_dcf,0.0827299997329712,0.08,,118.72688210787334,134.06524503245709,118.72688210787334,103.38851918328952,-48.619762555069244,
DHI,Consumer Cyclical,134.08749389648438,10.510000000000002,0.1715463628781213,3202200000.0,fcff,exit,8.0,279701267.0,,,3922600000.0,5104900000.0,587000000.0,fcf_dcf,0.1273349997329712,0.1053762497997284,,99.98054679946858,109.36328943199851,99.98054679946858,90.59780416693869,-25.436337204830135,
DHR,Healthcare,216.8000030517578,5.629999999999999,-0.3,5466000000.0,fcff,exit,8.0,702986054.0,,,7585000000.0,22210000000.0,11000000.0,fcf_dcf,0.09686499973297119,0.0882602497730255,,62.971850286446276,70.77636499112322,62.971850286446276,55.16733558176934,-70.95394400367574,
DIN,Consumer Cyclical,29.579999923706055,0.46999999999999986,0.3,6300000.0,fcff,exit,8.0,12659150.0,,,141748000.0,1591800000.0,,fcf_dcf,0.10764499973297119,0.09060874979972838,,-59.59822719971356,-51.58572125819789,-59.59822719971357,-67.61073314122925,-301.48149882836964,
DINO,Energy,113.70999908447266,10.48,-0.3,1324000000.0,fcff,exit,8.0,177783849.0,,,2694000000.0,2106000000.0,65000000.0,fcf_dcf,0.09202499973297118,0.08,,110.35110161361656,121.73752604957171,110.35110161361655,98.9646771776614,-2.9539156608037973,
DIOD,Technology,102.37000274658203,1.85,-0.020959971638126795,142510000.0,fcff,exit,8.0,46051705.0,,,259122000.0,-341442000.0,70008000.0,fcf_dcf,0.15769499973297119,0.1399657497730255,,42.93168277232803,46.1586935511895,42.93168277232803,39.70467199346657,-58.0622432153237,
DIS,Communication Services,102.29000091552734,4.85,0.3,8293000000.0,fcff,exit,8.0,1726686902.0,,,20074000000.0,40856000000.0,6810000000.0,fcf_dcf,0.1309649997329712,0.11267199978637697,,51.24547269063469,58.77183962650633,51.24547269063469,43.71910575476307,-49.90177707305527,
DKNG,Consumer Cyclical,19.399999618530273,-0.38,0.3,497373000.0,fcff,exit,8.0,496454048.0,,,109619000.0,932127000.0,,fcf_dcf,0.1414699997329712,0.1159774997997284,,3.104952053262812,3.245793489776189,3.1049520532628114,2.964110616749435,-83.99509219424385,pe<0
DLB,Industrials,58.94499969482422,2.35,-0.08214657220762012,344505000.0,fcff,exit,8.0,93668795.0,,,365138000.0,-621944000.0,9168000.0,fcf_dcf,0.0957099997329712,0.08165749979972839,,45.27008048946655,48.17687364326093,45.27008048946655,42.363287335672155,-23.199455893047396,
DLPN,Communication Services,1.0800000429153442,-0.51,-0.18072009976908388,,fcff,exit,8.0,13033831.0,,,861212.0,20174555.0,,fcf_dcf,0.1542299997329712,0.13128399978637695,,,,,,,no_intrinsic
DLR,Real Estate,177.8350067138672,1.6025,-0.3,,fcff,exit,8.0,370998727.0,,,3819492000.0,16788511000.0,2028261000.0,fcf_dcf,0.10865499828338623,0.08445074888420105,,,,,,,no_intrinsic
DLTR,Consumer Defensive,112.88500213623047,8.19,-0.3,1977100000.0,fcff,exit,8.0,187630299.0,,,2912500000.0,6612700000.0,,fcf_dcf,0.09242999828338623,0.08184399862670899,,101.58612038287927,113.15098680854672,101.58612038287927,90.02125395721183,-10.009196562458865,
DNOW,Industrials,15.805000305175781,-1.0699999999999998,0.3,136000000.0,fcff,exit,8.0,180785891.0,,,-111000000.0,517000000.0,5000000.0,fcf_dcf,0.10221999828338624,0.08653999871253967,,-3.3443151742895902,-3.791957053864799,-3.3443151742895902,-2.8966732947143816,-121.15985517060955,pe<0
DNUT,Consumer Defensive,2.8698999881744385,-0.56,-0.3,37342000.0,fcff,exit,8.0,173500000.0,,,98280000.0,1241387000.0,1724000.0,fcf_dcf,0.12179999828338624,0.105339998626709,,-3.281469895774861,-2.9024281029942385,-3.2814698957748614,-3.660511688555484,-214.3409146414968,pe<0
DOC,Real Estate,19.329999923706055,0.35,-0.3,,fcff,exit,8.0,689527260.0,,,1886442000.0,8693553000.0,1653690000.0,fcf_dcf,0.10738999828338623,0.08362849888420106,,,,,,,no_intrinsic
DOCN,Technology,139.7050018310547,2.19,0.3,-3811000.0,fcff,exit,8.0,117579550.0,,,378084000.0,762891000.0,,fcf_dcf,0.14660499828338625,0.1305392485408783,,8.770101783519294,10.692437092854126,8.770101783519296,6.847766474184465,-93.72241389458269,
DORM,Consumer Cyclical,123.07499694824219,7.220000000000001,-0.19985949223741017,214171000.0,fcff,exit,8.0,29675618.0,,,378260000.0,396271000.0,,fcf_dcf,0.10903999828338623,0.09165499871253968,,88.83789307658083,97.91535563511613,88.83789307658083,79.76043051804555,-27.818082243024055,
DOV,Industrials,188.53500366210938,8.299999999999999,-0.023053786574226298,1171676000.0,fcff,exit,8.0,134680225.0,,,1919336000.0,1504017000.0,,fcf_dcf,0.11497999828338623,0.09610999871253967,,103.6213707223923,113.56574216593117,103.6213707223923,93.67699927885343,-45.03865663688557,
DOW,Basic Materials,28.204999923706055,-1.8199999999999998,-0.3,1599000000.0,fcff,exit,8.0,722340711.0,,,2651000000.0,15692000000.0,1507000000.0,fcf_dcf,0.08,0.08,,7.606206227130301,10.363923357004582,7.606206227130299,4.848489097256021,-73.03241890549572,pe<0
DPZ,Consumer Cyclical,296.9949951171875,17.63,-0.05212079726577257,653470000.0,fcff,exit,8.0,33081735.0,,,1052394000.0,4958017000.0,,fcf_dcf,0.10535499828338624,0.08889124871253967,,115.20814508545499,138.15210665325552,115.208145085455,92.26418351765449,-61.2087250695937,
DRCT,Communication Services,0.91,-156.89999999999998,-0.3,,fcff,exit,8.0,760567.0,,,-20739000.0,17681000.0,-5360000.0,fcf_dcf,0.34504499828338625,0.28393599862670904,,,,,,,no_intrinsic
DRI,Consumer Cyclical,197.57000732421875,10.379999999999999,-0.3,1087900000.0,fcff,exit,8.0,113143224.0,,,2146000000.0,6105400000.0,,fcf_dcf,0.08703999828338624,0.08,,100.6891335247845,114.94137753635177,100.6891335247845,86.43688951321721,-49.036225240630586,
DRIO,Healthcare,6.539999961853027,0.18000000000000016,-0.3,-25481000.0,fcff,exit,8.0,9799481.0,,,-28557000.0,25779000.0,,fcf_dcf,0.11811499828338623,0.1063227485408783,,-28.417885561521967,-30.359223546776857,-28.41788556152197,-26.476547576267077,-534.5242465944926,
DRMA,Healthcare,1.1299999952316284,-4.53,-0.3,,fcff,exit,8.0,4955207.0,,,-8601013.0,-4412764.0,,fcf_dcf,0.08945999828338624,0.0819659985408783,,,,,,,no_intrinsic
DRUG,Healthcare,50.72999954223633,-3.04,-0.005767829233891519,,fcff,exit,8.0,9864061.0,,,-39246267.0,-307762926.0,,fcf_dcf,0.08,0.08,,,,,,,no_intrinsic
DRVN,Consumer Cyclical,11.569999694824219,1.04,0.3,133780000.0,fcff,exit,8.0,164979816.0,,,386938000.0,2036496000.0,0.0,fcf_dcf,0.10606999828338623,0.08942749871253966,,4.497426928088169,6.184833592423693,4.497426928088169,2.810020263752645,-61.128547565130276,
DSGR,Industrials,35.005001068115234,0.19,-0.0650184413580257,13259000.0,fcff,exit,8.0,46255422.0,,,149395000.0,778535000.0,,fcf_dcf,0.08206999973297119,0.08,,3.7954833221904143,6.2224035224624625,3.795483322190414,1.3685631219183676,-89.15731122303099,
DT,Technology,59.97999954223633,0.5,0.3,570556000.0,fcff,exit,8.0,289002128.0,,,298302000.0,-898507000.0,,fcf_dcf,0.09532499973297119,0.08695124977302551,,17.308046509756434,18.05916015581228,17.308046509756434,16.556932863700588,-71.14363680918575,
DTE,Utilities,125.46499633789062,5.65,0.3,-1490000000.0,fcff,exit,8.0,208088069.0,,,4316000000.0,26734000000.0,5000000.0,fcf_dcf,0.08,0.08,,-34.07485561391901,-18.48951359397533,-34.07485561391901,-49.66019763386271,-127.15885434862786,
DTI,Energy,2.2899999618530273,-0.09,-0.3,-10998000.0,fcff,exit,8.0,35282224.0,,,28781000.0,76890000.0,10000.0,fcf_dcf,0.08,0.08,,1.406840484051608,2.019800305273741,1.406840484051608,0.7938806628294743,-38.56591670363096,pe<0
DUK,Utilities,113.80999755859375,6.66,-0.10204005080462497,-4274000000.0,fcff,exit,8.0,779702193.0,,,17710000000.0,91533000000.0,2112000000.0,fcf_dcf,0.08,0.08,,-6.727425052245193,10.340152576638951,-6.72742505224519,-23.79500268112935,-105.9111020091022,
DUOL,Technology,144.72000122070312,8.39976,0.3,397504000.0,fcff,exit,8.0,46593117.0,,,172884000.0,-1094751000.0,,fcf_dcf,0.1107799997329712,0.10008799977302552,,78.03451885104758,80.57722843429184,78.03451885104758,75.49180926780332,-46.07896752844675,
DUOT,Technology,9.0649995803833,0.8400000000000001,0.3,-88187297.0,fcff,exit,8.0,31472499.0,,,48674605.0,-111355370.0,,fcf_dcf,0.12799499973297118,0.1147207497730255,,0.6562554524380178,1.6483239056939483,0.6562554524380178,-0.3358130008179126,-92.760557277265,
DVA,Healthcare,178.63499450683594,12.219999999999999,-0.3,1609804000.0,fcff,exit,8.0,63800000.0,,,2771832000.0,12737511000.0,1844534000.0,fcf_dcf,0.09677499828338623,0.08818374854087829,,127.26998797762735,158.70661236679004,127.26998797762737,95.83336358846461,-28.754168057056127,
DVN,Energy,47.66999816894531,4.21,-0.11561626478268772,1477000000.0,fcff,exit,8.0,1100000000.0,,,8804000000.0,10735000000.0,0.0,fcf_dcf,0.08252999828338624,0.08,,44.02777837579805,50.041861550557385,44.02777837579805,38.01369520103872,-7.640486538805852,
DX,Real Estate,11.010100364685059,2.63,-0.2783387751433518,,fcff,exit,8.0,248166917.0,,,,-607562000.0,,fcf_dcf,0.10612499828338623,0.08280624888420106,,,,,,,no_intrinsic
DXC,Technology,11.625,0.7,-0.3,819000000.0,fcff,exit,8.0,159778689.0,,,1716000000.0,2510000000.0,268000000.0,fcf_dcf,0.09666499828338623,0.0880902485408783,,66.01059537684341,73.78513529996506,66.01059537684341,58.23605545372177,467.83307851048096,upside>300%
DXCM,Healthcare,85.9800033569336,2.5300000000000002,-0.12154764053101774,1405000000.0,fcff,exit,8.0,377360765.0,,,1559100000.0,293400000.0,,fcf_dcf,0.13428499828338625,0.1200672485408783,,34.105866091651876,36.69346878673481,34.105866091651876,31.518263396568948,-60.332792788962465,
DXPE,Industrials,193.125,5.68,-0.15095204568729426,118659000.0,fcff,exit,8.0,15517148.0,,,235679000.0,672383000.0,,fcf_dcf,0.11008499828338622,0.09243874871253965,,74.15838119587492,84.93603830820965,74.15838119587492,63.38072408354021,-61.600838215728196,
DY,Industrials,274.7200012207031,10.99,-0.04529890008605697,468671000.0,fcff,exit,8.0,30160957.0,,,906846000.0,2708378000.0,,fcf_dcf,0.13554999828338624,0.11153749871253968,,127.20015296337635,146.76465011337925,127.20015296337635,107.63565581337348,-53.69825553357255,
E,Energy,54.279998779296875,3.3600000000000003,-0.3,3220000000.0,fcff,exit,8.0,1434007176.0,,,19873000000.0,28625000000.0,4929000000.0,fcf_dcf,0.08,0.08,,69.39777395611594,79.81121324246868,69.39777395611594,58.984334669763186,27.851465579960898,
EA,Communication Services,209.6999969482422,4.26,-0.3,2060000000.0,fcff,exit,8.0,252387410.0,,,1798000000.0,-740000000.0,,fcf_dcf,0.08838000160217285,0.08,,80.24853838570635,85.60162267545029,80.24853838570637,74.89545409596242,-61.731740794677656,
EAF,Industrials,8.975000381469727,-6.800000000000001,-0.3,-123444000.0,fcff,exit,8.0,26092164.0,,,-12051000.0,1053242000.0,,fcf_dcf,0.15520500160217285,0.12627875120162962,,-60.36115974416939,-60.642534021472215,-60.361159744169385,-60.07978546686657,-772.5477122964174,pe<0
EBAY,Consumer Cyclical,107.02999877929688,4.83,-0.20004084466332062,2428000000.0,fcff,exit,8.0,445000000.0,,,3198000000.0,4820000000.0,,fcf_dcf,0.12578000160217287,0.10421000120162965,,49.475279501512226,54.30877062508298,49.475279501512226,44.64178837794147,-53.77438095320022,
EBC,Financial Services,21.19499969482422,1.76,0.2717777137159545,385404000.0,fcff,exit,8.0,228511552.0,,,,108249000.0,,fcf_dcf,0.09168000160217285,0.08124400128173828,,,,,,,no_intrinsic
EBF,Industrials,22.489999771118164,1.69,0.1422829950127995,55314000.0,fcff,exit,8.0,25298272.0,,,70153000.0,-41028000.0,,fcf_dcf,0.08,0.08,,27.531232047037527,29.614942985110044,27.531232047037523,25.447521108965006,22.415439427408767,
EBMT,Financial Services,21.299999237060547,2.04,-0.1317191098010151,18721000.0,fcff,exit,8.0,7965431.0,,,,67650000.0,,fcf_dcf,0.08,0.08,,,,,,,no_intrinsic
ECG,Industrials,122.7699966430664,4.97,-0.3,250372000.0,fcff,exit,8.0,51041606.0,,,381843000.0,187480000.0,,fcf_dcf,0.10807000160217285,0.09092750120162965,,59.22776276483495,64.57318371385512,59.22776276483496,53.88234181581478,-51.75713579513247,
ECL,Basic Materials,274.885009765625,7.45,0.09123181728820473,1874500000.0,fcff,exit,8.0,280328603.0,,,3983500000.0,8783500000.0,28900000.0,fcf_dcf,0.10141500160217284,0.08593625120162962,,79.49152709260545,89.8805956375935,79.49152709260544,69.10245854761737,-71.08189815065498,
ECO,Industrials,88.18000030517578,10.72,-0.3,,fcff,exit,8.0,39044655.0,,,487142640.0,499902311.0,,fcf_dcf,0.08,0.08,,,,,,,no_intrinsic
ECOR,Healthcare,10.156399726867676,-1.7599999999999998,-0.11159263434139677,-9770000.0,fcff,exit,8.0,9015885.0,,,-12467000.0,1062000.0,,fcf_dcf,0.11104000160217285,0.10030900136184692,,-12.03199083048409,-12.978622709075408,-12.03199083048409,-11.085358951892776,-218.46708631066122,pe<0
ED,Utilities,103.05000305175781,6.09,-0.250092800499492,-862000000.0,fcff,exit,8.0,369828633.0,,,6476000000.0,26850000000.0,0.0,fcf_dcf,0.08,0.08,,22.81272562220742,35.97068039348555,22.812725622207417,9.654770850929307,-77.86246972671168,
EEFT,Technology,64.51000213623047,6.37,0.3,268900000.0,fcff,exit,8.0,37403595.0,,,686000000.0,622900000.0,15400000.0,fcf_dcf,0.09949000160217285,0.09049150136184692,,117.53073559405956,130.6618081836422,117.53073559405955,104.3996630044769,82.18994218270424,
EFSC,Financial Services,59.52000045776367,5.029999999999999,0.14153138180929048,203388000.0,fcff,exit,8.0,36192520.0,,,,-214236000.0,,fcf_dcf,0.09861000160217284,0.08678800128173829,,,,,,,no_intrinsic
EFX,Industrials,140.88499450683594,5.69,-0.0409082787652606,1105000000.0,fcff,exit,8.0,117484896.0,,,1910100000.0,5297000000.0,139700000.0,fcf_dcf,0.12682500160217286,0.10499375120162965,,78.12028312815404,89.01650194884807,78.12028312815404,67.22406430746003,-44.55031680157851,
EG,Financial Services,368.3599853515625,47.290000000000006,-0.1860616681755215,,fcff,exit,8.0,38342734.0,,,,2472000000.0,,fcf_dcf,0.08,0.08,,,,,,,no_intrinsic
EGP,Real Estate,196.08999633789062,5.699999999999999,-0.23880605706361036,,fcff,exit,8.0,53773317.0,,,559439000.0,1614299000.0,403000.0,fcf_dcf,0.10917000160217286,0.08478550104141236,,,,,,,no_intrinsic
EHC,Healthcare,120.00499725341797,6.14,-0.2381376670076396,413400000.0,fcff,exit,8.0,98653384.0,,,1500000000.0,2734600000.0,863400000.0,fcf_dcf,0.08596000160217285,0.08,,72.63820539898256,84.06334074191388,72.63820539898256,61.213070056051244,-39.4706828369902,
EIG,Financial Services,49.224998474121094,0.6900000000000003,-0.3,19700000.0,fcff,exit,8.0,17960506.0,,,,15300000.0,,fcf_dcf,0.08,0.08,,,,,,,no_intrinsic
EIX,Utilities,53.540000915527344,5.8,0.3,-389000000.0,fcff,exit,8.0,384813979.0,,,10123000000.0,43298000000.0,1564000000.0,fcf_dcf,0.08656500160217284,0.08,,37.283043646865345,57.05003071341893,37.28304364686535,17.516056580311755,-30.36413334081071,
EL,Consumer Defensive,93.87000274658203,0.49,-0.3,1316000000.0,fcff,exit,8.0,362322775.0,,,1647000000.0,5748000000.0,,fcf_dcf,0.12264500160217284,0.10601600128173828,,22.733208999017137,25.765645902827785,22.733208999017133,19.700772095206492,-75.78224317262536,
ELAN,Healthcare,22.34000015258789,-0.4100000000000001,-0.3,379000000.0,fcff,exit,8.0,499449583.0,,,775000000.0,3388000000.0,,fcf_dcf,0.14684500160217287,0.13074325136184695,,3.445697949893919,4.372508319762585,3.4456979498939186,2.518887580025254,-84.57610596974519,pe<0
ELDN,Healthcare,2.519200086593628,-0.9400000000000001,0.3,,fcff,exit,8.0,81261152.0,,,-84523000.0,-6336000.0,,fcf_dcf,0.09987500160217286,0.09081875136184693,,,,,,,no_intrinsic
ELF,Consumer Defensive,105.16999816894531,0.9800000000000002,-0.22222835644484207,280158000.0,fcff,exit,8.0,59007996.0,,,221874000.0,585059000.0,,fcf_dcf,0.14123500160217284,0.12088800128173828,,26.90369050797499,29.250000040957396,26.90369050797499,24.55738097499258,-74.41885425845797,
ELTX,Healthcare,1.9199999570846558,-2.3400000000000003,-0.3,,fcff,exit,8.0,26281882.0,,,-35120000.0,-9332000.0,,fcf_dcf,0.16180500160217287,0.14345925136184695,,,,,,,no_intrinsic
ELUT,Healthcare,0.7315999865531921,0.95,-0.3,-46027000.0,fcff,exit,8.0,44289230.0,,,-15539000.0,-15516000.0,,fcf_dcf,0.09916000160217285,0.09021100136184693,,-5.936237532018794,-6.187757804406754,-5.936237532018794,-5.684717259630833,-911.4048169938274,
ELV,Healthcare,387.3699951171875,22.5,-0.04296940868624799,6289000000.0,fcff,exit,8.0,216869290.0,,,,20812000000.0,139000000.0,fcf_dcf,0.09217500160217285,0.08427375136184692,,,,,,,no_intrinsic
EMBJ,Industrials,76.8499984741211,2.2567999999999997,-0.3,367800000.0,fcff,exit,8.0,177958285.0,,,842300000.0,1193500000.0,371800000.0,fcf_dcf,0.09063500160217286,0.08,,28.390581949273116,31.947146294180566,28.390581949273116,24.834017604365677,-63.057147022802454,
EME,Industrials,782.6400146484375,32.15,-0.23138521839188098,1171382000.0,fcff,exit,8.0,44109901.0,,,2155526000.0,-382483000.0,1037000.0,fcf_dcf,0.11461500160217286,0.09583625120162964,,389.4125670748017,423.55462741911157,389.41256707480164,355.2705067304917,-50.24371872300368,
EMN,Basic Materials,65.43000030517578,3.84,-0.3,498000000.0,fcff,exit,8.0,114326623.0,,,1189000000.0,4555000000.0,77000000.0,fcf_dcf,0.11225000160217286,0.09406250120162965,,35.822883157777305,43.14817064131618,35.822883157777305,28.497595674238426,-45.25006420496139,
EMPD,Consumer Cyclical,3.1500000953674316,-12.65,-0.3,-472672022.0,fcff,exit,8.0,29800000.0,,,-270243768.0,51969510.0,,fcf_dcf,0.08,0.08,,-123.28706962175497,-130.10137362951835,-123.28706962175497,-116.47276561399156,-4013.8751075934224,pe<0
EMR,Industrials,161.52999877929688,4.57,-0.15418056963623283,3460000000.0,fcff,exit,8.0,557800000.0,,,5342000000.0,11075000000.0,15000000.0,fcf_dcf,0.11945500160217284,0.09946625120162964,,57.67302617802729,64.25440239931316,57.67302617802729,51.09164995674141,-64.29577997036475,
ENGN,Healthcare,1.9049999713897705,-1.9099999999999997,-0.16979287616966043,-104701000.0,fcff,exit,8.0,67016316.0,,,-127069000.0,-7754000.0,,fcf_dcf,0.08,0.08,,-17.884542550004543,-19.309300678144364,-17.884542550004543,-16.459784421864715,-1038.8211453335134,pe<0
ENOV,Healthcare,18.21500015258789,-19.259999999999998,-0.3,63659000.0,fcff,exit,8.0,57669494.0,,,-738995000.0,1356485000.0,2098000.0,fcf_dcf,0.13463500160217287,0.12036475136184693,,-83.47573523938155,-91.49065233411343,-83.47573523938155,-75.46081814464966,-558.2801786445319,pe<0
ENPH,Technology,33.20500183105469,1.0,0.3,152627000.0,fcff,exit,8.0,132144648.0,,,248030000.0,52595000.0,,fcf_dcf,0.14288500160217285,0.1273772513618469,,13.025317444068476,14.163230702286631,13.025317444068476,11.887404185850317,-60.773025972591086,
ENS,Industrials,192.65499877929688,9.34,-0.3,717312000.0,fcff,exit,8.0,36065224.0,,,583701000.0,508269000.0,3647000.0,fcf_dcf,0.11824500160217286,0.09855875120162963,,155.19224356351822,166.3605217205167,155.19224356351822,144.02396540651972,-19.445514236926453,
ENTG,Technology,165.6750030517578,1.99,-0.3,575200000.0,fcff,exit,8.0,152800000.0,,,881900000.0,3206400000.0,,fcf_dcf,0.1300849997329712,0.1164972497730255,,22.86776732720703,26.540662716577984,22.867767327207027,19.194871937836076,-86.197213275401,
ENVA,Financial Services,174.52000427246094,13.49,-0.29251888370435963,1952781000.0,fcff,exit,8.0,24898371.0,,,505180000.0,4923229000.0,,fcf_dcf,0.1235949997329712,0.10677599978637696,,219.18306773355496,232.67199486509458,219.18306773355496,205.69414060201535,25.591944973463317,
EOG,Energy,141.8800048828125,12.850000000000001,-0.3,6614000000.0,fcff,exit,8.0,524529176.0,,,13905000000.0,3343000000.0,,fcf_dcf,0.08,0.08,,206.27031855763744,226.19004750230127,206.27031855763744,186.35058961297358,45.38364213337101,
EPAC,Industrials,35.66999816894531,1.77,-0.11403714816810206,112296000.0,fcff,exit,8.0,51137646.0,,,150295000.0,69113000.0,,fcf_dcf,0.0975799997329712,0.08305999979972839,,25.27230158723821,27.449720929855978,25.27230158723821,23.094882244620436,-29.149697548231018,
EPAM,Technology,107.79000091552734,7.380000000000001,-0.0927819813585612,482636000.0,fcff,exit,8.0,51586981.0,,,720483000.0,-637154000.0,582000.0,fcf_dcf,0.1292599997329712,0.11579599977302552,,119.68997235483508,128.6057757610141,119.68997235483509,110.7741689486561,11.03995856594665,
EPC,Consumer Defensive,26.360000610351562,-2.01,0.3,52400000.0,fcff,exit,8.0,46088915.0,,,86700000.0,882100000.0,,fcf_dcf,0.08,0.08,,-3.026319795230133,-1.6127908876182595,-3.026319795230133,-4.439848702842006,-111.4807273336773,pe<0
EPD,Energy,36.47999954223633,2.88,-0.22168831539920264,3460000000.0,fcff,exit,8.0,2159477169.0,,,10322000000.0,33773000000.0,816000000.0,fcf_dcf,0.08,0.08,,19.486988162809958,23.078665540550414,19.486988162809958,15.89531078506951,-46.581720374617774,
EPRT,Real Estate,25.670000076293945,1.2900000000000003,0.012480348289079402,,fcff,exit,8.0,216273004.0,,,558765000.0,2791077000.0,43560000.0,fcf_dcf,0.0994499997329712,0.08,,,,,,,no_intrinsic
EQBK,Financial Services,47.20000076293945,1.6700000000000002,-0.3,38970000.0,fcff,exit,8.0,20592490.0,,,,-62923000.0,,fcf_dcf,0.09752499973297118,0.08591999978637696,,,,,,,no_intrinsic
EQH,Financial Services,53.920101165771484,-3.3099999999999996,-0.3,1298000000.0,fcff,exit,8.0,272765787.0,,,,-10216000000.0,2008000000.0,fcf_dcf,0.11325499973297119,0.09850399978637696,,,,,,,no_intrinsic
EQIX,Real Estate,1019.4349975585938,15.530000000000001,-0.23942090468070376,-1464000000.0,fcff,exit,8.0,98671686.0,,,4459000000.0,22377000000.0,16000000.0,fcf_dcf,0.10637999973297119,0.08297199982643128,,-21.20200694903599,12.291424318810767,-21.202006949036,-54.69543821688273,-102.07978017233191,
EQT,Energy,50.334999084472656,4.31,0.032473686330304785,3758333000.0,fcff,exit,8.0,625516000.0,,,6933063000.0,5542851000.0,3604521000.0,fcf_dcf,0.0888899997329712,0.08,,77.39524558724571,85.72378422845705,77.39524558724571,69.06670694603439,53.760299980060196,
ERAS,Healthcare,14.510000228881836,-0.95,0.3,-252081000.0,fcff,exit,8.0,349762035.0,,,-147743000.0,2172000.0,,fcf_dcf,0.0871299997329712,0.08,,-5.591147039025218,-5.908553912803159,-5.591147039025218,-5.273740165247278,-138.53305961977975,pe<0
ERIE,Financial Services,218.27999877929688,11.04,0.05680425143512835,,fcff,exit,8.0,52289868.0,,,,-243294000.0,,fcf_dcf,0.08,0.08,,,,,,,no_intrinsic
ES,Utilities,64.66999816894531,3.8600000000000003,0.3,236707000.0,fcff,exit,8.0,376674754.0,,,5634717000.0,30069511000.0,155568000.0,fcf_dcf,0.0903749997329712,0.08,,12.33816833347821,23.578721311416555,12.338168333478208,1.0976153555398702,-80.92134114300467,
ESE,Technology,271.3349914550781,12.137943,0.3,196602000.0,fcff,exit,8.0,25907567.0,,,305677000.0,55871000.0,,fcf_dcf,0.1106699997329712,0.09999449977302552,,92.9790650849949,101.06787115537907,92.9790650849949,84.89025901461075,-65.73274070315092,
ESEA,Industrials,72.55999755859375,19.43,-0.1051883303085347,89324484.0,fcff,exit,8.0,7055381.0,,,174787123.0,49165123.0,5017134.0,fcf_dcf,0.09521499973297119,0.0812862497997284,,193.6777913647958,212.18267762161184,193.6777913647958,175.17290510797977,166.92089013426005,
ESLA,Healthcare,0.46000000834465027,-0.38,-0.3,,fcff,exit,8.0,43497864.0,,,-9790659.0,-146670.0,,fcf_dcf,0.10428999973297119,0.09457149977302551,,,,,,,no_intrinsic
ESOA,Industrials,10.989999771118164,0.6,0.3,-1364659.0,fcff,exit,8.0,18659181.0,,,32757314.0,34030850.0,,fcf_dcf,0.12414499973297119,0.10298374979972838,,7.383847642766297,8.571176422357265,7.383847642766297,6.196518863175328,-32.813031878570854,
ESQ,Financial Services,119.40499877929688,6.06,-4.440892098500626e-16,64315000.0,fcff,exit,8.0,8649400.0,,,,-242183000.0,,fcf_dcf,0.08,0.08,,,,,,,no_intrinsic
ESRT,Real Estate,4.15500020980835,0.030000000000000013,0.3,,fcff,exit,8.0,173132649.0,,,321676000.0,2141834000.0,750688000.0,fcf_dcf,0.1308549997329712,0.09888074982643129,,,,,,,no_intrinsic
ESS,Real Estate,269.1600036621094,6.43,0.3,990799000.0,fcff,exit,8.0,64268439.0,,,1314137000.0,6689926000.0,189816000.0,fcf_dcf,0.09235499973297119,0.08,,81.0194531710727,96.38418458852799,81.0194531710727,65.65472175361741,-69.89914843634024,
ETD,Consumer Cyclical,20.81999969482422,1.56,0.23376705716596602,41436000.0,fcff,exit,8.0,25204416.0,,,68648000.0,46745000.0,-85000.0,fcf_dcf,0.1110549997329712,0.0931662497997284,,20.268611343342155,22.194898522926973,20.268611343342155,18.342324163757333,-2.648359075716689,
ETN,Industrials,434.5400085449219,9.83,0.20354288078051974,3934000000.0,fcff,exit,8.0,388400000.0,,,6449000000.0,20843000000.0,45000000.0,fcf_dcf,0.11506999973297119,0.0961774997997284,,79.89607757916866,91.47877195646834,79.89607757916868,68.31338320186897,-81.61364293089962,
ETON,Healthcare,54.58000183105469,0.37999999999999995,-0.3,,fcff,exit,8.0,28583135.0,,,20852000.0,2141000.0,,fcf_dcf,0.1025299997329712,0.09307549977302551,,,,,,,no_intrinsic
ETR,Utilities,101.13030242919922,3.9000000000000004,0.3,-3150947000.0,fcff,exit,8.0,477777482.0,,,6243253000.0,30487390000.0,91402000.0,fcf_dcf,0.08,0.08,,-13.319864490671748,-3.5008627137597994,-13.31986449067175,-23.138866267583698,-113.17099244313734,
ETS,Industrials,1.6200000047683716,-0.176437,0.3,,fcff,exit,8.0,44550009.0,,,-4966093.0,-5180497.0,,fcf_dcf,0.1080299997329712,0.09089749979972839,,,,,,,no_intrinsic
ETSY,Consumer Cyclical,71.81500244140625,1.6600000000000001,0.3,613513000.0,fcff,exit,8.0,91781748.0,,,601219000.0,2174526000.0,,fcf_dcf,0.1552749997329712,0.1263312497997284,,33.29263141382885,37.28238949136362,33.29263141382885,29.302873336294084,-53.64111915056711,
EVER,Communication Services,19.489999771118164,3.08,-0.1569589941537407,95135000.0,fcff,exit,8.0,35239751.0,,,86500000.0,-190375000.0,,fcf_dcf,0.0900999997329712,0.08,,31.566224796191804,33.41066830274216,31.5662247961918,29.72178128964145,61.9611347711207,
EVGO,Consumer Cyclical,1.3700000047683716,-0.4,0.3,-193337000.0,fcff,exit,8.0,314515720.0,,,-34983000.0,293733000.0,330048000.0,fcf_dcf,0.21065999973297123,0.16786999979972841,,-4.520901147449896,-4.577426468748014,-4.520901147449896,-4.464375826151778,-429.9927833368331,pe<0
EVH,Healthcare,3.5250000953674316,-4.57,-0.14328326687920379,24338000.0,fcff,exit,8.0,113059335.0,,,-321730000.0,854731000.0,,fcf_dcf,0.10934999973297119,0.09887249977302551,,-22.38141302385251,-24.342286023253823,-22.38141302385251,-20.420540024451203,-734.9336856264556,pe<0
EVLV,Industrials,4.559999942779541,-0.030000000000000006,-0.3,-5542000.0,fcff,exit,8.0,179871410.0,,,25360000.0,-11128000.0,,fcf_dcf,0.14872999973297119,0.12142249979972838,,0.647052531496669,0.7348216308984926,0.647052531496669,0.5592834320948453,-85.81025132420815,pe<0
EVMN,Healthcare,6.900000095367432,-3.374761,0.3,,fcff,exit,8.0,36292113.0,,,-100355000.0,-51923000.0,,fcf_dcf,0.1080299997329712,0.09775049977302552,,,,,,,no_intrinsic
EVRG,Utilities,79.05999755859375,4.32,-0.23848522431198105,-1405800000.0,fcff,exit,8.0,230567172.0,,,2863800000.0,16476200000.0,52700000.0,fcf_dcf,0.08,0.08,,-22.78874022093446,-13.455610689018604,-22.78874022093446,-32.121869752850316,-128.8246153866183,
EW,Healthcare,86.9800033569336,1.74,0.10850247676359004,1433600000.0,fcff,exit,8.0,576400000.0,,,1652200000.0,-2202100000.0,106900000.0,fcf_dcf,0.10054999973297118,0.0913924997730255,,30.183290631559082,32.22707314924272,30.183290631559082,28.139508113875447,-65.29858649499232,
EWTX,Healthcare,40.790000915527344,-1.85,0.3,-158834000.0,fcff,exit,8.0,108604129.0,,,-216563000.0,-68729000.0,,fcf_dcf,0.08,0.08,,-17.53451310021302,-19.032886323746794,-17.53451310021302,-16.036139876679243,-142.98728292878815,pe<0
EXC,Utilities,40.720001220703125,2.728155,-0.0253955292543665,-1916000000.0,fcff,exit,8.0,1030253967.0,,,9336000000.0,50860000000.0,,fcf_dcf,0.08,0.08,,-2.7515690396193846,4.057670760782568,-2.751569039619385,-9.560808840021338,-106.75729115209461,
EXE,Energy,85.81400299072266,11.58,0.15293398848972073,2477000000.0,fcff,exit,8.0,231503789.0,,,6685000000.0,3065000000.0,,fcf_dcf,0.08,0.08,,205.56200772060873,227.26029173568432,205.56200772060873,183.86372370553315,139.54366485249733,
EXOZ,Healthcare,5.77,-1.1600000000000001,0.3,-7191702.0,fcff,exit,8.0,9304701.0,,,-10262264.0,-4567661.0,,fcf_dcf,0.1080299997329712,0.09775049977302552,,-8.737066808054136,-9.500943752462415,-8.737066808054136,-7.973189863645857,-251.42230169937844,pe<0
EXP,Basic Materials,170.10009765625,12.65,0.3,170513000.0,fcff,exit,8.0,30675325.0,,,736836000.0,1561868000.0,,fcf_dcf,0.1264549997329712,0.1047162497997284,,100.04959786889556,116.16825327813996,100.04959786889556,83.93094245965116,-41.181928025060465,
EXPD,Industrials,191.31500244140625,6.869999999999999,-0.3,923864000.0,fcff,exit,8.0,129990622.0,,,1238286000.0,-464163000.0,2371000.0,fcf_dcf,0.1115499997329712,0.09353749979972839,,86.33655953900497,93.06232002048084,86.33655953900497,79.6107990575291,-54.87203907835344,
EXPE,Consumer Cyclical,261.8175048828125,16.04,-0.19728064449830507,4459000000.0,fcff,exit,8.0,120022077.0,,,3693000000.0,-997000000.0,1262000000.0,fcf_dcf,0.1279399997329712,0.1058299997997284,,308.86899819566986,329.41262846252545,308.86899819566986,288.3253679288143,17.97110293825359,
EXPO,Industrials,67.88749694824219,2.23,-0.13771124923161027,108558000.0,fcff,exit,8.0,47546084.0,,,137843000.0,14092000.0,,fcf_dcf,0.09147499973297119,0.08,,26.779990247822287,28.95846256010753,26.779990247822287,24.60151793553704,-60.552397051493145,
EXR,Real Estate,132.7100067138672,3.2500020000000003,-0.3,1838919000.0,fcff,exit,8.0,211269558.0,,,2395280000.0,13801227000.0,880022000.0,fcf_dcf,0.11715999973297118,0.08997899982643127,,31.422386396879798,39.55873541899238,31.4223863968798,23.286037374767208,-76.32251917172393,
EZPW,Financial Services,30.264999389648438,1.98,-0.3,138325000.0,fcff,exit,8.0,61535978.0,,,282120000.0,499722000.0,3123000.0,fcf_dcf,0.09191499973297118,0.08143199978637695,,28.66929951187428,32.09153227893969,28.66929951187428,25.247066744808865,-5.272426598230619,
F,Consumer Cyclical,12.15999984741211,0.8899999999999999,0.3,7280000000.0,fcff,exit,8.0,3987595667.0,,,3512000000.0,144693000000.0,36000000.0,fcf_dcf,0.1596749997329712,0.1296312497997284,,-25.27525400010822,-24.74661310062052,-25.27525400010822,-25.80389489959592,-307.8557098459775,
FA,Industrials,18.360000610351562,0.14,-0.3,195444000.0,fcff,exit,8.0,171753691.0,,,425220000.0,1803161000.0,,fcf_dcf,0.11572999973297118,0.09667249979972839,,7.8885648714932355,9.61171730217009,7.8885648714932355,6.165412440816381,-57.03396182326061,
FANG,Energy,184.47000122070312,5.13,-0.3,3682000000.0,fcff,exit,8.0,280019792.0,,,7378000000.0,12152000000.0,6085000000.0,fcf_dcf,0.0825649997329712,0.08,,148.82674697191806,168.62523401017057,148.82674697191806,129.02825993366554,-19.321978648517955,
FAST,Industrials,50.3650016784668,1.18,-0.11694019229805175,1155800000.0,fcff,exit,8.0,1147497573.0,,,1959700000.0,236800000.0,,fcf_dcf,0.09097999973297119,0.08,,14.316296750145836,15.599572236677112,14.316296750145835,13.033021263614557,-71.57491060649231,
FBK,Financial Services,52.84000015258789,3.73,-0.3,199866000.0,fcff,exit,8.0,49978138.0,,,,-511043000.0,93000.0,fcf_dcf,0.10659999973297118,0.09317999978637696,,,,,,,no_intrinsic
FBLA,Financial Services,17.059999465942383,-0.010000000000000009,0.3,22751000.0,fcff,exit,8.0,14519878.0,,,,65977000.0,,fcf_dcf,0.1080299997329712,0.09432399978637697,,,,,,,no_intrinsic
FBNC,Financial Services,62.10499954223633,3.2199999999999998,-0.3,226976000.0,fcff,exit,8.0,41398823.0,,,,-552939000.0,,fcf_dcf,0.10007499828338623,0.08795999862670899,,,,,,,no_intrinsic
FBP,Financial Services,26.93000030517578,2.32,-0.23999911597509826,441047000.0,fcff,exit,8.0,152668268.0,,,,-360626000.0,,fcf_dcf,0.09875499828338623,0.08690399862670899,,,,,,,no_intrinsic
FBRT,Real Estate,6.255000114440918,0.5,0.3,,fcff,exit,8.0,83045416.0,,,27027000.0,4547784000.0,86861000.0,fcf_dcf,0.11563999828338622,0.08899099888420105,,,,,,,no_intrinsic
FBRX,Healthcare,76.98999786376953,-4.1708,-0.1686505204749752,,fcff,exit,8.0,21229087.0,,,-89921000.0,-49629000.0,,fcf_dcf,0.1985249982833862,0.1746712485408783,,,,,,,no_intrinsic
FBYD,Industrials,8.390000343322754,-0.1,0.3,-18066000.0,fcff,exit,8.0,48464498.0,,,-2736000.0,15522000.0,14847000.0,fcf_dcf,0.08,0.08,,-2.541258093409439,-2.5836784637591004,-2.541258093409439,-2.4988377230597774,-130.28912979046441,pe<0
FC,Consumer Defensive,17.125,0.17,0.3,9996000.0,fcff,exit,8.0,11293873.0,,,15201000.0,-11137000.0,,fcf_dcf,0.09578499828338624,0.084527998626709,,12.605020599973024,13.59545627704446,12.605020599973026,11.614584922901589,-26.39404029212833,
FCAP,Financial Services,62.5,5.529999999999999,-0.15785708703689638,21709000.0,fcff,exit,8.0,3345531.0,,,,-151037000.0,105000.0,fcf_dcf,0.09325499828338624,0.082503998626709,,,,,,,no_intrinsic
FCF,Financial Services,20.415000915527344,1.63,-0.20725621375258763,178403000.0,fcff,exit,8.0,101055925.0,,,,83395000.0,,fcf_dcf,0.09435499828338623,0.08338399862670899,,,,,,,no_intrinsic
FCNCA,Financial Services,2080.9599609375,187.04000000000002,-0.2071754518286013,1608000000.0,fcff,exit,8.0,11293120.0,,,,9695000000.0,,fcf_dcf,0.08500499828338623,0.08,,,,,,,no_intrinsic
FCUV,Technology,4.659999847412109,-23.0,-0.3,-11258304.0,fcff,exit,8.0,982012.0,,,-4631441.0,9516002.0,,fcf_dcf,0.08,0.08,,-86.48922447903227,-90.03312418375516,-86.48922447903226,-82.94532477430938,-1955.9920023830755,pe<0
FDS,Financial Services,265.3599853515625,15.18,0.12975953073003632,708307000.0,fcff,exit,8.0,35565543.0,,,955994000.0,1282528000.0,,fcf_dcf,0.09517999828338623,0.084043998626709,,205.7902815620365,225.61431557852197,205.7902815620365,185.966247545551,-22.448638482778403,
FDX,Industrials,287.2550048828125,18.51,-0.030368652973966737,5116000000.0,fcff,exit,8.0,236670435.0,,,11132000000.0,29632000000.0,,fcf_dcf,0.12608999828338624,0.10444249871253969,,213.29073660759445,244.8927314758586,213.29073660759445,181.68874173933037,-25.74864389408715,
FE,Utilities,43.43000030517578,0.605,0.05296881712168178,-1964000000.0,fcff,exit,8.0,578639932.0,,,4559000000.0,28920000000.0,1491000000.0,fcf_dcf,0.08,0.08,,-19.536984945266568,-13.616690967972882,-19.536984945266568,-25.45727892256025,-144.98499840659278,
FEMY,Healthcare,2.049999952316284,-6.53,-0.3,-18189660.0,fcff,exit,8.0,8375027.0,,,-9642589.0,3346743.0,,fcf_dcf,0.08,0.08,,-16.49893689653405,-17.364083130477105,-16.49893689653405,-15.633790662590997,-904.8262087953705,pe<0
FENC,Healthcare,10.069999694824219,-0.13,-0.3,,fcff,exit,8.0,35067159.0,,,-2096000.0,-41249000.0,,fcf_dcf,0.12069999828338623,0.10851999854087829,,,,,,,no_intrinsic
FERG,Industrials,221.57000732421875,10.450000000000001,0.15228203208950997,1265000000.0,fcff,exit,8.0,193452717.0,,,3570000000.0,6450000000.0,,fcf_dcf,0.1146849997329712,0.09588874979972839,,96.27912837036112,109.16939493444731,96.27912837036112,83.38886180627493,-56.54685869578102,
FFAI,Consumer Cyclical,1.1749999523162842,-457.199998,-0.3,-137957000.0,fcff,exit,8.0,6126999.0,,,-286902000.0,155830000.0,28702000.0,fcf_dcf,0.3713699997329712,0.28840249979972843,,-205.573102095722,-220.13536378400127,-205.573102095722,-191.01084040744269,-17595.58386708651,pe<0
FFIN,Financial Services,31.899999618530273,1.87,-0.16029131764019056,325286000.0,fcff,exit,8.0,143327507.0,,,,-550678000.0,,fcf_dcf,0.0988999997329712,0.08701999978637696,,,,,,,no_intrinsic
FFIV,Technology,456.7699890136719,12.56,-0.007568556350011635,969595000.0,fcff,exit,8.0,56627182.0,,,923304000.0,-1353402000.0,,fcf_dcf,0.10956999973297119,0.0990594997730255,,182.52210533373724,193.7478356250885,182.52210533373724,171.296375042386,-60.04069669115803,
FG,Financial Services,22.475000381469727,2.2700000000000005,-0.3,4325000000.0,fcff,exit,8.0,130935209.0,,,,147000000.0,85000000.0,fcf_dcf,0.12232999973297119,0.10576399978637696,,,,,,,no_intrinsic
FGBI,Financial Services,8.289999961853027,-2.5799999999999996,-0.3,38498000.0,fcff,exit,8.0,16539094.0,,,,-602231000.0,,fcf_dcf,0.08,0.08,,,,,,,no_intrinsic
FHI,Financial Services,56.119998931884766,5.38,-0.10843866414488657,303862000.0,fcff,exit,8.0,74660281.0,,,576088000.0,-63374000.0,58520000.0,fcf_dcf,0.08817499973297119,0.08,,63.64837115317532,69.44641226054308,63.64837115317532,57.85033004580757,13.414776130748077,
FHTX,Healthcare,2.0399999618530273,-0.92,-0.3,,fcff,exit,8.0,59385315.0,,,-66353000.0,-24978000.0,,fcf_dcf,0.2185799997329712,0.1917179997730255,,,,,,,no_intrinsic
FIBK,Financial Services,35.72999954223633,3.25,-0.13473427812910466,243300000.0,fcff,exit,8.0,95304607.0,,,,-870300000.0,,fcf_dcf,0.09185999973297118,0.08138799978637695,,,,,,,no_intrinsic
FICO,Technology,670.47998046875,34.62,-0.3,960878000.0,fcff,exit,8.0,21597635.0,,,1267566000.0,5349566000.0,,fcf_dcf,0.1267849997329712,0.11369224977302551,,227.10080494867458,264.92234911017175,227.10080494867458,189.27926078717746,-66.12862254441923,
FIG,Technology,21.760000228881836,-3.64,-0.3,221293000.0,fcff,exit,8.0,533009867.0,,,-1566184000.0,-378094000.0,,fcf_dcf,0.1080299997329712,0.09775049977302552,,-13.89731062462361,-15.932431342781598,-13.89731062462361,-11.862189906465622,-163.8663165369725,pe<0
FIP,Industrials,2.6549999713897705,-5.1899999999999995,0.3,-318872000.0,fcff,exit,8.0,118181737.0,,,75536000.0,2833548000.0,-188947000.0,fcf_dcf,0.1592349997329712,0.1293012497997284,,-29.34760767040164,-28.96340937895251,-29.34760767040164,-29.731805961850775,-1205.3712989322376,pe<0
FIS,Technology,32.869998931884766,6.51,-0.3,1921000000.0,fcff,exit,8.0,515705917.0,,,4200000000.0,20512000000.0,3000000.0,fcf_dcf,0.09856999973297119,0.0897094997730255,,22.375717381845988,28.227583074880766,22.375717381845988,16.523851688811213,-31.92662577137795,
FITB,Financial Services,51.29499816894531,2.93,0.3,2896000000.0,fcff,exit,8.0,906892564.0,,,,17327000000.0,,fcf_dcf,0.10725999973297119,0.09370799978637696,,,,,,,no_intrinsic
FIVE,Consumer Cyclical,222.38999938964844,11.14,-0.3,599250000.0,fcff,exit,8.0,55054035.0,,,983975000.0,1477555000.0,,fcf_dcf,0.10489499973297119,0.08854624979972839,,121.41607690029788,134.32712023841358,121.41607690029788,108.50503356218218,-45.403985236060294,
FIVN,Technology,35.09000015258789,0.69,-0.1607196584756354,170246000.0,fcff,exit,8.0,74723531.0,,,150335000.0,617731000.0,,fcf_dcf,0.1375649997329712,0.12285524977302552,,10.307131686334364,11.55160247143864,10.307131686334362,9.062660901230087,-70.62658409371875,
FIX,Industrials,1721.3399658203125,40.66,-0.3,2159806000.0,fcff,exit,8.0,35194329.0,,,2000175000.0,-1526761000.0,,fcf_dcf,0.1442749997329712,0.1180812497997284,,565.6045101350294,601.5156625279783,565.6045101350294,529.6933577420805,-67.14161517388067,
FIZZ,Consumer Defensive,29.954999923706055,2.03,-4.440892098500626e-16,161897000.0,fcff,exit,8.0,93615302.0,,,241406000.0,-48327000.0,,fcf_dcf,0.0996149997329712,0.08759199978637697,,22.646442494790723,24.51743502950069,22.646442494790723,20.775449960080756,-24.398455842196217,
FKWL,Technology,2.39,-0.08,0.3,-4033917.0,fcff,exit,8.0,11784280.0,,,-1528391.0,-8187432.0,2902433.0,fcf_dcf,0.08,0.08,,-1.7777533478109961,-1.8752104513934664,-1.7777533478109961,-1.6802962442285263,-174.38298526405842,pe<0
FLG,Financial Services,11.670000076293945,0.030000000000000013,3.552713678800501e-15,68000000.0,fcff,exit,8.0,415092836.0,,,,5829000000.0,,fcf_dcf,0.1108899997329712,0.09661199978637697,,,,,,,no_intrinsic
FLNT,Communication Services,2.98,-0.77,-0.3,-10621000.0,fcff,exit,8.0,31607086.0,,,-12389000.0,27719000.0,,fcf_dcf,0.09152999973297118,0.08112399978637695,,-4.6368043365934986,-4.929809390945121,-4.6368043365934986,-4.343799282241877,-255.59746095951334,pe<0
FLOC,Energy,18.969999313354492,1.24,-0.06720233895721839,207267000.0,fcff,exit,8.0,43972689.0,,,333574000.0,322952000.0,993935000.0,fcf_dcf,0.1080299997329712,0.08747099981307983,,33.63624041875337,39.143323219373414,33.63624041875337,28.129157618133327,77.31281832505992,
FLR,Industrials,50.42499923706055,12.4,0.3,-330000000.0,fcff,exit,8.0,133741067.0,,,-40000000.0,-1851000000.0,99000000.0,fcf_dcf,0.12344999828338624,0.10246249871253968,,1.647967149958422,1.4452096446460485,1.6479671499584223,1.850724655270796,-96.73184496798719,
FLWS,Consumer Cyclical,2.549999952316284,-2.11,0.3,-12972000.0,fcff,exit,8.0,64185096.0,,,-64193000.0,237569000.0,,fcf_dcf,0.13021499828338623,0.10753624871253967,,-9.796982595945837,-10.459602672227021,-9.796982595945837,-9.134362519664654,-484.19540310370513,pe<0
FLYW,Technology,17.8700008392334,0.26,0.3,153674000.0,fcff,exit,8.0,121667674.0,,,72323000.0,-280919000.0,,fcf_dcf,0.12729999828338623,0.1141299985408783,,10.25132943001881,10.633645669731406,10.25132943001881,9.869013190306214,-42.6338615076496,
FMAO,Financial Services,35.32500076293945,2.91,-0.3,41544000.0,fcff,exit,8.0,13773162.0,,,,47041000.0,,fcf_dcf,0.09732499828338623,0.085759998626709,,,,,,,no_intrinsic
FMC,Basic Materials,8.899999618530273,-22.0,0.17535895102910604,84800000.0,fcff,exit,8.0,155546005.0,,,-1859600000.0,3804000000.0,24300000.0,fcf_dcf,0.08,0.08,,-94.17569576771079,-103.15913754828374,-94.17569576771079,-85.19225398713786,-1158.1539303848056,pe<0
FNB,Financial Services,17.40999984741211,1.68,-0.08535844173452645,622000000.0,fcff,exit,8.0,353000972.0,,,,1658000000.0,,fcf_dcf,0.10177999828338624,0.089323998626709,,,,,,,no_intrinsic
FNKO,Consumer Cyclical,5.90500020980835,-0.039999999999999994,-0.3,27244000.0,fcff,exit,8.0,55995766.0,,,85659000.0,220647000.0,318000.0,fcf_dcf,0.10562999828338623,0.08909749871253966,,6.8790071898120075,7.981269266507091,6.8790071898120075,5.776745113116923,16.494613808578848,pe<0
FNV,Basic Materials,237.75999450683594,7.65,-0.3,891400000.0,fcff,exit,8.0,192855530.0,,,2221000000.0,-1014200000.0,,fcf_dcf,0.10485999828338623,0.08851999871253968,,90.91640386181787,99.23663245623608,90.91640386181788,82.59617526739967,-61.76126936308292,
FNWB,Financial Services,9.989999771118164,0.16,0.3,,fcff,exit,8.0,9511615.0,,,,230858000.0,,fcf_dcf,0.0872949997329712,0.08,,,,,,,no_intrinsic
FNWD,Financial Services,42.20000076293945,2.27,0.26041437043454807,16550000.0,fcff,exit,8.0,4330893.0,,,,-28654000.0,,fcf_dcf,0.08,0.08,,,,,,,no_intrinsic
FOR,Real Estate,25.532499313354492,3.33,0.3,282100000.0,fcff,exit,8.0,51017627.0,,,216800000.0,415300000.0,1200000.0,fcf_dcf,0.1301399997329712,0.09841599982643127,,37.57098895396638,40.50529650203606,37.57098895396638,34.636681405896695,47.14967184710854,
FORM,Technology,146.6999969482422,1.46,-0.3,136121000.0,fcff,exit,8.0,78120725.0,,,177702000.0,-79849000.0,,fcf_dcf,0.11803999973297119,0.10625899977302551,,20.022667844147602,21.53847106381975,20.022667844147602,18.506864624475458,-86.35128271256075,
FOSL,Consumer Cyclical,6.945000171661377,-1.28,-0.3,-41214000.0,fcff,exit,8.0,59138052.0,,,-1871000.0,262993000.0,-15893000.0,fcf_dcf,0.1390499997329712,0.1141624997997284,,-7.035652198048498,-7.055997537794367,-7.035652198048498,-7.0153068583026315,-201.3052847249309,pe<0
FOUR,Technology,37.93000030517578,0.56,0.3,289000000.0,fcff,exit,8.0,78960120.0,,,938000000.0,4211000000.0,123000000.0,fcf_dcf,0.1292599997329712,0.11579599977302552,,19.872713594357023,27.456252113772862,19.87271359435702,12.28917507494119,-47.606872042009265,
FOX,Communication Services,55.505001068115234,3.83,0.3,1468000000.0,fcff,exit,8.0,421673622.0,,,3089000000.0,3363000000.0,186000000.0,fcf_dcf,0.0867449997329712,0.08,,50.33194559737148,55.83651758003112,50.33194559737147,44.82737361471183,-9.319980850726276,
FOXA,Communication Services,61.869998931884766,3.83,0.3,1468000000.0,fcff,exit,8.0,421673622.0,,,3089000000.0,3363000000.0,186000000.0,fcf_dcf,0.0867449997329712,0.08,,50.33194559737148,55.83651758003112,50.33194559737147,44.82737361471183,-18.648866225480308,
FPI,Real Estate,11.265000343322754,0.22000000000000003,0.3,,fcff,exit,8.0,43630722.0,,,40107000.0,212895000.0,3108000.0,fcf_dcf,0.09158499973297118,0.08,,,,,,,no_intrinsic
FRD,Basic Materials,41.39500045776367,3.84,-0.3,-7188000.0,fcff,exit,8.0,7212791.0,,,45479000.0,95053000.0,,fcf_dcf,0.14388999973297117,0.11779249979972839,,14.918523015253566,18.90787596423381,14.918523015253564,10.929170066273318,-63.960568063103906,
FRHC,Financial Services,174.60000610351562,3.01,-0.17346432272600787,-923529000.0,fcff,exit,8.0,63787666.0,,,817798000.0,1436835000.0,0.0,fcf_dcf,0.09119999973297119,0.08085999978637695,,-6.804784010541402,2.7906134109803387,-6.804784010541401,-16.40018143206315,-103.89735611263784,
FRMI,Real Estate,3.992500066757202,-0.9356519999999999,0.3,-1240138000.0,fcff,exit,8.0,640467348.0,,,-365095000.0,513852000.0,,fcf_dcf,0.1080299997329712,0.08404449982643128,,-12.260495970987199,-12.680907095195428,-12.260495970987199,-11.84008484677897,-407.0881844955221,pe<0
FRPT,Consumer Defensive,60.78499984741211,3.8,0.3,61046000.0,fcff,exit,8.0,48058074.0,,,269537000.0,142848000.0,,fcf_dcf,0.1508199997329712,0.12855599978637697,,28.824795371561677,32.20729157227392,28.824795371561677,25.442299170849434,-52.57909773147943,
FRT,Real Estate,106.4000015258789,4.949999999999999,0.1570747958252421,329221000.0,fcff,exit,8.0,86889133.0,,,1033897000.0,4744575000.0,253161000.0,fcf_dcf,0.1044549997329712,0.0817207498264313,,29.3820356764572,38.25230625157449,29.3820356764572,20.51176510133991,-72.3853052113812,
FSBW,Financial Services,44.540000915527344,4.34,0.022704866826112502,98122000.0,fcff,exit,8.0,7862148.0,,,,351237000.0,,fcf_dcf,0.0898249997329712,0.08,,,,,,,no_intrinsic
FSLR,Technology,175.04750061035156,16.22,-0.2847035159307071,1500119000.0,fcff,exit,8.0,107469788.0,,,2440196000.0,-1494269000.0,,fcf_dcf,0.1516999997329712,0.13486999977302555,,171.69195791317077,185.00902536448865,171.69195791317074,158.37489046185289,-1.9169326528403812,
FSS,Industrials,115.875,4.8100000000000005,-0.3,339200000.0,fcff,exit,8.0,61041611.0,,,483500000.0,423000000.0,,fcf_dcf,0.12078999973297119,0.10046749979972838,,58.67094562310379,64.08952257262932,58.67094562310379,53.25236867357827,-49.3670372184649,
FTAI,Industrials,168.0,5.09,-0.07813707417370697,-891158000.0,fcff,exit,8.0,102707091.0,,,1090696000.0,3116125000.0,0.0,fcf_dcf,0.13937999973297122,0.1144099997997284,,-9.294440070980626,-2.4729516184563103,-9.294440070980627,-16.115928523504934,-105.53240480415514,
FTCI,Technology,2.069999933242798,-6.250000000000001,0.0354551528925906,-28598000.0,fcff,exit,8.0,16521396.0,,,-37754000.0,14194000.0,,fcf_dcf,0.1503249997329712,0.1337012497730255,,-18.01038911537045,-19.357563952659962,-18.010389115370447,-16.663214278080936,-970.067135082267,pe<0
FTEK,Industrials,1.6649999618530273,-0.11,0.3,-1184000.0,fcff,exit,8.0,31216789.0,,,-3831000.0,-7087000.0,,fcf_dcf,0.1233199997329712,0.1023649997997284,,-0.5899798928848398,-0.6732133057145595,-0.5899798928848398,-0.50674648005512,-135.43422861272825,pe<0
FTFT,Technology,3.4100000858306885,8.680000000000003,-0.3,,fcff,exit,8.0,8077492.0,,,-4554891.0,1243224.0,0.0,fcf_dcf,0.1466399997329712,0.13056899977302552,,,,,,,no_intrinsic
FTLF,Consumer Defensive,9.11,0.6399999999999999,0.024022953690286508,9993000.0,fcff,exit,8.0,9391072.0,,,11858000.0,37319000.0,,fcf_dcf,0.08,0.08,,8.113324300757483,9.062132342930324,8.113324300757483,7.164516258584642,-10.940457730433767,
FTNT,Technology,182.40499877929688,2.8400000000000003,-0.3,3117000000.0,fcff,exit,8.0,733713653.0,,,2799500000.0,-2438000000.0,,fcf_dcf,0.11006499973297118,0.0994802497730255,,41.35344173916667,43.97535045919624,41.35344173916667,38.73153301913711,-77.3287782594145,
FTV,Technology,57.68000030517578,1.6899999999999997,-0.2628098845804604,,fcff,exit,8.0,302017052.0,,,1240200000.0,3135100000.0,8800000.0,fcf_dcf,0.10725999973297119,0.09709599977302551,,,,,,,no_intrinsic
FUBO,Communication Services,8.59000015258789,-1.28,-0.3,-435614000.0,fcff,exit,8.0,30204277.0,,,50584000.0,172457000.0,1825516000.0,fcf_dcf,0.18634999973297117,0.15697999978637694,,-109.21290549370032,-108.3210051621691,-109.21290549370032,-110.10480582523152,-1371.3958504505729,pe<0
FUL,Basic Materials,50.52000045776367,3.37,-0.04755381686910776,140772000.0,fcff,exit,8.0,53829119.0,,,558727000.0,1958049000.0,0.0,fcf_dcf,0.10731499973297119,0.0903612497997284,,33.86359703680992,41.299456991872596,33.86359703680992,26.427737081747242,-32.96991937852224,
FULC,Healthcare,3.7200000286102295,-1.2100000000000002,0.08300204858785976,-66142000.0,fcff,exit,8.0,76297257.0,,,-85396000.0,-43188000.0,,fcf_dcf,0.1975149997329712,0.17381274977302552,,-6.770801316069743,-7.325344472976385,-6.770801316069744,-6.216258159163106,-282.0107866665602,pe<0
FUN,Consumer Cyclical,11.505000114440918,-17.292469,-0.3,150144000.0,fcff,exit,8.0,102316312.0,,,-903465000.0,5022736000.0,239651000.0,fcf_dcf,0.08,0.08,,-98.31219797287547,-104.94731422719563,-98.31219797287547,-91.6770817185553,-954.517140329928,pe<0
FUNC,Financial Services,43.62,3.8600000000000003,0.05987675636491541,25989000.0,fcff,exit,8.0,6453836.0,,,,-53250000.0,,fcf_dcf,0.0812449997329712,0.08,,,,,,,no_intrinsic
FUSB,Financial Services,16.5,1.32,-0.3,8737000.0,fcff,exit,8.0,5504709.0,,,,-22955000.0,,fcf_dcf,0.08,0.08,,,,,,,no_intrinsic
FWONK,Communication Services,94.70999908447266,1.81,0.3,802000000.0,fcff,exit,8.0,250708485.0,,,1119000000.0,3459000000.0,759000000.0,fcf_dcf,0.0905399997329712,0.08033199978637696,,23.4715742352961,26.820270145256785,23.4715742352961,20.12287832533541,-75.21742744991306,
G,Technology,33.439998626708984,3.37,-0.11594706469695137,548674000.0,fcff,exit,8.0,168034407.0,,,936141000.0,897229000.0,,fcf_dcf,0.08481999973297119,0.08,,41.94898726109521,46.13523696733222,41.94898726109521,37.762737554858205,25.44554121958002,
GABC,Financial Services,48.91999816894531,3.7899999999999996,-0.12342699508405364,182400000.0,fcff,exit,8.0,37578808.0,,,,58769000.0,,fcf_dcf,0.08613999973297119,0.08,,,,,,,no_intrinsic
GANX,Healthcare,1.7450000047683716,-0.5800000000000001,-0.3,,fcff,exit,8.0,43643619.0,,,-19187466.0,-12474270.0,,fcf_dcf,0.08,0.08,,,,,,,no_intrinsic
GAP,Consumer Cyclical,22.954999923706055,3.35,-0.3,957000000.0,fcff,exit,8.0,351270137.0,,,2308000000.0,3617000000.0,,fcf_dcf,0.16484499973297118,0.13350874979972838,,30.75399635619643,34.63077539604998,30.753996356196435,26.877217316342897,33.97515338014097,
GASS,Industrials,9.260000228881836,1.5899999999999999,0.10683530863743051,,fcff,exit,8.0,37628686.0,,,79807369.0,-98269201.0,,fcf_dcf,0.08,0.08,,,,,,,no_intrinsic
GBFH,Financial Services,18.059999465942383,1.31,0.1292908944795117,31049000.0,fcff,exit,8.0,14516457.0,,,,-105619000.0,,fcf_dcf,0.08,0.08,,,,,,,no_intrinsic
GBX,Industrials,40.258399963378906,4.07,0.3,-112400000.0,fcff,exit,8.0,30939686.0,,,326100000.0,1605700000.0,155000000.0,fcf_dcf,0.1321749997329712,0.1090062497997284,,-15.643861140540839,-8.70695548964496,-15.643861140540839,-22.58076679143672,-138.85862616192222,
GCBC,Financial Services,34.22999954223633,2.41,-0.21068570386608165,41558000.0,fcff,exit,8.0,17025485.0,,,,9015000.0,,fcf_dcf,0.08,0.08,,,,,,,no_intrinsic
GCMG,Financial Services,13.15999984741211,0.38999999999999996,-0.3,186331000.0,fcff,exit,8.0,61126269.0,,,193900000.0,273345000.0,97059000.0,fcf_dcf,0.10188999828338624,0.089411998626709,,24.763587572761335,27.045978374883482,24.763587572761335,22.481196770639187,88.17316002956528,
GCTK,Healthcare,1.159999966621399,-17.67,-0.3,,fcff,exit,8.0,1018017.0,,,-15333000.0,835000.0,,fcf_dcf,0.09297999828338624,0.08495799854087831,,,,,,,no_intrinsic
GD,Industrials,331.0899963378906,16.39,-0.115812942008785,6447000000.0,fcff,exit,8.0,270557195.0,,,6731000000.0,5146000000.0,,fcf_dcf,0.08,0.08,,231.22892035319305,249.9229352399829,231.22892035319305,212.5349054664032,-30.161308734554865,
GDC,Communication Services,1.340000033378601,-584.9,0.3,,fcff,exit,8.0,4162500.0,,,-7784164.0,-6140183.0,284331.0,fcf_dcf,0.16189499828338624,0.137415998626709,,,,,,,no_intrinsic
GDDY,Technology,98.22000122070312,6.74,-0.2094214035681724,1702900000.0,fcff,exit,8.0,126647704.0,,,1403200000.0,2685900000.0,,fcf_dcf,0.10474999828338623,0.09496249854087829,,95.5868433979757,103.35873773937067,95.58684339797571,87.81494905658073,-2.6808774078618125,
GDOT,Financial Services,12.524999618530273,-0.51,-0.3,83035000.0,fcff,exit,8.0,56985179.0,,,114738000.0,-1077884000.0,,fcf_dcf,0.09908499828338624,0.087167998626709,,36.66655321122338,38.130289757405805,36.66655321122338,35.202816665040956,192.7469407422302,pe<0
GDRX,Healthcare,3.380000114440918,0.05,0.3,131699000.0,fcff,exit,8.0,341145388.0,,,170845000.0,242837000.0,,fcf_dcf,0.14616499828338625,0.1301652485408783,,3.1212348389153237,3.4211192444658054,3.1212348389153237,2.821350433364842,-7.655777123202741,
GE,Industrials,307.510009765625,8.49,-0.0982749504223297,8396000000.0,fcff,exit,8.0,1037562513.0,,,12685000000.0,9812000000.0,227000000.0,fcf_dcf,0.12861999828338624,0.10633999871253969,,87.39316779889373,95.53709695394365,87.39316779889373,79.2492386438438,-71.58038274412523,
GEF,Consumer Cyclical,81.2249984741211,5.640000000000001,0.018362183278103794,208300000.0,fcff,exit,8.0,56848160.0,,,700600000.0,945100000.0,130800000.0,fcf_dcf,0.09638999828338624,0.08216749871253967,,69.81439228754171,78.98255151537883,69.81439228754171,60.64623305970457,-14.048145769082277,
GEF-B,Consumer Cyclical,107.1500015258789,8.46,0.020417922585491244,208300000.0,fcff,exit,8.0,37898773.0,,,700600000.0,945100000.0,130800000.0,fcf_dcf,0.09638999828338624,0.08216749871253967,,104.72158935237657,118.47382831508816,104.72158935237657,90.96935038966498,-2.2663669051986215,
GEHC,Healthcare,64.95999908447266,4.359999999999999,-0.08220770629464824,1579000000.0,fcff,exit,8.0,451686252.0,,,3696000000.0,8462000000.0,243000000.0,fcf_dcf,0.09968999828338623,0.0906614985408783,,41.92030863927219,47.77421858851481,41.92030863927219,36.06639869002956,-35.467504264031966,
GEN,Technology,22.290000915527344,1.72,-0.3,1548000000.0,fcff,exit,8.0,598587032.0,,,2564000000.0,7643000000.0,,fcf_dcf,0.12218499828338622,0.10978224854087829,,19.817067067522114,22.62639674303571,19.817067067522114,17.00773739200851,-11.094364048601586,
GETY,Communication Services,0.039900001138448715,-0.39,0.3,-83034000.0,fcff,exit,8.0,414811306.0,,,183366000.0,2008972000.0,48244000.0,fcf_dcf,0.17503999828338623,0.14793199862670897,,-3.712643258579078,-3.4677999299553957,-3.7126432585790785,-3.9574865872027605,-9404.870056761665,pe<0
GEV,Industrials,981.280029296875,34.94,-0.3,12438000000.0,fcff,exit,8.0,266333581.0,,,3005000000.0,-10326000000.0,1158000000.0,fcf_dcf,0.10623499828338623,0.08955124871253967,,291.74244214108813,299.85543498397743,291.74244214108813,283.62944929819884,-70.26919600614589,
GEVO,Basic Materials,1.3049999475479126,-0.86,0.3,-56651000.0,fcff,exit,8.0,247237104.0,,,-162141000.0,112554000.0,7789000.0,fcf_dcf,0.11558499828338624,0.09656374871253967,,-5.067085242581854,-5.523763816173652,-5.067085242581854,-4.6104066689900565,-488.28240967387603,pe<0
GFF,Industrials,93.9000015258789,3.92,0.3,276870000.0,fcff,exit,8.0,45294716.0,,,481993000.0,1226642000.0,,fcf_dcf,0.13208499828338624,0.10893874871253967,,52.914938999099384,59.920715112002185,52.91493899909938,45.90916288619659,-43.64756321700805,
GGB,Basic Materials,5.340000152587891,1.1349879999999999,-0.3,3528454000.0,fcff,exit,8.0,1961802300.0,,,9049028000.0,10015202000.0,190194000.0,fcf_dcf,0.10199999828338624,0.08637499871253967,,29.194725437426897,32.56021880789988,29.1947254374269,25.829232066953914,446.7176891985376,upside>300%
GIFT,Communication Services,0.5367000102996826,-0.29000000000000004,-0.3,,fcff,exit,8.0,35425176.0,,,-5557941.0,1539457.0,,fcf_dcf,0.08,0.08,,,,,,,no_intrinsic
GIII,Consumer Cyclical,27.34000015258789,3.04,-0.047752475960207375,274594000.0,fcff,exit,8.0,42876508.0,,,210213000.0,-188351000.0,0.0,fcf_dcf,0.12344999828338624,0.10246249871253968,,56.49610100173548,59.81980158951494,56.49610100173548,53.17240041395602,106.64265064529562,
GIL,Consumer Cyclical,40.584999084472656,0.52,0.3,520652000.0,fcff,exit,8.0,185191848.0,,,624436000.0,4585166000.0,,fcf_dcf,0.11580499828338624,0.09672874871253967,,5.378750320460046,7.7249814204370555,5.378750320460048,3.03251922048303,-86.7469497553398,
GILD,Healthcare,143.85000610351562,-2.6699999999999986,0.3,12943000000.0,fcff,exit,8.0,1239955155.0,,,1803000000.0,23067000000.0,-84000000.0,fcf_dcf,0.08,0.08,,34.316584605180886,35.409211357165546,34.316584605180886,33.223957853196225,-76.144189677346,pe<0
GIPR,Real Estate,0.3953999876976013,-17.200000000000003,-0.3,,fcff,exit,8.0,3038140.0,,,5821570.0,57443122.0,24520357.0,fcf_dcf,0.08,0.08,,,,,,,no_intrinsic
GIS,Consumer Defensive,31.635000228881836,-1.66,0.3,1626300000.0,fcff,exit,8.0,534687144.0,,,477100000.0,13486600000.0,12200000.0,fcf_dcf,0.08,0.08,,-7.028851342988948,-6.358362190715592,-7.028851342988948,-7.6993404952623035,-122.21859109257036,pe<0
GL,Financial Services,165.50999450683594,15.06,0.015550944218902352,1232375000.0,fcff,exit,8.0,76849447.0,,,,2686195000.0,,fcf_dcf,0.08,0.08,,,,,,,no_intrinsic
GLBZ,Financial Services,4.300000190734863,0.05,-0.3,,fcff,exit,8.0,2934863.0,,,,-15054000.0,,fcf_dcf,0.08,0.08,,,,,,,no_intrinsic
GLPI,Real Estate,37.70000076293945,3.41,-0.22595810632332258,627728000.0,fcff,exit,8.0,290920043.0,,,1664017000.0,8060884000.0,398111000.0,fcf_dcf,0.09028499828338624,0.08,,14.425605675370166,18.723603557151986,14.425605675370164,10.127607793588341,-61.735794738892714,
GLW,Technology,160.42999267578125,2.19,-0.09189040317563169,2395000000.0,fcff,exit,8.0,861388331.0,,,4199000000.0,6875000000.0,567000000.0,fcf_dcf,0.11481499828338623,0.1035177485408783,,28.718204916422618,32.00710845722053,28.718204916422618,25.429301375624703,-82.09922942871395,
GM,Consumer Cyclical,79.8949966430664,7.49,0.3,605000000.0,fcff,exit,8.0,877451541.0,,,17516000000.0,107563000000.0,1641000000.0,fcf_dcf,0.13004999828338623,0.10741249871253966,,-15.878007490956463,-2.6447869569264357,-15.878007490956467,-29.11122802498648,-119.87359429013058,
GMED,Healthcare,76.0999984741211,3.91,0.3,745844000.0,fcff,exit,8.0,134261914.0,,,953677000.0,-396553000.0,,fcf_dcf,0.10579499828338623,0.0958507485408783,,65.16634544795771,70.12875141573782,65.16634544795771,60.20393948017758,-14.367481268585742,
GNE,Utilities,16.270000457763672,0.91,-0.08850414937802364,11886000.0,fcff,exit,8.0,26319623.0,,,35050000.0,-177900000.0,-6402000.0,fcf_dcf,0.08,0.08,,16.91622441967577,17.91689340498122,16.91622441967577,15.915555434370319,3.971874270008001,
GNRC,Industrials,213.0449981689453,4.34,-0.3,379249000.0,fcff,exit,8.0,59063935.0,,,619424000.0,1248782000.0,372000.0,fcf_dcf,0.15842999828338622,0.12869749871253966,,53.35573737746544,59.67663413238922,53.35573737746544,47.03484062254166,-74.95564888354987,
GNW,Financial Services,9.664999961853027,0.52,0.3,,fcff,exit,8.0,377851037.0,,,,-486000000.0,1037000000.0,fcf_dcf,0.10155999828338623,0.089147998626709,,,,,,,no_intrinsic
GO,Consumer Defensive,11.545000076293945,-3.87,0.3,-5050000.0,fcff,exit,8.0,99084492.0,,,-238064000.0,1776673000.0,,fcf_dcf,0.08962499828338624,0.08,,-32.589357126951995,-34.39474333611173,-32.589357126951995,-30.783970917792264,-382.28113392454384,pe<0
GOGO,Communication Services,2.1050000190734863,0.010000000000000004,0.3,-22879000.0,fcff,exit,8.0,135507862.0,,,153318000.0,817508000.0,,fcf_dcf,0.12025999828338624,0.104107998626709,,-0.6120749714753968,0.14925290222385135,-0.6120749714753969,-1.3734028451746443,-129.07719553108606,
GOLD,Financial Services,42.0099983215332,2.15,-0.3,1208356000.0,fcff,exit,8.0,29096451.0,,,205384000.0,-484521000.0,62653000.0,fcf_dcf,0.09451999828338623,0.08351599862670898,,230.10877249990511,235.32733399515413,230.1087724999051,224.890211004656,447.74763554788694,upside>300%
GOLF,Consumer Cyclical,83.56500244140625,3.6700000000000004,-0.3,183737000.0,fcff,exit,8.0,58405044.0,,,421471000.0,892125000.0,1941000.0,fcf_dcf,0.09671999828338623,0.08241499871253968,,40.79906841949164,46.161344786592345,40.79906841949164,35.43679205239093,-51.17684769039652,
GOOGL,Communication Services,344.6413879394531,19.91,-0.3,53273000000.0,fcff,exit,8.0,12229934831.0,,,326758000000.0,56845000000.0,,fcf_dcf,0.11965499828338624,0.103623998626709,,156.79435640823584,174.81196989907056,156.79435640823584,138.7767429174011,-54.50507051817537,
GOVX,Healthcare,0.3538999855518341,-20.09,-0.3,,fcff,exit,8.0,10102871.0,,,-20393106.0,-2820281.0,,fcf_dcf,0.2557799982833862,0.22333799854087827,,,,,,,no_intrinsic
GPC,Consumer Cyclical,126.58899688720703,0.25000000000000044,0.3,759354000.0,fcff,exit,8.0,137859758.0,,,742343000.0,6093667000.0,17777000.0,fcf_dcf,0.09030500160217286,0.08,,11.315693566963006,15.361910723673619,11.315693566963008,7.269476410252392,-91.06107651911842,
GPI,Consumer Cyclical,242.38999938964844,24.01,-0.2798975696399707,166300000.0,fcff,exit,8.0,11922225.0,,,818200000.0,5612000000.0,,fcf_dcf,0.10361500160217285,0.08758625120162963,,-14.588920917640756,35.2059345711613,-14.588920917640772,-64.38377640644276,-106.01878004636183,
GPMT,Real Estate,0.7634000182151794,-2.01,0.3,,fcff,exit,8.0,48198166.0,,,,580837000.0,125000.0,fcf_dcf,0.14404000160217284,0.10745100104141235,,,,,,,no_intrinsic
GPN,Industrials,80.12000274658203,-2.98,0.3,822719000.0,fcff,exit,8.0,264618390.0,,,3816606000.0,18146128000.0,858943000.0,fcf_dcf,0.09734500160217285,0.08288375120162964,,26.771020406787308,37.46523708345226,26.771020406787308,16.076803730122357,-66.58634611950338,pe<0
GRDN,Healthcare,42.415000915527344,1.03,-0.3,79785000.0,fcff,exit,8.0,63342304.0,,,119809000.0,-54569000.0,12029000.0,fcf_dcf,0.08,0.08,,17.36463092262178,18.785904454763497,17.36463092262178,15.943357390480069,-59.06016610207142,
GRMN,Technology,282.3900146484375,9.7,-0.22734877299335987,1599841000.0,fcff,exit,8.0,192852536.0,,,2311467000.0,-2156278000.0,,fcf_dcf,0.09872000160217284,0.08983700136184691,,114.1914450620967,122.7985175152024,114.1914450620967,105.58437260899102,-59.56250605947956,
GRND,Technology,13.574999809265137,0.48000000000000004,-0.2525122913497264,142916000.0,fcff,exit,8.0,173820627.0,,,152094000.0,383091000.0,,fcf_dcf,0.08,0.08,,6.5305551972519185,7.188050797476016,6.5305551972519185,5.873059597027822,-51.89277871816456,
GRNT,Energy,4.480000019073486,-0.20999999999999996,0.3,-102432000.0,fcff,exit,8.0,131900242.0,,,222222000.0,418016000.0,,fcf_dcf,0.08,0.08,,3.676817197681088,4.942787567093733,3.6768171976810873,2.410846828268444,-17.92818790118008,pe<0
GROV,Consumer Defensive,1.0299999713897705,-0.19,-0.3,-1122000.0,fcff,exit,8.0,42701046.0,,,-3718000.0,10726000.0,,fcf_dcf,0.11120500160217285,0.09686400128173829,,-0.8417889284617122,-0.9023380454578055,-0.8417889284617122,-0.7812398114656185,-181.72708270330273,pe<0
GROW,Financial Services,2.9000000953674316,0.23,-0.3,,fcff,exit,8.0,12298196.0,,,3933000.0,-24182000.0,,fcf_dcf,0.08981000160217285,0.08,,,,,,,no_intrinsic
GRWG,Consumer Cyclical,1.5500999689102173,-0.26999999999999996,-0.3,-7337000.0,fcff,exit,8.0,60090905.0,,,-8915000.0,2607000.0,,fcf_dcf,0.19244000160217284,0.15420500120162964,,-1.1109068840454004,-1.190871655921912,-1.1109068840454004,-1.0309421121688886,-171.6667896475356,pe<0
GS,Financial Services,893.344970703125,64.78999999999999,-0.3,-41515000000.0,fcff,exit,8.0,291171408.0,,,,287753000000.0,,fcf_dcf,0.12369000160217286,0.1068520012817383,,,,,,,no_intrinsic
GSBC,Financial Services,78.94999694824219,6.02,0.15274601725847936,44087000.0,fcff,exit,8.0,10897507.0,,,,291353000.0,,fcf_dcf,0.08172500160217286,0.08,,,,,,,no_intrinsic
GSIT,Technology,5.570000171661377,-0.45999999999999996,0.3,-18892000.0,fcff,exit,8.0,38372073.0,,,-20034000.0,-68880000.0,,fcf_dcf,0.16862500160217286,0.14925625136184695,,-2.250713948370622,-2.5382344996090715,-2.2507139483706227,-1.9631933971321733,-140.40778956922898,pe<0
GUTS,Healthcare,4.46999979019165,-1.095104,-0.3,-82985000.0,fcff,exit,8.0,159179848.0,,,-84766000.0,13596000.0,,fcf_dcf,0.18589500160217284,0.1639357513618469,,-4.072204518988865,-4.34743049609957,-4.072204518988865,-3.796978541878161,-191.1007765128837,pe<0
GVA,Industrials,118.67500305175781,-4.3100000000000005,0.3,471906000.0,fcff,exit,8.0,44426893.0,,,189252000.0,855314000.0,52588000.0,fcf_dcf,0.12721000160217286,0.10528250120162963,,44.384173648766826,47.235381793942814,44.384173648766826,41.532965503590844,-62.60023382564438,pe<0
GWRE,Technology,156.97999572753906,1.63,0.3,358657000.0,fcff,exit,8.0,81992669.0,,,205392000.0,342100000.0,,fcf_dcf,0.10950000160217285,0.09900000136184692,,27.211792857090913,28.9369191493231,27.211792857090916,25.486666564858734,-82.66543916568781,
GWW,Industrials,1276.3399658203125,39.22,-0.3,1510000000.0,fcff,exit,8.0,47100942.0,,,3023000000.0,2208000000.0,382000000.0,fcf_dcf,0.10878500160217285,0.09146375120162964,,442.41333502807373,488.1603571118454,442.41333502807373,396.66631294430204,-65.33734374260295,
GXAI,Communication Services,0.49410000443458557,-0.48,-0.3,-5483644.0,fcff,exit,8.0,11052288.0,,,-6715601.0,-1089449.0,-952760.0,fcf_dcf,0.11175500160217285,0.09730400128173829,,-5.19197347111184,-5.6136687476798475,-5.19197347111184,-4.770278194543833,-1150.7940547487306,pe<0
GYRE,Healthcare,7.0854997634887695,-0.21,0.3,-7148000.0,fcff,exit,8.0,106033763.0,,,-10486000.0,-39869000.0,34561000.0,fcf_dcf,0.3136600016021729,0.27253600136184697,,-0.3938949747221111,-0.4266151897331825,-0.3938949747221111,-0.36117475971103974,-105.55916996500139,pe<0
H,Consumer Cyclical,158.89500427246094,0.8200000000000001,0.24806595556245803,252000000.0,fcff,exit,8.0,94236736.0,,,882000000.0,3972000000.0,318000000.0,fcf_dcf,0.12996000160217286,0.10734500120162965,,14.647279019352627,20.85360326190871,14.647279019352624,8.440954776796547,-90.78178757952855,
HAE,Healthcare,104.3550033569336,2.04,0.3,291217000.0,fcff,exit,8.0,45497051.0,,,270390000.0,950774000.0,,fcf_dcf,0.08651000160217284,0.08,,41.87706864174345,46.342767768299424,41.87706864174344,37.41136951518745,-59.87056940767083,
HAL,Energy,32.540000915527344,1.91,-0.3,1725000000.0,fcff,exit,8.0,833130367.0,,,3592000000.0,6151000000.0,42000000.0,fcf_dcf,0.09921500160217285,0.08130050112152098,,27.048124464081475,30.268393832726765,27.048124464081475,23.82785509543619,-16.877308841209253,
HAS,Consumer Cyclical,90.63999938964844,5.56,0.3,1086400000.0,fcff,exit,8.0,141044467.0,,,1354800000.0,2688500000.0,25100000.0,fcf_dcf,0.08,0.08,,71.05258274119099,78.27032243643136,71.05258274119099,63.83484304595063,-21.610124426693712,
HASI,Financial Services,35.95000076293945,0.53,0.3,,fcff,exit,8.0,128495790.0,,,-16233000.0,5174323000.0,108098000.0,fcf_dcf,0.13095000160217285,0.1126600012817383,,,,,,,no_intrinsic
HAYW,Industrials,12.425000190734863,0.74,-0.04187895428000388,204258000.0,fcff,exit,8.0,212119582.0,,,313655000.0,661123000.0,,fcf_dcf,0.11786000160217286,0.09827000120162965,,8.934958422624579,9.95666621411113,8.934958422624579,7.9132506311380295,-28.088866917786902,
HBAN,Financial Services,15.315899848937988,1.29,0.23983350944623183,2683000000.0,fcff,exit,8.0,2020414826.0,,,,5805000000.0,41000000.0,fcf_dcf,0.10653000160217285,0.0931240012817383,,,,,,,no_intrinsic
HBB,Consumer Cyclical,37.52000045776367,4.26,-0.3,96923000.0,fcff,exit,8.0,13442332.0,,,84861000.0,-11879000.0,,fcf_dcf,0.08,0.08,,69.30294318085399,74.04662563275375,69.30294318085399,64.55926072895424,84.70933458241406,
HBNC,Financial Services,19.350000381469727,-3.16,-0.3,94075000.0,fcff,exit,8.0,51344519.0,,,,161143000.0,,fcf_dcf,0.09877500160217284,0.08692000128173828,,,,,,,no_intrinsic
HCA,Healthcare,433.4150085449219,29.87,-0.09302448060588198,5997000000.0,fcff,exit,8.0,216501500.0,,,15861000000.0,50539000000.0,3433000000.0,fcf_dcf,0.11412000160217287,0.10292700136184693,,257.41151987753256,306.9721328346153,257.41151987753256,207.85090692044983,-40.60853574459159,
HCC,Basic Materials,91.28500366210938,4.16,-0.3,6134000.0,fcff,exit,8.0,52802087.0,,,452691000.0,-33025000.0,,fcf_dcf,0.09360500160217286,0.08007875120162963,,52.63491835300526,59.074750091925345,52.63491835300527,46.19508661408518,-42.34001616757015,
HCKT,Technology,10.84000015258789,0.6499999999999999,-0.3,31152000.0,fcff,exit,8.0,24877873.0,,,36856000.0,68863000.0,,fcf_dcf,0.10642000160217285,0.09638200136184692,,10.559689413080848,11.592180532028001,10.559689413080848,9.527198294133694,-2.5858923944767866,
HCSG,Healthcare,20.739999771118164,1.7199999999999998,-0.3,148536000.0,fcff,exit,8.0,68632202.0,,,168380000.0,-105677000.0,,fcf_dcf,0.09784000160217285,0.08908900136184691,,24.610467009306596,26.37832172031816,24.6104670093066,22.842612298295037,18.661848027492827,
HCWB,Healthcare,1.5800000429153442,-28.429997999999998,-0.06516837575951029,,fcff,exit,8.0,2236324.0,,,-4043926.0,5820037.0,,fcf_dcf,0.18611500160217284,0.1641227513618469,,,,,,,no_intrinsic
HD,Consumer Cyclical,281.5309143066406,14.29,-0.010556782761063976,15099000000.0,fcff,exit,8.0,997689626.0,,,25474000000.0,60482000000.0,,fcf_dcf,0.10801500160217285,0.09088625120162963,,147.49457529250935,165.74215232407323,147.49457529250935,129.24699826094547,-47.60981199675295,
HDSN,Basic Materials,5.184999942779541,0.2,0.3,-34514000.0,fcff,exit,8.0,42088547.0,,,17943000.0,-20840000.0,,fcf_dcf,0.09855500160217284,0.08379125120162964,,-0.4171680088776465,-0.10239043889311843,-0.4171680088776465,-0.7319455788621746,-108.04567046251525,
HE,Utilities,9.015000343322754,1.2999999999999998,-0.3,-565511000.0,fcff,exit,8.0,173021908.0,,,722395000.0,2561923000.0,,fcf_dcf,0.08079000160217285,0.08,,-3.5205641095508042,-0.38326651968206116,-3.520564109550805,-6.657861699419544,-139.05229035469114,
HELE,Consumer Defensive,26.450000762939453,-17.99,-0.3,80492000.0,fcff,exit,8.0,23292061.0,,,-261214000.0,749663000.0,,fcf_dcf,0.12660500160217286,0.1091840012817383,,-77.65495158759978,-85.03011089741602,-77.6549515875998,-70.27979227778356,-393.5914909174838,pe<0
HHS,Industrials,4.59,-0.76,0.3,-1713000.0,fcff,exit,8.0,7454240.0,,,503000.0,18850000.0,,fcf_dcf,0.08,0.08,,-3.094241995770254,-3.043537473519669,-3.094241995770254,-3.144946518020839,-167.41267964641077,pe<0
HIG,Financial Services,127.06999969482422,15.469999999999999,-0.17263247340998344,5718000000.0,fcff,exit,8.0,270872002.0,,,,4249000000.0,,fcf_dcf,0.08018500160217285,0.08,,,,,,,no_intrinsic
HII,Industrials,269.55999755859375,16.779999999999998,-0.2550918623999827,-85000000.0,fcff,exit,8.0,39404598.0,,,1264000000.0,2923000000.0,,fcf_dcf,0.08,0.08,,109.534109865395,133.63772887278517,109.534109865395,85.43049085800483,-59.36559175788471,
HIT,Technology,0.8100000023841858,-0.07,0.3,-7642055.0,fcff,exit,8.0,65402649.0,,,-4087577.0,-6411875.0,72408.0,fcf_dcf,0.10807000160217285,0.09778450136184692,,-0.7204784211412563,-0.763758295500705,-0.7204784211412563,-0.6771985467818076,-188.94795296550268,pe<0
HIW,Real Estate,29.59000015258789,1.4299999999999997,-4.440892098500626e-16,,fcff,exit,8.0,110306211.0,,,554588000.0,3671075000.0,244843000.0,fcf_dcf,0.11236000160217285,0.08685900104141236,,,,,,,no_intrinsic
HLI,Financial Services,125.80000305175781,5.95,0.20392449285173542,484819000.0,fcff,exit,8.0,69886500.0,,,616936000.0,-252000000.0,110000000.0,fcf_dcf,0.10840000160217285,0.0946200012817383,,79.85296520049148,86.05495123261814,79.85296520049148,73.65097916836481,-36.52387657920991,
HLIO,Industrials,71.45999908447266,2.14,-0.3,103600000.0,fcff,exit,8.0,33046358.0,,,170400000.0,263500000.0,,fcf_dcf,0.12462500160217285,0.10334375120162964,,32.340945167724975,35.82265558778579,32.340945167724975,28.85923474766417,-54.74258944574735,
HLT,Consumer Cyclical,318.3550109863281,6.81,-0.0893271146783835,1939000000.0,fcff,exit,8.0,225064910.0,,,3092000000.0,13014000000.0,33000000.0,fcf_dcf,0.11384500160217285,0.09525875120162963,,53.99031738292155,63.61416849043853,53.99031738292156,44.36646627540459,-83.04084574775543,
HLX,Energy,10.600000381469727,0.27,-0.3,235373000.0,fcff,exit,8.0,147382447.0,,,220967000.0,-41836000.0,,fcf_dcf,0.10807000160217285,0.087499001121521,,15.605760097838973,16.694033917972362,15.605760097838973,14.517486277705583,47.2241465681455,
HMC,Consumer Cyclical,31.93000030517578,487.91999999999996,0.0,7212000000.0,fcff,exit,8.0,1297672194.0,,,1296607000000.0,-380995000000.0,267107000000.0,fcf_dcf,0.08,0.08,,6117.665565475815,6868.46760627178,6117.665565475815,5366.86352467985,19059.6163702014,upside>300%
HNGE,Healthcare,98.83529663085938,1.2799999999999998,-0.3,283923000.0,fcff,exit,8.0,80694417.0,,,98393000.0,-280339000.0,,fcf_dcf,0.10807000160217285,0.09778450136184692,,24.417028517991955,25.261404939669642,24.417028517991955,23.57265209631427,-75.29523424289677,
HNI,Consumer Cyclical,46.560001373291016,0.08999999999999997,0.3,99300000.0,fcff,exit,8.0,72181800.0,,,291800000.0,1539100000.0,0.0,fcf_dcf,0.10378000160217285,0.08771000120162964,,7.825282665765906,10.756802450906346,7.825282665765906,4.893762880625469,-83.19312191804433,
HNRG,Utilities,13.819999694824219,0.22000000000000003,0.3,-50462000.0,fcff,exit,8.0,47143357.0,,,56112000.0,18730000.0,,fcf_dcf,0.08,0.08,,2.2343036127477442,3.1286738229264897,2.2343036127477447,1.3399334025689988,-83.83282444221382,
HOFT,Consumer Cyclical,13.029999732971191,-1.69,-0.3,18728000.0,fcff,exit,8.0,10692197.0,,,-5021000.0,5294000.0,,fcf_dcf,0.11461500160217286,0.09583625120162964,,3.9790034974601456,3.6509113678868452,3.979003497460146,4.307095627033446,-69.46275073673525,pe<0
HOMB,Financial Services,28.5049991607666,2.42,0.03352602278343486,429871000.0,fcff,exit,8.0,200049630.0,,,,-322667000.0,,fcf_dcf,0.09250500160217284,0.08190400128173828,,,,,,,no_intrinsic
HON,Industrials,214.64979553222656,27.049999999999997,-0.3,4010000000.0,fcff,exit,8.0,316940010.0,,,12967000000.0,25237000000.0,320000000.0,fcf_dcf,0.10191000160217285,0.08630750120162964,,210.82616914027614,240.6868296598082,210.82616914027614,180.96550862074406,-1.7813324175174277,
HOOD,Financial Services,115.36039733886719,2.27,-0.12052845912977939,178000000.0,fcff,exit,8.0,899082273.0,,,2361000000.0,17344000000.0,61000000.0,fcf_dcf,0.18254000160217285,0.15393200128173828,,-7.32781057311633,-5.910724195087606,-7.32781057311633,-8.744896951145055,-106.35210240442493,
HOUR,Consumer Cyclical,1.8497999906539917,0.1,0.0,-132895.0,fcff,exit,8.0,35199820.0,,,2537663.0,-226974.0,,fcf_dcf,0.12875000160217284,0.10643750120162962,,0.37557698732131256,0.4235790531135208,0.37557698732131256,0.32757492152910433,-79.69634613369587,
HPE,Technology,68.47000122070312,1.9200000000000002,-0.3,4156000000.0,fcff,exit,8.0,1327464779.0,,,6774000000.0,14028000000.0,62000000.0,fcf_dcf,0.13029000160217286,0.11667150136184692,,27.372876863528994,30.617736244756752,27.372876863528997,24.12801748230124,-60.02208795747427,
HPK,Energy,8.069999694824219,-0.79,0.25455556037808447,-7881000.0,fcff,exit,8.0,126452804.0,,,468071000.0,1043090000.0,,fcf_dcf,0.08,0.08,,13.739076879200198,16.52048905872096,13.739076879200198,10.957664699679441,70.24879056701702,pe<0
HPP,Real Estate,11.329999923706055,-8.85,-0.3,112251000.0,fcff,exit,8.0,54268741.0,,,-74491000.0,3657655000.0,221395000.0,fcf_dcf,0.16191500160217287,0.11906975104141237,,-70.48778461334624,-71.35129811671129,-70.48778461334624,-69.6242711099812,-722.134025489822,pe<0
HPQ,Technology,31.450000762939453,2.6199999999999997,0.3,3881000000.0,fcff,exit,8.0,901790969.0,,,4205000000.0,6170000000.0,,fcf_dcf,0.11852000160217285,0.10666700136184692,,34.9309214996952,38.03245285123447,34.9309214996952,31.829390148155937,11.068110182234562,
HRL,Consumer Defensive,20.28499984741211,0.63,0.10830677953767132,780869000.0,fcff,exit,8.0,550350800.0,,,872412000.0,2015484000.0,16210000.0,fcf_dcf,0.08,0.08,,11.833432344653199,13.02457591255032,11.833432344653197,10.642288776756073,-41.66412406375804,
HRMY,Healthcare,39.70000076293945,3.08,-0.3,354767000.0,fcff,exit,8.0,58236393.0,,,280009000.0,-395808000.0,,fcf_dcf,0.10856500160217285,0.09820525136184692,,57.92026448471215,61.2434975542171,57.92026448471214,54.5970314152072,45.89486995370938,
HRTG,Financial Services,34.09000015258789,7.02,-0.12442201275954912,297746000.0,fcff,exit,8.0,29732416.0,,,,-495763000.0,,fcf_dcf,0.10361500160217285,0.0907920012817383,,,,,,,no_intrinsic
HSBC,Financial Services,96.62000274658203,5.35,0.0,,fcff,exit,8.0,3421317591.0,,,,-94901000000.0,399000000.0,fcf_dcf,0.08497000160217286,0.08,,,,,,,no_intrinsic
HSCS,Healthcare,4.329999923706055,-3.92,-0.3,-7116758.0,fcff,exit,8.0,4843910.0,,,-9320408.0,3974617.0,,fcf_dcf,0.15069500160217283,0.1340157513618469,,-15.288600439372741,-16.421377075342242,-15.288600439372743,-14.155823803403242,-453.0854667149094,pe<0
HSIC,Healthcare,84.45500183105469,3.4299999999999997,-0.1461888530876263,513000000.0,fcff,exit,8.0,111446542.0,,,1027000000.0,3656000000.0,1566000000.0,fcf_dcf,0.09943500160217285,0.09044475136184692,,24.857511885067794,31.456637155487904,24.85751188506779,18.25838661464768,-70.56715251182729,
HST,Real Estate,22.354999542236328,1.4999999999999998,-0.3,1017000000.0,fcff,exit,8.0,685124399.0,,,2117000000.0,3692000000.0,230000000.0,fcf_dcf,0.11450500160217285,0.08825325104141236,,18.29346521530723,20.52859330493235,18.29346521530723,16.058337125682108,-18.168348960399015,
HSTM,Healthcare,31.690000534057617,0.72,-0.20438004877305294,41597000.0,fcff,exit,8.0,30595887.0,,,70301000.0,-32740000.0,,fcf_dcf,0.08,0.08,,20.62786691788348,22.35442238821425,20.62786691788348,18.901311447552718,-34.90733174423753,
HSY,Consumer Defensive,161.8699951171875,7.32,-0.3,2228157000.0,fcff,exit,8.0,200925657.0,,,2679242000.0,5132099000.0,,fcf_dcf,0.08,0.08,,101.47876614168047,111.49855631357147,101.47876614168047,91.45897596978945,-37.30847642998084,
HTB,Financial Services,46.38999938964844,3.86,-0.0784325936457223,93718000.0,fcff,exit,8.0,16533706.0,,,,-273928000.0,,fcf_dcf,0.09724999973297119,0.08569999978637696,,,,,,,no_intrinsic
HTLD,Industrials,11.704999923706055,-0.27999999999999997,-0.3,-85772000.0,fcff,exit,8.0,77332611.0,,,127754000.0,84018000.0,,fcf_dcf,0.1270599997329712,0.10516999979972838,,3.3759482939459255,4.482233883582689,3.375948293945925,2.2696627043091624,-71.15806650191735,pe<0
HTO,Utilities,59.400001525878906,2.2699999999999996,-0.028671966656021897,-271077000.0,fcff,exit,8.0,41856804.0,,,298343000.0,1787389000.0,,fcf_dcf,0.08,0.08,,-27.22337255461042,-21.867479834634167,-27.223372554610425,-32.57926527458668,-145.83059234897487,
HUBB,Industrials,479.8800048828125,16.89,0.14117851444135754,901400000.0,fcff,exit,8.0,52832571.0,,,1468300000.0,5178000000.0,11100000.0,fcf_dcf,0.0995599997329712,0.0845449997997284,,136.60802286512978,157.0572091014204,136.60802286512978,116.15883662883918,-71.53287874570026,
HUBS,Technology,215.7449951171875,2.83,-0.3,657892000.0,fcff,exit,8.0,49866201.0,,,333203000.0,-721400000.0,,fcf_dcf,0.12095499973297119,0.10873674977302551,,101.41084783269201,105.81397536793065,101.410847832692,97.00772029745335,-52.99504038199909,
HUM,Healthcare,388.7449951171875,21.689999999999998,0.26107766071963145,1949000000.0,fcff,exit,8.0,120080308.0,,,,7354000000.0,64000000.0,fcf_dcf,0.09394999973297119,0.0857824997730255,,,,,,,no_intrinsic
HUN,Basic Materials,8.630000114440918,-1.04,-0.3,-9000000.0,fcff,exit,8.0,175378616.0,,,296000000.0,2155000000.0,237000000.0,fcf_dcf,0.09741499973297119,0.08293624979972838,,-3.8452160685579844,-2.594088843822463,-3.845216068557984,-5.096343293293506,-144.55638490807937,pe<0
HURA,Healthcare,1.8700000047683716,-0.62,-0.2355183154709144,-29908353.0,fcff,exit,8.0,63726617.0,,,-29407364.0,8183390.0,,fcf_dcf,0.1080299997329712,0.09775049977302552,,-4.577937320041624,-4.897545491517632,-4.577937320041623,-4.258329148565616,-344.8094817309197,pe<0
HURN,Industrials,163.39500427246094,6.68,-0.28896359915598635,103641000.0,fcff,exit,8.0,15910072.0,,,226083000.0,860974000.0,,fcf_dcf,0.08,0.08,,58.834718348378146,69.51242151920643,58.83471834837815,48.15701517754986,-63.992339539175056,
HUT,Financial Services,86.56620025634766,-5.360445,0.3,-1309425000.0,fcff,exit,8.0,123259468.0,,,-597806000.0,7435264000.0,311410000.0,fcf_dcf,0.3784099997329712,0.310627999786377,,-100.56531574579866,-101.94997728836033,-100.56531574579864,-99.18065420323697,-216.17157210088416,pe<0
HVT,Consumer Cyclical,27.315000534057617,1.37,-0.3,39512000.0,fcff,exit,8.0,15593626.0,,,50359000.0,126418000.0,,fcf_dcf,0.11847999973297119,0.09873499979972838,,19.899039679542415,22.125761922744516,19.899039679542415,17.672317436340315,-27.14977378553823,
HWM,Industrials,230.68130493164062,4.64,-0.3,1791000000.0,fcff,exit,8.0,398801399.0,,,2753000000.0,4101000000.0,,fcf_dcf,0.11924999973297119,0.0993124997997284,,45.732479756537046,50.47975667994571,45.73247975653705,40.98520283312838,-80.17503855802738,
HYFM,Industrials,1.0,-60.699999999999996,-0.09698908980390097,-5298000.0,fcff,exit,8.0,4819323.0,,,-258425000.0,151999000.0,,fcf_dcf,0.18508499973297116,0.14868874979972838,,-272.2674968582948,-301.8706185946133,-272.2674968582948,-242.66437512197632,-27326.74968582948,pe<0
HYPR,Healthcare,0.870199978351593,-0.38,-0.3,-27530000.0,fcff,exit,8.0,106048669.0,,,-32777000.0,-30045000.0,,fcf_dcf,0.1331649997329712,0.11911524977302551,,-2.2630983779415392,-2.457495919819126,-2.2630983779415392,-2.068700836063952,-360.0664714136736,pe<0
HZO,Consumer Cyclical,52.314998626708984,0.14000000000000004,-0.3,178021000.0,fcff,exit,8.0,22086735.0,,,117644000.0,935031000.0,11418000.0,fcf_dcf,0.1467499997329712,0.1199374997997284,,14.564099756354251,17.90197566623855,14.564099756354253,11.226223846469937,-72.16075668800902,
IART,Healthcare,13.010000228881836,-0.094661,-0.3,11600000.0,fcff,exit,8.0,77772506.0,,,245195000.0,1834464000.0,,fcf_dcf,0.1196349997329712,0.10761474977302551,,-6.296711495189313,-4.208652700724336,-6.296711495189313,-8.38477028965429,-148.399011409783,pe<0
IBAC,Financial Services,10.9101,-0.18,0.3,,fcff,exit,8.0,5008229.0,,,-1789378.0,469839.0,,fcf_dcf,0.08,0.08,,,,,,,no_intrinsic
IBKR,Financial Services,89.32499694824219,2.4999999999999996,-0.21858856964516582,15834000000.0,fcff,exit,8.0,453078171.0,,,9921000000.0,-7698000000.0,16346000000.0,fcf_dcf,0.1283799997329712,0.11060399978637697,,231.7275088022035,246.03577474472195,231.7275088022035,217.419242859685,159.4206736289887,
IBM,Technology,221.5749969482422,11.27,0.09764049563972543,13144000000.0,fcff,exit,8.0,942134390.0,,,17570000000.0,58100000000.0,89000000.0,fcf_dcf,0.0928499997329712,0.08484749977302551,,106.06184434844444,119.76486465914414,106.06184434844444,92.35882403774477,-52.13275603780354,
IBOC,Financial Services,69.55999755859375,6.53,0.002474480723110739,452820000.0,fcff,exit,8.0,62191514.0,,,,-332064000.0,,fcf_dcf,0.09130999973297119,0.08094799978637696,,,,,,,no_intrinsic
IBTA,Technology,41.9900016784668,-0.47000000000000003,0.3,58564000.0,fcff,exit,8.0,20148602.0,,,-2030000.0,-123039000.0,,fcf_dcf,0.08,0.08,,17.783882728023045,17.70817622238381,17.783882728023045,17.859589233662273,-57.64733980198212,pe<0
ICE,Financial Services,149.50999450683594,7.08,-0.3,4641000000.0,fcff,exit,8.0,561394487.0,,,7684000000.0,19460000000.0,101000000.0,fcf_dcf,0.10499000160217285,0.09189200128173829,,76.90402501656094,86.64094606979675,76.90402501656094,67.16710396332509,-48.562619328405695,
IDCC,Technology,341.1300048828125,8.67,0.3,496615000.0,fcff,exit,8.0,25806007.0,,,466098000.0,-214050000.0,,fcf_dcf,0.13106000160217285,0.11732600136184691,,173.7182030207048,185.16958128433217,173.7182030207048,162.26682475707742,-49.075660148868536,
IDN,Technology,2.2699999809265137,0.05999999999999999,-0.3,2807000.0,fcff,exit,8.0,20266743.0,,,3606000.0,-11837000.0,,fcf_dcf,0.09619000160217285,0.08768650136184691,,2.189846992782321,2.3188868657776074,2.189846992782321,2.060807119787034,-3.530968670382005,
IDT,Communication Services,81.75499725341797,3.46,-0.05515892474803252,55332000.0,fcff,exit,8.0,24838686.0,,,135067000.0,-214336000.0,30559000.0,fcf_dcf,0.08585000160217285,0.08,,49.50094722243107,53.58698820076241,49.50094722243107,45.41490624409973,-39.4520838047468,
IDXX,Healthcare,522.6500244140625,14.22,-0.14289485686314418,1237090000.0,fcff,exit,8.0,78781116.0,,,1616289000.0,899148000.0,,fcf_dcf,0.13821000160217287,0.12340350136184693,,149.18089490552669,161.84046278516294,149.18089490552669,136.52132702589043,-71.45682809968835,
IESC,Industrials,340.5199890136719,11.255000000000003,-0.3,228397000.0,fcff,exit,8.0,39848712.0,,,639053000.0,-335000.0,5271000.0,fcf_dcf,0.15025500160217284,0.12256625120162962,,101.03354649602561,110.96616009727818,101.03354649602561,91.10093289477304,-70.32962828741043,
IEX,Industrials,234.22000122070312,6.95,-0.06509138350503929,641500000.0,fcff,exit,8.0,73719896.0,,,957800000.0,1264200000.0,-1400000.0,fcf_dcf,0.10587000160217286,0.08927750120162964,,93.581466803857,102.9354871524034,93.581466803857,84.22744645531061,-60.04548445216849,
IFF,Basic Materials,83.33000183105469,1.09,0.3,536000000.0,fcff,exit,8.0,255149963.0,,,1486000000.0,5674000000.0,33000000.0,fcf_dcf,0.10411000160217285,0.08795750120162962,,20.073051057299477,24.291613716248282,20.073051057299477,15.85448839835067,-75.9113757155603,
IIIN,Industrials,29.364999771118164,1.86,0.3,-9761000.0,fcff,exit,8.0,19358247.0,,,65424000.0,-20368000.0,,fcf_dcf,0.08216500160217285,0.08,,19.237578666396008,21.77710749733882,19.237578666396008,16.698049835453194,-34.48806805264458,
IMAX,Communication Services,52.43000030517578,0.73,0.3,100005000.0,fcff,exit,8.0,54842114.0,,,132371000.0,122720000.0,94543000.0,fcf_dcf,0.08007500160217285,0.08,,18.25375669771365,20.067437031838764,18.25375669771365,16.440076363588535,-65.18451918469343,
IMRX,Healthcare,4.079999923706055,-1.04,-0.3,-56991132.0,fcff,exit,8.0,64697402.0,,,-63116894.0,-37691075.0,,fcf_dcf,0.08,0.08,,-9.004447795584442,-9.737510051348847,-9.004447795584442,-8.271385539820036,-320.69725401870306,pe<0
IMSR,Utilities,3.7699999809265137,-0.396922,-0.11751207590770596,-22412000.0,fcff,exit,8.0,105935254.0,,,-29001000.0,-126858000.0,,fcf_dcf,0.10807000160217285,0.08407050104141237,,-1.3019062624971816,-1.5037827248139743,-1.3019062624971813,-1.1000298001803883,-134.5333227873711,pe<0
IMXI,Technology,11.604999542236328,0.7,0.3,8842000.0,fcff,exit,8.0,30211627.0,,,56380000.0,-15211000.0,,fcf_dcf,0.09580500160217285,0.08735925136184693,,12.55999414385182,13.9154536476403,12.55999414385182,11.204534640063343,8.229165353602948,
INBK,Financial Services,27.270000457763672,-3.5999999999999996,-0.3,159910000.0,fcff,exit,8.0,8733574.0,,,,-65842000.0,,fcf_dcf,0.10136000160217284,0.08898800128173828,,,,,,,no_intrinsic
INCY,Healthcare,114.6449966430664,7.85,-0.16995275814099964,1890466000.0,fcff,exit,8.0,202697746.0,,,2067971000.0,-3944108000.0,,fcf_dcf,0.09371500160217286,0.08558275136184693,,118.05820676189326,125.52925795418692,118.05820676189326,110.5871555695996,2.977199370901007,
INDP,Healthcare,2.2699999809265137,-12.32,-0.3,,fcff,exit,8.0,133242324.0,,,-14772645.0,-7553820.0,,fcf_dcf,0.10658500160217285,0.09652225136184692,,,,,,,no_intrinsic
INGM,Technology,28.5,1.8299999999999998,-0.3,-231593000.0,fcff,exit,8.0,230036904.0,,,1300534000.0,3433189000.0,,fcf_dcf,0.10807000160217285,0.09778450136184692,,12.336386036094702,16.25145647350664,12.3363860360947,8.421315598682765,-56.71443496107123,
INGN,Healthcare,6.079999923706055,-0.8999999999999999,0.16131168391770956,-9690000.0,fcff,exit,8.0,26538337.0,,,-10999000.0,-71482000.0,,fcf_dcf,0.13546000160217286,0.12106600136184693,,-0.7611968198091378,-1.019615822842858,-0.7611968198091379,-0.5027778167754171,-112.51968469343585,pe<0
INGR,Consumer Defensive,95.72000122070312,9.17,0.3,355000000.0,fcff,exit,8.0,63063979.0,,,1121000000.0,835000000.0,0.0,fcf_dcf,0.08827000160217285,0.08,,117.40317663760231,130.7600966443042,117.40317663760231,104.0462566309004,22.652711178830796,
INMB,Healthcare,1.909999966621399,-1.54,-0.3,,fcff,exit,8.0,27753789.0,,,-19993000.0,-17006000.0,,fcf_dcf,0.10246000160217286,0.09301600136184693,,,,,,,no_intrinsic
INOD,Technology,70.2300033569336,1.32,-0.3,183848000.0,fcff,exit,8.0,34382651.0,,,63650000.0,-236446000.0,-83000.0,fcf_dcf,0.21708000160217286,0.19044300136184694,,30.940430446206804,31.795333517156386,30.940430446206804,30.085527375257225,-55.94414215110221,
INSM,Healthcare,102.34500122070312,-4.11,-0.3,-807669000.0,fcff,exit,8.0,218381503.0,,,-773467000.0,35116000.0,,fcf_dcf,0.09839000160217284,0.08955650136184691,,-35.77237756738964,-38.31907889697444,-35.77237756738964,-33.22567623780484,-134.95273549340027,pe<0
INTA,Technology,36.90999984741211,-0.52,0.3,136364000.0,fcff,exit,8.0,76511148.0,,,-16152000.0,-146950000.0,,fcf_dcf,0.08,0.08,,8.183284851426123,8.024655456016756,8.183284851426123,8.341914246835492,-77.82908456988281,pe<0
INTC,Technology,117.05500030517578,-2.1100000000000003,0.3,2831000000.0,fcff,exit,8.0,5254526315.0,,,3676000000.0,37663000000.0,15601000000.0,fcf_dcf,0.17572000160217285,0.15528700136184692,,-5.251407798831203,-4.876095016740988,-5.251407798831203,-5.626720580921417,-104.48627379021845,pe<0
INTU,Technology,284.7950134277344,16.5,-0.3,8617000000.0,fcff,exit,8.0,267236000.0,,,7119000000.0,3716000000.0,,fcf_dcf,0.10856500160217285,0.09820525136184692,,263.2746843694548,281.68695326574164,263.27468436945475,244.8624154731679,-7.556427621138904,
INVA,Healthcare,20.65999984741211,4.1000000000000005,0.3,,fcff,exit,8.0,72245485.0,,,464064000.0,-300731000.0,,fcf_dcf,0.08,0.08,,,,,,,no_intrinsic
INVE,Industrials,2.3299999237060547,-0.66,-0.23644118445831686,-9194000.0,fcff,exit,8.0,24235753.0,,,-16591000.0,-118701000.0,,fcf_dcf,0.12561500160217284,0.10408625120162962,,-0.2926785351148288,-0.7533612265466416,-0.2926785351148288,0.16800415631698404,-112.56131093125961,pe<0
INVH,Real Estate,26.25,1.09,-0.3,956722000.0,fcff,exit,8.0,590623226.0,,,1799708000.0,8450905000.0,38194000.0,fcf_dcf,0.09888500160217285,0.08,,10.789567347277979,13.079241107557266,10.78956734727798,8.499893586998686,-58.89688629608389,
IONQ,Technology,43.11330032348633,-4.66,0.3,-483868000.0,fcff,exit,8.0,405135656.0,,,-852151000.0,-1181231000.0,12371000.0,fcf_dcf,0.23792500160217286,0.20816125136184693,,-8.029693219677602,-8.931871642378026,-8.029693219677602,-7.12751479697718,-118.62463128415006,pe<0
IOVA,Healthcare,14.005000114440918,-0.73,-0.3,-296395000.0,fcff,exit,8.0,452971432.0,,,-251187000.0,-64765000.0,,fcf_dcf,0.09470500160217285,0.08642425136184692,,-5.811419201028629,-6.215929839467539,-5.811419201028628,-5.406908562589716,-141.49531705491614,pe<0
IP,Consumer Cyclical,31.479999542236328,-6.52,-0.3,492000000.0,fcff,exit,8.0,529569895.0,,,168000000.0,8962000000.0,,fcf_dcf,0.10196500160217285,0.08634875120162963,,-11.210851912732439,-10.979357504591642,-11.210851912732439,-11.442346320873238,-135.6126177755847,pe<0
IPI,Basic Materials,33.040000915527344,1.98,-0.3,29706000.0,fcff,exit,8.0,13456674.0,,,53563000.0,-181751000.0,,fcf_dcf,0.12515499828338622,0.10374124871253967,,43.73442092371571,46.41724166235929,43.73442092371571,41.051600185072125,32.36809840148177,
IQV,Healthcare,261.30999755859375,8.06,0.07273715436134753,2184000000.0,fcff,exit,8.0,164600000.0,,,3528000000.0,14332000000.0,130000000.0,fcf_dcf,0.11761999828338623,0.1059019985408783,,78.97970908843169,93.28564877988174,78.97970908843169,64.67376939698165,-69.7754736419061,
IR,Industrials,77.05500030517578,2.4299999999999997,-0.3,1219300000.0,fcff,exit,8.0,387999429.0,,,2003200000.0,3659200000.0,65700000.0,fcf_dcf,0.11640999828338623,0.09718249871253967,,31.77217480943037,35.35726203321715,31.77217480943037,28.187087585643592,-58.76688769892039,
IRM,Real Estate,113.125,1.4000000000000001,-0.3,-596682000.0,fcff,exit,8.0,297702812.0,,,2515305000.0,19410150000.0,389151000.0,fcf_dcf,0.11844499828338624,0.09081424888420106,,-26.415597635977818,-20.37535249811174,-26.41559763597782,-32.45584277384389,-123.35080454009089,
ISBA,Financial Services,38.439998626708984,2.6900000000000004,-0.18442816551442676,23034000.0,fcff,exit,8.0,7628873.0,,,,-12215000.0,,fcf_dcf,0.08,0.08,,,,,,,no_intrinsic
ISPC,Healthcare,1.0750000476837158,-43.620000000000005,-0.3,,fcff,exit,8.0,2518590.0,,,-10214679.0,-4173461.0,,fcf_dcf,0.14374499828338622,0.12810824854087827,,,,,,,no_intrinsic
ISRG,Healthcare,400.1900939941406,8.73,-0.2232151429700514,3222600000.0,fcff,exit,8.0,353278038.0,,,4245400000.0,-2760400000.0,129300000.0,fcf_dcf,0.13351499828338625,0.11941274854087831,,102.63919169816305,110.18753409177089,102.63919169816305,95.09084930455523,-74.3523907166813,
IT,Technology,186.02499389648438,11.15,-0.3,1288944000.0,fcff,exit,8.0,63148976.0,,,1363153000.0,1744001000.0,,fcf_dcf,0.10683999828338622,0.0967389985408783,,175.07059158254992,190.09034201784507,175.07059158254992,160.05084114725474,-5.888672314662269,
ITGR,Healthcare,126.55500030517578,3.66,0.3,111976000.0,fcff,exit,8.0,33997068.0,,,305670000.0,1343156000.0,,fcf_dcf,0.08492999973297119,0.08,,28.459239003782848,35.215298017061734,28.459239003782848,21.70317999050397,-77.5123551537624,
ITRI,Technology,87.2300033569336,5.99,0.2292195182449719,394557000.0,fcff,exit,8.0,43786753.0,,,405835000.0,889263000.0,21727000.0,fcf_dcf,0.1256849997329712,0.11275724977302552,,62.142722494848734,68.140708580125,62.142722494848734,56.144736409572474,-28.759921926669012,
ITT,Industrials,206.91000366210938,5.1,0.3,508800000.0,fcff,exit,8.0,89839824.0,,,927700000.0,3243900000.0,9100000.0,fcf_dcf,0.1218899997329712,0.1012924997997284,,42.722455630407964,49.76008052626186,42.722455630407964,35.68483073455408,-79.35215558732718,
ITW,Industrials,261.739990234375,11.030000000000001,-0.05327318834406036,2921000000.0,fcff,exit,8.0,284800000.0,,,4822000000.0,8855000000.0,1000000.0,fcf_dcf,0.10665499973297118,0.08986624979972838,,108.38231121359345,120.53918927438181,108.38231121359345,96.22543315280512,-58.59161180660909,
IVF,Healthcare,0.7748000025749207,-398.06,-0.3,-4812764.0,fcff,exit,8.0,4601364.0,,,-3687541.0,188753.0,,fcf_dcf,0.1080299997329712,0.09775049977302552,,-8.699447734639095,-9.254498759263784,-8.699447734639095,-8.144396710014405,-1222.7991359999883,pe<0
IVT,Real Estate,30.315000534057617,0.2,0.3,120266000.0,fcff,exit,8.0,77978431.0,,,196694000.0,1019892000.0,,fcf_dcf,0.10043999973297119,0.08,,8.601535822059528,10.49692632909229,8.601535822059528,6.70614531502677,-71.62613996197669,
IVZ,Financial Services,30.325000762939453,-0.6999999999999998,-0.3,1920700000.0,fcff,exit,8.0,441499780.0,,,1760800000.0,7655200000.0,998300000.0,fcf_dcf,0.1427349997329712,0.12208799978637698,,16.690782085689573,19.166184486311995,16.690782085689573,14.215379685067154,-44.96032426786423,pe<0
IZEA,Communication Services,2.4700000286102295,-0.14,0.3,-2581906.0,fcff,exit,8.0,17416286.0,,,-1811969.0,-46600679.0,,fcf_dcf,0.1177099997329712,0.10206799978637697,,1.5192501770243823,1.448593352819793,1.5192501770243823,1.5899070012289716,-38.49189637948289,pe<0
J,Industrials,138.6199951171875,2.85,0.3,644544000.0,fcff,exit,8.0,117038611.0,,,904246000.0,2881749000.0,-13841000.0,fcf_dcf,0.09136999858856201,0.08,,45.21240645008044,51.01790497013329,45.212406450080444,39.406907930027586,-67.38392148127082,
JAKK,Consumer Cyclical,27.334999084472656,1.3900000000000001,0.3,35375000.0,fcff,exit,8.0,11445012.0,,,35448000.0,-12889000.0,0.0,fcf_dcf,0.125194998588562,0.1037712489414215,,30.09642057723052,32.18370175407048,30.09642057723052,28.00913940039056,10.102145912733759,
JBHT,Industrials,227.0800018310547,7.06,-0.20438004877305294,1099722000.0,fcff,exit,8.0,93914939.0,,,1678212000.0,1141175000.0,,fcf_dcf,0.125084998588562,0.1036887489414215,,130.72751507008596,142.7745431732559,130.72751507008596,118.68048696691598,-42.431075384900716,
JBI,Industrials,4.289999961853027,0.24,0.3,82500000.0,fcff,exit,8.0,136435790.0,,,137400000.0,425600000.0,,fcf_dcf,0.131574998588562,0.10855624894142149,,4.56536896131271,5.229525739826956,4.56536896131271,3.901212182798464,6.418857853339915,
JBL,Technology,303.3599853515625,8.01,-0.22011105042354295,1306000000.0,fcff,exit,8.0,104787089.0,,,2025000000.0,2532000000.0,4000000.0,fcf_dcf,0.12420499858856202,0.11149924880027771,,124.92869313268096,137.50555360837205,124.92869313268096,112.35183265698988,-58.81833492709935,
JBLU,Industrials,4.121500015258789,-2.39,0.3,-1129000000.0,fcff,exit,8.0,377312181.0,,,274000000.0,7730000000.0,,fcf_dcf,0.15010999858856203,0.12245749894142152,,-28.2169813333092,-27.766993193943144,-28.2169813333092,-28.66696947267525,-784.6289270615823,pe<0
JBTM,Industrials,109.61499786376953,2.48,0.3,310100000.0,fcff,exit,8.0,51876817.0,,,558600000.0,1586000000.0,,fcf_dcf,0.104624998588562,0.0883437489414215,,56.42055443718208,64.2062610280955,56.42055443718208,48.63484784626866,-48.52843539959556,
JJSF,Consumer Defensive,77.41999816894531,2.6,0.3,92000000.0,fcff,exit,8.0,18681608.0,,,139203000.0,128807000.0,,fcf_dcf,0.08,0.08,,58.70865009284237,64.30772685207161,58.70865009284237,53.10957333361312,-24.168623764716692,
JKHY,Technology,143.55499267578125,6.97,0.14996616250321892,506506000.0,fcff,exit,8.0,70111999.0,,,871419000.0,27944000.0,,fcf_dcf,0.08399499973297118,0.08,,104.84503033351508,114.18438259754211,104.84503033351508,95.50567806948806,-26.96524977692177,
JNJ,Healthcare,254.46499633789062,8.629999999999999,0.0036680383339380285,22228000000.0,fcff,exit,8.0,2409898597.0,,,33959000000.0,28614000000.0,,fcf_dcf,0.08,0.08,,111.8131333625428,122.40172514614531,111.8131333625428,101.22454157894028,-56.059522931762274,
JOE,Real Estate,65.23500061035156,2.14,0.022834475122618825,191238000.0,fcff,exit,8.0,56930451.0,,,240860000.0,434166000.0,8506000.0,fcf_dcf,0.12348499973297118,0.09409024982643127,,29.737445745411055,32.71702661855936,29.73744574541105,26.757864872262754,-54.41489159625718,
JPM,Financial Services,332.2900085449219,23.34,-0.3,,fcff,exit,8.0,2658186195.0,,,,223142000000.0,,fcf_dcf,0.10885499973297119,0.09498399978637696,,,,,,,no_intrinsic
JRSH,Consumer Cyclical,5.90500020980835,0.37999999999999995,-0.3,6658131.0,fcff,exit,8.0,12699940.0,,,11752866.0,-3450067.0,144346.0,fcf_dcf,0.10621499973297119,0.08953624979972838,,7.7442753730898435,8.40975467655021,7.7442753730898435,7.078796069629478,31.147757797305626,
JSPR,Healthcare,0.5640000104904175,-1.5899999999999999,-0.3,,fcff,exit,8.0,33274561.0,,,-54603000.0,-7044000.0,,fcf_dcf,0.1080299997329712,0.09775049977302552,,,,,,,no_intrinsic
JYNT,Healthcare,7.119999885559082,0.27,-0.3,4228466.0,fcff,exit,8.0,14143154.0,,,3378231.0,-20120025.0,25000.0,fcf_dcf,0.11306000190734863,0.10202600162124634,,3.911242879474892,4.0734928862695154,3.911242879474892,3.748992872680268,-45.06681260757112,
KBR,Industrials,34.369998931884766,3.312569,-0.1416562518342387,355000000.0,fcff,exit,8.0,126067755.0,,,897000000.0,2546000000.0,6000000.0,fcf_dcf,0.08,0.08,,34.42885851075745,39.77537001177077,34.42885851075745,29.082347009744144,0.17125278062805332,
KD,Technology,11.704999923706055,0.37,0.3,148000000.0,fcff,exit,8.0,217818263.0,,,1421000000.0,2826000000.0,97000000.0,fcf_dcf,0.14809500190734864,0.13180575162124636,,20.12061719100113,23.998915075004998,20.120617191001127,16.24231930699726,71.8976276988348,
KDP,Consumer Defensive,30.739999771118164,0.99,0.3,1965000000.0,fcff,exit,8.0,1360826038.0,,,4283000000.0,28463000000.0,4196000000.0,fcf_dcf,0.08,0.08,,1.0225177554892242,3.387498152653996,1.0225177554892235,-1.3424626416755459,-96.67365724429857,
KELYA,Industrials,15.854999542236328,-7.81,-0.3,20500000.0,fcff,exit,8.0,34731943.0,,,-38300000.0,104500000.0,,fcf_dcf,0.10129000190734863,0.08584250143051148,,-7.0054346015023174,-7.811994026279623,-7.005434601502317,-6.198875176725011,-144.18438854470133,pe<0
KEY,Financial Services,20.190000534057617,1.72,-0.18797605295793884,1199000000.0,fcff,exit,8.0,1067128554.0,,,,12936000000.0,,fcf_dcf,0.11278500190734864,0.09812800152587892,,,,,,,no_intrinsic
KEYS,Technology,387.5249938964844,7.28,-0.3,1469000000.0,fcff,exit,8.0,170244745.0,,,1916000000.0,141000000.0,0.0,fcf_dcf,0.11773500190734863,0.10599975162124634,,93.3029568155782,100.81135854544063,93.3029568155782,85.79455508571576,-75.92337054768103,
KFFB,Financial Services,6.050000190734863,0.23000000000000004,-0.3,681000.0,fcff,exit,8.0,8086716.0,,,,32714000.0,,fcf_dcf,0.08,0.08,,,,,,,no_intrinsic
KFRC,Industrials,52.724998474121094,2.0764549999999997,-0.13635464968917677,22559000.0,fcff,exit,8.0,17909000.0,,,59610000.0,121736000.0,,fcf_dcf,0.10374499858856201,0.0876837489414215,,17.730017732287493,20.144007612807684,17.730017732287493,15.316027851767304,-66.37265387311508,
KFY,Industrials,72.5,5.3,-0.044953397010701335,318706000.0,fcff,exit,8.0,55958851.0,,,509088000.0,-207752000.0,6890000.0,fcf_dcf,0.122554998588562,0.1017912489414215,,75.80826024605027,81.99452264446231,75.80826024605027,69.62199784763824,4.5631175807589885,
KGC,Basic Materials,23.704999923706055,2.32,-0.3,3081800000.0,fcff,exit,8.0,1186240789.0,,,5601700000.0,-1917600000.0,121300000.0,fcf_dcf,0.136689998588562,0.1123924989414215,,36.09188221734692,39.15284178912206,36.09188221734692,33.03092264557177,52.254302187334886,
KGEI,Energy,6.235000133514404,0.53,-0.3,-12328000.0,fcff,exit,8.0,35936495.0,,,49604000.0,43735000.0,,fcf_dcf,0.134599998588562,0.10606999901199339,,4.7937329331581005,5.7143282841901515,4.7937329331581005,3.8731375821260503,-23.115752517938166,
KHC,Consumer Defensive,21.975000381469727,-2.86,-0.3,3816000000.0,fcff,exit,8.0,1185823758.0,,,5351000000.0,16582000000.0,124000000.0,fcf_dcf,0.08,0.08,,26.63692175064286,30.027680453892742,26.63692175064286,23.246163047392976,21.214658877113227,pe<0
KIDS,Healthcare,22.514999389648438,-1.68,-0.049556541683883126,-1835000.0,fcff,exit,8.0,26109788.0,,,-4543000.0,82628000.0,,fcf_dcf,0.107374998588562,0.0971937488002777,,-4.414995534477858,-4.5358113047738655,-4.414995534477858,-4.29417976418185,-119.60913015395288,pe<0
KIDZ,Consumer Defensive,2.299999952316284,4549898457.725051,0.16399033709313904,,fcff,exit,8.0,860677.0,,,-4995699.0,-3997997.0,,fcf_dcf,0.08,0.08,,,,,,,no_intrinsic
KIM,Real Estate,22.184999465942383,0.8500000000000001,-0.03652580172352127,,fcff,exit,8.0,670789373.0,,,1466145000.0,8159580000.0,157440000.0,fcf_dcf,0.10605499858856202,0.08276074908256531,,,,,,,no_intrinsic
KINS,Financial Services,18.885000228881836,2.42,0.3,83076430.0,fcff,exit,8.0,14476133.0,,,,-13123708.0,,fcf_dcf,0.08,0.08,,,,,,,no_intrinsic
KITT,Industrials,1.4149999618530273,-61.09,-0.3,,fcff,exit,8.0,1245327.0,,,-35383757.0,20664499.0,,fcf_dcf,0.08,0.08,,,,,,,no_intrinsic
KKR,Financial Services,89.7499008178711,3.14,0.06758229235449331,2339924000.0,fcff,exit,8.0,897635601.0,,,9735275000.0,33880806000.0,49402855000.0,fcf_dcf,0.15346499858856202,0.13067199887084963,,-31.271495746272322,-24.791632670258007,-31.271495746272322,-37.75135882228665,-134.842930701095,
KLAC,Technology,202.4600067138672,3.667,-0.13258452593612347,3767134000.0,fcff,exit,8.0,1305006492.0,,,6284343000.0,4501871000.0,0.0,fcf_dcf,0.13256499858856202,0.11860524880027772,,31.872645517339087,34.90838013700392,31.872645517339084,28.836910897674258,-84.25731282209028,
KLIC,Technology,99.38999938964844,2.17,-0.3,39973000.0,fcff,exit,8.0,52329115.0,,,160633000.0,-330455000.0,,fcf_dcf,0.13850499858856202,0.12365424880027771,,24.334937904141704,26.2269710820984,24.334937904141704,22.44290472618501,-75.51570776377709,
KLRS,Healthcare,2.5799999237060547,-2.19,-0.3,,fcff,exit,8.0,23804981.0,,,-44230000.0,-41773000.0,,fcf_dcf,0.10797999858856201,0.09770799880027771,,,,,,,no_intrinsic
KMB,Consumer Defensive,94.61000061035156,5.88,0.0892076579176202,1820000000.0,fcff,exit,8.0,332579038.0,,,3200000000.0,5561000000.0,124000000.0,fcf_dcf,0.08,0.08,,63.87180475070137,71.10178626577641,63.87180475070137,56.64182323562632,-32.489372858419614,
KMI,Energy,31.184999465942383,1.560016,-0.28294409687718314,3158000000.0,fcff,exit,8.0,2226802089.0,,,7697000000.0,32050000000.0,1248000000.0,fcf_dcf,0.08504499858856202,0.08,,11.818156090248205,14.415455087674955,11.818156090248205,9.220857092821461,-62.10307425800986,
KMT,Industrials,32.584999084472656,4.4,-0.3,-80913000.0,fcff,exit,8.0,76390031.0,,,633045000.0,667915000.0,43593000.0,fcf_dcf,0.125744998588562,0.10418374894142149,,31.07939433684252,36.653715672715826,31.07939433684252,25.50507300096922,-4.620545618942752,
KNF,Basic Materials,50.470001220703125,2.45,0.3,43061000.0,fcff,exit,8.0,56763420.0,,,493772000.0,1627958000.0,,fcf_dcf,0.08592499858856201,0.08,,26.81743424605935,33.35385479400392,26.817434246059346,20.281013698114776,-46.864605513307055,
KO,Consumer Defensive,85.88600158691406,3.3299999999999996,-0.15618785307203653,14297000000.0,fcff,exit,8.0,4302549243.0,,,19831000000.0,30636000000.0,2165000000.0,fcf_dcf,0.08,0.08,,34.1256984996904,37.589084095175494,34.125698499690394,30.6623129042053,-60.26628569365147,
KOD,Healthcare,90.17500305175781,-4.19,-0.06720233895721794,-159902000.0,fcff,exit,8.0,62849457.0,,,-216417000.0,-73147000.0,,fcf_dcf,0.16490499858856203,0.14609424880027772,,-23.30655856681166,-25.229158998105177,-23.30655856681166,-21.383958135518142,-125.84591935465129,pe<0
KOPN,Technology,4.929999828338623,-0.03,-0.3,-15173227.0,fcff,exit,8.0,185872614.0,,,-16175965.0,-32825594.0,7556481.0,fcf_dcf,0.25026499858856205,0.21865024880027772,,-0.3970164773261431,-0.43276517649937185,-0.3970164773261431,-0.36126777815291455,-108.05307284280241,pe<0
KR,Consumer Defensive,58.525001525878906,1.8399999999999999,-0.3,2384000000.0,fcff,exit,8.0,590588700.0,,,5816000000.0,22482000000.0,6000000.0,fcf_dcf,0.08,0.08,,38.17972314226922,45.579546386216855,38.17972314226921,30.779899898321577,-34.76339658806041,
KRMD,Healthcare,2.994999885559082,-0.03,-0.3,242898.0,fcff,exit,8.0,46171902.0,,,-861497.0,-4978265.0,,fcf_dcf,0.08,0.08,,0.017888846984487512,0.0038685218344082155,0.017888846984487516,0.0319091721345668,-99.4027095937218,pe<0
KRNY,Financial Services,9.270000457763672,0.5700000000000001,-0.029088957488050182,35274000.0,fcff,exit,8.0,63173275.0,,,,1035177000.0,,fcf_dcf,0.08724499858856201,0.08,,,,,,,no_intrinsic
KRO,Basic Materials,7.900000095367432,-0.95,-0.3,,fcff,exit,8.0,115097516.0,,,27900000.0,562000000.0,,fcf_dcf,0.11182999858856202,0.09374749894142151,,,,,,,no_intrinsic
KRRO,Healthcare,9.5600004196167,-7.42,-0.3,-68265000.0,fcff,exit,8.0,14725646.0,,,-73093000.0,17308000.0,,fcf_dcf,0.182779998588562,0.16128799880027772,,-37.90560955521977,-40.50040185604003,-37.905609555219776,-35.31081725439952,-496.5021745965526,pe<0
KRYS,Healthcare,328.3399963378906,7.98,-0.03617606745668167,257782000.0,fcff,exit,8.0,29598836.0,,,204416000.0,-418887000.0,,fcf_dcf,0.08036999858856202,0.08,,92.47184541308125,97.66130739648517,92.47184541308127,87.28238342967734,-71.83655770102413,
KSS,Consumer Cyclical,19.375,2.2899999999999996,0.20031260851035992,1034000000.0,fcff,exit,8.0,113376445.0,,,1289000000.0,5600000000.0,,fcf_dcf,0.12728499858856201,0.1053387489414215,,47.53337388251971,55.14108417478694,47.53337388251972,39.92566359025248,145.33354261945658,
KT,Communication Services,18.959999084472656,3863.0,0.3,1086283000000.0,fcff,exit,8.0,473451322.0,,,6125969000000.0,8221010000000.0,1846874000000.0,fcf_dcf,0.08,0.08,,66211.59153721896,75934.1719235603,66211.59153721896,56489.01115087762,349117.2718058996,upside>300%
KTOS,Industrials,43.38999938964844,0.17,-0.1944813192041196,-128900000.0,fcff,exit,8.0,187721327.0,,,116000000.0,-1244000000.0,,fcf_dcf,0.11386499858856201,0.09527374894142152,,7.302573196408622,7.735417631586937,7.302573196408622,6.869728761230304,-83.16991634217261,
KTTA,Healthcare,0.5095000267028809,-1.35,-0.3,,fcff,exit,8.0,33414448.0,,,-23301928.0,-45663782.0,,fcf_dcf,0.08,0.08,,,,,,,no_intrinsic
KURA,Healthcare,10.470000267028809,-3.37,0.00974414244173083,-117429000.0,fcff,exit,8.0,88960619.0,,,-293980000.0,-45787000.0,,fcf_dcf,0.08,0.08,,-24.92867900694418,-27.411823952392744,-24.92867900694418,-22.445534061495614,-338.09625951440853,pe<0
KVHI,Communication Services,6.934999942779541,-0.3,-0.3,-1409000.0,fcff,exit,8.0,18140962.0,,,3347000.0,-53065000.0,,fcf_dcf,0.08,0.08,,3.7060177116126614,3.8446541779112393,3.7060177116126614,3.5673812453140834,-46.560667019597794,pe<0
KVUE,Consumer Defensive,17.270000457763672,0.87,-0.1389047282926844,1914000000.0,fcff,exit,8.0,1920773467.0,,,3215000000.0,7503000000.0,,fcf_dcf,0.08,0.08,,10.366566735595205,11.624295260686198,10.366566735595205,9.108838210504212,-39.97355842028974,
L,Financial Services,106.2699966430664,8.09,-0.11659972274676322,1766000000.0,fcff,exit,8.0,204427720.0,,,,8428000000.0,917000000.0,fcf_dcf,0.08062500003814697,0.08,,,,,,,no_intrinsic
LAD,Consumer Cyclical,297.44000244140625,30.15,0.0504007804705513,-504300000.0,fcff,exit,8.0,21983116.0,,,2208500000.0,16199400000.0,25300000.0,fcf_dcf,0.12248000003814696,0.10173500002861022,,-282.96001502376447,-214.62814926751992,-282.9600150237645,-351.29188078000897,-195.13179555581326,
LARK,Financial Services,31.36,3.289524,-0.16821039937500015,22700000.0,fcff,exit,8.0,6100582.0,,,,72854000.0,,fcf_dcf,0.08,0.08,,,,,,,no_intrinsic
LASE,Industrials,0.8112999796867371,-0.63,-0.10247534617283927,,fcff,exit,8.0,60670338.0,,,-15905033.0,2737794.0,,fcf_dcf,0.19475000003814696,0.1559375000286102,,,,,,,no_intrinsic
LAW,Technology,4.215000152587891,-0.63,-0.3,-16389000.0,fcff,exit,8.0,64919765.0,,,-39611000.0,-5227000.0,,fcf_dcf,0.15823000003814697,0.1404205000324249,,-3.6277634293996353,-3.9769959259979646,-3.6277634293996357,-3.2785309328013064,-186.06793115232253,pe<0
LAZ,Financial Services,36.03499984741211,2.04,0.3,497277000.0,fcff,exit,8.0,97450572.0,,,485423000.0,1140718000.0,72585000.0,fcf_dcf,0.13320500003814698,0.11446400003051758,,32.855685425315116,36.05462911165957,32.855685425315116,29.656741738970656,-8.82285121565033,
LBRDK,Communication Services,36.02000045776367,-11.85,0.3,,fcff,exit,8.0,143497730.0,,,-6330000000.0,1180000000.0,0.0,fcf_dcf,0.08744500003814698,0.08,,,,,,,no_intrinsic
LBRT,Energy,19.90999984741211,1.09,0.01663166016667117,-316580000.0,fcff,exit,8.0,163191416.0,,,659441000.0,1057742000.0,,fcf_dcf,0.09278000003814697,0.08,,9.611781041852325,12.648193160070953,9.611781041852327,6.575368923633696,-51.72385175531953,
LBRX,Healthcare,36.13999938964844,-3.44,0.3,-82851000.0,fcff,exit,8.0,32259175.0,,,-94790000.0,-277894000.0,,fcf_dcf,0.10796000003814697,0.09769100003242492,,-18.02989111030724,-20.065571572205425,-18.02989111030724,-15.994210648409055,-149.88901885668412,pe<0
LCNB,Financial Services,18.864999771118164,1.7300000000000002,-0.054906605471739534,36257000.0,fcff,exit,8.0,14254988.0,,,,82172000.0,,fcf_dcf,0.08502500003814698,0.08,,,,,,,no_intrinsic
LCUT,Consumer Cyclical,9.180000305175781,1.43,0.3,20775000.0,fcff,exit,8.0,22988836.0,,,77921000.0,253892000.0,,fcf_dcf,0.10774000003814697,0.09068000002861024,,12.065532495980218,14.490196955991548,12.065532495980218,9.640868035968886,31.432811491057826,
LDI,Financial Services,0.6283000111579895,-0.30000000000000004,0.3,-282362000.0,fcff,exit,8.0,338155268.0,,,,4303556000.0,132015000.0,fcf_dcf,0.22637500003814698,0.1890000000305176,,,,,,,no_intrinsic
LDOS,Technology,117.88999938964844,10.72,0.0996617872719916,2163000000.0,fcff,exit,8.0,125492209.0,,,2318000000.0,5830000000.0,52000000.0,fcf_dcf,0.08541000003814697,0.08,,137.0036346385497,150.88329212126553,137.0036346385497,123.12397715583381,16.213109973584043,
LEE,Communication Services,6.82,-1.9300000000000002,-0.3,-3190000.0,fcff,exit,8.0,22292044.0,,,40485000.0,415868000.0,2279000.0,fcf_dcf,0.08,0.08,,-8.445076698182955,-7.080410817755468,-8.445076698182955,-9.809742578610443,-223.82810407892896,pe<0
LEN,Consumer Cyclical,77.16000366210938,5.29,0.3,716773000.0,fcff,exit,8.0,240895142.0,,,2177897000.0,3919538000.0,145088000.0,fcf_dcf,0.12864000003814696,0.10635500002861023,,43.038232400054284,49.06018924505209,43.038232400054284,37.01627555505647,-44.2220964782187,
LENZ,Healthcare,3.569999933242798,-4.09,0.3,-114419000.0,fcff,exit,8.0,31420343.0,,,-135204000.0,-23639000.0,,fcf_dcf,0.14811000003814698,0.1318185000324249,,-33.18291292699396,-35.74088345026951,-33.18291292699396,-30.624942403718414,-1029.4933766806087,pe<0
LESL,Consumer Cyclical,0.11699999868869781,-27.08,-0.3,-6345000.0,fcff,exit,8.0,9365475.0,,,-163715000.0,975548000.0,,fcf_dcf,0.14948500003814696,0.12198875002861023,,-193.57000755583582,-204.424687200148,-193.57000755583582,-182.71532791152364,-165544.45275667738,pe<0
LEVI,Consumer Cyclical,20.010000228881836,1.62,0.0,559300000.0,fcff,exit,8.0,384850562.0,,,976700000.0,1446300000.0,,fcf_dcf,0.125414998588562,0.1039362489414215,,15.681876777019081,17.390907818201143,15.681876777019081,13.972845735837018,-21.62980211072497,
LFMD,Healthcare,2.7399001121520996,-0.05000000000000002,0.3,-21756798.0,fcff,exit,8.0,48255837.0,,,-16377179.0,-19124491.0,0.0,fcf_dcf,0.16242999858856202,0.1439904988002777,,-2.752606392754914,-2.9438460753199895,-2.752606392754914,-2.5613667101898385,-200.46374977490817,pe<0
LFST,Healthcare,12.085000038146973,0.09000000000000001,-0.3,173905000.0,fcff,exit,8.0,380154147.0,,,131664000.0,233707000.0,,fcf_dcf,0.12112499858856202,0.1088812488002777,,3.0024999789672044,3.2305777569623446,3.002499978967205,2.7744222009720647,-75.15515126611794,
LFT,Real Estate,5.019999980926514,-1.4,0.3,,fcff,exit,8.0,5256406.0,,,,625868849.0,99500.0,fcf_dcf,0.09032499858856202,0.08,,,,,,,no_intrinsic
LFVN,Consumer Defensive,5.930500030517578,0.4,0.3,6670000.0,fcff,exit,8.0,12589444.0,,,8873000.0,-5052000.0,,fcf_dcf,0.092194998588562,0.08165599887084961,,6.834772740117506,7.360328710214247,6.834772740117507,6.3092167700207655,15.247832475283008,
LGIH,Consumer Cyclical,47.685001373291016,2.85,0.3,130953000.0,fcff,exit,8.0,23248272.0,,,73361000.0,1524430000.0,,fcf_dcf,0.155114998588562,0.1262112489414215,,-29.058423457341338,-27.13543747311526,-29.058423457341338,-30.98140944156741,-160.9382879741665,
LGND,Healthcare,304.1300048828125,9.35,0.3,119755000.0,fcff,exit,8.0,19935609.0,,,277066000.0,124751000.0,,fcf_dcf,0.10841999858856202,0.09808199880027772,,94.83664206957755,104.44791092873864,94.83664206957755,85.22537321041645,-68.81707146714444,
LH,Healthcare,308.5299987792969,12.09,-0.22351480875740048,1155200000.0,fcff,exit,8.0,81100000.0,,,2157200000.0,6624300000.0,16400000.0,fcf_dcf,0.09950999858856202,0.09050849880027771,,128.99828380723042,148.0408355070123,128.99828380723042,109.95573210744855,-58.18938699069333,
LHAI,Real Estate,1.0099999904632568,-0.019099,0.3,,fcff,exit,8.0,16530000.0,,,-200849.0,-4749280.0,,fcf_dcf,0.10793999671936036,0.08398599786758423,,,,,,,no_intrinsic
LHX,Industrials,237.89999389648438,9.899999999999999,-0.24046240069907654,2808000000.0,fcff,exit,8.0,186214616.0,,,3998000000.0,9478000000.0,0.0,fcf_dcf,0.08071499671936036,0.08,,141.88816622113862,158.0210165749269,141.88816622113862,125.75531586735033,-40.35806226927549,
LIF,Technology,42.935001373291016,0.28,0.1945948022676045,98474000.0,fcff,exit,8.0,81480369.0,,,25474000.0,44414000.0,,fcf_dcf,0.11222999671936035,0.10132049721145629,,5.988212354034242,6.201259835878196,5.988212354034242,5.775164872190286,-86.05284229067387,
LII,Industrials,356.9624938964844,22.12,0.28145468630232795,738700000.0,fcff,exit,8.0,34560675.0,,,1173600000.0,1973200000.0,,fcf_dcf,0.11690499671936036,0.09755374753952026,,217.4675943711932,241.0077732555414,217.46759437119323,193.92741548684498,-39.07830707999909,
LILA,Communication Services,8.680000305175781,-2.3400000000000003,-0.3,415000000.0,fcff,exit,8.0,195900000.0,,,1636700000.0,7830400000.0,465100000.0,fcf_dcf,0.09292499671936036,0.08223999737548829,,16.259166234623663,22.472398696167563,16.259166234623663,10.045933773079765,87.31757676239383,pe<0
LILAK,Communication Services,8.645000457763672,-2.3400000000000003,-0.3,415000000.0,fcff,exit,8.0,195900000.0,,,1636700000.0,7830400000.0,465100000.0,fcf_dcf,0.09292499671936036,0.08223999737548829,,16.259166234623663,22.472398696167563,16.259166234623663,10.045933773079765,88.07594417212627,pe<0
LIN,Basic Materials,481.9549865722656,15.48,-0.07386327147887439,4975000000.0,fcff,exit,8.0,460980163.0,,,13633000000.0,23115000000.0,1549000000.0,fcf_dcf,0.09215499671936035,0.08,,169.88257267363676,192.10498896498456,169.88257267363676,147.66015638228896,-64.75136114227877,
LIND,Consumer Cyclical,35.290000915527344,-0.38,-0.3,109027000.0,fcff,exit,8.0,65619689.0,,,105457000.0,346678000.0,33372000.0,fcf_dcf,0.17635999671936037,0.14214499753952028,,7.504747228629885,8.417673897052481,7.504747228629885,6.591820560207289,-78.73406904524094,pe<0
LINE,Real Estate,34.7400016784668,-0.72,-0.1506534399999997,244000000.0,fcff,exit,8.0,227674365.0,,,1079000000.0,7933000000.0,981000000.0,fcf_dcf,0.10386999671936036,0.08134049786758424,,-6.326689714056995,-2.787565316259433,-6.326689714056995,-9.865814111854556,-118.21154118705333,pe<0
LITS,Healthcare,1.4293999671936035,-1.9900000000000002,0.3,,fcff,exit,8.0,30407268.0,,,-12102000.0,-7544000.0,,fcf_dcf,0.08,0.08,,,,,,,no_intrinsic
LKFN,Financial Services,58.775001525878906,4.36,-0.06853505827713635,111658000.0,fcff,exit,8.0,24857840.0,,,,-122926000.0,89000.0,fcf_dcf,0.09484999671936035,0.08377999737548829,,,,,,,no_intrinsic
LKQ,Consumer Cyclical,22.690000534057617,1.8,0.3,625000000.0,fcff,exit,8.0,253002086.0,,,1307000000.0,5012000000.0,24000000.0,fcf_dcf,0.10007499671936035,0.08493124753952025,,20.753304392131735,24.5476881804509,20.753304392131735,16.95892060381256,-8.535460979910106,
LLY,Healthcare,1155.7049560546875,29.8,-0.26511677560551405,13560000000.0,fcff,exit,8.0,891741406.0,,,43304800000.0,45958000000.0,57500000.0,fcf_dcf,0.08,0.08,,304.5813148999134,341.07176211459347,304.5813148999134,268.09086768523343,-73.64540895111462,
LLYVA,Communication Services,97.23999786376953,-8.4,0.3,,fcff,exit,8.0,92005376.0,,,-649781000.0,1602672000.0,21946000.0,fcf_dcf,0.10799499671936034,0.09429599737548829,,,,,,,no_intrinsic
LMAT,Healthcare,80.18499755859375,2.85,-0.11629338052679927,73825000.0,fcff,exit,8.0,22869257.0,,,100434000.0,163629000.0,,fcf_dcf,0.08,0.08,,32.886532661102166,36.186508697067445,32.886532661102166,29.586556625136886,-58.98667623320569,
LMB,Industrials,49.40999984741211,2.5,0.3,50608000.0,fcff,exit,8.0,11924993.0,,,59561000.0,42057000.0,,fcf_dcf,0.125854998588562,0.1042662489414215,,40.16901216329828,43.52743762880108,40.16901216329827,36.81058669779547,-18.702666894660673,
LMNR,Consumer Defensive,11.630000114440918,-2.3899999999999997,0.3,-31043000.0,fcff,exit,8.0,18132007.0,,,-43489000.0,101826000.0,18399000.0,fcf_dcf,0.08,0.08,,-28.28349973072315,-30.085752181631424,-28.28349973072315,-26.481247279814873,-343.19432031306394,pe<0
LMT,Industrials,505.7749938964844,27.13,-0.3,8729000000.0,fcff,exit,8.0,230790753.0,,,10221000000.0,16747000000.0,,fcf_dcf,0.08,0.08,,353.49215051416877,386.77013887672217,353.4921505141688,320.2141621516155,-30.108812262371938,
LNAI,Healthcare,1.159999966621399,-0.3999999999999999,0.3,,fcff,exit,8.0,4533890.0,,,-126532829.0,-1743905.0,,fcf_dcf,0.08,0.08,,,,,,,no_intrinsic
LNG,Energy,272.8500061035156,13.430000000000001,0.3,2791000000.0,fcff,exit,8.0,206534158.0,,,7890000000.0,25457000000.0,5299000000.0,fcf_dcf,0.08,0.08,,137.83670361976277,166.54234111480994,137.83670361976277,109.13106612471559,-49.48260929579405,
LNT,Utilities,64.68000030517578,3.19,0.02510863415728659,,fcff,exit,8.0,259284699.0,,,2025000000.0,11725000000.0,,fcf_dcf,0.08130499858856201,0.08,,,,,,,no_intrinsic
LOAN,Real Estate,3.849900007247925,0.44,0.19088919884658995,,fcff,exit,8.0,11425509.0,,,,19514879.0,,fcf_dcf,0.08,0.08,,,,,,,no_intrinsic
LOCL,Consumer Defensive,1.0400999784469604,-2.7699999999999996,-0.3,-34766000.0,fcff,exit,8.0,23381516.0,,,-27758000.0,486100000.0,,fcf_dcf,0.20769499858856202,0.17405599887084963,,-30.4627533962662,-31.050340566175333,-30.4627533962662,-29.875166226357074,-3028.8293459780743,pe<0
LOVE,Consumer Cyclical,14.489999771118164,1.22,-0.3,44083000.0,fcff,exit,8.0,14423433.0,,,38855000.0,122220000.0,,fcf_dcf,0.17247500003814698,0.13923125002861023,,15.028710217210593,16.578667335953295,15.028710217210593,13.478753098467893,3.7178085203714093,
LOW,Consumer Cyclical,179.41000366210938,11.829999999999998,-0.0024821582825074184,7000000000.0,fcff,exit,8.0,560707041.0,,,12837000000.0,38851000000.0,,fcf_dcf,0.10125000003814696,0.08581250002861021,,116.63947729060632,133.387139978382,116.63947729060631,99.89181460283065,-34.987194186630475,
LPG,Energy,55.64500045776367,7.550000000000001,-0.3,148832301.0,fcff,exit,8.0,42782681.0,,,420578201.0,304096544.0,,fcf_dcf,0.09300000003814697,0.08,,66.6880584746959,74.07493507350067,66.6880584746959,59.301181875891125,19.845552926743622,
LPSN,Technology,3.1,-10.000005,0.3,-16270000.0,fcff,exit,8.0,12337297.0,,,-62014000.0,301894000.0,,fcf_dcf,0.13216000003814696,0.11826100003242491,,-54.905301735743144,-58.07892001889156,-54.90530173574315,-51.73168345259474,-1871.1387656691336,pe<0
LQDA,Healthcare,26.920000076293945,1.3699999999999999,-0.3,147694000.0,fcff,exit,8.0,88928099.0,,,177828000.0,-101285000.0,,fcf_dcf,0.08651000003814696,0.08,,20.178195332020515,21.680794752052694,20.178195332020515,18.67559591198834,-25.043851133605084,
LRCX,Technology,345.57000732421875,5.76,-0.28194088310371235,4891252000.0,fcff,exit,8.0,1251424362.0,,,8860890000.0,-1844608000.0,,fcf_dcf,0.15493000003814697,0.1376155000324249,,48.55231084308319,52.655259621468254,48.55231084308319,44.44936206469812,-85.95007963248074,
LTC,Real Estate,42.974998474121094,2.71,-0.3,,fcff,exit,8.0,53905563.0,,,225349000.0,739067000.0,73075000.0,fcf_dcf,0.08282500003814697,0.08,,,,,,,no_intrinsic
LTH,Consumer Cyclical,40.75,1.83,-0.17346432272600865,-150951000.0,fcff,exit,8.0,223461948.0,,,866200000.0,4051924000.0,,fcf_dcf,0.13480000003814696,0.11097500002861022,,-0.5360794832078364,1.99260140785215,-0.5360794832078356,-3.0647603742678253,-101.31553247412965,
LTM,Industrials,50.935001373291016,5.426,0.009650111069036349,,fcff,exit,8.0,292743939.0,,,2320754000.0,6374391000.0,-14993000.0,fcf_dcf,0.09938000003814697,0.08441000002861024,,,,,,,no_intrinsic
LUCD,Healthcare,0.6694999933242798,-0.44999999999999996,0.29148781455782014,-47184000.0,fcff,exit,8.0,190948730.0,,,-51366000.0,-8495000.0,,fcf_dcf,0.11478000003814698,0.10348800003242493,,-2.389478565578256,-2.570997426782152,-2.389478565578256,-2.207959704374361,-456.90494240541176,pe<0
LUCK,Consumer Cyclical,5.260000228881836,-0.304075,-0.3,-261242000.0,fcff,exit,8.0,136328020.0,,,295158000.0,2771452000.0,,fcf_dcf,0.08876500003814697,0.08,,-15.41231945405428,-13.785454464665643,-15.412319454054282,-17.03918444344292,-393.00986280243205,pe<0
LULU,Consumer Cyclical,92.4000015258789,12.209999999999999,0.17503960659670503,1354336000.0,fcff,exit,8.0,110710025.0,,,2518426000.0,751390000.0,,fcf_dcf,0.10367000003814697,0.08762750002861022,,175.88981985162877,192.39203346689342,175.88981985162877,159.38760623636418,90.35694474784881,
LUMN,Communication Services,5.769899845123291,-1.02,-0.3,837000000.0,fcff,exit,8.0,1031445404.0,,,2305000000.0,11619000000.0,,fcf_dcf,0.15515000003814697,0.1320200000305176,,2.353769862062566,3.6810269224965935,2.3537698620625656,1.0265128016285396,-59.20605339359628,pe<0
LUNG,Healthcare,1.8550000190734863,-1.1600000000000001,-0.3,-30669000.0,fcff,exit,8.0,42948269.0,,,-42832000.0,368000.0,,fcf_dcf,0.08,0.08,,-9.021310699780798,-9.770695311204827,-9.021310699780798,-8.27192608835677,-586.3240219418789,pe<0
LUNR,Industrials,14.404999732971191,-0.930099,0.3,-187814000.0,fcff,exit,8.0,161412958.0,,,-137368000.0,62446000.0,1195220000.0,fcf_dcf,0.155499998588562,0.1264999989414215,,-16.296795117221894,-16.81475015254845,-16.296795117221894,-15.778840081895334,-213.13290815216484,pe<0
LUV,Industrials,42.154998779296875,1.63,-0.3,-455000000.0,fcff,exit,8.0,489208201.0,,,2779000000.0,3098000000.0,,fcf_dcf,0.116504998588562,0.0972537489414215,,21.458155157233,25.4014596170767,21.458155157233,17.5148506973893,-49.09700918370917,
LVS,Consumer Cyclical,36.290000915527344,2.57,0.012441530096961584,2700000000.0,fcff,exit,8.0,647701184.0,,,4618000000.0,11886000000.0,316000000.0,fcf_dcf,0.095219998588562,0.0812899989414215,,41.321325831615795,46.64693345679024,41.321325831615795,35.995718206441346,13.86421821206322,
LW,Consumer Defensive,43.73500061035156,2.08,0.13613786595967015,540200000.0,fcff,exit,8.0,137483158.0,,,987800000.0,3874700000.0,,fcf_dcf,0.08,0.08,,31.61210817066477,37.01096242845668,31.61210817066477,26.21325391287285,-27.718971694303455,
LWAY,Consumer Defensive,20.940000534057617,0.7,0.3,-31115000.0,fcff,exit,8.0,15281888.0,,,20072000.0,15379000.0,,fcf_dcf,0.08,0.08,,-1.7149329904606425,-0.7279817045205526,-1.7149329904606425,-2.701884276400732,-108.18974664146455,
LXU,Basic Materials,10.039999961853027,0.5,0.3,86501000.0,fcff,exit,8.0,71997504.0,,,152755000.0,461114000.0,,fcf_dcf,0.08,0.08,,11.426683627688817,13.020947025150507,11.426683627688817,9.83242023022713,13.811590349646346,
LYFT,Technology,15.505000114440918,0.38,-0.3,1112326000.0,fcff,exit,8.0,378540249.0,,,161298000.0,123662000.0,,fcf_dcf,0.1608000019073486,0.14260500162124634,,12.193077574053332,12.434644333699604,12.193077574053333,11.95151081440706,-21.360351602338625,
LYTS,Technology,21.110000610351562,0.67,0.3,39006000.0,fcff,exit,8.0,37261336.0,,,53967000.0,292477000.0,,fcf_dcf,0.08,0.08,,5.280868834409127,6.369177119725601,5.2808688344091275,4.192560549092651,-74.98404224668954,
LYV,Communication Services,170.66000366210938,0.3399999999999999,0.3,1374870000.0,fcff,exit,8.0,232959505.0,,,1690167000.0,2210763000.0,1736835000.0,fcf_dcf,0.11740500190734864,0.10182400152587892,,46.066920520514266,50.99966817908615,46.066920520514266,41.134172861942375,-73.006609907426,
MA,Financial Services,561.8099975585938,18.18,-0.23120748390475954,15975000000.0,fcff,exit,8.0,876009940.0,,,22116000000.0,13352000000.0,-5000000.0,fcf_dcf,0.09480000190734864,0.08374000152587892,,210.22693846580202,228.87238923492194,210.22693846580202,191.58148769668213,-62.58042053730514,
MAC,Real Estate,23.030000686645508,-0.6500000000000001,-0.3,,fcff,exit,8.0,283559375.0,,,431834000.0,4684484000.0,80275000.0,fcf_dcf,0.16850000190734865,0.12335000123977663,,,,,,,no_intrinsic
MAGN,Consumer Defensive,11.600000381469727,-2.7800000000000002,0.0,,fcff,exit,8.0,35850147.0,,,,1771000000.0,,fcf_dcf,0.10800000190734863,0.0943000015258789,,,,,,,no_intrinsic
MAIN,Financial Services,55.06999969482422,4.96,0.13945231012947734,,fcff,exit,8.0,93508461.0,,,,2475547000.0,,fcf_dcf,0.09419500190734864,0.08325600152587892,,,,,,,no_intrinsic
MAMA,Consumer Defensive,12.8100004196167,0.15,-0.3,17293000.0,fcff,exit,8.0,47147469.0,,,16666000.0,-125701000.0,,fcf_dcf,0.08352500190734863,0.08,,6.341046825728077,6.606663341315137,6.341046825728077,6.075430310141017,-50.49924576100978,
MAMO,Consumer Cyclical,0.9399999976158142,0.05,0.0,,fcff,exit,8.0,41640950.0,,,5176238.0,3882302.0,,fcf_dcf,0.08,0.08,,,,,,,no_intrinsic
MAN,Industrials,54.81999969482422,2.1999999999999997,0.3,68900000.0,fcff,exit,8.0,46505570.0,,,407000000.0,1239400000.0,100000.0,fcf_dcf,0.08979500190734863,0.08,,32.21727766455104,38.79342475897346,32.21727766455104,25.641130570128627,-41.230795614920794,
MAR,Consumer Cyclical,356.6700134277344,9.65,-4.440892098500626e-16,3132000000.0,fcff,exit,8.0,260766288.0,,,5031000000.0,17312000000.0,,fcf_dcf,0.11718500190734864,0.09776375143051147,,88.93867008209213,102.30029575158261,88.93867008209213,75.57704441260167,-75.06415826007975,
MARA,Financial Services,10.949999809265137,-9.16,0.3,-1239178000.0,fcff,exit,8.0,386299297.0,,,-2774489000.0,2044685000.0,98846000.0,fcf_dcf,0.3471400019073486,0.2856120015258789,,-32.05825032020189,-34.31617971873549,-32.05825032020189,-29.80032092166828,-392.7694144165775,pe<0
MAS,Industrials,68.69000244140625,4.3500000000000005,-0.2524621886990428,1126000000.0,fcff,exit,8.0,197187430.0,,,1337000000.0,2945000000.0,247000000.0,fcf_dcf,0.12400500190734863,0.10287875143051148,,43.24002460473005,47.82792723140555,43.24002460473005,38.65212197805456,-37.05048323209111,
MATW,Industrials,19.084999084472656,-0.950945,0.3,-81967000.0,fcff,exit,8.0,31213173.0,,,109189000.0,590551000.0,0.0,fcf_dcf,0.11047500190734863,0.09273125143051147,,-9.81775228713356,-7.338760951408913,-9.81775228713356,-12.296743622858209,-151.44224657113645,pe<0
MATX,Industrials,227.80999755859375,13.61,-0.12307006205270199,199500000.0,fcff,exit,8.0,29903458.0,,,817000000.0,597100000.0,,fcf_dcf,0.12455500190734863,0.10329125143051146,,154.17209132664078,172.62439658579865,154.17209132664078,135.7197860674829,-32.32426452794855,
MBC,Consumer Cyclical,7.059999942779541,-0.6900000000000001,0.3,74400000.0,fcff,exit,8.0,203490490.0,,,74000000.0,1448200000.0,,fcf_dcf,0.13429000190734863,0.11059250143051147,,-3.7891857291018276,-3.551548337506202,-3.789185729101827,-4.026823120697453,-153.6711863996137,pe<0
MBI,Financial Services,4.449999809265137,-3.0,-0.3,,fcff,exit,8.0,51016444.0,,,,3273000000.0,8000000.0,fcf_dcf,0.13302500190734862,0.1143200015258789,,,,,,,no_intrinsic
MBIN,Financial Services,49.540000915527344,4.9799999999999995,-0.3,-779852000.0,fcff,exit,8.0,45938075.0,,,,3967894000.0,,fcf_dcf,0.11966000190734863,0.10362800152587891,,,,,,,no_intrinsic
MBIO,Healthcare,0.46299999952316284,-0.56,0.3,,fcff,exit,8.0,7577506.0,,,-3522000.0,-15150000.0,,fcf_dcf,0.16811500190734863,0.1488227516212463,,,,,,,no_intrinsic
MBRX,Healthcare,0.4797999858856201,-50.62,-0.3,,fcff,exit,8.0,20385780.0,,,-28827000.0,-6970000.0,,fcf_dcf,0.16316500190734864,0.14461525162124633,,,,,,,no_intrinsic
MBX,Healthcare,56.95000076293945,-2.4,0.19389778832523108,-85197000.0,fcff,exit,8.0,48160096.0,,,-117664000.0,-50783000.0,,fcf_dcf,0.08,0.08,,-21.108114987775608,-22.94396985654941,-21.108114987775604,-19.272260119001803,-137.0642927216813,pe<0
MCB,Financial Services,88.08000183105469,7.9,-0.3,99669000.0,fcff,exit,8.0,12397778.0,,,,-223326000.0,,fcf_dcf,0.10998000190734863,0.09588400152587892,,,,,,,no_intrinsic
MCD,Consumer Cyclical,229.9499969482422,12.309999999999999,0.005188056563578902,7761000000.0,fcff,exit,8.0,707641531.0,,,15075000000.0,53770000000.0,,fcf_dcf,0.08,0.08,,98.42294654535735,114.43054157668071,98.42294654535735,82.41535151403399,-57.1981092187139,
MCHB,Financial Services,14.880000114440918,1.24,-0.04102013434892848,183743000.0,fcff,exit,8.0,221426509.0,,,,-265321000.0,,fcf_dcf,0.08,0.08,,,,,,,no_intrinsic
MCHP,Technology,80.98999786376953,0.6699999999999999,-0.3,1110900000.0,fcff,exit,8.0,543008691.0,,,1460000000.0,5126400000.0,,fcf_dcf,0.149724998588562,0.13319124880027772,,10.811249992172344,12.399909674915001,10.811249992172344,9.222590309429682,-86.65112942667615,
MCHX,Communication Services,1.309999942779541,-0.12000000000000001,0.3,-2467000.0,fcff,exit,8.0,44337890.0,,,-1504000.0,-7663000.0,,fcf_dcf,0.157699998588562,0.1340599988708496,,-0.19160022164564847,-0.21156633411512335,-0.19160022164564847,-0.17163410917617364,-114.62597175684708,pe<0
MCK,Healthcare,906.2550048828125,37.37,-0.11356841525732564,6145000000.0,fcff,exit,8.0,116590363.0,,,7500000000.0,6537000000.0,2939000000.0,fcf_dcf,0.08,0.08,,528.1496649407151,576.486775969273,528.1496649407151,479.8125539121571,-41.721738131641004,
MCO,Financial Services,445.04998779296875,15.77,-0.3,2967000000.0,fcff,exit,8.0,173180984.0,,,4357000000.0,6055000000.0,141000000.0,fcf_dcf,0.12700999858856202,0.10950799887084962,,163.41958865876484,179.94057712194135,163.41958865876484,146.8986001955883,-63.28062169618901,
MCRB,Healthcare,2.880000114440918,-2.9400000000000004,0.3,-51510000.0,fcff,exit,8.0,10044781.0,,,24889000.0,41050000.0,,fcf_dcf,0.08,0.08,,-10.862213249883412,-9.0003445263062,-10.862213249883412,-12.724081973460622,-477.16016730061995,pe<0
MCS,Communication Services,27.014999389648438,0.71,0.3,66686000.0,fcff,exit,8.0,30832159.0,,,104781000.0,293636000.0,,fcf_dcf,0.08482499858856202,0.08,,20.045510078148027,22.59915602198522,20.045510078148027,17.49186413431083,-25.798591408338023,
MDAI,Healthcare,1.6649999618530273,-0.35,-0.3,,fcff,exit,8.0,31823985.0,,,-7063000.0,2276000.0,,fcf_dcf,0.119419998588562,0.1074319988002777,,,,,,,no_intrinsic
MDB,Technology,356.30999755859375,0.71,0.3,659020000.0,fcff,exit,8.0,80431927.0,,,115359000.0,-973806000.0,,fcf_dcf,0.149119998588562,0.13267699880027772,,49.148901459718424,49.998264699114145,49.148901459718424,48.299538220322695,-86.2061402159685,
MDLZ,Consumer Defensive,58.0,2.720109,-0.3,2575000000.0,fcff,exit,8.0,1276308057.0,,,5231000000.0,20098000000.0,54000000.0,fcf_dcf,0.08,0.08,,17.374344515224934,20.454064920703754,17.374344515224934,14.294624109746115,-70.04423359443976,
MDRR,Real Estate,10.4105,3.92,-0.3,-1134480.0,fcff,exit,8.0,1628500.0,,,15835781.0,2659239.0,13247627.0,fcf_dcf,0.08421999858856201,0.08,,45.743562728771536,53.05047352659607,45.743562728771536,38.43665193094701,339.3983260052018,upside>300%
MDT,Healthcare,87.7074966430664,4.06,-0.20745082536839776,6132000000.0,fcff,exit,8.0,1279137890.0,,,10267000000.0,26462000000.0,618000000.0,fcf_dcf,0.08416499858856201,0.08,,47.33784582271653,53.36910900364607,47.337845822716524,41.30658264178699,-46.027594408078734,
MDU,Utilities,18.6299991607666,0.95,-0.3,-386131000.0,fcff,exit,8.0,210349456.0,,,546027000.0,2530888000.0,,fcf_dcf,0.08,0.08,,-4.184804412733111,-2.2342646571586937,-4.184804412733111,-6.135344168307531,-122.46271927669218,
MDV,Real Estate,18.049999237060547,0.36000000000000004,0.3,,fcff,exit,8.0,10323670.0,,,38988000.0,251713000.0,38866000.0,fcf_dcf,0.08,0.08,,,,,,,no_intrinsic
MEC,Industrials,16.5,-0.84,0.3,-4573000.0,fcff,exit,8.0,25500331.0,,,31452000.0,152543000.0,,fcf_dcf,0.13194000003814696,0.10883000002861021,,-0.18550979815810412,0.6269062066549185,-0.185509798158104,-0.997925802971127,-101.12430180701881,pe<0
MED,Consumer Cyclical,11.680000305175781,-2.33,0.3,4013000.0,fcff,exit,8.0,11180703.0,,,-5660000.0,-44292000.0,,fcf_dcf,0.09140500003814697,0.08,,2.4351071592250157,2.0547168876658795,2.4351071592250157,2.815497430784151,-79.15148034588712,pe<0
MEI,Technology,15.882499694824219,-1.04,-0.3,-13300000.0,fcff,exit,8.0,35645053.0,,,68700000.0,217000000.0,,fcf_dcf,0.13903500003814698,0.12410475003242492,,1.9896916968168363,3.1752540939220797,1.9896916968168363,0.8041292997115933,-87.4724272938898,pe<0
MELI,Consumer Cyclical,1803.280029296875,36.77,0.10271536572275863,12409000000.0,fcff,exit,8.0,50696802.0,,,3802000000.0,9527000000.0,,fcf_dcf,0.12490000003814697,0.10355000002861023,,1189.1926827930101,1239.7835741506226,1189.1926827930101,1138.6017914353977,-34.05390935002515,
MEOH,Basic Materials,59.9900016784668,1.03,-0.3,936292000.0,fcff,exit,8.0,77364263.0,,,1007776000.0,2750157000.0,310762000.0,fcf_dcf,0.10664000003814697,0.08985500002861022,,85.0881979512254,94.44184272849724,85.0881979512254,75.7345531739536,41.837298834028054,
MET,Financial Services,96.33999633789062,5.225706,-0.19476723026419018,,fcff,exit,8.0,635476927.0,,,,2044000000.0,520000000.0,fcf_dcf,0.09558500003814697,0.08436800003051759,,,,,,,no_intrinsic
META,Communication Services,741.7999877929688,26.55,-0.3,40976000000.0,fcff,exit,8.0,2547506225.0,,,112282000000.0,96856000000.0,,fcf_dcf,0.11813500003814698,0.10240800003051759,,265.1648571347251,295.0519700073034,265.1648571347251,235.27774426214674,-64.25386067696583,
MFIN,Financial Services,11.770000457763672,1.33,0.3,,fcff,exit,8.0,22960249.0,,,,173842000.0,99429000.0,fcf_dcf,0.09531000003814696,0.08414800003051758,,,,,,,no_intrinsic
MG,Industrials,20.65999984741211,0.8300000000000001,0.18346424869575562,23443000.0,fcff,exit,8.0,31860352.0,,,81069000.0,188617000.0,213000.0,fcf_dcf,0.10276999671936035,0.08695249753952025,,11.93866920392455,13.790290986479153,11.938669203924551,10.087047421369945,-42.21360458809491,
MGM,Consumer Cyclical,30.540000915527344,1.6500000000000001,-0.3,1494547000.0,fcff,exit,8.0,255851235.0,,,1990430000.0,27299577000.0,862283000.0,fcf_dcf,0.12724499671936035,0.10530874753952027,,-45.318102602612996,-40.111646458942445,-45.318102602612996,-50.52455874628353,-248.3893295483566,
MGRX,Healthcare,0.42649999260902405,-1.5699999999999998,-0.3,,fcff,exit,8.0,21567422.0,,,-13392608.0,95463.0,-2118.0,fcf_dcf,0.16200499671936036,0.1436292472114563,,,,,,,no_intrinsic
MGYR,Financial Services,19.315,1.87,-0.21013719237665873,14129000.0,fcff,exit,8.0,6455383.0,,,,37583000.0,,fcf_dcf,0.08,0.08,,,,,,,no_intrinsic
MH,Consumer Defensive,12.904999732971191,0.49999999999999994,0.3,205345000.0,fcff,exit,8.0,191308814.0,,,691377000.0,2450605000.0,,fcf_dcf,0.10793999671936036,0.0942519973754883,,11.904825867448935,14.448105229818587,11.904825867448933,9.361546505079284,-7.750281954418769,
MHK,Consumer Cyclical,126.94999694824219,7.55,-0.3,811500000.0,fcff,exit,8.0,67738145.0,,,1255900000.0,1509100000.0,4000000.0,fcf_dcf,0.11717999671936034,0.09775999753952025,,128.6982682716637,141.53887706579084,128.6982682716637,115.85765947753656,1.3771338050006254,
MIDD,Industrials,105.25,-9.26,-0.3,463302000.0,fcff,exit,8.0,45222349.0,,,678327000.0,1841170000.0,,fcf_dcf,0.12658499671936035,0.10481374753952027,,80.34213054893485,90.4031386146862,80.34213054893485,70.2811224831835,-23.66543415778162,pe<0
MIND,Technology,4.4019999504089355,-0.26,0.3,-3859000.0,fcff,exit,8.0,9089055.0,,,-46000.0,-14919000.0,,fcf_dcf,0.08,0.08,,-0.18320846207683467,-0.18701141703419494,-0.1832084620768347,-0.17940550711947426,-104.16193694095375,pe<0
MIRM,Healthcare,81.61000061035156,-14.550412,0.3,-263741000.0,fcff,exit,8.0,64932203.0,,,-818154000.0,432221000.0,,fcf_dcf,0.08674499816894532,0.08,,-99.56491674906589,-109.03288955037392,-99.56491674906587,-90.09694394775782,-222.00087734889306,pe<0
MITK,Technology,17.799999237060547,0.48,-0.23956998546305042,48613000.0,fcff,exit,8.0,45122374.0,,,53495000.0,-38370000.0,,fcf_dcf,0.10461999816894531,0.09485199844360351,,11.88433020434399,12.716371789330001,11.884330204343987,11.052288619357974,-33.23409711389099,
MITT,Real Estate,5.739999771118164,0.74,0.18558753006171358,,fcff,exit,8.0,31803475.0,,,,7281474000.0,,fcf_dcf,0.1512599981689453,0.11214399880981446,,,,,,,no_intrinsic
MKC,Consumer Defensive,44.68000030517578,5.82,-0.3,1019900000.0,fcff,exit,8.0,269064479.0,,,1390700000.0,4602300000.0,577700000.0,fcf_dcf,0.0881749981689453,0.08,,27.837045540219094,31.72086620878588,27.837045540219094,23.953224871652306,-37.69685463275518,
MKC-V,Consumer Defensive,45.72999954223633,5.58,-0.3,1019900000.0,fcff,exit,8.0,269064479.0,,,1390700000.0,4602300000.0,577700000.0,fcf_dcf,0.0881749981689453,0.08,,27.837045540219094,31.72086620878588,27.837045540219094,23.953224871652306,-39.127387231856986,
MKL,Financial Services,1741.8349609375,181.86,-0.0675811337192399,2118316000.0,fcff,exit,8.0,12389958.0,,,,944516000.0,465937000.0,fcf_dcf,0.0881749981689453,0.08,,,,,,,no_intrinsic
MKTX,Financial Services,164.21499633789062,8.48,-0.07480229715879516,142585000.0,fcff,exit,8.0,35197197.0,,,458547000.0,-66881000.0,14441000.0,fcf_dcf,0.09653499816894531,0.08512799853515626,,94.85946655032338,104.41977247631881,94.85946655032338,85.29916062432795,-42.23458961376495,
MLI,Industrials,62.810001373291016,3.84,-0.07076773444436901,666374000.0,fcff,exit,8.0,221181388.0,,,1191484000.0,-1364064000.0,26266000.0,fcf_dcf,0.11286999816894532,0.09452749862670898,,48.59056261057608,52.37679362586051,48.59056261057608,44.80433159529166,-22.63881301037757,
MLM,Basic Materials,480.239990234375,40.699999999999996,-0.3,810000000.0,fcff,exit,8.0,71019382.0,,,2085000000.0,6233000000.0,2000000.0,fcf_dcf,0.1125949981689453,0.09432124862670899,,123.84741742905754,144.5014980982653,123.84741742905756,103.1933367598498,-74.21134850335655,
MLR,Consumer Cyclical,54.16999816894531,1.24,0.3,112729000.0,fcff,exit,8.0,11352184.0,,,37288000.0,-49922000.0,,fcf_dcf,0.11501499816894531,0.09613624862670897,,62.945965290925095,65.23771839205074,62.945965290925095,60.654212189799445,16.20078903198281,
MLYS,Healthcare,23.137100219726562,-4.24,0.3,,fcff,exit,8.0,88406885.0,,,-370752000.0,-138268000.0,,fcf_dcf,0.09086999816894531,0.0831644984436035,,,,,,,no_intrinsic
MMI,Real Estate,28.440000534057617,0.37000000000000005,0.3,84518000.0,fcff,exit,8.0,37871003.0,,,36299000.0,-77613000.0,,fcf_dcf,0.1245849981689453,0.09480524880981446,,16.501364330842428,17.174192797725514,16.501364330842428,15.82853586395934,-41.978326227238895,
MMM,Industrials,161.6649932861328,5.63,-0.15126256346094802,3985000000.0,fcff,exit,8.0,515722417.0,,,6162000000.0,9596000000.0,53000000.0,fcf_dcf,0.11110999816894532,0.09320749862670899,,80.41305954427976,88.86183043889054,80.41305954427976,71.96428864966899,-50.25944831361498,
MMS,Industrials,54.14500045776367,6.7700000000000005,-0.14440313097455926,433230000.0,fcff,exit,8.0,52357763.0,,,715712000.0,1674865000.0,,fcf_dcf,0.0852599981689453,0.08,,85.15086316763993,95.42249151884143,85.15086316763993,74.87923481643844,57.26449801041682,
MNKD,Healthcare,3.765000104904175,-0.13,0.3,-18135000.0,fcff,exit,8.0,321544484.0,,,20266000.0,277919000.0,,fcf_dcf,0.11242999816894532,0.10149049844360351,,-0.7462446119028,-0.7033281355474506,-0.7462446119028,-0.7891610882581497,-119.82057346906218,pe<0
MNOV,Healthcare,1.7949999570846558,-0.23,-0.24861405862733454,,fcff,exit,8.0,49221246.0,,,-11831257.0,-25298883.0,,fcf_dcf,0.08668999816894532,0.08,,,,,,,no_intrinsic
MNSB,Financial Services,24.90999984741211,2.04,-0.04588137605566833,23220000.0,fcff,exit,8.0,7121076.0,,,,39224000.0,,fcf_dcf,0.08382999816894532,0.08,,,,,,,no_intrinsic
MNST,Consumer Defensive,43.099998474121094,1.08,-0.18161899964909323,2081494000.0,fcff,exit,8.0,1959051764.0,,,2858003000.0,-1993365000.0,,fcf_dcf,0.08,0.08,,14.2772984115673,15.373521261068108,14.2772984115673,13.181075562066493,-66.8740164338058,
MO,Consumer Defensive,67.2750015258789,5.49,-0.3,9112000000.0,fcff,exit,8.0,1669743926.0,,,11805000000.0,22210000000.0,50000000.0,fcf_dcf,0.08,0.08,,52.22969206800514,57.54218298438439,52.22969206800514,46.91720115162589,-22.36389314994847,
MOD,Consumer Cyclical,183.6750030517578,2.6600000000000006,-0.3,100200000.0,fcff,exit,8.0,53112708.0,,,303000000.0,432900000.0,8300000.0,fcf_dcf,0.14680499816894532,0.11997874862670899,,27.47575046210681,31.050092689603478,27.47575046210681,23.901408234610138,-85.04110520996457,
MOG-A,Industrials,394.4150085449219,11.76,-0.3,350162000.0,fcff,exit,8.0,31671169.0,,,621434000.0,841168000.0,,fcf_dcf,0.10571999816894531,0.08916499862670899,,132.11184660304934,146.24579149807298,132.11184660304934,117.97790170802574,-66.50435613734955,
MOH,Healthcare,192.375,-0.21692299999999998,0.3,228000000.0,fcff,exit,8.0,52200000.0,,,371000000.0,-1032000000.0,,fcf_dcf,0.09605999671936036,0.0875759972114563,,79.11710136408223,84.27420898647979,79.11710136408223,73.95999374168467,-58.87350156512945,pe<0
MOS,Basic Materials,21.020000457763672,-2.0199999999999996,0.3,-947100000.0,fcff,exit,8.0,317895646.0,,,1168700000.0,5785100000.0,171000000.0,fcf_dcf,0.10342999671936035,0.08744749753952025,,-9.726014463136185,-7.056834646944079,-9.726014463136185,-12.395194279328287,-146.27028663809526,pe<0
MOVE,Technology,11.015000343322754,-15.367094999999999,-0.006235366815328214,,fcff,exit,8.0,31552275.0,,,-17993000.0,-6733000.0,,fcf_dcf,0.11866499671936036,0.1067902472114563,,,,,,,no_intrinsic
MPC,Energy,428.2799987792969,29.090000000000003,-0.3,12899000000.0,fcff,exit,8.0,280824763.0,,,17612000000.0,26524000000.0,6643000000.0,fcf_dcf,0.08269499671936036,0.08,,453.00325301954024,500.1286863982263,453.0032530195402,405.87781964085406,5.772684764805899,
MPWR,Technology,1449.9549560546875,16.310000000000002,-0.3,582609000.0,fcff,exit,8.0,49143000.0,,,1000282000.0,-986653000.0,,fcf_dcf,0.14539499671936035,0.12951074721145628,,161.97681827129617,174.20071887232444,161.97681827129614,149.75291767026786,-88.82883791700444,
MRAM,Technology,18.524999618530273,-0.11,0.3,-7215000.0,fcff,exit,8.0,24350009.0,,,-6790000.0,-41063000.0,,fcf_dcf,0.15677999671936035,0.1391879972114563,,-0.6738911654577477,-0.8343614063814905,-0.6738911654577479,-0.5134209245340049,-103.63773915970104,pe<0
MRBK,Financial Services,19.079999923706055,1.8399999999999999,0.3,18621000.0,fcff,exit,8.0,11929048.0,,,,121530000.0,,fcf_dcf,0.08813999671936035,0.08,,,,,,,no_intrinsic
MRCY,Industrials,84.66999816894531,-0.5,0.3,68087000.0,fcff,exit,8.0,60863586.0,,,73384000.0,273414000.0,,fcf_dcf,0.10667499671936034,0.08988124753952026,,7.03822234135835,7.903885234033293,7.03822234135835,6.172559448683408,-91.68746605224355,pe<0
MRK,Healthcare,139.4199981689453,1.2492169999999998,0.3,16063000000.0,fcff,exit,8.0,2467171638.0,,,14405000000.0,47057000000.0,51000000.0,fcf_dcf,0.08,0.08,,43.51777191515216,47.90505825720625,43.51777191515216,39.13048557309808,-68.78656398889166,
MRKR,Healthcare,1.0750000476837158,-0.6599999999999999,-0.3,,fcff,exit,8.0,16673127.0,,,-9280351.0,-11331023.0,,fcf_dcf,0.13692499671936034,0.12231124721145628,,,,,,,no_intrinsic
MRNA,Healthcare,191.41600036621094,-7.99,0.3,-1244000000.0,fcff,exit,8.0,399235889.0,,,-2804000000.0,-436000000.0,,fcf_dcf,0.11316499671936035,0.1021152472114563,,-49.48331259134278,-54.252168932493085,-49.48331259134278,-44.71445625019248,-125.85118929278268,pe<0
MRTN,Industrials,13.109999656677246,0.17,0.3,1085000.0,fcff,exit,8.0,81661669.0,,,107898000.0,-103861000.0,,fcf_dcf,0.10854499671936035,0.09128374753952026,,8.866794185907121,9.80935106004972,8.866794185907121,7.924237311764525,-32.36617530046201,
MRVI,Healthcare,8.095000267028809,-0.52,-0.3,-35842000.0,fcff,exit,8.0,148989545.0,,,-55970000.0,106605000.0,150966000.0,fcf_dcf,0.08285999671936035,0.08,,-5.003641566031879,-5.28592253167239,-5.003641566031879,-4.7213606003913675,-161.81150587989316,pe<0
MRVL,Technology,271.8699951171875,3.0300000000000002,0.3,1722800000.0,fcff,exit,8.0,898704613.0,,,4759600000.0,1353300000.0,,fcf_dcf,0.17723999671936036,0.1565789972114563,,27.77603908511346,30.601425393103764,27.77603908511346,24.950652777123157,-89.7833377776239,
MS,Financial Services,189.77499389648438,12.370000000000001,-0.3,-18582000000.0,fcff,exit,8.0,1570566292.0,,,,299338000000.0,1111000000.0,fcf_dcf,0.11970999671936035,0.10366799737548829,,,,,,,no_intrinsic
MSA,Industrials,182.69000244140625,8.040000000000001,-0.2505772198948454,354299000.0,fcff,exit,8.0,38578289.0,,,517499000.0,443451000.0,,fcf_dcf,0.10320999671936035,0.08728249753952025,,104.54469450793593,114.29134574927009,104.54469450793592,94.79804326660177,-42.77481355802909,
MSCI,Financial Services,548.0499877929688,18.28,-0.23085882829370086,1492485000.0,fcff,exit,8.0,72700000.0,,,2070029000.0,6166600000.0,,fcf_dcf,0.12099500003814698,0.10469600003051759,,149.36251827442126,168.47112271041084,149.36251827442126,130.2539138384317,-72.7465520296947,
MSDL,Financial Services,13.600000381469727,0.77,0.3,,fcff,exit,8.0,84105122.0,,,,1910324000.0,,fcf_dcf,0.09058000003814698,0.0803640000305176,,,,,,,no_intrinsic
MSEX,Utilities,53.33000183105469,2.59,-0.10816596329859696,-40546000.0,fcff,exit,8.0,18843946.0,,,100609000.0,436944000.0,,fcf_dcf,0.09338500003814698,0.08,,-0.1852335130329199,3.826638435540147,-0.18523351303291927,-4.197105461605989,-100.34733453342028,
MSFT,Technology,526.594970703125,17.959999999999997,-0.2403122804346577,66987000000.0,fcff,exit,8.0,7425545491.0,,,212433000000.0,35891000000.0,,fcf_dcf,0.11340500003814696,0.10231925003242491,,186.37424952166347,205.7812099264373,186.37424952166344,166.9672891168896,-64.60766625385519,
MSGS,Communication Services,402.260009765625,0.29999999999999993,0.3,61256000.0,fcff,exit,8.0,24079941.0,,,42247000.0,995798000.0,,fcf_dcf,0.08530000003814697,0.08,,-20.057191169662495,-18.7388660187476,-20.057191169662495,-21.37551632057739,-104.98612605845376,
MSI,Technology,453.8699951171875,12.7,0.07441791366675288,2677000000.0,fcff,exit,8.0,165493788.0,,,3757000000.0,8909000000.0,16000000.0,fcf_dcf,0.10169000003814697,0.09236150003242492,,141.14697392711173,157.2619042265129,141.14697392711173,125.03204362771054,-68.90145296106914,
MSIF,Financial Services,11.928999900817871,2.14,-0.23985850526612618,,fcff,exit,8.0,45345229.0,,,,633125000.0,,fcf_dcf,0.09531000003814696,0.08414800003051758,,,,,,,no_intrinsic
MSPR,Healthcare,0.0001,-572.66,0.0,,fcff,exit,8.0,13774399.0,,,,889989000.0,-280548000.0,fcf_dcf,0.08,0.08,,,,,,,no_intrinsic
MSTR,Technology,164.3000030517578,-97.21,0.3,-21749505000.0,fcff,exit,8.0,398750825.0,,,-21745782000.0,5058940000.0,,fcf_dcf,0.249365000038147,0.21788525003242493,,-357.7589633545373,-380.23100032155907,-357.7589633545373,-335.28692638751556,-317.7473869199114,pe<0
MTB,Financial Services,221.24000549316406,18.939999999999998,-0.12092746317002456,3595000000.0,fcff,exit,8.0,144416262.0,,,,680000000.0,,fcf_dcf,0.08678500003814697,0.08,,,,,,,no_intrinsic
MTCH,Communication Services,40.58000183105469,2.83,-0.25928603753175383,1141454000.0,fcff,exit,8.0,233266526.0,,,1127642000.0,2971298000.0,0.0,fcf_dcf,0.13172000003814696,0.11327600003051758,,31.193052986978554,34.31413691390038,31.193052986978557,28.071969060056716,-23.13195766514869,
MTEX,Consumer Defensive,7.605500221252441,-3.91,-0.3,1596000.0,fcff,exit,8.0,1929670.0,,,5098000.0,577000.0,,fcf_dcf,0.09470500003814697,0.08366400003051759,,18.776916110157394,20.72875701129819,18.776916110157394,16.825075209016603,146.8860109646449,pe<0
MTG,Financial Services,27.2549991607666,3.2,-0.014878847981992793,706480000.0,fcff,exit,8.0,205124840.0,,,,439597000.0,,fcf_dcf,0.08964500003814697,0.08,,,,,,,no_intrinsic
MTH,Consumer Cyclical,63.2400016784668,4.779999999999999,0.3,414705000.0,fcff,exit,8.0,65174093.0,,,451367000.0,1099911000.0,,fcf_dcf,0.12644000003814698,0.10470500002861025,,45.50710901813267,50.154658993920656,45.50710901813267,40.85955904234467,-28.040626485897413,
MTR,Energy,2.468400001525879,0.22319999999999998,0.3,,fcff,exit,8.0,1863590.0,,,288863.0,,,fcf_dcf,0.08,0.08,,,,,,,no_intrinsic
MTSI,Technology,321.42498779296875,3.11,-0.3,123767000.0,fcff,exit,8.0,76370931.0,,,357224000.0,287889000.0,,fcf_dcf,0.149999998588562,0.1334249988002777,,24.289055990716985,27.049948300461754,24.28905599071699,21.52816368097222,-92.44332055279982,
MTVA,Healthcare,1.5549999475479126,-6.1,-0.3,,fcff,exit,8.0,6588101.0,,,-14912000.0,-12457000.0,,fcf_dcf,0.10561499858856202,0.09569774880027772,,,,,,,no_intrinsic
MTW,Industrials,23.399999618530273,0.55,-0.3,69400000.0,fcff,exit,8.0,36061969.0,,,131700000.0,422600000.0,,fcf_dcf,0.149009998588562,0.1216324989414215,,13.754048742200737,16.025399866849494,13.75404874220074,11.482697617551983,-41.222012964012976,
MTX,Basic Materials,66.56999969482422,-2.1700000000000004,0.3,120300000.0,fcff,exit,8.0,31128762.0,,,64000000.0,622700000.0,31900000.0,fcf_dcf,0.11468999858856202,0.09589249894142152,,6.12034002709527,7.556421939194573,6.120340027095269,4.684258114995968,-90.80615884760005,pe<0
MTZ,Industrials,219.36000061035156,6.2700000000000005,0.04138815616128344,244804000.0,fcff,exit,8.0,80304948.0,,,1312673000.0,2919810000.0,123015000.0,fcf_dcf,0.15434499858856202,0.1256337489414215,,53.455656070766906,63.44253022893672,53.455656070766906,43.46878191259712,-75.63108318652861,
MU,Technology,1067.1199951171875,44.17,-0.3,26172000000.0,fcff,exit,8.0,1129393151.0,,,68305000000.0,-18619000000.0,,fcf_dcf,0.17540999858856202,0.15502349880027771,,357.38491146598153,389.8677598376988,357.38491146598153,324.9020630942641,-66.50939790264779,
MUSA,Consumer Cyclical,506.260009765625,32.84,-0.3,541500000.0,fcff,exit,8.0,18380347.0,,,1211500000.0,2560100000.0,,fcf_dcf,0.08,0.08,,381.4381342764954,430.9662486305406,381.4381342764954,331.9100199224501,-24.655685434628015,
MUX,Basic Materials,17.635000228881836,0.6599999999999999,-0.3,6338000.0,fcff,exit,8.0,61358566.0,,,35262000.0,49515000.0,0.0,fcf_dcf,0.12211499858856201,0.1014612489414215,,2.736547401530879,3.127916458259262,2.736547401530879,2.3451783448024957,-84.48229449382664,
MVBF,Financial Services,30.2450008392334,2.96,-0.3,-37594000.0,fcff,exit,8.0,12967507.0,,,,-258524000.0,0.0,fcf_dcf,0.10049999858856201,0.08829999887084962,,,,,,,no_intrinsic
MX,Technology,3.4649999141693115,-0.84,0.12603551782837052,-20695000.0,fcff,exit,8.0,74482210.0,,,-35451000.0,-44953000.0,,fcf_dcf,0.14411499858856203,0.1284227488002777,,-2.730784858692002,-3.0180068113303924,-2.730784858692002,-2.4435629060536113,-178.81053178457788,pe<0
MXL,Technology,107.6449966430664,-1.19,-0.3,653000.0,fcff,exit,8.0,90693191.0,,,-33347000.0,83383000.0,,fcf_dcf,0.269679998588562,0.23515299880027768,,-2.0280873747993833,-2.169301831691958,-2.0280873747993833,-1.8868729179068084,-101.88405168660482,pe<0
MYPS,Communication Services,5.019999980926514,-0.36,0.3,2355000.0,fcff,exit,8.0,12012137.0,,,9715000.0,-97218000.0,,fcf_dcf,0.10627499858856201,0.09291999887084962,,13.47508609201816,14.047725882304846,13.47508609201816,12.90244630173147,168.42801082105058,pe<0
MYSE,Technology,1.7100000381469727,-1.85,0.3,-4922975.0,fcff,exit,8.0,5196430.0,,,-6173665.0,-1679420.0,0.0,fcf_dcf,0.18662999858856202,0.16456049880027773,,-7.814911470616231,-8.427302135987077,-7.814911470616232,-7.202520805245385,-557.0123565075937,pe<0
MYSZ,Consumer Cyclical,1.6200000047683716,-9.920000000000002,-0.15569780057892524,,fcff,exit,8.0,728482.0,,,-6674000.0,616000.0,,fcf_dcf,0.08,0.08,,,,,,,no_intrinsic
MZTI,Consumer Defensive,98.51499938964844,6.4399999999999995,-0.16739732966770438,226148000.0,fcff,exit,8.0,27291000.0,,,299196000.0,228685000.0,,fcf_dcf,0.08,0.08,,92.54191245612468,100.7798484825804,92.54191245612468,84.30397642966894,-6.0631243673858135,
NAII,Consumer Defensive,1.5199999809265137,-1.56,0.3,-9024000.0,fcff,exit,8.0,6264847.0,,,-3972000.0,55972000.0,,fcf_dcf,0.08,0.08,,-18.83261048664953,-19.309020468202583,-18.83261048664953,-18.356200505096478,-1338.987547563661,pe<0
NAT,Energy,8.273900032043457,0.588611,-0.3,,fcff,exit,8.0,211750663.0,,,158488000.0,273272000.0,,fcf_dcf,0.08,0.08,,,,,,,no_intrinsic
NATR,Consumer Defensive,12.550000190734863,1.01,0.3,18085000.0,fcff,exit,8.0,17595520.0,,,42190000.0,-61075000.0,0.0,fcf_dcf,0.09749500190734864,0.08589600152587892,,21.77365888511468,23.52700279117616,21.773658885114678,20.020314979053204,73.49528728445165,
NAVI,Financial Services,9.045000076293945,-0.49999999999999994,-0.3,,fcff,exit,8.0,93989417.0,,,,43137000000.0,,fcf_dcf,0.11735000190734862,0.1017800015258789,,,,,,,no_intrinsic
NBHC,Financial Services,37.959999084472656,2.38,0.3,145208000.0,fcff,exit,8.0,44285618.0,,,,-53693000.0,,fcf_dcf,0.09854000190734863,0.08673200152587891,,,,,,,no_intrinsic
NBN,Financial Services,126.08999633789062,12.72,-0.3,-63989000.0,fcff,exit,8.0,8601215.0,,,,421844000.0,,fcf_dcf,0.08638500190734863,0.08,,,,,,,no_intrinsic
NCDL,Financial Services,11.079999923706055,0.9500000000000001,0.3,,fcff,exit,8.0,49387065.0,,,,1042748000.0,,fcf_dcf,0.10800000190734863,0.0943000015258789,,,,,,,no_intrinsic
NCMI,Communication Services,2.069999933242798,-0.08999999999999998,0.3,19300000.0,fcff,exit,8.0,93780289.0,,,30200000.0,-22700000.0,0.0,fcf_dcf,0.1427600019073486,0.1221080015258789,,2.6208578939167877,2.8207165389726567,2.620857893916788,2.4209992488609187,26.61149654295074,pe<0
NCNO,Technology,19.09000015258789,0.3,-0.3,132169000.0,fcff,exit,8.0,105736174.0,,,92506000.0,255337000.0,15404000.0,fcf_dcf,0.09755000190734864,0.08884250162124634,,7.648333994709725,8.279468385980614,7.648333994709725,7.017199603438837,-59.93539060463079,
NDAQ,Financial Services,91.15499877929688,3.43,-0.17690662304726612,1951000000.0,fcff,exit,8.0,558977372.0,,,3425000000.0,8723000000.0,5000000.0,fcf_dcf,0.10789000190734863,0.09421200152587891,,33.094122104372154,37.4069272565391,33.094122104372154,28.781316952205213,-63.69467111233346,
NDSN,Industrials,333.3999938964844,9.89,-0.067580659930218,724013000.0,fcff,exit,8.0,55699366.0,,,912691000.0,1704781000.0,,fcf_dcf,0.10756000190734863,0.09054500143051147,,116.64078516275197,128.36966177582698,116.64078516275197,104.91190854967698,-65.01476085840386,
NECB,Financial Services,26.524999618530273,3.12,0.17833223477105076,48411000.0,fcff,exit,8.0,13766059.0,,,,121407000.0,,fcf_dcf,0.08,0.08,,,,,,,no_intrinsic
NEE,Utilities,76.67500305175781,4.45,-0.29251367030489284,3048000000.0,fcff,exit,8.0,2085978209.0,,,17698000000.0,107331000000.0,11033000000.0,fcf_dcf,0.08814500190734864,0.08,,0.4340249954907174,6.809264498447967,0.4340249954907171,-5.941214507466532,-99.43394199124096,
NEM,Basic Materials,114.72339630126953,7.93,-0.3,9733000000.0,fcff,exit,8.0,1053692271.0,,,16038000000.0,-3411000000.0,171000000.0,fcf_dcf,0.08215000190734864,0.08,,133.60687359273106,145.04404147647892,133.60687359273103,122.16970570898317,16.46000545684034,
NEON,Technology,0.9351999759674072,0.53,-0.3,-11129000.0,fcff,exit,8.0,16782923.0,,,7429000.0,-22975000.0,,fcf_dcf,0.14353000190734863,0.12792550162124633,,1.0337559007120611,1.3014640155188135,1.0337559007120611,0.7660477859053084,10.538486663529245,
NEPH,Healthcare,3.680000066757202,0.16999999999999998,-0.3,,fcff,exit,8.0,10860120.0,,,1834000.0,-3825000.0,,fcf_dcf,0.14344999973297118,0.12785749977302552,,,,,,,no_intrinsic
NFBK,Financial Services,15.3100004196167,0.12000000000000005,0.3,62972000.0,fcff,exit,8.0,41763997.0,,,,652647000.0,,fcf_dcf,0.09141999973297119,0.08103599978637696,,,,,,,no_intrinsic
NFE,Energy,5.531300067901611,-288.0,0.2406208784859316,-1112640000.0,fcff,exit,8.0,16321615.0,,,-862917000.0,8952477000.0,121212000.0,fcf_dcf,0.13090999973297118,0.10348699981307982,,-1112.195172115662,-1147.8707197875797,-1112.195172115662,-1076.519624443744,-20207.301329931128,pe<0
NFLX,Communication Services,67.01000213623047,3.1770000000000005,-0.3,11152005000.0,fcff,exit,8.0,4163939676.0,,,35008877000.0,5210074000.0,,fcf_dcf,0.1417449997329712,0.12129599978637697,,50.814404258034116,56.051291770947586,50.814404258034116,45.57751674512065,-24.168926073559753,
NGNE,Healthcare,25.030000686645508,-4.96,0.3,-87707000.0,fcff,exit,8.0,20011382.0,,,-107871000.0,-103733000.0,,fcf_dcf,0.1678699997329712,0.14861449977302554,,-34.19473057027286,-37.1715809659613,-34.19473057027286,-31.217880174584433,-236.6149805521863,pe<0
NGVC,Consumer Defensive,29.905000686645508,2.06,-0.023232309831655584,22240000.0,fcff,exit,8.0,23045851.0,,,95729000.0,305213000.0,,fcf_dcf,0.1202949997329712,0.10413599978637697,,12.942034209281395,15.736757286266972,12.942034209281395,10.147311132295817,-56.72284262791928,
NHI,Real Estate,65.77999877929688,3.4599999999999995,-0.3,,fcff,exit,8.0,49110434.0,,,312896000.0,1247878000.0,17831000.0,fcf_dcf,0.08157499973297119,0.08,,,,,,,no_intrinsic
NI,Utilities,39.67499923706055,1.57,0.3,-1460000000.0,fcff,exit,8.0,479560100.0,,,3202400000.0,17333000000.0,2319800000.0,fcf_dcf,0.08316999973297119,0.08,,-13.70388133407797,-8.686066669629827,-13.70388133407797,-18.72169599852612,-134.54034429136706,
NINE,Energy,7.460000038146973,-1.13,0.3,-26247000.0,fcff,exit,8.0,13949990.0,,,46086000.0,112021000.0,,fcf_dcf,0.10804999828338624,0.08748499879837036,,3.360674923253923,5.758842924177448,3.360674923253922,0.9625069223303997,-54.95073852454433,pe<0
NKE,Consumer Cyclical,32.79999923706055,2.09,-0.3,2184000000.0,fcff,exit,8.0,1483498703.0,,,4594000000.0,3470000000.0,,fcf_dcf,0.11349499828338623,0.09499624871253967,,21.015935921590312,23.187844406439613,21.015935921590312,18.844027436741012,-35.92702313893801,
NKSH,Financial Services,43.21500015258789,3.18,-0.3,18418000.0,fcff,exit,8.0,6370620.0,,,,-54563000.0,,fcf_dcf,0.08241999828338623,0.08,,,,,,,no_intrinsic
NKTR,Healthcare,42.332000732421875,-6.7,-0.3,-234032000.0,fcff,exit,8.0,34142994.0,,,-121457000.0,39289000.0,,fcf_dcf,0.12306499828338623,0.11053024854087828,,-46.50055039256381,-48.825801421561,-46.50055039256381,-44.175299363566616,-209.84727768123008,pe<0
NL,Industrials,7.03000020980835,-0.52,-0.3,8105000.0,fcff,exit,8.0,48898734.0,,,-31183000.0,-105580000.0,18806000.0,fcf_dcf,0.08,0.08,,-1.358464525182035,-1.8376485829088876,-1.358464525182035,-0.8792804674551824,-119.32381912715573,pe<0
NNBR,Industrials,4.328100204467773,-0.96,-0.3,7696000.0,fcff,exit,8.0,82580446.0,,,23669000.0,189937000.0,,fcf_dcf,0.19923999828338623,0.15930499871253967,,-0.7684882510236388,-0.61737066689079,-0.7684882510236388,-0.9196058351564876,-117.75578694389633,pe<0
NNI,Financial Services,124.16999816894531,8.36,0.3,364026000.0,fcff,exit,8.0,35779438.0,,,,6870726000.0,-135103000.0,fcf_dcf,0.09550999828338624,0.084307998626709,,,,,,,no_intrinsic
NNN,Real Estate,40.66999816894531,2.04,0.039326705650250204,,fcff,exit,8.0,190248177.0,,,875123000.0,4997050000.0,,fcf_dcf,0.09490499828338624,0.08,,,,,,,no_intrinsic
NOC,Industrials,478.0740051269531,29.64,-0.3,3646000000.0,fcff,exit,8.0,142063026.0,,,7444000000.0,13982000000.0,,fcf_dcf,0.08,0.08,,325.02512097647514,364.39892585370376,325.02512097647514,285.6513160992466,-32.01363858087948,
NOEM,Financial Services,10.59,0.15,0.3,,fcff,exit,8.0,3716465.0,,,2004414.0,302378.0,,fcf_dcf,0.10804999828338624,0.094339998626709,,,,,,,no_intrinsic
NOG,Energy,24.014999389648438,-5.18,0.3,-294156000.0,fcff,exit,8.0,106549128.0,,,321352000.0,2677211000.0,,fcf_dcf,0.10386999828338624,0.08455899879837037,,-18.900038350780783,-16.68099362577848,-18.900038350780783,-21.119083075783088,-178.70097368783428,pe<0
NOMA,Consumer Cyclical,1.909999966621399,-0.200961,0.3,,fcff,exit,8.0,17783529.0,,,-3618023.0,1350248.0,,fcf_dcf,0.10804999828338624,0.09091249871253967,,,,,,,no_intrinsic
NOTE,Technology,0.03310000151395798,-6.630000000000001,0.2466093202284294,-14705000.0,fcff,exit,8.0,26652750.0,,,-90196000.0,122242000.0,,fcf_dcf,0.09699499828338623,0.0883707485408783,,-26.439502233382093,-28.886095668391235,-26.439502233382093,-23.99290879837295,-79977.64659839302,pe<0
NOW,Technology,136.0749969482422,1.6,0.20730032995053604,4571000000.0,fcff,exit,8.0,1033862000.0,,,3500000000.0,5950000000.0,,fcf_dcf,0.10749999828338623,0.0972999985408783,,30.89186068719384,33.241382260623176,30.89186068719384,28.542339113764505,-77.29791557596437,
NPB,Financial Services,15.3100004196167,2.25,-0.21997830465240487,101843000.0,fcff,exit,8.0,34581842.0,,,,1091096000.0,,fcf_dcf,0.10800000190734863,0.0943000015258789,,,,,,,no_intrinsic
NPK,Industrials,152.4499969482422,4.6,-0.3,26431000.0,fcff,exit,8.0,7136067.0,,,56470000.0,-6613000.0,,fcf_dcf,0.08017000190734863,0.08,,64.14852916103425,70.0947488439987,64.14852916103425,58.20230947806979,-57.92159367322709,
NPKI,Industrials,11.920000076293945,0.53,-0.22752380371093828,25310000.0,fcff,exit,8.0,84909894.0,,,85610000.0,10845000.0,,fcf_dcf,0.13357500190734864,0.11005625143051148,,6.320494065563766,6.980947377527078,6.320494065563766,5.660040753600456,-46.9757212658603,
NPWR,Industrials,1.3499000072479248,-6.670000000000001,-0.3,-167335000.0,fcff,exit,8.0,88480681.0,,,-154762000.0,-114629000.0,229270000.0,fcf_dcf,0.11713000190734862,0.09772250143051148,,-18.61563482534,-19.827219866844597,-18.61563482534,-17.4040497838354,-1479.0380565514747,pe<0
NRC,Healthcare,20.46500015258789,0.25,0.3,21641000.0,fcff,exit,8.0,22119566.0,,,23419000.0,86701000.0,,fcf_dcf,0.08,0.08,,6.579292063057613,7.374853688458818,6.579292063057614,5.783730437656409,-67.85100408501276,
NRG,Utilities,96.66999816894531,2.9,0.3,316000000.0,fcff,exit,8.0,210210483.0,,,3735000000.0,23305000000.0,,fcf_dcf,0.11685500190734864,0.08978075123977662,,-2.5738050421283045,10.188861765117116,-2.573805042128308,-15.336471849373714,-102.66246518142081,
NRGV,Utilities,3.8450000286102295,-0.67,-0.08690285704012324,-146116000.0,fcff,exit,8.0,181839570.0,,,-79152000.0,151925000.0,25720000.0,fcf_dcf,0.12175000190734864,0.09296250123977662,,-6.723269776976673,-7.031409754627851,-6.723269776976673,-6.415129799325498,-274.85747014173086,pe<0
NRIX,Healthcare,22.665000915527344,-3.45,0.18260398317841964,-304527000.0,fcff,exit,8.0,103781683.0,,,-343922000.0,-9542000.0,,fcf_dcf,0.153134998588562,0.1360897488002777,,-26.115309891296178,-28.048510403872783,-26.115309891296175,-24.18210937871957,-215.2230700922015,pe<0
NRXP,Healthcare,2.809999942779541,-1.73,-0.3,,fcff,exit,8.0,43295767.0,,,-21855000.0,-25440000.0,,fcf_dcf,0.167049998588562,0.1479174988002777,,,,,,,no_intrinsic
NSC,Industrials,316.70001220703125,11.719611,0.14326407775426175,1631000000.0,fcff,exit,8.0,224608373.0,,,5560000000.0,15547000000.0,,fcf_dcf,0.12354499858856202,0.1025337489414215,,93.91366582129756,110.6897365009626,93.91366582129757,77.13759514163252,-70.3461754968595,
NSP,Industrials,46.7400016784668,-0.43000000000000005,-0.3,194000000.0,fcff,exit,8.0,38195270.0,,,66000000.0,-141000000.0,,fcf_dcf,0.08399999858856201,0.08,,35.54287757027252,36.84130126583691,35.54287757027252,34.24445387470813,-23.95619106995627,pe<0
NSSC,Industrials,36.165000915527344,1.21,-0.11544199983212744,59228000.0,fcff,exit,8.0,35768437.0,,,63847000.0,-121749000.0,,fcf_dcf,0.13569999858856202,0.11164999894142152,,19.13437211884588,20.295288747969668,19.13437211884588,17.9734554897221,-47.0914651335441,
NTAP,Technology,222.5800018310547,7.09,-0.3,1650000000.0,fcff,exit,8.0,196419005.0,,,2119000000.0,961000000.0,,fcf_dcf,0.13272999858856202,0.11874549880027771,,81.58564387489159,88.38224532710207,81.58564387489157,74.7890424226811,-63.34547434462792,
NTGR,Technology,23.299999237060547,-0.93,0.3,-17251000.0,fcff,exit,8.0,27179021.0,,,-13430000.0,-128486000.0,,fcf_dcf,0.116174998588562,0.1046737488002777,,-0.44000224023830836,-0.7716468124929208,-0.4400022402383082,-0.10835766798369613,-101.88842169375889,pe<0
NTLA,Healthcare,12.083999633789062,-3.36,-0.1996246075668503,-348686000.0,fcff,exit,8.0,140126693.0,,,-408244000.0,-32718000.0,,fcf_dcf,0.152034998588562,0.13515474880027772,,-22.54918740282867,-24.255758731955563,-22.549187402828668,-20.842616073701777,-286.6036749933113,pe<0
NTNX,Technology,73.6531982421875,5.16,-0.3,840675000.0,fcff,exit,8.0,270570179.0,,,409732000.0,741426000.0,,fcf_dcf,0.08809000190734864,0.08080150162124634,,19.431163433471593,20.564845081673017,19.431163433471593,18.297481785270172,-73.61803167110575,
NTRS,Financial Services,170.7899932861328,11.649999999999999,-0.3,-217900000.0,fcff,exit,8.0,182955653.0,,,,-43886300000.0,,fcf_dcf,0.12191500190734862,0.10543200152587891,,,,,,,no_intrinsic
NTST,Real Estate,17.489999771118164,0.17,-0.3,119786000.0,fcff,exit,8.0,101527998.0,,,161115000.0,1398781000.0,7172000.0,fcf_dcf,0.09705500190734864,0.08,,0.6773205286768235,1.869748718404571,0.6773205286768235,-0.5151076610509241,-96.12738400491402,
NUAI,Technology,6.090000152587891,-0.81,-0.14389250569464362,-25488283.0,fcff,exit,8.0,120797079.0,,,-48434099.0,-54648461.0,,fcf_dcf,0.11894500190734864,0.10702825162124634,,-2.5084419632753967,-2.774699634770819,-2.508441963275397,-2.242184291779975,-141.18952217446918,pe<0
NUE,Basic Materials,249.58999633789062,12.54,-0.3,1583000000.0,fcff,exit,8.0,226875676.0,,,5763000000.0,4621000000.0,1157000000.0,fcf_dcf,0.15486000190734864,0.12602000143051148,,124.66065042331391,140.15348976447675,124.66065042331391,109.16781108215108,-50.05382737593759,
NUS,Consumer Defensive,4.625,-4.47,0.3,10781000.0,fcff,exit,8.0,48676634.0,,,39323000.0,74096000.0,,fcf_dcf,0.10255500190734863,0.08994400152587892,,4.0280899122547265,4.60792705962616,4.0280899122547265,3.4482527648832937,-12.906164059357266,pe<0
NUTR,Consumer Cyclical,9.0,-0.15000000000000002,0.0,,fcff,exit,8.0,19379168.0,,,,-4899023.0,-1879545.0,fcf_dcf,0.10800000190734863,0.09087500143051147,,,,,,,no_intrinsic
NUVB,Healthcare,4.909999847412109,-0.43999999999999995,-0.3,-128925000.0,fcff,exit,8.0,351123233.0,,,-121008000.0,-6462000.0,,fcf_dcf,0.14193500190734865,0.12656975162124634,,-3.0351779683985147,-3.2448617999720124,-3.0351779683985147,-2.825494136825017,-161.81625382327155,pe<0
NUVL,Healthcare,123.95999908447266,-6.060213999999999,0.17945862790321332,,fcff,exit,8.0,79128241.0,,,-438902000.0,-159733000.0,,fcf_dcf,0.11561999973297118,0.10420199977302551,,,,,,,no_intrinsic
NVDA,Technology,236.94000244140625,7.909999999999999,-0.3,127006000000.0,fcff,exit,8.0,24147000000.0,,,233894000000.0,15908000000.0,,fcf_dcf,0.17490999973297122,0.15459849977302553,,59.44843977772872,64.66040865296394,59.44843977772872,54.23647090249353,-74.9099184750663,
NVEC,Technology,110.4000015258789,3.4400000000000004,-0.3,15586208.0,fcff,exit,8.0,4837167.0,,,20010056.0,-1990323.0,,fcf_dcf,0.12403499973297119,0.11135474977302551,,34.51066566885663,37.20464668922533,34.51066566885663,31.81668464848794,-68.74033950011588,
NVO,Healthcare,36.92499923706055,26.19,-0.2250219364790249,47789000000.0,fcff,exit,8.0,4415580124.0,,,160757000000.0,95645000000.0,,fcf_dcf,0.08,0.08,,242.92895720362523,270.28568848781805,242.92895720362526,215.5722259194324,557.8983404820344,upside>300%
NVR,Consumer Cyclical,5922.830078125,385.59,0.3,1046421000.0,fcff,exit,8.0,2664860.0,,,1537919000.0,-93972000.0,,fcf_dcf,0.1026399997329712,0.08685499979972838,,5025.8775535880995,5446.025151856679,5025.8775535880995,4605.72995531952,-15.143985437800204,
NVST,Healthcare,23.360000610351562,0.5800000000000001,-0.3,248100000.0,fcff,exit,8.0,160617709.0,,,420800000.0,462400000.0,,fcf_dcf,0.1018699997329712,0.09251449977302552,,18.303516942130376,20.16195082522629,18.303516942130376,16.445083059034463,-21.645905548394968,
NVTS,Technology,12.09000015258789,-1.3299999999999998,0.3,-67847000.0,fcff,exit,8.0,262555476.0,,,-75808000.0,-552273000.0,,fcf_dcf,0.2706649997329712,0.23599024977302552,,0.4661014025271284,0.35558681851742063,0.46610140252712845,0.576615986536836,-96.1447361733295,pe<0
NVVE,Consumer Cyclical,1.0800000429153442,-331.050006,-0.3,,fcff,exit,8.0,993791.0,,,-22067407.0,5867240.0,-1272922.0,fcf_dcf,0.14694000190734863,0.12008000143051148,,,,,,,no_intrinsic
NWL,Consumer Defensive,5.419099807739258,-0.53,-0.3,118000000.0,fcff,exit,8.0,425900000.0,,,469000000.0,5333000000.0,,fcf_dcf,0.10085000190734864,0.08858000152587892,,-5.014369325295393,-4.219008303666538,-5.014369325295393,-5.809730346924246,-192.5314074882723,pe<0
NWPX,Basic Materials,107.18000030517578,4.99,-0.3,79651000.0,fcff,exit,8.0,9637202.0,,,85470000.0,81263000.0,,fcf_dcf,0.11234500190734863,0.09413375143051148,,75.17150081875033,81.4162000326454,75.17150081875033,68.92680160485524,-29.86424649681564,
NWS,Communication Services,31.829999923706055,1.03,0.3,811000000.0,fcff,exit,8.0,539261212.0,,,1627000000.0,820000000.0,710000000.0,fcf_dcf,0.10668000190734864,0.09324400152587892,,20.363881793776617,22.496944942123438,20.363881793776617,18.230818645429796,-36.02299138364059,
NWSA,Communication Services,28.774999618530273,1.03,0.3,811000000.0,fcff,exit,8.0,539261212.0,,,1627000000.0,820000000.0,710000000.0,fcf_dcf,0.10668000190734864,0.09324400152587892,,20.363881793776617,22.496944942123438,20.363881793776617,18.230818645429796,-29.23064443530744,
NXDT,Real Estate,5.25,-1.74,-0.3,,fcff,exit,8.0,53106027.0,,,,268434000.0,294000.0,fcf_dcf,0.10228000190734864,0.08030700123977662,,,,,,,no_intrinsic
NXPI,Technology,239.80999755859375,11.719999999999999,-0.3,2649000000.0,fcff,exit,8.0,252164174.0,,,5064000000.0,8113000000.0,362000000.0,fcf_dcf,0.15260500190734863,0.13563925162124635,,98.79674901573502,110.53515692168675,98.79674901573502,87.05834110978327,-58.80207246505825,
NXST,Communication Services,157.6300048828125,5.209999999999999,-0.3,743000000.0,fcff,exit,8.0,30808301.0,,,1528000000.0,11580000000.0,-1000000.0,fcf_dcf,0.10404000190734863,0.09113200152587891,,6.356817218996224,41.76225738406539,6.356817218996226,-29.04862294607294,-95.96725431574903,
NXTC,Healthcare,5.09499979019165,-19.18,-0.3,,fcff,exit,8.0,4577359.0,,,-37371000.0,-11657000.0,,fcf_dcf,0.12700999858856202,0.1138834988002777,,,,,,,no_intrinsic
NXXT,Utilities,0.6949999928474426,-0.521613,-0.3,,fcff,exit,8.0,17000000.0,,,-42376291.0,22805246.0,-2495597.0,fcf_dcf,0.08,0.08,,,,,,,no_intrinsic
NYC,Real Estate,6.630000114440918,4.9,-0.3,-2741000.0,fcff,exit,8.0,3163632.0,,,50008000.0,347971000.0,0.0,fcf_dcf,0.08,0.08,,-18.63001393485138,-6.752224896172081,-18.63001393485138,-30.507802973530676,-380.9956804415889,
NYT,Communication Services,63.13999938964844,2.4,-0.11847773077461454,623018000.0,fcff,exit,8.0,161283586.0,,,588484000.0,-196061000.0,0.0,fcf_dcf,0.10374499858856201,0.09089599887084962,,37.935353254908364,40.542878987101346,37.935353254908364,35.327827522715374,-39.91866705477396,
O,Real Estate,54.01499938964844,1.37,-0.3,,fcff,exit,8.0,946218033.0,,,5103703000.0,30627542000.0,2384520000.0,fcf_dcf,0.09125999858856201,0.08,,,,,,,no_intrinsic
OBDC,Financial Services,10.279999732971191,0.6000000000000001,0.3,,fcff,exit,8.0,493142569.0,,,,7685883000.0,,fcf_dcf,0.09098499858856202,0.08068799887084963,,,,,,,no_intrinsic
OBK,Financial Services,53.4900016784668,3.1999999999999997,-0.3,175383000.0,fcff,exit,8.0,30849678.0,,,,-399588000.0,,fcf_dcf,0.09362499858856202,0.08279999887084963,,,,,,,no_intrinsic
OC,Industrials,119.20999908447266,-8.07,-0.3,897000000.0,fcff,exit,8.0,79048683.0,,,762000000.0,5458000000.0,39000000.0,fcf_dcf,0.125469998588562,0.1039774989414215,,27.412465354931836,33.90269528029044,27.41246535493184,20.922235429573227,-77.00489424925902,pe<0
OCC,Technology,17.654300689697266,0.29,-0.3,408928.0,fcff,exit,8.0,8842024.0,,,4260723.0,8671795.0,,fcf_dcf,0.08464000003814698,0.08,,2.111392809222922,2.473480442807696,2.111392809222922,1.7493051756381477,-88.04034865875433,
OCFC,Financial Services,16.78499984741211,0.8500000000000001,0.3,112682000.0,fcff,exit,8.0,96645219.0,,,,1951532000.0,0.0,fcf_dcf,0.10779500003814697,0.09413600003051759,,,,,,,no_intrinsic
OCUL,Healthcare,6.860000133514404,-1.42,-0.06466817901257149,-255100000.0,fcff,exit,8.0,219615868.0,,,-284594000.0,-519258000.0,,fcf_dcf,0.10752000003814696,0.09731700003242491,,-9.519581248794179,-10.418876592765294,-9.519581248794179,-8.620285904823064,-238.76940325826587,pe<0
ODFL,Industrials,178.44000244140625,5.19,-0.19448131920411926,1114770000.0,fcff,exit,8.0,207356622.0,,,1820165000.0,-263942000.0,,fcf_dcf,0.11912500003814697,0.09921875002861022,,71.1837203693022,77.22283216914589,71.18372036930218,65.14460856945848,-60.10775644733778,
OFG,Financial Services,51.2400016784668,5.08,-0.17359374951857698,202661000.0,fcff,exit,8.0,42265494.0,,,,-267800000.0,,fcf_dcf,0.09393500003814698,0.08304800003051759,,,,,,,no_intrinsic
OGN,Healthcare,13.710000038146973,0.77,0.3,434000000.0,fcff,exit,8.0,262609433.0,,,1313000000.0,7421000000.0,,fcf_dcf,0.13777000003814696,0.12302950003242491,,2.7123383283283022,5.80262977629775,2.7123383283283014,-0.3779531196411442,-80.2163506872251,
OGS,Utilities,72.76000213623047,4.640000000000001,-0.3,-175457000.0,fcff,exit,8.0,62856270.0,,,793473000.0,3385067000.0,,fcf_dcf,0.08766500003814698,0.08,,10.234736139792101,19.72035409760662,10.2347361397921,0.7491181819775816,-85.93356811530964,
OHI,Real Estate,46.209999084472656,2.8,-0.3,,fcff,exit,8.0,303013000.0,,,1440895000.0,3985572000.0,251760000.0,fcf_dcf,0.08189000003814698,0.08,,,,,,,no_intrinsic
OKE,Energy,88.02999877929688,5.8,-0.03319211516339948,2906000000.0,fcff,exit,8.0,630409203.0,,,8083000000.0,32861000000.0,144000000.0,fcf_dcf,0.09685000003814698,0.08,,44.20169351366845,53.83625861464479,44.201693513668445,34.567128412692114,-49.78791988343873,
OKLO,Utilities,36.43000030517578,-0.8500000000000001,0.3,-275816000.0,fcff,exit,8.0,186017650.0,,,-217071000.0,-1640745000.0,,fcf_dcf,0.11978500003814699,0.09168525002479555,,-3.902000614799594,-4.732924608285237,-3.9020006147995936,-3.0710766213139506,-110.71095410955904,pe<0
OKTA,Technology,216.52000427246094,1.66,-0.3,959000000.0,fcff,exit,8.0,174820928.0,,,412000000.0,-710000000.0,,fcf_dcf,0.09327500003814697,0.08520875003242492,,40.75391369071231,42.48268767940941,40.75391369071231,39.02513970201521,-81.17776053642183,
OLED,Technology,79.47000122070312,4.13,0.3,170016000.0,fcff,exit,8.0,45966835.0,,,257538000.0,-103700000.0,,fcf_dcf,0.13705500003814697,0.12242175003242492,,44.04043112205234,47.51273085430632,44.04043112205234,40.56813138979837,-44.582319811794406,
OLMA,Healthcare,8.024999618530273,-2.13,0.3,,fcff,exit,8.0,87497607.0,,,-220675000.0,-44939000.0,,fcf_dcf,0.16340000003814698,0.14481500003242492,,,,,,,no_intrinsic
OLN,Basic Materials,15.951399803161621,-1.23,0.3,100600000.0,fcff,exit,8.0,113982490.0,,,408400000.0,3230100000.0,400000.0,fcf_dcf,0.12039000003814698,0.10016750002861025,,-5.169448010921115,-2.7149968468292673,-5.169448010921114,-7.623899175012965,-132.40748821239194,pe<0
OLP,Real Estate,21.940000534057617,1.57,-0.3,,fcff,exit,8.0,21900454.0,,,91472000.0,515233000.0,187000.0,fcf_dcf,0.10313999858856202,0.08086599908256531,,,,,,,no_intrinsic
OMC,Communication Services,75.20999908447266,1.1600000000000006,-0.3,2389200000.0,fcff,exit,8.0,274345967.0,,,1735900000.0,8075000000.0,929200000.0,fcf_dcf,0.09164499858856201,0.08121599887084961,,41.68497975693613,46.41284037690105,41.68497975693613,36.957119136971215,-44.575215710191216,
OMCC,Communication Services,4.0,-0.37,0.0,,fcff,exit,8.0,6817537.0,,,,-12643000.0,12113000.0,fcf_dcf,0.10093999858856201,0.08865199887084961,,,,,,,no_intrinsic
OMDA,Healthcare,20.649999618530273,0.05,-0.3,17131000.0,fcff,exit,8.0,61216703.0,,,10598000.0,-221712000.0,,fcf_dcf,0.10797999858856201,0.09770799880027771,,5.709835982317763,5.829764010730985,5.709835982317763,5.589907953904541,-72.34946204457049,
OMER,Healthcare,18.65999984741211,1.28,-0.3,,fcff,exit,8.0,72388316.0,,,16885000.0,137001000.0,,fcf_dcf,0.194329998588562,0.1711054988002777,,,,,,,no_intrinsic
OMF,Financial Services,56.025001525878906,6.64,-0.02464453374247888,,fcff,exit,8.0,115041469.0,,,,22373000000.0,,fcf_dcf,0.119639998588562,0.10361199887084961,,,,,,,no_intrinsic
ON,Technology,84.91000366210938,1.56,0.3,1500400000.0,fcff,exit,8.0,389318613.0,,,1567200000.0,968200000.0,19800000.0,fcf_dcf,0.16583999858856202,0.14688899880027773,,29.123148149910783,31.362968466985404,29.123148149910783,26.883327832836162,-65.70115782139952,
ONCO,Healthcare,0.694599986076355,-618.79,-0.3,,fcff,exit,8.0,4380522.0,,,-9869966.0,-5755121.0,0.0,fcf_dcf,0.19641999858856202,0.17288199880027771,,,,,,,no_intrinsic
ONEW,Consumer Cyclical,9.59000015258789,-7.460000000000001,-0.3,56258000.0,fcff,exit,8.0,16665619.0,,,-73896000.0,805190000.0,0.0,fcf_dcf,0.14086999858856203,0.11552749894142153,,-57.97968658607424,-60.81368065854156,-57.97968658607424,-55.14569251360692,-704.5848348649739,pe<0
ONTO,Technology,327.1099853515625,2.6599999999999997,-0.3,252471000.0,fcff,exit,8.0,49074247.0,,,238978000.0,218526000.0,,fcf_dcf,0.139934998588562,0.12486974880027771,,38.79275536410712,41.778096391156105,38.79275536410712,35.807414337058155,-88.14076087514893,
OPBK,Financial Services,15.479999542236328,1.93,-0.19638393114222064,27008000.0,fcff,exit,8.0,14932615.0,,,,-65666000.0,,fcf_dcf,0.086364998588562,0.08,,,,,,,no_intrinsic
OPCH,Healthcare,23.079999923706055,1.3299999999999998,-0.05959546569034302,303849000.0,fcff,exit,8.0,149785243.0,,,411078000.0,1074312000.0,,fcf_dcf,0.08498999858856202,0.08,,17.897967111590617,19.96019800219311,17.897967111590617,15.83573622098813,-22.452481929139175,
OPRT,Financial Services,8.385000228881836,0.4,-4.440892098500626e-16,395856000.0,fcff,exit,8.0,45987253.0,,,,2522694000.0,,fcf_dcf,0.122224998588562,0.10567999887084961,,,,,,,no_intrinsic
OPRX,Healthcare,8.529999732971191,0.23,0.3,18324000.0,fcff,exit,8.0,18835951.0,,,15744000.0,-4616000.0,,fcf_dcf,0.122279998588562,0.10986299880027771,,8.431724202125903,8.979725419693262,8.431724202125903,7.883722984558543,-1.152116458637416,
OPTX,Technology,9.260000228881836,-0.07,0.0,-407994.0,fcff,exit,8.0,40279878.0,,,1034117.0,-9710421.0,,fcf_dcf,0.08,0.08,,0.3526010541790707,0.37189244824650375,0.3526010541790707,0.3333096601116377,-96.19221333192507,pe<0
OPY,Financial Services,122.3125,8.86,0.3,-9777000.0,fcff,exit,8.0,10708005.0,,,269246000.0,853210000.0,13215000.0,fcf_dcf,0.11325999858856202,0.09850799887084963,,54.25161834568809,71.60665101097977,54.251618345688094,36.89658568039641,-55.64507442355598,
ORBS,Consumer Cyclical,1.1101000308990479,-1.24,-0.3,,fcff,exit,8.0,429777400.0,,,-336685038.0,-2528483.0,-414514.0,fcf_dcf,0.19333999858856202,0.15487999894142152,,,,,,,no_intrinsic
ORC,Real Estate,5.074999809265137,1.48,-0.3,,fcff,exit,8.0,197407315.0,,,,-682598000.0,,fcf_dcf,0.14125499858856203,0.10564074908256532,,,,,,,no_intrinsic
ORCL,Technology,145.78500366210938,6.379999999999999,-0.11633627890637788,-28720000000.0,fcff,exit,8.0,3031501149.0,,,37719000000.0,119562000000.0,424000000.0,fcf_dcf,0.15032999858856202,0.1337054988002777,,-15.784245769439526,-8.44921354011161,-15.784245769439526,-23.11927799876744,-110.82707094209991,
ORIC,Healthcare,12.079999923706055,-1.35,-0.1741287181861283,-112258000.0,fcff,exit,8.0,103652656.0,,,-154995000.0,-34158000.0,,fcf_dcf,0.10687999858856201,0.0967729988002777,,-12.371440440932282,-13.41173029229593,-12.371440440932282,-11.331150589568637,-202.41258707836826,pe<0
ORKA,Healthcare,83.16500091552734,-2.04,0.28924093523824257,-101188000.0,fcff,exit,8.0,66209699.0,,,-146267000.0,-265924000.0,,fcf_dcf,0.08,0.08,,-15.721964712684052,-17.38195987266129,-15.721964712684052,-14.061969552706811,-118.90454462767725,pe<0
ORLY,Consumer Cyclical,83.66999816894531,3.14,-0.0152184923328188,2156259000.0,fcff,exit,8.0,808960792.0,,,4189022000.0,9325252000.0,,fcf_dcf,0.08278999858856201,0.08,,30.864931691373553,34.755985615047955,30.864931691373553,26.973877767699154,-63.111112266249236,
ORRF,Financial Services,41.380001068115234,4.45,-0.05382327699892964,85691000.0,fcff,exit,8.0,19669626.0,,,,137976000.0,,fcf_dcf,0.09032499858856202,0.08015999887084962,,,,,,,no_intrinsic
OSRH,Healthcare,0.23000000417232513,-0.19000000000000003,-0.3,,fcff,exit,8.0,35118692.0,,,-7666569.81,3963182.0,20641249.0,fcf_dcf,0.08,0.08,,,,,,,no_intrinsic
OTIS,Industrials,64.9800033569336,3.8900000000000006,-0.07175468564934873,1712000000.0,fcff,exit,8.0,380669339.0,,,2547000000.0,8033000000.0,294000000.0,fcf_dcf,0.10022499858856201,0.0850437489414215,,36.17202019042024,41.08387656578532,36.17202019042025,31.26016381505516,-44.333612924381974,
OTLK,Healthcare,0.6014000177383423,-1.1300000000000001,-0.3,,fcff,exit,8.0,243447554.0,,,-52800371.0,7189076.0,,fcf_dcf,0.09004999858856202,0.08246749880027772,,,,,,,no_intrinsic
OVBC,Financial Services,44.5,3.0100000000000002,0.1458182313732006,19714000.0,fcff,exit,8.0,4711002.0,,,,-26354000.0,,fcf_dcf,0.08,0.08,,,,,,,no_intrinsic
OVID,Healthcare,2.3350000381469727,-0.31000000000000005,-0.05296820150456649,,fcff,exit,8.0,195297857.0,,,-58276000.0,1388000.0,,fcf_dcf,0.08,0.08,,,,,,,no_intrinsic
OWLT,Healthcare,5.170000076293945,-0.75,-0.3,-9863000.0,fcff,exit,8.0,29221677.0,,,-5416000.0,-13885000.0,,fcf_dcf,0.157864998588562,0.14011024880027773,,-1.5981584238345885,-1.7043866990331835,-1.5981584238345887,-1.491930148635994,-130.91215474372314,pe<0
OXM,Consumer Cyclical,25.459999084472656,-0.5100000000000002,0.3,52126000.0,fcff,exit,8.0,14978274.0,,,64206000.0,515066000.0,,fcf_dcf,0.11424999858856202,0.09556249894142152,,3.7163912069736402,6.715062848420276,3.716391206973641,0.7177195655270027,-85.40301908635904,pe<0
OXY,Energy,58.375,6.46,-0.3,4793000000.0,fcff,exit,8.0,999637371.0,,,13859000000.0,10476000000.0,635000000.0,fcf_dcf,0.08,0.08,,92.4884902182021,102.9061817179709,92.4884902182021,82.07079871843332,58.43852714038904,
PAAS,Basic Materials,44.880001068115234,3.31,-0.3,1300200000.0,fcff,exit,8.0,414618000.0,,,2480300000.0,-725000000.0,2000000.0,fcf_dcf,0.140154998588562,0.11499124894142151,,44.50417992993657,48.336834029855055,44.50417992993657,40.67152583001808,-0.837391107919704,
PACK,Consumer Cyclical,4.005000114440918,-0.44,8.881784197001252e-16,7200000.0,fcff,exit,8.0,85758289.0,,,53300000.0,385000000.0,,fcf_dcf,0.225569998588562,0.1790524989414215,,-1.8026158281021334,-1.501463486227984,-1.8026158281021334,-2.103768169976283,-145.00913299858348,pe<0
PACS,Healthcare,43.105098724365234,1.6,-0.3,121470000.0,fcff,exit,8.0,158335612.0,,,480230000.0,3086618000.0,5000000.0,fcf_dcf,0.08,0.08,,1.9485860886077844,4.22763036886778,1.9485860886077837,-0.3304581916522103,-95.47945336799253,
PANL,Industrials,8.369999885559082,0.75,-0.3,60223000.0,fcff,exit,8.0,65473772.0,,,119182541.0,48452000.0,46053000.0,fcf_dcf,0.09747499858856201,0.0829812489414215,,13.205539660642087,14.554631302282218,13.205539660642085,11.856448019001956,57.77228006210433,
PANW,Technology,404.69500732421875,0.51,0.3,4113000000.0,fcff,exit,8.0,818000000.0,,,1391000000.0,-14000000.0,,fcf_dcf,0.10429499858856202,0.0945757488002777,,30.02216493857924,31.217103499884928,30.02216493857924,28.82722637727355,-92.58153315577546,
PAR,Technology,14.699999809265137,-1.76,-0.22390353482346192,-24359000.0,fcff,exit,8.0,41362708.0,,,-10595000.0,354163000.0,,fcf_dcf,0.12717499858856202,0.11402374880027771,,-12.158730540225887,-12.323554600955026,-12.158730540225887,-11.993906479496745,-182.71245372780527,pe<0
PARR,Energy,85.13999938964844,17.32,-0.3,412424000.0,fcff,exit,8.0,50099627.0,,,1316868000.0,946737000.0,36614000.0,fcf_dcf,0.09444999858856201,0.08,,173.16812812882574,192.919161978117,173.16812812882574,153.4170942795345,103.39221208625004,
PATH,Technology,12.970000267028809,0.67,0.3,362957000.0,fcff,exit,8.0,521155409.0,,,178948000.0,-527654000.0,,fcf_dcf,0.10852999858856202,0.09817549880027772,,5.716814671005997,5.95417148726608,5.716814671005996,5.479457854745912,-55.92278679023023,
PAYC,Technology,223.6300048828125,9.41,-0.3,570600000.0,fcff,exit,8.0,45071619.0,,,896000000.0,784800000.0,,fcf_dcf,0.098409998588562,0.0895734988002777,,149.08934322918205,163.38233199130582,149.08934322918208,134.79635446705828,-33.33213791802739,
PAYX,Technology,99.80000305175781,4.890000000000001,-0.3,2321800000.0,fcff,exit,8.0,355980473.0,,,3023000000.0,3520100000.0,,fcf_dcf,0.09961999858856202,0.09060199880027771,,65.52535631490966,71.60224643510166,65.52535631490966,59.448466194717646,-34.34333235347979,
PB,Financial Services,67.22000122070312,5.7700000000000005,-0.0571472832228781,590089000.0,fcff,exit,8.0,120176771.0,,,,786938000.0,,fcf_dcf,0.09026999858856202,0.08011599887084962,,,,,,,no_intrinsic
PBF,Energy,81.69999694824219,11.299999999999999,-0.3,742800000.0,fcff,exit,8.0,118536849.0,,,2654700000.0,1620900000.0,138400000.0,fcf_dcf,0.08,0.08,,146.2668898574073,163.09534125355265,146.26688985740728,129.43843846126194,79.02924763885724,
PBH,Healthcare,45.38999938964844,3.57,0.1941352322600245,235359000.0,fcff,exit,8.0,47374522.0,,,312701000.0,1978311000.0,,fcf_dcf,0.08,0.08,,18.914031518406688,23.873858312445066,18.914031518406688,13.954204724368308,-58.32995864124161,
PBHC,Financial Services,17.43,-0.22000000000000006,0.3,11010000.0,fcff,exit,8.0,6278643.0,,,,154939000.0,0.0,fcf_dcf,0.08,0.08,,,,,,,no_intrinsic
PBI,Industrials,16.93000030517578,1.22,-0.3,415241000.0,fcff,exit,8.0,137090212.0,,,463128000.0,1890821000.0,,fcf_dcf,0.143839998588562,0.1177549989414215,,14.914957826293449,17.05273455491495,14.91495782629345,12.777181097671946,-11.902199896985827,
PBT,Energy,32.064998626708984,0.34,-0.22752380371093828,,fcff,exit,8.0,46608796.0,,,16204058.0,,,fcf_dcf,0.08355999858856202,0.08,,,,,,,no_intrinsic
PCAR,Industrials,109.05999755859375,4.76,-0.04804878644747068,2963100000.0,fcff,exit,8.0,526364953.0,,,3622000000.0,9121700000.0,,fcf_dcf,0.107319998588562,0.0903649989414215,,45.250735492098045,50.18023502249375,45.250735492098045,40.32123596170234,-58.50840225098432,
PCB,Financial Services,27.94499969482422,2.8899999999999997,-0.09868632915211628,40862000.0,fcff,exit,8.0,14044602.0,,,,-157496000.0,,fcf_dcf,0.08080999858856201,0.08,,,,,,,no_intrinsic
PCG,Utilities,12.317700386047363,1.3299999999999998,-0.276227112399153,-4263000000.0,fcff,exit,8.0,3002366906.0,,,10553000000.0,63731000000.0,252000000.0,fcf_dcf,0.08,0.08,,-6.181836276509049,-3.5406790506916335,-6.181836276509048,-8.822993502326463,-150.1866101850586,
PCRX,Healthcare,25.6299991607666,0.35,-0.3,179515000.0,fcff,exit,8.0,39861886.0,,,116111000.0,206242000.0,,fcf_dcf,0.08,0.08,,31.36707418679751,33.55583146886153,31.36707418679751,29.178316904733492,22.384218548134008,
PCSA,Healthcare,1.6200000047683716,-10.49,-0.3,,fcff,exit,8.0,2793386.0,,,-12856880.0,-196325.0,,fcf_dcf,0.11881499858856201,0.10691774880027771,,,,,,,no_intrinsic
PCT,Industrials,4.070099830627441,-2.13,0.3,-212248000.0,fcff,exit,8.0,200904810.0,,,-125387000.0,336861000.0,,fcf_dcf,0.197684998588562,0.1581387489414215,,-7.989585027709818,-8.320304733944308,-7.989585027709818,-7.658865321475328,-296.2994855209277,pe<0
PCTY,Technology,147.05999755859375,4.95,-0.06250355639200122,427798000.0,fcff,exit,8.0,55366000.0,,,497790000.0,-138945000.0,,fcf_dcf,0.08053499858856202,0.08,,89.2092287336801,95.96515810856867,89.2092287336801,82.45329935879153,-39.33820874834702,
PCYO,Utilities,10.791600227355957,0.44999999999999996,-0.3,-1009000.0,fcff,exit,8.0,24097370.0,,,22505000.0,5687000.0,,fcf_dcf,0.119639998588562,0.09159099908256531,,4.914716511747501,5.580005752970589,4.914716511747501,4.249427270524413,-54.457944992355856,
PD,Technology,15.425000190734863,2.0,0.3,117465000.0,fcff,exit,8.0,78649873.0,,,60214000.0,179166000.0,14943000.0,fcf_dcf,0.10632999858856201,0.09630549880027771,,7.847693708274191,8.381449191116346,7.847693708274191,7.313938225432033,-49.12354222862205,
PDFS,Technology,56.220001220703125,0.25,-0.3,-1995000.0,fcff,exit,8.0,42227216.0,,,35706000.0,-43328000.0,,fcf_dcf,0.14433499858856202,0.1286097488002777,,4.928589646677333,5.43842579327083,4.928589646677333,4.418753500083835,-91.23338751393985,
PDLB,Financial Services,20.280000686645508,1.4,-0.3,57348000.0,fcff,exit,8.0,24187901.0,,,,509715000.0,,fcf_dcf,0.08427499858856201,0.08,,,,,,,no_intrinsic
PDSB,Healthcare,0.8521000146865845,-0.71,-0.2713408992740517,,fcff,exit,8.0,72474208.0,,,-26989920.0,-1232582.0,,fcf_dcf,0.117219998588562,0.1055619988002777,,,,,,,no_intrinsic
PEBO,Financial Services,37.2599983215332,3.31,-0.17222304541157585,136421000.0,fcff,exit,8.0,16295949.0,,,,540750000.0,,fcf_dcf,0.086364998588562,0.08,,,,,,,no_intrinsic
PECO,Real Estate,37.40999984741211,1.1500000000000001,-0.3,237810000.0,fcff,exit,8.0,128700000.0,,,535531000.0,2577643000.0,293863000.0,fcf_dcf,0.08174499858856202,0.08,,10.510606987784014,13.637320929642257,10.510606987784014,7.383893045925772,-71.90428486860552,
PEG,Utilities,68.25090026855469,4.018743,0.3,276000000.0,fcff,exit,8.0,498420030.0,,,4778000000.0,24486000000.0,,fcf_dcf,0.08146999858856202,0.08,,10.839405145140299,18.04272566783277,10.839405145140299,3.6360846224478287,-84.11829719096856,
PEGA,Technology,34.369998931884766,1.77,0.27134073301691,492500000.0,fcff,exit,8.0,164404945.0,,,214112000.0,-113094000.0,,fcf_dcf,0.10187499858856201,0.0925187488002777,,20.325153666174245,21.248963322478644,20.32515366617424,19.40134400986984,-40.86367675932988,
PEN,Healthcare,318.25,4.07,0.3,215906000.0,fcff,exit,8.0,39389422.0,,,222269000.0,7439000.0,,fcf_dcf,0.09153499858856201,0.08372974880027771,,56.087000986206725,60.25468871231452,56.087000986206725,51.919313260098924,-82.37643331148257,
PEP,Consumer Defensive,124.54000091552734,7.630000000000001,-0.3,9282000000.0,fcff,exit,8.0,1364891558.0,,,18639000000.0,42963000000.0,172000000.0,fcf_dcf,0.08,0.08,,79.22620736627735,89.48760559189637,79.22620736627736,68.96480914065836,-36.3849311194283,
PEPG,Healthcare,2.299999952316284,-1.31,-0.3,,fcff,exit,8.0,69259517.0,,,-71245000.0,-6671000.0,,fcf_dcf,0.16336499858856202,0.1447852488002777,,,,,,,no_intrinsic
PEW,Industrials,2.015000104904175,-0.22999999999999998,0.3,-20944000.0,fcff,exit,8.0,29513438.0,,,-9865000.0,-89650000.0,,fcf_dcf,0.08,0.08,,-1.9705870568338617,-2.2217522001314016,-1.9705870568338617,-1.719421913536322,-197.79587862242693,pe<0
PFBC,Financial Services,105.94999694824219,10.17,-0.17175033390696803,166806000.0,fcff,exit,8.0,11853116.0,,,,-422012000.0,,fcf_dcf,0.08405499858856201,0.08,,,,,,,no_intrinsic
PFE,Healthcare,27.329999923706055,0.76,0.3,10985000000.0,fcff,exit,8.0,5699673589.0,,,13491000000.0,62218000000.0,302000000.0,fcf_dcf,0.08,0.08,,11.404235707545265,13.182827314637057,11.404235707545265,9.625644100453473,-58.27209755074596,
PFG,Financial Services,111.98999786376953,6.51,-0.3,4852200000.0,fcff,exit,8.0,214104641.0,,,,-918900000.0,746700000.0,fcf_dcf,0.10088499858856201,0.08860799887084962,,,,,,,no_intrinsic
PFGC,Consumer Defensive,93.31500244140625,2.29,-0.03156814177737999,1020000000.0,fcff,exit,8.0,157072459.0,,,1713400000.0,7690100000.0,,fcf_dcf,0.101049998588562,0.08873999887084962,,40.837731988649125,48.710703601295855,40.83773198864913,32.964760376002374,-56.23669193569203,
PFLT,Financial Services,6.829699993133545,0.51,0.3,,fcff,exit,8.0,99217896.0,,,,1473709000.0,,fcf_dcf,0.09681499858856202,0.08535199887084963,,,,,,,no_intrinsic
PG,Consumer Defensive,145.5614013671875,6.62,0.20127747434235488,15147000000.0,fcff,exit,8.0,2322672312.0,,,24413000000.0,25084000000.0,230000000.0,fcf_dcf,0.08,0.08,,79.84359399832167,87.74156054105009,79.84359399832165,71.94562745559321,-45.14782542048263,
PGC,Financial Services,44.47999954223633,2.79,-0.3,102010000.0,fcff,exit,8.0,17727952.0,,,,-136444000.0,,fcf_dcf,0.09279999858856201,0.08213999887084962,,,,,,,no_intrinsic
PGNY,Healthcare,25.399999618530273,0.92,-0.3,178384000.0,fcff,exit,8.0,76726798.0,,,117872000.0,-130137000.0,,fcf_dcf,0.10907999858856202,0.09864299880027771,,19.52779081361935,20.587487251637977,19.52779081361935,18.468094375600725,-23.11893265001044,
PGR,Financial Services,210.50999450683594,20.32,-0.15242940117242854,15951000000.0,fcff,exit,8.0,580400000.0,,,,8209000000.0,,fcf_dcf,0.08,0.08,,,,,,,no_intrinsic
PHIN,Consumer Cyclical,59.97719955444336,3.4899999999999998,-0.1806684342254513,250000000.0,fcff,exit,8.0,36638088.0,,,441000000.0,692000000.0,,fcf_dcf,0.11534999858856201,0.09638749894142151,,75.83604173555213,84.22457964598775,75.83604173555213,67.44750382511651,26.44145158313561,
PHIO,Healthcare,0.9959999918937683,-1.5899999999999999,-0.19403371558593707,,fcff,exit,8.0,11617251.0,,,-13469000.0,-12996000.0,,fcf_dcf,0.09923499858856201,0.09027474880027771,,,,,,,no_intrinsic
PHM,Consumer Cyclical,114.44999694824219,9.79,0.3,1512443000.0,fcff,exit,8.0,190486353.0,,,2608197000.0,962472000.0,,fcf_dcf,0.116999998588562,0.09762499894142149,,102.88704643800573,112.37576212923669,102.88704643800573,93.39833074677476,-10.103058819185101,
PHR,Healthcare,10.399999618530273,0.17,-0.20438004877305294,67522000.0,fcff,exit,8.0,62070944.0,,,50034000.0,-4998000.0,,fcf_dcf,0.09934499858856201,0.0903682488002777,,9.172474724567962,9.749921220429787,9.172474724567962,8.595028228706143,-11.80312441334286,
PHUN,Technology,2.015000104904175,-0.7000000000000001,0.3,,fcff,exit,8.0,20462675.0,,,-12960000.0,-91680000.0,,fcf_dcf,0.197409998588562,0.1737234988002777,,,,,,,no_intrinsic
PII,Consumer Cyclical,52.900001525878906,-4.63,-0.3,66900000.0,fcff,exit,8.0,56903524.0,,,103600000.0,1757500000.0,4500000.0,fcf_dcf,0.12645999858856202,0.1047199989414215,,-16.534660530909274,-15.312972355363701,-16.534660530909274,-17.75634870645485,-131.25644622679349,pe<0
PIII,Healthcare,6.275000095367432,-33.0,-0.3,,fcff,exit,8.0,3911962.0,,,-82307000.0,109417000.0,65453000.0,fcf_dcf,0.145984998588562,0.1300122488002777,,,,,,,no_intrinsic
PJT,Financial Services,137.43499755859375,7.31,-0.3,661825000.0,fcff,exit,8.0,25564818.0,,,448412000.0,183809000.0,671111000.0,fcf_dcf,0.101159998588562,0.08882799887084962,,174.66024087168637,187.31456573130907,174.66024087168637,162.0059160120636,27.085708861909126,
PK,Real Estate,15.390000343322754,-0.83,-0.3,81000000.0,fcff,exit,8.0,201338330.0,,,363000000.0,3838000000.0,-57000000.0,fcf_dcf,0.128219998588562,0.0971679990825653,,-7.138217173872661,-5.886185369078627,-7.138217173872662,-8.390248978666694,-146.382176833217,pe<0
PKE,Industrials,30.125600814819336,0.63,-0.3,10959000.0,fcff,exit,8.0,21751211.0,,,16969000.0,-80174000.0,,fcf_dcf,0.08,0.08,,10.504795621555536,11.091007871710485,10.504795621555536,9.918583371400587,-65.13000458935898,
PKG,Consumer Cyclical,228.1199951171875,7.699999999999999,0.3,742400000.0,fcff,exit,8.0,89098299.0,,,1813300000.0,3961500000.0,,fcf_dcf,0.095384998588562,0.0814137489414215,,112.16032355842498,127.35325833149412,112.16032355842498,96.96738878535587,-50.83275207821782,
PKX,Basic Materials,58.264400482177734,6199.0,-0.3,-2557737000000.0,fcff,exit,8.0,302483116.0,,,7465222000000.0,25478677000000.0,6697607000000.0,fcf_dcf,0.14543499858856201,0.1189512489414215,,-14401.274409227395,1132.8443487022828,-14401.27440922739,-29935.39316715709,-24817.107341785046,
PLAB,Technology,31.1299991607666,2.84,0.2205315921402633,110381000.0,fcff,exit,8.0,58997167.0,,,338447000.0,-545620000.0,463008000.0,fcf_dcf,0.125579998588562,0.1126679988002777,,38.37293889484277,42.086857505834324,38.37293889484277,34.65902028385122,23.266752101954776,
PLBY,Consumer Cyclical,1.0449999570846558,0.0,-0.3,1670000.0,fcff,exit,8.0,119807688.0,,,16522000.0,145583000.0,593000.0,fcf_dcf,0.161549998588562,0.1310374989414215,,-0.5103358046540762,-0.42807484542936686,-0.5103358046540762,-0.5925967638787856,-148.8359641734161,
PLD,Real Estate,128.82000732421875,3.6099999999999994,-0.3,,fcff,exit,8.0,950333372.0,,,8522234000.0,34677042000.0,4393793000.0,fcf_dcf,0.12579999858856203,0.09559499908256533,,,,,,,no_intrinsic
PLMR,Financial Services,127.77999877929688,7.44,-0.04737974679291501,406789000.0,fcff,exit,8.0,26317683.0,,,,233084000.0,,fcf_dcf,0.08,0.08,,,,,,,no_intrinsic
PLNT,Consumer Cyclical,42.130001068115234,2.95,-0.1597556610541624,261682000.0,fcff,exit,8.0,75533093.0,,,615836000.0,2666335000.0,-2001000.0,fcf_dcf,0.110454998588562,0.0927162489414215,,25.10782926810317,30.886017119609974,25.107829268103167,19.32964141659637,-40.403919697250515,
PLOW,Consumer Cyclical,40.5,2.2,0.06856488068558697,48908000.0,fcff,exit,8.0,23077046.0,,,95014000.0,288326000.0,,fcf_dcf,0.11897999858856201,0.0991099989414215,,18.694692329424818,21.528709328720876,18.694692329424814,15.860675330128755,-53.84026585327205,
PLSE,Healthcare,48.43000030517578,-1.18,0.20601941727658502,-61388000.0,fcff,exit,8.0,71322607.0,,,-82018000.0,-94848000.0,,fcf_dcf,0.13932999858856202,0.12435549880027771,,-7.56644327412391,-8.273028550383357,-7.56644327412391,-6.859857997864463,-115.62346319728451,pe<0
PLTK,Communication Services,2.1649999618530273,-0.73,0.3,377000000.0,fcff,exit,8.0,381418186.0,,,83400000.0,2071600000.0,,fcf_dcf,0.11177499858856202,0.09731999887084962,,-0.22689843703103882,-0.07515879987328604,-0.22689843703103885,-0.37863807418879164,-110.48029750711108,pe<0
PLTR,Technology,189.1300048828125,1.170263,-0.3,3358272000.0,fcff,exit,8.0,2403058480.0,,,2662630000.0,-1818647000.0,110690000.0,fcf_dcf,0.14108999858856203,0.12585149880027774,,11.368084477541297,12.044388216404252,11.368084477541297,10.691780738678341,-93.98927500446842,
PLUG,Industrials,1.8650000095367432,-0.8300000000000001,-0.273975000875319,-560499000.0,fcff,exit,8.0,1397195278.0,,,-1601351000.0,875057000.0,5537000.0,fcf_dcf,0.178709998588562,0.1439074989414215,,-7.239586225257587,-7.885650534344138,-7.239586225257587,-6.593521916171036,-488.18156505296014,pe<0
PM,Consumer Defensive,188.4600067138672,6.960000000000001,0.23616465419450505,12722000000.0,fcff,exit,8.0,1558613439.0,,,18716000000.0,43114000000.0,1926000000.0,fcf_dcf,0.08,0.08,,77.78072397676632,86.80384331503166,77.78072397676632,68.75760463850102,-58.72825999902551,
PNBK,Financial Services,0.9441999793052673,-0.11,-0.3,-18502000.0,fcff,exit,8.0,126008760.0,,,,-100428000.0,,fcf_dcf,0.08,0.08,,,,,,,no_intrinsic
PNC,Financial Services,221.2449951171875,18.17,-0.14569258957016118,,fcff,exit,8.0,398943667.0,,,,56978000000.0,53000000.0,fcf_dcf,0.104184998588562,0.09124799887084961,,,,,,,no_intrinsic
PNFP,Financial Services,96.66000366210938,7.15,0.1193473468113202,1435182000.0,fcff,exit,8.0,151112640.0,,,,2602000000.0,,fcf_dcf,0.10968499858856201,0.09564799887084961,,,,,,,no_intrinsic
PNTG,Healthcare,39.95000076293945,0.9,-0.27507441388907894,34684000.0,fcff,exit,8.0,34929074.0,,,73431000.0,478643000.0,45239000.0,fcf_dcf,0.12178499858856201,0.10944224880027771,,-0.0654231783889069,1.315500663116256,-0.06542317838890722,-1.4463470198940689,-100.16376264615643,
PNW,Utilities,96.18000030517578,5.220000000000001,0.3,-878537000.0,fcff,exit,8.0,121197234.0,,,2219247000.0,16496171000.0,40333000.0,fcf_dcf,0.08,0.08,,-57.001495165313514,-43.24223715548259,-57.00149516531352,-70.76075317514442,-159.26543458562045,
PODD,Healthcare,134.0800018310547,5.35,-0.3,265600000.0,fcff,exit,8.0,69354199.0,,,652700000.0,413500000.0,,fcf_dcf,0.11355500190734863,0.10244675162124633,,60.33887359800972,66.71935725400157,60.33887359800972,53.958389942017874,-54.99785741796251,
POOL,Industrials,159.2050018310547,10.87,0.26622346661356167,301133000.0,fcff,exit,8.0,36340747.0,,,634971000.0,1666404000.0,,fcf_dcf,0.11036500190734863,0.09264875143051146,,87.10386065081263,99.49062942081319,87.10386065081263,74.71709188081209,-45.28823865518648,
POR,Utilities,44.79499816894531,2.4699999999999998,0.3,-189000000.0,fcff,exit,8.0,117607740.0,,,1123000000.0,5176000000.0,,fcf_dcf,0.08105000190734864,0.08,,6.598678164736539,13.773744707916272,6.598678164736537,-0.5763883784431889,-85.26916299929407,
POST,Consumer Defensive,73.25,5.44,0.09150207183256742,553100000.0,fcff,exit,8.0,43956805.0,,,1382900000.0,7367000000.0,11200000.0,fcf_dcf,0.08,0.08,,74.44196611904928,98.08192625134994,74.44196611904927,50.80200598674865,1.6272575004085779,
POWI,Technology,53.494998931884766,0.44999999999999996,0.0,79041000.0,fcff,exit,8.0,55873298.0,,,47714000.0,-70612000.0,,fcf_dcf,0.13726000190734863,0.12259600162124633,,10.849144267205503,11.377985029818035,10.849144267205503,10.32030350459297,-79.71932987414444,
PPCB,Healthcare,0.5098999738693237,-336.75,-0.3,,fcff,exit,8.0,6331116.0,,,-17681958.0,130171.0,,fcf_dcf,0.23626000190734864,0.20674600162124634,,,,,,,no_intrinsic
PPG,Basic Materials,105.16500091552734,6.98,0.08281121262407698,1407000000.0,fcff,exit,8.0,222300000.0,,,2824000000.0,5939000000.0,147000000.0,fcf_dcf,0.11075000190734863,0.09293750143051147,,70.42092667233959,79.41485554602104,70.42092667233959,61.42699779865812,-33.037677878304365,
PPIH,Industrials,32.02000045776367,1.9,0.1364759281640624,13648000.0,fcff,exit,8.0,8195179.0,,,33803000.0,21265000.0,17513000.0,fcf_dcf,0.08803500190734864,0.08,,27.101115779806616,30.200524730365068,27.101115779806616,24.00170682924816,-15.361913203109925,
PPL,Utilities,32.970001220703125,1.6899999999999997,-0.25062033284889973,-1992000000.0,fcff,exit,8.0,752544841.0,,,3946000000.0,19991000000.0,0.0,fcf_dcf,0.08473500190734863,0.08,,-6.229744755163577,-2.289648973164554,-6.229744755163576,-10.169840537162601,-118.895191157141,
PR,Energy,22.18000030517578,1.5100000000000002,-0.3,1076851000.0,fcff,exit,8.0,837557029.0,,,3997693000.0,3002645000.0,0.0,fcf_dcf,0.08869500190734864,0.08,,30.5406457700314,34.12719778263638,30.5406457700314,26.954093757426413,37.69452366916619,
PRDO,Consumer Defensive,32.255001068115234,2.74,-0.2707283877174541,217980000.0,fcff,exit,8.0,62577055.0,,,276982000.0,-49116000.0,,fcf_dcf,0.09271000190734863,0.08206800152587891,,41.778751124044625,45.07306149039094,41.778751124044625,38.48444075769831,29.526429206489237,
PRI,Financial Services,279.4200134277344,24.9,-0.10878865032593399,842157000.0,fcff,exit,8.0,30777350.0,,,,1115676000.0,,fcf_dcf,0.10140000190734863,0.08902000152587891,,,,,,,no_intrinsic
PRIM,Industrials,77.70999908447266,2.55,0.3,88000000.0,fcff,exit,8.0,54254935.0,,,317191000.0,1060900000.0,,fcf_dcf,0.13236500190734862,0.10914875143051148,,17.56033589345617,21.405664812822128,17.560335893456173,13.715006974090208,-77.40273310984387,
PRKS,Consumer Cyclical,32.55500030517578,2.54,0.3,164768000.0,fcff,exit,8.0,45341309.0,,,493008000.0,2387583000.0,,fcf_dcf,0.12191500190734862,0.10131125143051148,,21.141061450661507,28.55092806940869,21.141061450661507,13.731194831914319,-35.06047841351002,
PRLB,Industrials,98.44999694824219,1.25,-0.3,56664000.0,fcff,exit,8.0,23921897.0,,,73781000.0,-125677000.0,,fcf_dcf,0.12884500190734863,0.10650875143051147,,31.015941228892302,33.06887771915288,31.015941228892302,28.96300473863173,-68.49574180769328,
PRLD,Healthcare,3.5799999237060547,-0.94,-0.3,,fcff,exit,8.0,79645307.0,,,-65810000.0,-8679000.0,,fcf_dcf,0.10588999858856202,0.09593149880027771,,,,,,,no_intrinsic
PRM,Basic Materials,28.040000915527344,-2.23,0.3,97100000.0,fcff,exit,8.0,163686923.0,,,-284396000.0,1176751000.0,,fcf_dcf,0.158469998588562,0.1287274989414215,,-13.35405189132947,-14.401095641331507,-13.354051891329469,-12.307008141327437,-147.62500519011957,pe<0
PRMB,Consumer Defensive,19.594999313354492,0.26,-0.3,299900000.0,fcff,exit,8.0,361943705.0,,,1125300000.0,5330300000.0,,fcf_dcf,0.09114999858856201,0.08081999887084962,,7.38573516604638,9.713082969022246,7.385735166046381,5.058387363070512,-62.308061113261616,
PRME,Healthcare,2.9000000953674316,-1.25,-0.3,-156848000.0,fcff,exit,8.0,181376856.0,,,-189122000.0,65027000.0,,fcf_dcf,0.183714998588562,0.16208274880027768,,-7.678104725019059,-8.221324749449678,-7.678104725019059,-7.13488470058844,-364.7622231904182,pe<0
PRPH,Healthcare,0.010999999940395355,-3.3200000000000003,0.3,,fcff,exit,8.0,15592556.0,,,-7627096.0,9100000.0,,fcf_dcf,0.08,0.08,,,,,,,no_intrinsic
PRPO,Healthcare,23.799999237060547,-0.93,-0.10118045057972269,789000.0,fcff,exit,8.0,1790188.0,,,673000.0,513000.0,,fcf_dcf,0.12458999858856201,0.1118264988002777,,3.382070260833893,3.626375161201446,3.3820702608338924,3.1377653604663394,-85.78962029726686,pe<0
PRSU,Consumer Cyclical,52.25,-1.07,-0.3,-88959000.0,fcff,exit,8.0,27449264.0,,,30803000.0,209448000.0,72710000.0,fcf_dcf,0.131464998588562,0.1084737489414215,,-17.069640974712502,-16.329292633253548,-17.069640974712502,-17.809989316171457,-132.6691693295933,pe<0
PRTH,Technology,7.789999961853027,0.69,0.3,103720000.0,fcff,exit,8.0,82472221.0,,,210814000.0,927536000.0,8115000.0,fcf_dcf,0.139769998588562,0.1247294988002777,,5.934148012455229,7.50217014496229,5.934148012455229,4.366125879948171,-23.823516796992923,
PRU,Financial Services,113.43499755859375,11.035174,-0.048608718409207,,fcff,exit,8.0,345000000.0,,,,9473000000.0,3010000000.0,fcf_dcf,0.09917999858856201,0.08724399887084962,,,,,,,no_intrinsic
PSA,Real Estate,283.6300048828125,10.48,-0.2462011210823466,2861325000.0,fcff,exit,8.0,186852295.0,,,3539599000.0,9920279000.0,95532000.0,fcf_dcf,0.104074998588562,0.08147374908256531,,123.95632121327957,138.09395003987285,123.95632121327958,109.81869238668631,-56.296471078758174,
PSKY,Communication Services,9.574999809265137,-0.25,0.3,591000000.0,fcff,exit,8.0,1121945779.0,,,2944000000.0,14575000000.0,1039000000.0,fcf_dcf,0.138064998588562,0.11835199887084961,,1.3467566609966357,3.0028095548202223,1.3467566609966357,-0.3092962328269505,-85.93465600183654,pe<0
PSMT,Consumer Defensive,170.88999938964844,5.210000000000001,-0.2496653154673294,73735000.0,fcff,exit,8.0,30860524.0,,,335413000.0,117011000.0,,fcf_dcf,0.09373499858856202,0.08288799887084962,,70.69665913773771,78.7552619420136,70.69665913773773,62.63805633346182,-58.63031225335698,
PSQH,Technology,4.606900215148926,-10.990005,-0.3,-18795231.0,fcff,exit,8.0,3727168.0,,,-18087738.0,29583929.0,,fcf_dcf,0.08273499858856201,0.08,,-58.420240480480054,-62.06683412940865,-58.420240480480054,-54.77364683155145,-1368.103014004429,pe<0
PSX,Energy,266.05499267578125,17.55,-0.3,6394000000.0,fcff,exit,8.0,399020916.0,,,12874000000.0,16466000000.0,1197000000.0,fcf_dcf,0.09153499858856201,0.08,,217.40064393726658,241.6444010804005,217.40064393726658,193.15688679413262,-18.287327837446604,
PTC,Technology,193.8249969482422,10.34,-0.27250206724887704,935484000.0,fcff,exit,8.0,108506261.0,,,1729689000.0,1256240000.0,,fcf_dcf,0.10770499858856201,0.0974742488002777,,111.6522572010633,122.7068408489834,111.6522572010633,100.59767355314322,-42.395326217454695,
PTRN,Consumer Cyclical,17.559999465942383,-1.72,-0.3,106131000.0,fcff,exit,8.0,177399089.0,,,34754000.0,-294520000.0,,fcf_dcf,0.10797999858856201,0.09085999894142152,,5.2368910574009915,5.3769172197615935,5.2368910574009915,5.096864895040389,-70.17715708045469,pe<0
PULM,Healthcare,1.5800000429153442,-1.27,-0.3,,fcff,exit,8.0,3652285.0,,,-4112000.0,-2168000.0,,fcf_dcf,0.15929499858856203,0.1413257488002777,,,,,,,no_intrinsic
PUMP,Energy,9.739999771118164,-0.19,0.3,-21511000.0,fcff,exit,8.0,122823917.0,,,167744000.0,73933000.0,,fcf_dcf,0.101104998588562,0.0826234990119934,,6.773983020154425,7.7878422585860925,6.773983020154425,5.76012378172276,-30.45191807661856,pe<0
PVH,Consumer Cyclical,74.58000183105469,-3.7021040000000003,0.3,715000000.0,fcff,exit,8.0,46137833.0,,,642400000.0,3196800000.0,,fcf_dcf,0.149559998588562,0.12204499894142151,,58.60063123502446,67.24429423847691,58.60063123502446,49.956968231572006,-21.425811482585015,pe<0
PVLA,Healthcare,129.78500366210938,-4.61,0.3,,fcff,exit,8.0,14408407.0,,,-54100000.0,-187268000.0,,fcf_dcf,0.10797999858856201,0.09770799880027771,,,,,,,no_intrinsic
PWR,Industrials,683.7449951171875,8.73,-0.3,2391158000.0,fcff,exit,8.0,150343393.0,,,3080445000.0,6096704000.0,104001000.0,fcf_dcf,0.122664998588562,0.10187374894142151,,133.63350928290842,147.56093297973166,133.63350928290842,119.70608558608517,-80.45565082929713,
PXED,Consumer Defensive,25.03499984741211,2.181512,0.3,131219000.0,fcff,exit,8.0,36047376.0,,,143433000.0,-89319000.0,2177000.0,fcf_dcf,0.10797999858856201,0.09428399887084962,,39.628926548265206,42.428720301712985,39.628926548265206,36.82913279481742,58.294095425615446,
PYPL,Financial Services,53.630001068115234,5.29,0.052681620964441844,6586000000.0,fcff,exit,8.0,855460874.0,,,7287000000.0,5094000000.0,,fcf_dcf,0.12337999858856202,0.10660399887084963,,69.73055952286262,75.3980173991588,69.73055952286263,64.06310164656645,30.02155162051579,
PYXS,Healthcare,2.1050000190734863,-1.4200000000000002,0.20637572702148588,,fcff,exit,8.0,119455969.0,,,-87922000.0,-1023000.0,,fcf_dcf,0.128769998588562,0.1153794988002777,,,,,,,no_intrinsic
Q,Technology,133.51499938964844,2.797479,0.3,825000000.0,fcff,exit,8.0,209208543.0,,,1450000000.0,3059000000.0,285000000.0,fcf_dcf,0.10797999858856201,0.09770799880027771,,38.330645482216354,43.1319063357113,38.33064548221635,33.52938462872141,-71.2911315901274,
QCLS,Technology,0.699999988079071,-91.125721,0.3,,fcff,exit,8.0,8189838.0,,,-10706413.0,63559.0,,fcf_dcf,0.18112999858856202,0.1598854988002777,,,,,,,no_intrinsic
QCOM,Technology,182.97000122070312,8.639999999999999,-0.3,10416000000.0,fcff,exit,8.0,1068060487.0,,,13474000000.0,10737000000.0,,fcf_dcf,0.143784998588562,0.1281422488002777,,87.33202628382057,94.95425952652104,87.33202628382057,79.70979304112011,-52.2697569540493,
QETA,Financial Services,11.74,0.06599999999999998,0.3,,fcff,exit,8.0,3747748.0,,,545646.0,565425.0,,fcf_dcf,0.08,0.08,,,,,,,no_intrinsic
QRHC,Industrials,1.350000023841858,-0.8199999999999998,0.3,9784000.0,fcff,exit,8.0,21092856.0,,,-3356000.0,61153000.0,,fcf_dcf,0.08,0.08,,-1.895479985339545,-2.015035233643625,-1.8954799853395452,-1.7759247370354645,-240.40592236030847,pe<0
QS,Consumer Cyclical,4.539999961853027,-0.6699999999999999,-0.21081576863272278,-272597000.0,fcff,exit,8.0,619113507.0,,,-336702000.0,-65754000.0,,fcf_dcf,0.209069998588562,0.1666774989414215,,-3.6140259457286157,-3.891819501093822,-3.6140259457286157,-3.3362323903634095,-179.6040963897614,pe<0
QTRX,Healthcare,3.75,-2.63,0.11016118708169254,-82556000.0,fcff,exit,8.0,47293065.0,,,-70817000.0,-10782000.0,,fcf_dcf,0.108694998588562,0.0983157488002777,,-15.076857827386661,-16.11129678430552,-15.076857827386661,-14.042418870467802,-502.04954206364425,pe<0
QTTB,Healthcare,7.920000076293945,-2.3600000000000003,-0.3,,fcff,exit,8.0,29769466.0,,,34357000.0,-100974000.0,,fcf_dcf,0.08,0.08,,,,,,,no_intrinsic
QUIK,Technology,11.670000076293945,-0.77,-0.3,-4049000.0,fcff,exit,8.0,18317741.0,,,-4039000.0,-10599000.0,,fcf_dcf,0.116339998588562,0.1048139988002777,,-1.479827661961287,-1.627723841594928,-1.479827661961287,-1.3319314823276456,-112.68061398703297,pe<0
QXO,Industrials,12.055000305175781,-0.9,0.1827672219908374,141200000.0,fcff,exit,8.0,1037490709.0,,,480200000.0,4263000000.0,,fcf_dcf,0.178159998588562,0.14349499894142148,,-1.5286366023445361,-1.2672595532629911,-1.5286366023445361,-1.7900136514260812,-112.68051898504075,pe<0
RAPP,Healthcare,31.850000381469727,-3.04,0.3,-97149000.0,fcff,exit,8.0,47978286.0,,,-152556000.0,-53507000.0,,fcf_dcf,0.12002499858856203,0.10794624880027771,,-23.660727431939307,-25.763498368378393,-23.660727431939304,-21.55795649550022,-174.28799732669728,pe<0
RARE,Healthcare,14.375,-5.84,-0.1377576665515613,-494000000.0,fcff,exit,8.0,98588873.0,,,-472609000.0,-89000000.0,7000000.0,fcf_dcf,0.08,0.08,,-49.15973652587563,-52.76183985744423,-49.15973652587563,-45.55763319430704,-441.98077583217827,pe<0
RBA,Industrials,82.66500091552734,2.33,-0.3,501600000.0,fcff,exit,8.0,185200000.0,,,1461200000.0,3990900000.0,500000.0,fcf_dcf,0.08190999858856202,0.08,,37.322283739477314,43.25086480392952,37.322283739477314,31.393702675025118,-54.8511663628774,
RBBN,Technology,1.6950000524520874,0.08000000000000002,0.3,6799000.0,fcff,exit,8.0,178823352.0,,,28062000.0,353501000.0,,fcf_dcf,0.128384998588562,0.1150522488002777,,-1.0260463851750115,-0.9255340973869787,-1.0260463851750115,-1.1265586729630443,-160.53370816659694,
RBNE,Energy,2.1798999309539795,-2.39,-0.3,,fcff,exit,8.0,1332297.0,,,4015796.0,-23651666.0,,fcf_dcf,0.10797999858856201,0.0874359990119934,,,,,,,no_intrinsic
RBOT,Healthcare,0.04500000178813934,-6.6899999999999995,-0.3,-39774000.0,fcff,exit,8.0,7131355.0,,,-41484000.0,5788000.0,,fcf_dcf,0.171724998588562,0.1518912488002777,,-45.79796152281939,-48.96499047735502,-45.797961522819385,-42.630932568283754,-101873.24378438218,pe<0
RCAT,Industrials,6.474999904632568,-0.81,0.3,-157702718.0,fcff,exit,8.0,152714362.0,,,-103981645.0,-310680000.0,,fcf_dcf,0.13630499858856202,0.1121037489414215,,-5.514638160062406,-5.956565771095412,-5.514638160062405,-5.0727105490293996,-185.16815816656512,pe<0
RCL,Consumer Cyclical,273.8800048828125,16.18,0.286853595277905,-416000000.0,fcff,exit,8.0,267452084.0,,,7394000000.0,22643000000.0,225000000.0,fcf_dcf,0.15318999858856203,0.12476749894142153,,44.28831547187166,61.24420295187602,44.28831547187167,27.332427991867302,-83.8292994441775,
RCMT,Industrials,42.29990005493164,2.3,-0.3,22827000.0,fcff,exit,8.0,7110759.0,,,28054000.0,22635000.0,,fcf_dcf,0.08,0.08,,34.099255649783665,37.06382022251425,34.099255649783665,31.134691077053073,-19.38691201279064,
RCUS,Healthcare,24.264999389648438,-3.9,0.3,,fcff,exit,8.0,125773162.0,,,-439000000.0,-36000000.0,,fcf_dcf,0.104569998588562,0.0948094988002777,,,,,,,no_intrinsic
RDDT,Communication Services,149.3800048828125,4.3,-0.3,1018649000.0,fcff,exit,8.0,192396510.0,,,801517000.0,-1465971000.0,,fcf_dcf,0.16589499858856202,0.1406159988708496,,45.84750452363976,48.22992883623066,45.84750452363976,43.46508021104885,-69.30813828824895,
RDI,Communication Services,1.909999966621399,-0.56,-0.3,,fcff,exit,8.0,22890127.0,,,14908000.0,356729000.0,158000.0,fcf_dcf,0.101049998588562,0.08873999887084962,,,,,,,no_intrinsic
RDIB,Communication Services,15.550000190734863,-0.56,-0.3,,fcff,exit,8.0,22890127.0,,,14908000.0,356729000.0,158000.0,fcf_dcf,0.10107000190734863,0.08875600152587891,,,,,,,no_intrinsic
RDNT,Healthcare,70.58999633789062,-0.06999999999999995,-0.3,72372000.0,fcff,exit,8.0,78697757.0,,,337288000.0,1456433000.0,297959000.0,fcf_dcf,0.13060500190734864,0.11693925162124634,,3.0141147708430833,5.73613675412995,3.0141147708430833,0.29209278755621687,-95.7301106003526,pe<0
RDY,Healthcare,12.1899995803833,39.74,0.3,9219000000.0,fcff,exit,8.0,832988625.0,,,66677000000.0,60748000000.0,3307000000.0,fcf_dcf,0.08,0.08,,451.05323996524817,511.20094508315725,451.0532399652482,390.9055348473391,3600.1907751588724,upside>300%
REAL,Consumer Cyclical,9.420000076293945,-1.12,-0.3,22971000.0,fcff,exit,8.0,121671115.0,,,-19566000.0,344176000.0,,fcf_dcf,0.20777000190734862,0.16570250143051146,,-2.844879991313127,-2.927365333046494,-2.844879991313127,-2.7623946495797598,-130.20042429163513,pe<0
REBN,Consumer Cyclical,2.069999933242798,-2.372509,-0.3,,fcff,exit,8.0,8620122.0,,,-3578435.0,6754526.0,368975.0,fcf_dcf,0.15618000190734863,0.12701000143051147,,,,,,,no_intrinsic
REFI,Real Estate,9.949999809265137,1.37,0.3,,fcff,exit,8.0,25621146.0,,,,127150852.0,,fcf_dcf,0.08,0.08,,,,,,,no_intrinsic
REFR,Technology,0.7013999819755554,-0.07,0.3,-1561320.0,fcff,exit,8.0,34867786.0,,,-2096077.0,6589.0,,fcf_dcf,0.08523000190734864,0.08,,-0.5507890142477181,-0.5959605589455387,-0.5507890142477181,-0.5056174695498975,-178.5270927290833,pe<0
REG,Real Estate,71.46499633789062,2.958385,-0.10888496681881954,,fcff,exit,8.0,183120547.0,,,1188000000.0,5456050000.0,272072000.0,fcf_dcf,0.09826500190734863,0.08,,,,,,,no_intrinsic
REGN,Healthcare,726.7899780273438,40.46,0.3,3575200000.0,fcff,exit,8.0,102954988.0,,,5750000000.0,250800000.0,,fcf_dcf,0.08,0.08,,480.0431016823426,522.0095807250708,480.0431016823425,438.0766226396143,-33.95023098897463,
RELY,Technology,22.59000015258789,1.3900000000000001,-0.3,375096000.0,fcff,exit,8.0,211684054.0,,,229251000.0,-638130000.0,,fcf_dcf,0.08,0.08,,17.012848452575845,17.82662501194095,17.012848452575845,16.199071893210743,-24.6885863760082,
RENT,Consumer Cyclical,1.5499999523162842,12.66,0.3,-66400000.0,fcff,exit,8.0,33929820.0,,,118000000.0,167000000.0,,fcf_dcf,0.12125500190734864,0.10081625143051148,,6.2513499587057595,8.626697429578043,6.2513499587057595,3.876002487833476,303.31291296905437,upside>300%
RES,Energy,6.074999809265137,0.09,0.3,39074000.0,fcff,exit,8.0,221657012.0,,,216050000.0,-127589000.0,,fcf_dcf,0.10024500190734864,0.08202150133514405,,7.121310558999179,7.846905423608113,7.121310558999179,6.395715694390245,17.223222758596417,
REXR,Real Estate,36.619998931884766,-1.8099999999999996,0.3,227152000.0,fcff,exit,8.0,222988124.0,,,6560000.0,3231498000.0,351561000.0,fcf_dcf,0.11878000190734862,0.09103200123977662,,-11.719502572041335,-11.69849211408359,-11.719502572041334,-11.740513029999077,-132.00301178009389,pe<0
REYN,Consumer Cyclical,22.270000457763672,1.6400000000000001,-0.03959901012575251,320000000.0,fcff,exit,8.0,210790982.0,,,686000000.0,1582000000.0,,fcf_dcf,0.08259000190734864,0.08,,18.473599143134216,20.91902314224182,18.473599143134216,16.028175144026612,-17.047154183178165,
REZI,Industrials,18.6299991607666,2.2600000000000002,-0.3,-1399000000.0,fcff,exit,8.0,151847378.0,,,866000000.0,3070000000.0,,fcf_dcf,0.13555500190734862,0.11154125143051147,,-26.389904602349752,-22.67896804689724,-26.389904602349752,-30.10084115780227,-241.65274176675723,
RF,Financial Services,27.19029998779297,2.4499999999999997,-0.07042805621513215,1750000000.0,fcff,exit,8.0,851929506.0,,,,-2498000000.0,71000000.0,fcf_dcf,0.11130000190734864,0.09694000152587892,,,,,,,no_intrinsic
RFIL,Industrials,8.430000305175781,0.22,-0.3,3220000.0,fcff,exit,8.0,10847761.0,,,6394000.0,18739000.0,,fcf_dcf,0.12675500190734862,0.10494125143051147,,2.6085837238167087,3.003711394542746,2.608583723816708,2.2134560530906713,-69.05594745690445,
RGA,Financial Services,249.67999267578125,22.77,-0.3,,fcff,exit,8.0,65301665.0,,,,421000000.0,90000000.0,fcf_dcf,0.08,0.08,,,,,,,no_intrinsic
RGEN,Healthcare,183.6199951171875,0.73,0.3,110153000.0,fcff,exit,8.0,56435621.0,,,171612000.0,84159000.0,,fcf_dcf,0.11223500190734863,0.10132475162124634,,22.884502569972643,24.95663832224897,22.884502569972643,20.81236681769632,-87.53703127191153,
RGLD,Basic Materials,232.50999450683594,9.16,-0.3,-120363000.0,fcff,exit,8.0,84727857.0,,,1259375000.0,213424000.0,46640000.0,fcf_dcf,0.08,0.08,,80.27868905629704,91.44760254815252,80.27868905629704,69.10977556444156,-65.47301580451554,
RGNX,Healthcare,7.699999809265137,-3.79,-0.3,-249668000.0,fcff,exit,8.0,66013192.0,,,-139117000.0,32464000.0,,fcf_dcf,0.11509500190734863,0.10375575162124633,,-26.87137505337293,-28.291692530143134,-26.87137505337293,-25.451057576602725,-448.9789054415243,pe<0
RGTI,Technology,14.925000190734863,-0.9,-0.3,-87582000.0,fcff,exit,8.0,333768747.0,,,-263258000.0,-20062000.0,,fcf_dcf,0.16448500190734866,0.14573725162124634,,-4.406773673851639,-4.84784781774826,-4.406773673851639,-3.965699529955019,-129.52612139051948,pe<0
RHLD,Industrials,117.7300033569336,5.2,-0.3,72822000.0,fcff,exit,8.0,7819595.0,,,227339000.0,2127300000.0,3084900000.0,fcf_dcf,0.10800000190734863,0.09087500143051147,,-462.09089382174926,-441.3123266704926,-462.09089382174926,-482.86946097300586,-492.50053567125366,
RICK,Consumer Cyclical,26.149999618530273,-0.41000000000000003,0.3,34747000.0,fcff,exit,8.0,7644500.0,,,33909000.0,241852000.0,2604000.0,fcf_dcf,0.09958500190734863,0.08456375143051148,,13.106590524373871,16.370148483405565,13.106590524373868,9.843032565342186,-49.879194204322864,pe<0
RITM,Real Estate,8.770000457763672,0.6,0.3,,fcff,exit,8.0,558407031.0,,,,34494503000.0,931858000.0,fcf_dcf,0.11674500190734863,0.08970925123977662,,,,,,,no_intrinsic
RIVN,Consumer Cyclical,14.319999694824219,-2.58,-0.3,-3489000000.0,fcff,exit,8.0,1447860630.0,,,-2139000000.0,1761000000.0,21000000.0,fcf_dcf,0.14221000190734864,0.11653250143051147,,-18.012159395985126,-18.95215979179932,-18.012159395985126,-17.07215900017093,-225.78323868606915,pe<0
RJF,Financial Services,158.7100067138672,11.469999999999999,-0.20932753444843744,1442000000.0,fcff,exit,8.0,192361711.0,,,,-5505000000.0,84000000.0,fcf_dcf,0.10503000190734862,0.09192400152587892,,,,,,,no_intrinsic
RKDA,Consumer Defensive,0.28780001401901245,-6.844923,0.3,,fcff,exit,8.0,2409211.0,,,-4047000.0,-4178000.0,0.0,fcf_dcf,0.08341500190734863,0.08,,,,,,,no_intrinsic
RKLB,Industrials,72.75,-0.27,-0.26790585937499956,-371139000.0,fcff,exit,8.0,639301732.0,,,-105947000.0,-1995794000.0,,fcf_dcf,0.21459000190734864,0.17081750143051147,,0.5005652901792085,0.41740086057634224,0.5005652901792086,0.5837297197820747,-99.31193774545814,pe<0
RL,Consumer Cyclical,365.8900146484375,15.870000000000001,-0.0653779946440598,1002000000.0,fcff,exit,8.0,59582239.0,,,1534000000.0,1284900000.0,,fcf_dcf,0.1275250019073486,0.10551875143051145,,182.6172304319828,199.83111286580902,182.6172304319828,165.40334799815656,-50.08958344833513,
RLMD,Healthcare,3.440000057220459,-0.9299999999999999,-0.3,,fcff,exit,8.0,106669846.0,,,-65133239.0,-11334370.0,,fcf_dcf,0.08121500190734864,0.08,,,,,,,no_intrinsic
RMAX,Real Estate,12.359999656677246,-0.4199999999999999,0.3,25844000.0,fcff,exit,8.0,21317742.0,,,49358000.0,341510000.0,-490815000.0,fcf_dcf,0.15409000190734862,0.1139835012397766,,23.61425012334631,25.10437758015686,23.614250123346306,22.124122666535758,91.05380889383096,pe<0
RMBS,Technology,109.87000274658203,2.18,-0.1848608165670017,299535000.0,fcff,exit,8.0,108461603.0,,,340423000.0,-65917000.0,,fcf_dcf,0.15458500190734864,0.13732225162124634,,25.25548940040055,27.076556942843442,25.255489400400545,23.434421857957652,-77.01329865381639,
RMCF,Consumer Defensive,0.8701000213623047,-0.61,0.3,-3165000.0,fcff,exit,8.0,9439587.0,,,-2932000.0,7659000.0,,fcf_dcf,0.09524000190734863,0.08409200152587891,,-4.045099155339571,-4.274123226421563,-4.045099155339572,-3.8160750842575792,-564.9004776492488,pe<0
RMCO,Financial Services,2.5399999618530273,-0.03,-4.440892098500626e-16,,fcff,exit,8.0,15172708.0,,,-797887.0,206960.0,,fcf_dcf,0.08,0.08,,,,,,,no_intrinsic
RMD,Healthcare,221.5500030517578,10.43,-0.07322546894811865,1628656000.0,fcff,exit,8.0,140639243.0,,,2152616000.0,-643315000.0,,fcf_dcf,0.09425000190734864,0.08603750162124635,,142.21218078999402,153.3972015029799,142.21218078999402,131.02716007700818,-35.81034582212537,
RNAC,Healthcare,7.239999771118164,-1.88,-0.22752380371093717,-78612000.0,fcff,exit,8.0,30255352.0,,,-50275000.0,-83753000.0,,fcf_dcf,0.09265500190734863,0.08468175162124633,,-17.85109836927837,-19.07300791957489,-17.85109836927837,-16.629188818981845,-346.5621399670486,pe<0
RNG,Technology,79.40499877929688,1.25,-0.3,576490000.0,fcff,exit,8.0,83506162.0,,,409086000.0,1053190000.0,,fcf_dcf,0.11388500190734863,0.10272725162124632,,41.40836774746095,44.725451332847825,41.40836774746095,38.091284162074075,-47.85168643783509,
RNR,Financial Services,325.364990234375,58.199999999999996,0.3,,fcff,exit,8.0,41551893.0,,,,1028747000.0,7343353000.0,fcf_dcf,0.08,0.08,,,,,,,no_intrinsic
RNST,Financial Services,39.625,3.34,-0.3,403348000.0,fcff,exit,8.0,91404465.0,,,,225266000.0,,fcf_dcf,0.10951999858856201,0.09551599887084962,,,,,,,no_intrinsic
RNTX,Healthcare,0.8399999737739563,-0.78,-0.3,,fcff,exit,8.0,86267032.0,,,-20757000.0,-3619000.0,,fcf_dcf,0.127504998588562,0.1143042488002777,,,,,,,no_intrinsic
RNXT,Healthcare,1.4500000476837158,-0.31,-0.1451958089702745,,fcff,exit,8.0,45129508.0,,,-13534000.0,-9089000.0,,fcf_dcf,0.10654999858856201,0.0964924988002777,,,,,,,no_intrinsic
ROK,Industrials,453.4200134277344,10.667382,-0.3,1504000000.0,fcff,exit,8.0,111048676.0,,,1775000000.0,3134000000.0,2000000.0,fcf_dcf,0.135534998588562,0.11152624894142149,,107.68707983647201,118.08837008752397,107.68707983647202,97.28578958542005,-76.25003823223717,
ROKU,Communication Services,152.23500061035156,2.34,-0.3,709906000.0,fcff,exit,8.0,148510633.0,,,730817000.0,-1527697000.0,,fcf_dcf,0.16583999858856202,0.14057199887084962,,50.112932272116204,52.927673172015474,50.112932272116204,47.298191372216934,-67.08185892127315,
ROL,Consumer Cyclical,29.780000686645508,1.1,0.15183631647038354,619169000.0,fcff,exit,8.0,481145404.0,,,862519000.0,1006218000.0,,fcf_dcf,0.09318499858856201,0.08,,14.12300702714821,15.470028163600682,14.12300702714821,12.775985890695736,-52.57553155973731,
ROP,Technology,356.92999267578125,24.139999999999997,-0.3,2561000000.0,fcff,exit,8.0,98900874.0,,,4291900000.0,10954500000.0,,fcf_dcf,0.09428499858856201,0.0860672488002777,,250.57636719603502,282.28421294041345,250.57636719603502,218.8685214516566,-29.79677462307096,
ROST,Consumer Cyclical,227.3000030517578,8.26,-0.3,2790186000.0,fcff,exit,8.0,319453110.0,,,4074467000.0,451027000.0,,fcf_dcf,0.09901499858856201,0.08413624894142152,,110.31398214275924,119.71652268724469,110.31398214275926,100.91144159827378,-51.467672388178556,
RPAY,Technology,3.9049999713897705,-2.04,-0.3,44806000.0,fcff,exit,8.0,82898508.0,,,-57176000.0,689185000.0,-3280000.0,fcf_dcf,0.15665499858856202,0.13908174880027774,,-9.486627501191588,-9.883721612735853,-9.486627501191588,-9.089533389647322,-342.93540513946135,pe<0
RPID,Healthcare,1.0099999904632568,-1.12,0.07390671611467647,-40982000.0,fcff,exit,8.0,50159556.0,,,-45800000.0,8791000.0,,fcf_dcf,0.13575499858856202,0.12131674880027771,,-7.827238058938913,-8.395922187341492,-7.827238058938913,-7.2585539305363325,-874.9740725590298,pe<0
RPM,Basic Materials,99.12000274658203,5.16,0.3,675201000.0,fcff,exit,8.0,127584116.0,,,1195374000.0,2559619000.0,1572000.0,fcf_dcf,0.11039999858856202,0.0926749989414215,,54.68250628154413,61.32380514219735,54.68250628154413,48.041207420890906,-44.83201698314143,
RR,Industrials,1.7015999555587769,-0.09999999999999999,0.3,-24184000.0,fcff,exit,8.0,225101943.0,,,-22058000.0,-301333000.0,0.0,fcf_dcf,0.08,0.08,,0.29558141722833314,0.22194901488588079,0.2955814172283332,0.3692138195707855,-82.62920633826243,pe<0
RRC,Energy,38.33000183105469,3.62,-0.20721883009678355,689935000.0,fcff,exit,8.0,233679515.0,,,1554474000.0,1016310000.0,,fcf_dcf,0.092139998588562,0.08,,48.11615911534555,53.11471902027452,48.11615911534555,43.117599210416586,25.5313248546787,
RSG,Industrials,211.66000366210938,7.06,-0.026964739318246167,2653000000.0,fcff,exit,8.0,306212978.0,,,5138000000.0,14188000000.0,1000000.0,fcf_dcf,0.08,0.08,,91.14107137949806,103.74925683151099,91.14107137949806,78.5328859274851,-56.939870640371815,
RSSS,Technology,2.1600000858306885,0.08,-0.3,5234649.0,fcff,exit,8.0,33762669.0,,,3654632.0,-12630283.0,,fcf_dcf,0.095384998588562,0.0870022488002777,,1.6472089426335434,1.7259598429467773,1.6472089426335434,1.5684580423203094,-23.74032976021558,
RSVR,Communication Services,9.619999885559082,0.13,-0.3,-66147272.0,fcff,exit,8.0,65930743.0,,,70147550.0,455601750.0,429765.0,fcf_dcf,0.095219998588562,0.08407599887084961,,-4.8343152732049335,-4.049754212894548,-4.8343152732049335,-5.618876333515317,-150.25275811553692,
RTX,Industrials,184.35000610351562,5.68,-0.21248821144952645,10985000000.0,fcff,exit,8.0,1347758144.0,,,16084000000.0,30551000000.0,1767000000.0,fcf_dcf,0.08,0.08,,82.20306739292654,91.17041863603245,82.20306739292654,73.23571614982062,-55.40924075328311,
RVLV,Consumer Cyclical,20.885000228881836,1.01,-0.23644118445831763,27625000.0,fcff,exit,8.0,71085420.0,,,86573000.0,-280703000.0,1219000.0,fcf_dcf,0.146589998588562,0.11981749894142149,,11.52172513066527,12.285326227582532,11.52172513066527,10.75812403374801,-44.83253529137197,
RVMD,Healthcare,202.88999938964844,-8.82,0.3,-1587834000.0,fcff,exit,8.0,214336418.0,,,-1686333000.0,-173507000.0,,fcf_dcf,0.13003499858856202,0.11645474880027772,,-67.72958235411892,-72.73733192750272,-67.7295823541189,-62.721832780735085,-133.3824153767406,pe<0
RVPH,Healthcare,0.5098999738693237,-4.25,-0.3,,fcff,exit,8.0,13110377.0,,,-13003997.0,-19745867.0,,fcf_dcf,0.08,0.08,,,,,,,no_intrinsic
RVSB,Financial Services,6.03000020980835,-0.19,0.3,13900000.0,fcff,exit,8.0,19953186.0,,,,-56914000.0,,fcf_dcf,0.08,0.08,,,,,,,no_intrinsic
RVTY,Healthcare,152.88999938964844,2.0945039999999997,0.03174357149181506,558113000.0,fcff,exit,8.0,111586401.0,,,738746000.0,2318573000.0,,fcf_dcf,0.11149999858856202,0.10069999880027772,,35.43172053123409,39.95590079320378,35.43172053123409,30.90754026926441,-76.825351119968,
RWT,Real Estate,3.4649999141693115,-0.94,-0.3,,fcff,exit,8.0,125612432.0,,,,27025614000.0,,fcf_dcf,0.13597499858856202,0.10220874908256532,,,,,,,no_intrinsic
RXO,Industrials,28.489999771118164,-0.61,0.3,-76000000.0,fcff,exit,8.0,164926128.0,,,19000000.0,713000000.0,,fcf_dcf,0.16242999858856202,0.13169749894142152,,-5.48022066797006,-5.411701320847031,-5.48022066797006,-5.548740015093088,-119.23559393470285,pe<0
RXST,Healthcare,4.760000228881836,-1.13,0.2122486136395314,-27165000.0,fcff,exit,8.0,41593256.0,,,-43287000.0,-2772000.0,,fcf_dcf,0.11584499858856201,0.1043932488002777,,-8.117408003136342,-8.816793645169659,-8.117408003136342,-7.418022361103024,-270.5337733784771,pe<0
RXT,Technology,3.9149999618530273,-0.65,-0.3,41000000.0,fcff,exit,8.0,254872850.0,,,311700000.0,3160600000.0,,fcf_dcf,0.22375499858856202,0.19611674880027768,,-7.477159686643931,-6.925658784333438,-7.4771596866439305,-8.028660588954423,-290.98747789271704,pe<0
RY,Financial Services,195.3800048828125,15.87,-0.10281368892714249,77142000000.0,fcff,exit,8.0,1384429799.0,,,,480751000000.0,58000000.0,fcf_dcf,0.10280999858856202,0.09014799887084962,,,,,,,no_intrinsic
RYM,Consumer Defensive,19.729999542236328,-10.530000000000001,-0.3,,fcff,exit,8.0,2179128.0,,,-11330000.0,38708000.0,0.0,fcf_dcf,0.5727849985885621,0.46612799887084977,,,,,,,no_intrinsic
RYN,Real Estate,18.239999771118164,0.45,0.3,249830000.0,fcff,exit,8.0,300747223.0,,,261980000.0,1443510000.0,38527000.0,fcf_dcf,0.10357999858856201,0.08115199908256532,,3.7804300870004655,4.431508943921161,3.7804300870004655,3.1293512300797697,-79.27395759627954,
SABS,Healthcare,2.880000114440918,-1.9300000000000002,-0.3,,fcff,exit,8.0,90986368.0,,,-9427074.0,-3135000.0,,fcf_dcf,0.08509999858856201,0.08,,,,,,,no_intrinsic
SAFE,Real Estate,11.949999809265137,1.62,-0.029230662709934796,,fcff,exit,8.0,70816280.0,,,343839000.0,4543329000.0,193901000.0,fcf_dcf,0.150494998588562,0.1116467490825653,,,,,,,no_intrinsic
SAFT,Financial Services,103.9000015258789,4.64,0.3,175651000.0,fcff,exit,8.0,14680482.0,,,,-8145000.0,,fcf_dcf,0.08,0.08,,,,,,,no_intrinsic
SAFX,Utilities,0.33219999074935913,0.63835,0.3,-26997466.0,fcff,exit,8.0,415296896.0,,,94135728.0,124272448.0,,fcf_dcf,0.08,0.08,,0.7886463655492881,0.9589711632629009,0.7886463655492881,0.6183215678356754,137.4010799248674,
SAH,Consumer Cyclical,60.60499954223633,6.2700000000000005,-0.3,-55200000.0,fcff,exit,8.0,31614802.0,,,665900000.0,4652600000.0,,fcf_dcf,0.104184998588562,0.0880137489414215,,-32.366534400832926,-17.113807645269645,-32.366534400832926,-47.61926115639622,-153.40571676479647,
SAIC,Technology,126.44499969482422,8.55,-0.045387547434817654,619000000.0,fcff,exit,8.0,41897635.0,,,747000000.0,2579000000.0,0.0,fcf_dcf,0.08,0.08,,108.05618316338561,121.45335643081731,108.05618316338563,94.65900989595393,-14.542936909976772,
SANA,Healthcare,2.825000047683716,-0.76,-0.3,-135062000.0,fcff,exit,8.0,299360637.0,,,-207879000.0,16666000.0,,fcf_dcf,0.173264998588562,0.15320024880027772,,-4.647603199937316,-5.023521221582396,-4.647603199937317,-4.271685178292236,-264.51692465449673,pe<0
SANM,Technology,228.5500030517578,5.59,-0.3,594148000.0,fcff,exit,8.0,53597356.0,,,716793000.0,327368000.0,200074000.0,fcf_dcf,0.14138500190734865,0.12610225162124633,,96.9840500979422,105.13788876078848,96.98405009794222,88.8302114350959,-57.565500414375826,
SARO,Industrials,21.415000915527344,0.97,-0.3,217915000.0,fcff,exit,8.0,330919431.0,,,788102000.0,2383982000.0,,fcf_dcf,0.10305000190734864,0.08716250143051149,,9.377144204530065,11.108509461576055,9.377144204530065,7.645778947484077,-56.21226334979518,
SB,Industrials,8.555000305175781,0.78,-0.3,,fcff,exit,8.0,113833473.0,,,114702000.0,467706000.0,,fcf_dcf,0.10800000190734863,0.09087500143051147,,,,,,,no_intrinsic
SBAC,Real Estate,159.1999969482422,9.280000000000001,0.16796020978638304,1050721000.0,fcff,exit,8.0,106088110.0,,,2012722000.0,14882015000.0,85202000.0,fcf_dcf,0.10767000190734863,0.08381050123977661,,12.406011785788397,26.41320653257267,12.406011785788396,-1.6011829609958765,-92.20727887964613,
SBCF,Financial Services,32.57500076293945,1.57,0.02930209189336308,206943000.0,fcff,exit,8.0,96822799.0,,,,517219000.0,,fcf_dcf,0.10321500190734864,0.09047200152587892,,,,,,,no_intrinsic
SBDS,Consumer Cyclical,3.0,-48.15,-0.3,28390000.0,fcff,exit,8.0,2568010.0,,,-67882000.0,230151000.0,0.0,fcf_dcf,0.3107300019073487,0.2429225014305115,,-136.57547943352472,-146.41419772224754,-136.57547943352472,-126.73676114480193,-4652.515981117491,pe<0
SBET,Financial Services,9.569999694824219,-8.78,-0.16561574164892667,,fcff,exit,8.0,217223604.0,,,-1119905827.0,-56195000.0,,fcf_dcf,0.6356700019073487,0.516436001525879,,,,,,,no_intrinsic
SBGI,Communication Services,12.555000305175781,0.75,7.105427357601002e-15,95000000.0,fcff,exit,8.0,72318060.0,,,634000000.0,3588000000.0,-76000000.0,fcf_dcf,0.11405000190734864,0.09914000152587892,,4.984245652789137,11.01787018989507,4.984245652789135,-1.0493788843167926,-60.30071261141755,
SBR,Energy,70.8949966430664,5.239999999999999,-0.015343022113602611,,fcff,exit,8.0,14579345.0,,,70976802.0,,,fcf_dcf,0.08,0.08,,,,,,,no_intrinsic
SBSI,Financial Services,30.729999542236328,2.54,-0.3,126736000.0,fcff,exit,8.0,29807980.0,,,,1260988000.0,,fcf_dcf,0.08581499858856201,0.08,,,,,,,no_intrinsic
SBUX,Consumer Cyclical,94.25,1.732912,-0.3,3642100000.0,fcff,exit,8.0,1140000000.0,,,5299300000.0,18984300000.0,7200000.0,fcf_dcf,0.10660499858856201,0.08982874894142151,,23.20067603377849,26.53895951219305,23.20067603377849,19.862392555363932,-75.38389810739683,
SCCO,Basic Materials,204.48500061035156,6.6766049999999995,-0.3,5100400000.0,fcff,exit,8.0,844343686.0,,,10056600000.0,2959400000.0,76400000.0,fcf_dcf,0.11485499858856202,0.09601624894142152,,87.39300243460363,95.70772592492966,87.39300243460363,79.0782789442776,-57.26190078795463,
SCHW,Financial Services,97.26499938964844,5.5,-0.2781953985041262,10789000000.0,fcff,exit,8.0,1729335714.0,,,,-3235000000.0,,fcf_dcf,0.09598999858856201,0.08469199887084962,,,,,,,no_intrinsic
SCI,Consumer Cyclical,76.6500015258789,3.83,-0.09056735171492791,605137000.0,fcff,exit,8.0,136291587.0,,,1323779000.0,5042754000.0,509000.0,fcf_dcf,0.098024998588562,0.08339374894142151,,39.069095706620374,46.25391203568796,39.06909570662037,31.884279377552765,-49.029230360250295,
SCKT,Technology,0.8483999967575073,-1.8499999999999999,0.08461063913019684,-1177271.0,fcff,exit,8.0,8291681.0,,,-1865120.0,6242326.0,,fcf_dcf,0.12981499858856202,0.11626774880027771,,-2.445222632910001,-2.588515035987977,-2.445222632910001,-2.301930229832025,-388.21577584339656,pe<0
SCL,Basic Materials,63.099998474121094,-0.1200000000000001,0.3,36583000.0,fcff,exit,8.0,22732540.0,,,227362000.0,578677000.0,,fcf_dcf,0.10506499858856201,0.08867374894142152,,38.955926322343295,46.176671534934755,38.955926322343295,31.73518110975184,-38.263189755353,pe<0
SCNX,Healthcare,3.869999885559082,-0.8200000000000001,-0.3,,fcff,exit,8.0,1642566.0,,,-35490589.0,2501341.0,,fcf_dcf,0.2776200019073486,0.2419020016212463,,,,,,,no_intrinsic
SCOR,Technology,4.525000095367432,-4.97,-0.3,-3492000.0,fcff,exit,8.0,15184326.0,,,19660000.0,-16392000.0,,fcf_dcf,0.11471000190734865,0.10342850162124635,,7.156935457353623,8.030847783545223,7.156935457353623,6.283023131162024,58.164316166107774,pe<0
SD,Energy,13.569999694824219,2.1799999999999997,-0.3,42495000.0,fcff,exit,8.0,37075296.0,,,127288000.0,-113345000.0,,fcf_dcf,0.08974000190734863,0.08,,28.539126700020937,31.118920039110282,28.539126700020933,25.959333360931588,110.3104446708731,
SDGR,Healthcare,30.15999984741211,-1.77,-0.3,-130271000.0,fcff,exit,8.0,74805628.0,,,-147579000.0,-179871000.0,,fcf_dcf,0.14226500190734864,0.12685025162124636,,-13.708269151848222,-14.907106098183137,-13.708269151848222,-12.509432205513304,-145.45182102520621,pe<0
SDHC,Real Estate,10.079999923706055,0.72,0.3,33853000.0,fcff,exit,8.0,8392484.0,,,46837000.0,76077000.0,353493000.0,fcf_dcf,0.10255500190734863,0.08048575123977662,,-0.6881720650780019,3.495948464039305,-0.688172065078002,-4.872292594195309,-106.82710387189157,
SDOT,Consumer Defensive,10.925000190734863,-320.82,-0.052038676291148556,,fcff,exit,8.0,1707589.0,,,-52565000.0,9237000.0,2667000.0,fcf_dcf,0.08,0.08,,,,,,,no_intrinsic
SEAT,Communication Services,3.440000057220459,-30.081974,-0.3,-7035000.0,fcff,exit,8.0,11241195.0,,,-411546000.0,264350000.0,0.0,fcf_dcf,0.11861500190734864,0.10279200152587892,,-224.2643188580415,-249.04645420404594,-224.2643188580415,-199.4821835120371,-6619.311486269231,pe<0
SEG,Real Estate,22.5,-9.79,0.03328426720514166,-68169000.0,fcff,exit,8.0,12809536.0,,,-65805000.0,-23734000.0,9900000.0,fcf_dcf,0.12477500190734862,0.09492875123977661,,-49.372375030833005,-52.976476872364906,-49.372375030833005,-45.76827318930111,-319.4327779148134,pe<0
SEI,Energy,74.2750015258789,0.8500000000000001,0.12741040841048945,-727796000.0,fcff,exit,8.0,65831540.0,,,246905000.0,1690537000.0,258591000.0,fcf_dcf,0.12367500190734863,0.09842250133514403,,-53.396141672632254,-50.80644067309246,-53.396141672632254,-55.98584267217204,-171.8897887252523,
SENEB,Consumer Defensive,180.22999572753906,15.760000000000002,-0.3,229472000.0,fcff,exit,8.0,6770457.0,,,196007000.0,139410000.0,,fcf_dcf,0.08,0.08,,296.66799229227735,318.42181971126666,296.66799229227735,274.91416487328803,64.6052262802926,
SEPN,Healthcare,37.52000045776367,-0.54,-0.2750744138890783,105039000.0,fcff,exit,8.0,46676947.0,,,-54395000.0,-62117000.0,,fcf_dcf,0.10800000190734863,0.09772500162124632,,3.948702850113909,3.141487115492716,3.948702850113909,4.755918584735102,-89.4757388008058,pe<0
SERA,Healthcare,2.09,-0.67,0.12603551782837052,-28184000.0,fcff,exit,8.0,39449466.0,,,-32355000.0,-1397000.0,,fcf_dcf,0.11124500190734862,0.10048325162124633,,-7.3135795689651015,-7.874606807541868,-7.3135795689651015,-6.752552330388335,-449.93203679258863,pe<0
SF,Financial Services,70.22000122070312,5.586667,-0.3,360973000.0,fcff,exit,8.0,151001734.0,,,,-665468000.0,,fcf_dcf,0.10877000190734863,0.09491600152587891,,,,,,,no_intrinsic
SFBS,Financial Services,39.912498474121094,2.935,-0.3,464254000.0,fcff,exit,8.0,109345020.0,,,,-1170284000.0,500000.0,fcf_dcf,0.10285999973297119,0.09018799978637697,,,,,,,no_intrinsic
SFM,Consumer Defensive,64.58999633789062,5.22,-0.1518378546409459,356801000.0,fcff,exit,8.0,93247625.0,,,1001176000.0,1882365000.0,,fcf_dcf,0.0896049997329712,0.08,,60.525436266226855,68.59322899965694,60.525436266226855,52.45764353279678,-6.292863139983436,
SFNC,Financial Services,22.799999237060547,-2.54,-0.3,481969000.0,fcff,exit,8.0,144513789.0,,,,663700000.0,,fcf_dcf,0.10483999973297119,0.09177199978637696,,,,,,,no_intrinsic
SGI,Consumer Cyclical,62.380001068115234,2.5,0.17167758171304426,769000000.0,fcff,exit,8.0,230239189.0,,,1222400000.0,6300100000.0,7600000.0,fcf_dcf,0.1211749997329712,0.10075624979972841,,14.986615295425798,18.613879194151057,14.986615295425798,11.35935139670054,-75.97528849180154,
SGLY,Industrials,0.7620000243186951,-28.000000000000004,-0.3,,fcff,exit,8.0,5403788.0,,,-6432188.0,3380547.0,-1076781.0,fcf_dcf,0.1080299997329712,0.09089749979972839,,,,,,,no_intrinsic
SGRP,Industrials,0.67,-1.05,-0.3,-18299000.0,fcff,exit,8.0,28398560.0,,,-16438000.0,32318000.0,0.0,fcf_dcf,0.08,0.08,,-7.340581903598228,-7.775527300067793,-7.340581903598227,-6.905636507128661,-1195.609239343019,pe<0
SGU,Energy,12.829999923706055,2.2300000000000004,0.3,56826000.0,fcff,exit,8.0,32811216.0,,,174938000.0,242875000.0,,fcf_dcf,0.08,0.08,,31.96707230993221,35.97337642027663,31.96707230993221,27.960768199587793,149.15878799707934,
SHBI,Financial Services,22.940000534057617,1.98,-0.21050017384281738,87174000.0,fcff,exit,8.0,33372276.0,,,,-158319000.0,,fcf_dcf,0.09804500190734863,0.08633600152587892,,,,,,,no_intrinsic
SHFS,Financial Services,1.090000033378601,-1.062297,0.3,,fcff,exit,8.0,1027746.0,,,,-5107502.0,,fcf_dcf,0.10068500190734864,0.08844800152587892,,,,,,,no_intrinsic
SHLS,Technology,7.96999979019165,0.19,0.3,-51586000.0,fcff,exit,8.0,168299950.0,,,72288000.0,218087000.0,,fcf_dcf,0.15464000190734864,0.13736900162124632,,-0.42109677435348264,-0.17193802457338483,-0.42109677435348275,-0.6702555241335802,-105.2835230293445,
SI,Unknown,19.114999771118164,-1.92,-0.3,-47077000.0,fcff,exit,8.0,20818957.0,,,-31938000.0,-9610000.0,,fcf_dcf,0.10800000190734863,0.0943000015258789,,-17.3747493927123,-18.454112595129263,-17.3747493927123,-16.295386190295336,-190.89589118889086,pe<0
SIBN,Healthcare,19.170000076293945,-0.34,-0.3,-4387000.0,fcff,exit,8.0,44818575.0,,,-5722000.0,9667000.0,,fcf_dcf,0.08952000190734863,0.08201700162124634,,-1.3874601178450225,-1.4825031414224683,-1.3874601178450225,-1.2924170942675766,-107.2376636010596,pe<0
SID,Basic Materials,1.2549999952316284,-1.710242,0.3,-6226896000.0,fcff,exit,8.0,1326093947.0,,,5996098000.0,40775265000.0,3074044000.0,fcf_dcf,0.12989000190734862,0.10729250143051147,,-27.5499997203322,-24.550951186887744,-27.5499997203322,-30.54904825377665,-2295.2191095624225,pe<0
SILO,Healthcare,1.3849999904632568,-7.24,-0.3,,fcff,exit,8.0,1753250.0,,,-4420338.0,-3277095.0,,fcf_dcf,0.10305000190734864,0.09351750162124635,,,,,,,no_intrinsic
SINT,Healthcare,2.25,-5.82,-0.3,-10336000.0,fcff,exit,8.0,6664534.0,,,-10613000.0,-439000.0,,fcf_dcf,0.08523000190734864,0.08,,-16.06086152770869,-17.25746554817081,-16.06086152770869,-14.864257507246567,-813.816067898164,pe<0
SIRI,Communication Services,25.979999542236328,2.5,-0.08813296247496782,1549000000.0,fcff,exit,8.0,337066891.0,,,2250000000.0,9281000000.0,,fcf_dcf,0.10695500190734863,0.09346400152587891,,28.923120716624403,33.63772049817804,28.923120716624403,24.20852093507077,11.328411186472003,
SITC,Real Estate,3.3949999809265137,2.41,0.3,,fcff,exit,8.0,52475339.0,,,159266000.0,9776000.0,,fcf_dcf,0.10932000190734864,0.08488300123977663,,,,,,,no_intrinsic
SITM,Technology,708.389892578125,0.49000000000000005,0.3,83572000.0,fcff,exit,8.0,30071036.0,,,51357000.0,-594529000.0,,fcf_dcf,0.21167500190734861,0.1858487516212463,,35.24846335861612,36.05255511785867,35.24846335861613,34.44437159937358,-95.0241436632682,
SJM,Consumer Defensive,116.87999725341797,2.1399999999999997,0.3,1588400000.0,fcff,exit,8.0,106823183.0,,,1334600000.0,6853900000.0,,fcf_dcf,0.08,0.08,,73.77832929797364,83.16621270933804,73.77832929797363,64.39044588660923,-36.87685572236261,
SKIL,Consumer Defensive,5.650000095367432,-18.53,0.3,-2053000.0,fcff,exit,8.0,9100444.0,,,59533000.0,484259000.0,,fcf_dcf,0.18577000190734863,0.1565160015258789,,-26.071539667790653,-22.58063639621881,-26.071539667790653,-29.562442939362484,-561.4431721721089,pe<0
SKM,Communication Services,36.46500015258789,1833.7199999999998,-0.3,1250554000000.0,fcff,exit,8.0,383890040.0,,,4895788000000.0,8945255000000.0,58370000000.0,fcf_dcf,0.09447000190734864,0.08347600152587892,,65627.04144175441,75057.2247762058,65627.0414417544,56196.85810730301,179872.6893380992,upside>300%
SKT,Real Estate,34.93000030517578,1.1,-0.029088957488049294,,fcff,exit,8.0,114878989.0,,,364029000.0,1774862000.0,27445000.0,fcf_dcf,0.11344500190734863,0.08756425123977661,,,,,,,no_intrinsic
SKWD,Financial Services,55.279998779296875,4.290000000000001,-0.09950393986795913,399849000.0,fcff,exit,8.0,44396493.0,,,,217984000.0,,fcf_dcf,0.08,0.08,,,,,,,no_intrinsic
SKYT,Technology,32.459999084472656,2.41,0.3,-101950000.0,fcff,exit,8.0,49204602.0,,,172508000.0,268996000.0,8447000.0,fcf_dcf,0.1080299997329712,0.09775049977302552,,5.43143427544614,7.859643799355149,5.43143427544614,3.003224751537132,-83.26729997338698,
SKYX,Industrials,1.159999966621399,-0.28,-0.3,-18280823.0,fcff,exit,8.0,135430994.0,,,-24803721.0,8979363.0,,fcf_dcf,0.08,0.08,,-1.7376804304870983,-1.8753002085091461,-1.7376804304870983,-1.6000606524650505,-249.80004142140143,pe<0
SLB,Energy,49.88999938964844,2.0700000000000003,0.3,4554000000.0,fcff,exit,8.0,1484143231.0,,,6663000000.0,10055000000.0,1180000000.0,fcf_dcf,0.0991749997329712,0.08127249981307984,,32.182132214801456,35.535792502363414,32.182132214801456,28.82847192723949,-35.49382118958523,
SLDB,Healthcare,6.829999923706055,-1.7999999999999998,-0.24207217980087425,-187809000.0,fcff,exit,8.0,107225238.0,,,-207368000.0,-139239000.0,,fcf_dcf,0.18893499973297118,0.16651974977302547,,-12.570426360038502,-13.558945536955436,-12.5704263600385,-11.581907183121563,-284.047240123798,pe<0
SLG,Real Estate,48.353599548339844,-2.7300000000000004,0.3,,fcff,exit,8.0,70849907.0,,,376690000.0,5085301000.0,1000435000.0,fcf_dcf,0.14421999973297117,0.10756799982643127,,,,,,,no_intrinsic
SLGN,Consumer Cyclical,34.88999938964844,2.55,0.3,342755000.0,fcff,exit,8.0,105682020.0,,,908924000.0,4482227000.0,,fcf_dcf,0.0898799997329712,0.08,,22.994217458517554,29.456836362814425,22.994217458517557,16.531598554220686,-34.09510501355945,
SLM,Financial Services,22.84000015258789,3.58,-0.3,,fcff,exit,8.0,188000000.0,,,,1255987000.0,,fcf_dcf,0.10668000190734864,0.09324400152587892,,,,,,,no_intrinsic
SLVM,Basic Materials,33.025001525878906,1.88,0.3,-11000000.0,fcff,exit,8.0,39760243.0,,,366000000.0,964000000.0,,fcf_dcf,0.09529500190734863,0.08134625143051147,,29.58168006142236,36.45567200636727,29.581680061422365,22.707688116477446,-10.426408191861263,
SMA,Real Estate,32.59000015258789,0.51,-0.3,,fcff,exit,8.0,55368903.0,,,163799000.0,1081460000.0,102559000.0,fcf_dcf,0.10800000190734863,0.08402500123977662,,,,,,,no_intrinsic
SMBK,Financial Services,50.91999816894531,3.39,-0.23956998546305008,65356000.0,fcff,exit,8.0,17098473.0,,,,-274867000.0,113000.0,fcf_dcf,0.09205000190734863,0.08154000152587891,,,,,,,no_intrinsic
SMCI,Technology,43.710201263427734,3.2,-0.3,-6971885000.0,fcff,exit,8.0,656965384.0,,,3074105000.0,1239439000.0,164000.0,fcf_dcf,0.1634950019073486,0.1448957516212463,,-18.90037273262091,-16.27405449142072,-18.90037273262091,-21.5266909738211,-143.24018692733594,
SMHI,Industrials,8.5,-0.7100000000000001,0.3,-81461000.0,fcff,exit,8.0,27132826.0,,,71708000.0,265928000.0,321000.0,fcf_dcf,0.11691000190734863,0.09755750143051148,,-7.270006818060707,-5.437958062842561,-7.270006818060707,-9.102055573278854,-185.5294919771848,pe<0
SMMT,Healthcare,16.5049991607666,-1.124274,-0.3,-459822000.0,fcff,exit,8.0,797749602.0,,,-866449000.0,-398981000.0,,fcf_dcf,0.08,0.08,,-8.464686494574416,-9.280814892902676,-8.464686494574416,-7.648558096246153,-151.2855917902468,pe<0
SMP,Consumer Cyclical,37.68000030517578,2.23,-0.3,87231000.0,fcff,exit,8.0,22340293.0,,,200463000.0,597446000.0,14608000.0,fcf_dcf,0.09914500190734862,0.08423375143051146,,41.814551963933084,48.42653312262401,41.814551963933084,35.20257080524217,10.972801553266907,
SMR,Industrials,7.769999980926514,-2.25,0.04305094678002863,-778750000.0,fcff,exit,8.0,410389522.0,,,-731483000.0,-765704000.0,-47652000.0,fcf_dcf,0.183384998588562,0.14741374894142148,,-12.691850913788066,-13.681334477655826,-12.691850913788066,-11.702367349920307,-263.34428500570806,pe<0
SMRT,Technology,1.215000033378601,-0.1,-0.3,-6427000.0,fcff,exit,8.0,192838069.0,,,-33182000.0,-87433000.0,,fcf_dcf,0.143344998588562,0.1277682488002777,,-0.5042437638242961,-0.6083822661002211,-0.5042437638242961,-0.40010526154837134,-141.50154320754416,pe<0
SMSI,Technology,2.6926000118255615,-3.52,-0.3,-9086000.0,fcff,exit,8.0,5589880.0,,,390000.0,1669000.0,,fcf_dcf,0.09477999858856201,0.0864879988002777,,-6.642981577317647,-6.592102607017208,-6.642981577317647,-6.693860547618087,-346.7125287136041,pe<0
SMXT,Technology,2.200000047683716,-0.12,-0.3,,fcff,exit,8.0,4742215.0,,,-3635006.0,31962022.0,,fcf_dcf,0.08,0.08,,,,,,,no_intrinsic
SNAP,Communication Services,5.65500020980835,-0.18000000000000002,-0.3,705545000.0,fcff,exit,8.0,1691197712.0,,,9906000.0,3266899000.0,,fcf_dcf,0.11215999858856202,0.09762799887084962,,-0.21629263263458534,-0.21223354043195095,-0.21629263263458534,-0.22035172483721974,-103.82480326454161,pe<0
SND,Energy,5.400000095367432,0.26,0.3,34633000.0,fcff,exit,8.0,42399061.0,,,39256000.0,33167000.0,,fcf_dcf,0.08,0.08,,8.235311518594527,8.931027352819155,8.235311518594527,7.5395956843699,52.50576616951286,
SNDK,Technology,1724.2630615234375,72.9,-0.3,11494000000.0,fcff,exit,8.0,146419001.0,,,13239000000.0,-4585000000.0,,fcf_dcf,0.10797999858856201,0.09770799880027771,,849.0110049556831,911.6470686935829,849.011004955683,786.3749412177832,-50.76093527135258,
SNDR,Industrials,31.969999313354492,0.64,-0.3,207800000.0,fcff,exit,8.0,175300899.0,,,624400000.0,103400000.0,,fcf_dcf,0.12002499858856203,0.09989374894142153,,23.70812887065005,26.15114278661173,23.70812887065005,21.26511495468837,-25.842573100254327,
SNES,Basic Materials,0.8004999756813049,-1.3699999999999999,-0.3,-6819000.0,fcff,exit,8.0,5423542.0,,,-6854000.0,-2501000.0,,fcf_dcf,0.08,0.08,,-12.448888839240189,-13.398494235257338,-12.448888839240189,-11.49928344322304,-1655.1391901848529,pe<0
SNFCA,Financial Services,9.28499984741211,1.192381,-0.1686941737573412,79265040.0,fcff,exit,8.0,26038589.0,,,,-41211734.0,,fcf_dcf,0.08828999858856201,0.08,,,,,,,no_intrinsic
SNPS,Technology,496.25,5.66,-0.10199444506307287,2747706000.0,fcff,exit,8.0,191636646.0,,,3733984000.0,7235503000.0,-1160000.0,fcf_dcf,0.119419998588562,0.1074319988002777,,121.96871468446997,134.88416073337996,121.96871468446997,109.05326863555999,-75.42192147416222,
SNTI,Healthcare,0.32330000400543213,-1.77,-0.3,,fcff,exit,8.0,31145390.0,,,-53367000.0,13763000.0,,fcf_dcf,0.17491499858856202,0.1546027488002777,,,,,,,no_intrinsic
SNX,Technology,282.67999267578125,13.97,-0.3,374559000.0,fcff,exit,8.0,79777511.0,,,2240623000.0,3625788000.0,,fcf_dcf,0.128384998588562,0.1150522488002777,,116.57725722551932,134.56650801840706,116.5772572255193,98.58800643263156,-58.7599900077728,
SO,Utilities,84.08999633789062,4.15,-0.05548676215485859,-3269000000.0,fcff,exit,8.0,1150362966.0,,,14818000000.0,74103000000.0,2772000000.0,fcf_dcf,0.08,0.08,,-1.4023446437697213,8.276795542483036,-1.402344643769725,-11.081484830022466,-101.66767119139215,
SOC,Energy,3.440000057220459,-4.300000000000001,-0.3,-558762000.0,fcff,exit,8.0,191869572.0,,,-245699000.0,968868000.0,,fcf_dcf,0.08,0.08,,-25.054060387307167,-26.01629142967052,-25.054060387307167,-24.09182934494382,-828.3156968186507,pe<0
SOLS,Basic Materials,57.53499984741211,1.319484,-0.3,179000000.0,fcff,exit,8.0,158847369.0,,,869000000.0,1676000000.0,2000000.0,fcf_dcf,0.10796000003814697,0.09084500002861023,,25.347022870044253,29.257460671899107,25.347022870044253,21.436585068189395,-55.945037043075004,
SOLV,Healthcare,87.27999877929688,8.18,0.3,-118000000.0,fcff,exit,8.0,170223729.0,,,2468000000.0,4883000000.0,,fcf_dcf,0.09162500003814697,0.08380625003242492,,54.050626157024595,64.75515750412535,54.0506261570246,43.34609480992385,-38.07215064965652,
SOTK,Technology,6.800000190734863,0.13,-0.3,5854840.0,fcff,exit,8.0,15716723.0,,,2872986.0,-8982075.0,,fcf_dcf,0.08,0.08,,3.2445981813900424,3.3819560654460075,3.2445981813900424,3.107240297334078,-52.285322200271814,
SPB,Consumer Defensive,76.80500030517578,3.2800000000000002,0.3,291600000.0,fcff,exit,8.0,22995596.0,,,212100000.0,489300000.0,61800000.0,fcf_dcf,0.09547500003814698,0.0842800000305176,,83.37429263710871,90.16929514951399,83.37429263710871,76.57929012470345,8.553209173661356,
SPFI,Financial Services,42.91999816894531,3.67,-0.039146931360194204,75504000.0,fcff,exit,8.0,18839105.0,,,,-727264000.0,,fcf_dcf,0.08018500003814696,0.08,,,,,,,no_intrinsic
SPG,Real Estate,201.3000030517578,14.18,0.10462688688402255,3217536000.0,fcff,exit,8.0,323559515.0,,,8317888000.0,28408418000.0,1412111000.0,fcf_dcf,0.12627500003814698,0.09590375002479555,,91.77567720955426,109.7311847739692,91.77567720955427,73.82016964513932,-54.408506796715194,
SPGI,Financial Services,388.2900085449219,16.42,-0.19218740477735063,5573000000.0,fcff,exit,8.0,294800000.0,,,8388000000.0,11488000000.0,5139000000.0,fcf_dcf,0.11318500003814697,0.09844800003051758,,176.85095364512011,196.49515102218228,176.85095364512011,157.20675626805786,-54.453900498791754,
SPRY,Healthcare,4.099999904632568,-2.22,0.3,,fcff,exit,8.0,99447343.0,,,-202025000.0,88513000.0,,fcf_dcf,0.11247000003814697,0.10152450003242493,,,,,,,no_intrinsic
SPSC,Technology,81.81999969482422,2.07,0.3,198696000.0,fcff,exit,8.0,36000174.0,,,183201000.0,-166861000.0,,fcf_dcf,0.08700500003814697,0.08,,58.55004630524692,62.37393569601667,58.550046305246916,54.726156914477166,-28.440422239514273,
SPXC,Industrials,174.4250030517578,5.5600000000000005,-0.2219413426027701,303400000.0,fcff,exit,8.0,50085860.0,,,534200000.0,448300000.0,,fcf_dcf,0.12121500003814697,0.10078625002861022,,73.572591925321,80.85834799192659,73.572591925321,66.28683585871542,-57.81992797013768,
SQFT,Real Estate,1.2000999450683594,-10.09,0.3,,fcff,exit,8.0,1309511.0,,,2835654.0,74266655.0,7570650.0,fcf_dcf,0.15608500003814696,0.11528025002479553,,,,,,,no_intrinsic
SRBK,Financial Services,18.579999923706055,0.44999999999999996,-0.28925345946315173,7681000.0,fcff,exit,8.0,7303873.0,,,,-10682000.0,,fcf_dcf,0.08524500003814697,0.08,,,,,,,no_intrinsic
SRE,Utilities,78.41999816894531,3.45,-0.3,-5243000000.0,fcff,exit,8.0,653900348.0,,,5630000000.0,36616000000.0,10601000000.0,fcf_dcf,0.08376000003814697,0.08,,-54.33455196642066,-47.86492995437169,-54.33455196642066,-60.80417397846963,-169.28660193202785,
SRFM,Industrials,0.8615000247955322,-2.5300000000000002,-0.3,-68250000.0,fcff,exit,8.0,132848730.0,,,-95123000.0,67787000.0,,fcf_dcf,0.19183500003814696,0.1537512500286102,,-5.405798632998413,-5.792493197551754,-5.405798632998413,-5.019104068445071,-727.4867646441937,pe<0
SRG,Real Estate,1.809999942779541,-1.46,-0.3,,fcff,exit,8.0,56324608.0,,,-34196000.0,1234000.0,0.0,fcf_dcf,0.17639999858856203,0.12848499908256533,,,,,,,no_intrinsic
SRRK,Healthcare,45.09000015258789,-3.4499999999999997,-0.14889458666983957,-297012000.0,fcff,exit,8.0,121785282.0,,,-396423000.0,-233258000.0,,fcf_dcf,0.08724499858856201,0.0800832488002777,,-27.94852730299334,-30.393526628297888,-27.94852730299334,-25.503527977688794,-161.98387049991896,pe<0
SRTA,Healthcare,4.835000038146973,0.508123,0.3,-49517000.0,fcff,exit,8.0,88466806.0,,,-4122000.0,-12062000.0,,fcf_dcf,0.186684998588562,0.16460724880027772,,-1.96917574852579,-1.9931878988631822,-1.96917574852579,-1.9451635981883972,-140.72752291601805,
SRZN,Healthcare,27.110000610351562,-17.87,0.012708339471962038,-34984000.0,fcff,exit,8.0,11753558.0,,,-44128000.0,-95723000.0,,fcf_dcf,0.08,0.08,,-27.00323255423739,-29.8243877054011,-27.00323255423739,-24.182077403073677,-199.60616726775947,pe<0
SSD,Basic Materials,172.97000122070312,9.15,-0.12919505520044705,468370000.0,fcff,exit,8.0,40984682.0,,,579295000.0,-26765000.0,,fcf_dcf,0.125469998588562,0.1039774989414215,,122.13463497606176,131.6511504964155,122.13463497606179,112.61811945570801,-29.38970103826118,
SSNC,Technology,79.16999816894531,3.48,-0.248879062704069,1503600000.0,fcff,exit,8.0,234654996.0,,,2247700000.0,7342500000.0,69800000.0,fcf_dcf,0.11287499858856201,0.1018687488002777,,46.067759241024305,52.57894477136684,46.06775924102431,39.55657371068179,-41.811594914126786,
SST,Industrials,2.309999942779541,-11.302654,0.3,-48336000.0,fcff,exit,8.0,8708922.0,,,-25939000.0,260161000.0,-26331000.0,fcf_dcf,0.14174999858856202,0.11618749894142152,,-63.383165141520195,-65.28119882802213,-63.3831651415202,-61.48513145501828,-2843.8600308038745,pe<0
SSTI,Technology,8.380000114440918,-1.29,0.3,-1072000.0,fcff,exit,8.0,13240512.0,,,-6005000.0,-899000.0,,fcf_dcf,0.11413999858856202,0.10294399880027771,,-2.7085704022525534,-3.0153608132763483,-2.708570402252553,-2.401779991228758,-132.32184206757924,pe<0
STI,Industrials,5.239999771118164,-2.56,-0.26291196196539346,-5500722.0,fcff,exit,8.0,8512771.0,,,-51920445.0,-25522154.0,,fcf_dcf,0.08,0.08,,-36.396520109374826,-40.97951672714857,-36.396520109374826,-31.81352349160108,-794.5901087626988,pe<0
STIM,Healthcare,2.180000066757202,-0.44000000000000006,-0.3,-11250000.0,fcff,exit,8.0,76197222.0,,,-19709000.0,67326000.0,3790000.0,fcf_dcf,0.11881499858856201,0.10691774880027771,,-2.889599188693016,-3.061449195769684,-2.889599188693016,-2.7177491816163473,-232.5504174406452,pe<0
STLD,Basic Materials,240.67999267578125,11.03,-0.3,955563000.0,fcff,exit,8.0,143328088.0,,,2751991000.0,3614434000.0,-56461000.0,fcf_dcf,0.134709998588562,0.11090749894142149,,101.40162582674873,113.9309333467152,101.40162582674874,88.87231830678226,-57.868693322030175,
STM,Technology,57.0099983215332,0.51,-0.3,216000000.0,fcff,exit,8.0,891928108.0,,,2305000000.0,486000000.0,406000000.0,fcf_dcf,0.134489998588562,0.1202414988002777,,12.860192795341778,14.47746697840525,12.860192795341776,11.242918612278306,-77.44221509565567,
STRS,Real Estate,18.459999084472656,-0.13000000000000003,0.3,-35656000.0,fcff,exit,8.0,7982723.0,,,36037000.0,86206000.0,138713000.0,fcf_dcf,0.11958499858856203,0.09155524908256532,,-20.751208456364967,-17.534810208056278,-20.751208456364967,-23.967606704673656,-212.41175235929197,pe<0
STT,Financial Services,175.16000366210938,11.34,-0.3,2019000000.0,fcff,exit,8.0,274701765.0,,,,-119437000000.0,,fcf_dcf,0.130969998588562,0.11267599887084961,,,,,,,no_intrinsic
STTK,Healthcare,6.480000019073486,-0.51,-0.3,,fcff,exit,8.0,100363253.0,,,-52222000.0,-60625000.0,,fcf_dcf,0.113314998588562,0.1022427488002777,,,,,,,no_intrinsic
STZ,Consumer Defensive,111.13999938964844,10.48,-0.04264870558643674,1834200000.0,fcff,exit,8.0,170778434.0,,,3286200000.0,10437200000.0,294200000.0,fcf_dcf,0.08,0.08,,98.22205832304596,112.68121773478407,98.22205832304596,83.76289891130784,-11.62312501128703,
SU,Energy,68.73999786376953,7.51,-0.3,10327000000.0,fcff,exit,8.0,1180745189.0,,,19816000000.0,9308000000.0,,fcf_dcf,0.08519000003814697,0.08,,129.96333765950217,142.57411594439182,129.96333765950217,117.35255937461253,89.06508830137939,
SUNE,Technology,2.3299999237060547,-4.98,-0.3,,fcff,exit,8.0,6513108.0,,,-1657309.0,5177730.0,,fcf_dcf,0.21664000003814696,0.19006900003242488,,,,,,,no_intrinsic
SUPN,Healthcare,43.13999938964844,-1.9200000000000002,0.3,18573000.0,fcff,exit,8.0,58224143.0,,,-18148000.0,-139783000.0,,fcf_dcf,0.08343000003814698,0.08,,1.8751030800175015,1.640891832638622,1.8751030800175015,2.109314327396381,-95.65344667003532,pe<0
SVCO,Technology,9.039999961853027,-0.72,-0.3,-34435000.0,fcff,exit,8.0,33885758.0,,,-20784000.0,-11251000.0,,fcf_dcf,0.08,0.08,,-7.649440226140694,-8.110326750481809,-7.649440226140695,-7.188553701799578,-184.6177019736702,pe<0
SVRA,Healthcare,4.760000228881836,-0.5900000000000001,0.27865803377982035,-110660000.0,fcff,exit,8.0,204927212.0,,,-142547000.0,-11393000.0,,fcf_dcf,0.08,0.08,,-6.407850114146002,-6.930535709401353,-6.407850114146002,-5.885164518890652,-234.61869340395515,pe<0
SVV,Consumer Cyclical,9.194999694824219,0.16,-0.3,81809000.0,fcff,exit,8.0,153234555.0,,,185328000.0,1345399000.0,,fcf_dcf,0.12165500003814697,0.10111625002861022,,-0.04622482892336985,0.7787094051074858,-0.04622482892337016,-0.8711590629542245,-100.50271702509559,
SWK,Industrials,89.41000366210938,4.1000000000000005,-0.3,1289100000.0,fcff,exit,8.0,151016641.0,,,1814000000.0,4165500000.0,0.0,fcf_dcf,0.11731000003814696,0.09785750002861021,,73.35470126509738,81.67010748038757,73.35470126509738,65.03929504980717,-17.95694188503428,
SWKS,Technology,82.1802978515625,1.93,0.3,408600000.0,fcff,exit,8.0,150472782.0,,,815900000.0,-108900000.0,,fcf_dcf,0.13425000003814697,0.12003750003242492,,38.23926051976878,41.63564637666536,38.23926051976878,34.842874662872205,-53.469065555301185,
SWX,Utilities,83.19000244140625,7.66,-0.12086126587193291,-527836000.0,fcff,exit,8.0,72445853.0,,,899982000.0,3239341000.0,0.0,fcf_dcf,0.08387000003814697,0.08,,-0.825512517641082,8.5092306733009,-0.8255125176410795,-10.160255708583072,-100.99232178556856,
SXC,Basic Materials,10.015000343322754,-0.64,0.1713106728555711,29100000.0,fcff,exit,8.0,84874850.0,,,130000000.0,618000000.0,27900000.0,fcf_dcf,0.10763000003814698,0.09059750002861022,,2.5673717196807986,3.6634528527156722,2.5673717196807986,1.4712905866459252,-74.36473657844128,pe<0
SXI,Industrials,290.19500732421875,8.67,-0.3,64364000.0,fcff,exit,8.0,12281465.0,,,232304000.0,387560000.0,0.0,fcf_dcf,0.11175500003814698,0.09369125002861023,,96.56667198041632,109.91213615629091,96.56667198041632,83.22120780454168,-66.72352399483987,
SXTP,Healthcare,1.4950000047683716,-9.710892,-0.3,-9063150.0,fcff,exit,8.0,3516988.0,,,-8002739.0,-871427.0,-85762.0,fcf_dcf,0.18474000003814697,0.16295400003242494,,-18.019685240472327,-19.200701675799515,-18.019685240472327,-16.838668805145144,-1305.3301125750975,pe<0
SYF,Financial Services,71.69000244140625,9.760038,0.06858051460746517,,fcff,exit,8.0,325370840.0,,,,239000000.0,,fcf_dcf,0.12660500003814698,0.10918400003051759,,,,,,,no_intrinsic
SYK,Healthcare,284.75,9.65,-0.25978542465450005,4702000000.0,fcff,exit,8.0,383573046.0,,,7005000000.0,11551000000.0,,fcf_dcf,0.09591500003814697,0.08745275003242492,,126.74440764934587,140.00335169021403,126.74440764934587,113.48546360847773,-55.48923348574333,
SYRE,Healthcare,90.25,-2.049429,0.1766649918553771,,fcff,exit,8.0,88173762.0,,,-271340000.0,-162007000.0,,fcf_dcf,0.223919998588562,0.1962569988002777,,,,,,,no_intrinsic
SYY,Consumer Defensive,76.44499969482422,3.66,0.07780239304953396,1938000000.0,fcff,exit,8.0,491913960.0,,,4122000000.0,13181000000.0,0.0,fcf_dcf,0.08817999858856201,0.08,,40.225617027182466,46.52214187093056,40.225617027182466,33.92909218343437,-47.3796622568291,
TACT,Technology,4.825900077819824,-0.039999999999999994,-0.3,1755000.0,fcff,exit,8.0,10324471.0,,,869000.0,-13157000.0,,fcf_dcf,0.12161999858856201,0.1093019988002777,,2.382336390016303,2.437659151338283,2.382336390016303,2.327013628694323,-50.63436143309953,pe<0
TAIT,Technology,2.11,-0.11000000000000001,0.0,,fcff,exit,8.0,6021180.0,,,,-3960000.0,,fcf_dcf,0.08,0.08,,,,,,,no_intrinsic
TALK,Healthcare,5.25,-3.469446951953614e-18,0.3,4610000.0,fcff,exit,8.0,165823816.0,,,1412000.0,-39159000.0,,fcf_dcf,0.11468999858856202,0.10341149880027771,,0.392612633531427,0.3983604265827845,0.392612633531427,0.3868648404800695,-92.52166412321091,pe<0
TALO,Energy,16.979999542236328,-2.38,-0.3,,fcff,exit,8.0,166965468.0,,,760057000.0,665100000.0,522000.0,fcf_dcf,0.08,0.08,,,,,,,no_intrinsic
TAP,Consumer Defensive,36.130001068115234,-11.54,-0.3,1326000000.0,fcff,exit,8.0,186453933.0,,,-1671000000.0,5581500000.0,289200000.0,fcf_dcf,0.08,0.08,,-55.306694151964656,-62.04090922674845,-55.306694151964656,-48.57247907718087,-253.0769236560385,pe<0
TAP-A,Consumer Defensive,39.52,5.38,0.016855929002122405,1326000000.0,fcff,exit,8.0,186453933.0,,,-1671000000.0,5581500000.0,289200000.0,fcf_dcf,0.08,0.08,,-55.306694151964656,-62.04090922674845,-55.306694151964656,-48.57247907718087,-239.9460884412061,
TASK,Technology,8.140000343322754,1.1600000000000001,0.05924347428153687,120586000.0,fcff,exit,8.0,91687021.0,,,233162000.0,366052000.0,,fcf_dcf,0.16362000003814697,0.14500200003242492,,12.13200989355959,13.558666796273894,12.132009893559593,10.705352990845286,49.04188429809446,
TAYD,Industrials,56.375,2.77,-0.2069450928739821,4886768.0,fcff,exit,8.0,3229865.0,,,9269551.0,-904823.0,,fcf_dcf,0.10471500003814696,0.08841125002861022,,23.128566207748833,25.203050144373865,23.128566207748833,21.054082271123804,-58.973718478494305,
TBCH,Technology,13.920000076293945,-0.21000000000000013,0.3,32253000.0,fcff,exit,8.0,17909711.0,,,21227000.0,61124000.0,,fcf_dcf,0.18270500003814696,0.1612242500324249,,7.750692553062839,8.370448092642238,7.750692553062839,7.1309370134834404,-44.31973771133498,pe<0
TBI,Industrials,9.085000038146973,-1.8800000000000001,0.3,-67435000.0,fcff,exit,8.0,30444344.0,,,4689000.0,115187000.0,,fcf_dcf,0.14783500003814698,0.12075125002861023,,-11.437204102294928,-11.341036605562124,-11.437204102294928,-11.533371599027735,-225.89107379495096,pe<0
TCBS,Financial Services,17.09000015258789,1.109735,-0.3,2320000.0,fcff,exit,8.0,2872727.0,,,,34654000.0,,fcf_dcf,0.08,0.08,,,,,,,no_intrinsic
TCBX,Financial Services,43.25,4.01,-0.03572838131521905,15783000.0,fcff,exit,8.0,16654970.0,,,,-244984000.0,,fcf_dcf,0.08854500003814697,0.08,,,,,,,no_intrinsic
TCI,Real Estate,44.45000076293945,0.94,0.3,,fcff,exit,8.0,8773965.0,,,34655000.0,203783000.0,18966000.0,fcf_dcf,0.08293500003814697,0.08,,,,,,,no_intrinsic
TD,Financial Services,117.37999725341797,9.4,0.3,5030000000.0,fcff,exit,8.0,1633016726.0,,,,343559000000.0,,fcf_dcf,0.10103000003814697,0.08872400003051759,,,,,,,no_intrinsic
TDC,Technology,29.834999084472656,4.75,-0.3,734000000.0,fcff,exit,8.0,93000000.0,,,711000000.0,-315000000.0,,fcf_dcf,0.08696999858856201,0.08,,82.69748448618486,88.44220273617297,82.69748448618486,76.95276623619674,177.18279545456392,
TDG,Industrials,1091.7125244140625,32.96,-0.1496108383510888,1927000000.0,fcff,exit,8.0,55276525.0,,,5051000000.0,30712000000.0,90000000.0,fcf_dcf,0.10440499858856202,0.08817874894142153,,115.88365572714054,182.0041806610464,115.88365572714054,49.7631307932346,-89.38514919123631,
TDOC,Healthcare,5.579999923706055,-0.99,0.21943515588914164,118132000.0,fcff,exit,8.0,181684021.0,,,215325000.0,261858000.0,,fcf_dcf,0.17089999858856203,0.15118999880027773,,6.031036205659767,6.6782437066896945,6.031036205659768,5.38382870462984,8.08308760072793,pe<0
TDUP,Consumer Cyclical,2.1449999809265137,-0.17,0.3,1613000.0,fcff,exit,8.0,131333650.0,,,-6620000.0,8440000.0,,fcf_dcf,0.16913999858856202,0.13672999894142152,,-0.2539519338677274,-0.28327411194097446,-0.2539519338677274,-0.22462975579448038,-111.83925110143988,pe<0
TDY,Technology,621.1500244140625,20.71,-0.15548556562157467,1142100000.0,fcff,exit,8.0,46355673.0,,,1586000000.0,1686900000.0,0.0,fcf_dcf,0.10220499858856201,0.0927992488002777,,258.16443275076745,282.4025684271233,258.16443275076745,233.9262970744116,-58.437668420878396,
TE,Industrials,3.6600000858306885,-1.98,-0.3,-184810000.0,fcff,exit,8.0,294476525.0,,,-196817000.0,699392000.0,0.0,fcf_dcf,0.18305499858856203,0.14716624894142152,,-7.582871742388233,-7.9543051664560585,-7.582871742388233,-7.211438318320407,-307.182283184761,pe<0
TEAM,Technology,195.6999969482422,-0.18999999999999997,-0.13538467044980895,1319076000.0,fcff,exit,8.0,253138815.0,,,212084000.0,-6602000.0,,fcf_dcf,0.12051999858856202,0.10836699880027771,,24.89690487577357,25.44991373668666,24.89690487577357,24.343896014860476,-87.2780249034147,pe<0
TECH,Healthcare,72.41500091552734,1.15,-0.3,263223000.0,fcff,exit,8.0,156818238.0,,,347669000.0,24375000.0,0.0,fcf_dcf,0.12420499858856202,0.11149924880027771,,17.92131709006486,19.36417774135928,17.92131709006486,16.47845643877044,-75.25192727544088,
TECX,Healthcare,21.84000015258789,-4.57,0.20568402758423243,-72446000.0,fcff,exit,8.0,19549366.0,,,-84152000.0,-222669000.0,,fcf_dcf,0.08,0.08,,-30.146566717658487,-33.38111654712341,-30.14656671765849,-26.912016888193573,-238.03372942781928,pe<0
TELA,Healthcare,1.1399999856948853,-0.77,-0.03979597000408097,-31620000.0,fcff,exit,8.0,45143410.0,,,-32944000.0,26187000.0,,fcf_dcf,0.127779998588562,0.11453799880027771,,-7.033650125868281,-7.502148866453683,-7.033650125868282,-6.565151385282878,-716.9868608885051,pe<0
TENX,Healthcare,1.8849999904632568,-1.37,0.2945382716049383,,fcff,exit,8.0,37423917.0,,,-66701000.0,-117976000.0,,fcf_dcf,0.10341499858856201,0.09382774880027771,,,,,,,no_intrinsic
TER,Technology,445.010009765625,7.29,-0.3,799932000.0,fcff,exit,8.0,156340750.0,,,1490927000.0,-249411000.0,36151000.0,fcf_dcf,0.149064998588562,0.13263024880027768,,65.4435828973597,71.09222771384964,65.4435828973597,59.79493808086976,-85.29390767371117,
TFC,Financial Services,46.61000061035156,4.36,-0.24384109639005136,,fcff,exit,8.0,1221626188.0,,,,32866000000.0,0.0,fcf_dcf,0.10280999858856202,0.09014799887084962,,,,,,,no_intrinsic
TFIN,Financial Services,62.439998626708984,1.48,-0.3,78075000.0,fcff,exit,8.0,23894537.0,,,,-783511000.0,,fcf_dcf,0.136964998588562,0.11747199887084962,,,,,,,no_intrinsic
TFSL,Financial Services,16.81999969482422,0.36,-0.20862617646399684,86272000.0,fcff,exit,8.0,280442755.0,,,,5286663000.0,,fcf_dcf,0.09318499858856201,0.08244799887084961,,,,,,,no_intrinsic
TFX,Healthcare,125.81500244140625,-23.29,-0.3,327057000.0,fcff,exit,8.0,42372397.0,,,174339000.0,2572390000.0,,fcf_dcf,0.098739998588562,0.0898539988002777,,-5.297044559284704,-2.3426345455810496,-5.297044559284704,-8.25145457298836,-104.21018515796763,pe<0
TG,Industrials,7.079999923706055,0.96,-0.3,22637000.0,fcff,exit,8.0,34825622.0,,,64085000.0,43509000.0,,fcf_dcf,0.09543999858856202,0.08145499894142152,,12.474560550971031,13.848020827757272,12.474560550971033,11.10110027418479,76.19435996322966,
TGT,Consumer Defensive,151.14500427246094,9.63,-0.3,4456000000.0,fcff,exit,8.0,454296736.0,,,9261000000.0,13278000000.0,,fcf_dcf,0.10693499858856201,0.09344799887084962,,125.96515339341346,140.364024892148,125.96515339341344,111.56628189467891,-16.659400024665796,
TH,Industrials,18.8700008392334,-0.38,8.881784197001252e-16,9823000.0,fcff,exit,8.0,97929824.0,,,40195000.0,42212000.0,-322000.0,fcf_dcf,0.13514999858856203,0.11123749894142151,,2.1024667887625292,2.3699050106725377,2.1024667887625292,1.8350285668525208,-88.85815211840794,pe<0
THC,Healthcare,262.55499267578125,25.93,-0.3,3023000000.0,fcff,exit,8.0,80519000.0,,,5578000000.0,11078000000.0,4042000000.0,fcf_dcf,0.11892499858856201,0.10701124880027771,,328.10084026524805,374.1075130857917,328.100840265248,282.09416744470434,24.964616715709067,
THO,Consumer Cyclical,65.98500061035156,4.970000000000001,0.3,199647000.0,fcff,exit,8.0,51614361.0,,,636712000.0,502365000.0,-1887000.0,fcf_dcf,0.130914998588562,0.1080612489414215,,70.7226376061017,78.87633338819579,70.72263760610169,62.568941824007595,7.17986959449525,
TIL,Healthcare,7.349999904632568,-6.5,-0.3,,fcff,exit,8.0,6781977.0,,,-24698000.0,81879000.0,,fcf_dcf,0.15989999858856202,0.1418399988002777,,,,,,,no_intrinsic
TITN,Industrials,25.530000686645508,-2.49,0.3,49687000.0,fcff,exit,8.0,23532897.0,,,32924000.0,854877000.0,,fcf_dcf,0.130529998588562,0.10777249894142152,,-20.621947839487213,-19.696002902943746,-20.621947839487213,-21.54789277603068,-180.77535168369326,pe<0
TJX,Consumer Cyclical,133.49000549316406,5.41,-0.12570300942405555,5876000000.0,fcff,exit,8.0,1099974061.0,,,9439000000.0,8313000000.0,,fcf_dcf,0.08381500003814697,0.08,,66.60103288737051,73.04904171676183,66.60103288737051,60.1530240579792,-50.10785066543345,
TKO,Communication Services,174.3800048828125,2.8499999999999996,-0.3,1672370000.0,fcff,exit,8.0,73111098.0,,,1548113000.0,4361092000.0,4969376000.0,fcf_dcf,0.09102000003814698,0.08071600003051758,,95.72731041031766,111.58581761359795,95.72731041031766,79.86880320703733,-45.104193296330806,
TKR,Industrials,120.66999816894531,3.6899999999999995,0.3,385500000.0,fcff,exit,8.0,69296839.0,,,723000000.0,1804500000.0,168600000.0,fcf_dcf,0.11797000003814698,0.09835250002861023,,51.57704442339329,58.78342206529531,51.57704442339329,44.37066678149129,-57.25777309519612,
TLPH,Healthcare,1.1610000133514404,-0.27,-0.3,,fcff,exit,8.0,51905796.0,,,-16080000.0,-742000.0,,fcf_dcf,0.09008500003814698,0.08249725003242493,,,,,,,no_intrinsic
TLS,Technology,4.255000114440918,-0.21,-0.3,25865000.0,fcff,exit,8.0,74736789.0,,,-2520000.0,-43681000.0,,fcf_dcf,0.10537500003814697,0.09549375003242493,,1.7995875454104637,1.7759926832898845,1.799587545410464,1.8231824075310434,-57.706521809414355,pe<0
TLYS,Consumer Cyclical,4.510000228881836,0.06000000000000001,-0.3,11271000.0,fcff,exit,8.0,30587265.0,,,10153000.0,117079000.0,,fcf_dcf,0.08,0.08,,-0.27514281278831826,-0.02572020141045276,-0.27514281278831837,-0.5245654241661835,-106.10072724667098,
TMC,Basic Materials,3.7600998878479004,-0.75,0.3,-43750000.0,fcff,exit,8.0,441135482.0,,,-302379000.0,-96177000.0,,fcf_dcf,0.15806500003814697,0.12842375002861023,,-3.4610579947862643,-3.8746950172748864,-3.4610579947862643,-3.047420972297641,-192.046969442804,pe<0
TMDX,Healthcare,81.06999969482422,3.89,0.3,79041000.0,fcff,exit,8.0,34675145.0,,,130217000.0,395045000.0,,fcf_dcf,0.15889000003814696,0.14098150003242493,,14.005911630211576,16.150071900959748,14.005911630211576,11.861751359463407,-82.72368116080582,
TMO,Healthcare,661.0599975585938,18.59,-0.08134653831791061,7318000000.0,fcff,exit,8.0,369747286.0,,,12046000000.0,38485000000.0,128000000.0,fcf_dcf,0.10119500003814696,0.09194075003242491,,161.97222704572098,185.14315112957541,161.97222704572098,138.80130296186653,-75.49810491575474,
TMUS,Communication Services,163.77000427246094,9.55,-0.02557821193100196,16236000000.0,fcff,exit,8.0,1072671613.0,,,32262000000.0,116614000000.0,,fcf_dcf,0.08,0.08,,136.04870143229863,158.6486047143804,136.0487014322986,113.44879815021686,-16.926972044308506,
TNC,Industrials,67.58000183105469,1.02,0.3,-3100000.0,fcff,exit,8.0,17049303.0,,,96700000.0,314900000.0,1800000.0,fcf_dcf,0.11566000003814697,0.09662000002861024,,12.27760863126753,16.226179095501877,12.277608631267528,8.32903816703319,-81.83248254126909,
TNDM,Healthcare,16.600000381469727,-0.9299999999999999,-0.3,-61742000.0,fcff,exit,8.0,69578707.0,,,-36676000.0,676435000.0,,fcf_dcf,0.14437000003814696,0.1286395000324249,,-15.572757883086952,-15.890540576013699,-15.572757883086954,-15.254975190160202,-193.81179232062266,pe<0
TNGX,Healthcare,22.43000030517578,-0.85,0.3,-144944000.0,fcff,exit,8.0,168610367.0,,,-134424000.0,-313566000.0,,fcf_dcf,0.11731000003814696,0.1056385000324249,,-5.79910078070878,-6.331855903005777,-5.79910078070878,-5.266345658411781,-125.85421623632624,pe<0
TNYA,Healthcare,0.5600000023841858,-0.53,0.2969551452001111,-52588000.0,fcff,exit,8.0,224230012.0,,,-75523000.0,-74136000.0,,fcf_dcf,0.21119500003814695,0.18544075003242488,,-1.7041664483906014,-1.8630164013902175,-1.7041664483906014,-1.5453164953909855,-404.31543591699216,pe<0
TOL,Consumer Cyclical,136.0399932861328,12.46,0.3,1090227000.0,fcff,exit,8.0,92147000.0,,,1565164000.0,1854884000.0,10771000.0,fcf_dcf,0.12451500003814697,0.10326125002861022,,118.57697118681989,130.05025363351388,118.57697118681989,107.10368874012595,-12.836682564797663,
TOMZ,Industrials,1.350000023841858,-0.42,-0.12681358024691358,-2119995.0,fcff,exit,8.0,9792566.0,,,-2441031.0,3071450.0,,fcf_dcf,0.16039499858856202,0.1301712489414215,,-2.311911906250573,-2.46117635180602,-2.311911906250573,-2.1626474606951263,-271.25273077190667,pe<0
TORO,Energy,5.559999942779541,0.026099999999999998,0.3,,fcff,exit,8.0,34559330.0,,,10709827.0,-81639618.0,,fcf_dcf,0.199994998588562,0.1518464990119934,,,,,,,no_intrinsic
TOST,Technology,30.135000228881836,0.78,-0.3,576000000.0,fcff,exit,8.0,578000000.0,,,486000000.0,-998000000.0,,fcf_dcf,0.148899998588562,0.13248999880027773,,9.393946478152248,9.892299863457568,9.393946478152248,8.895593092846926,-68.827123256004,
TPC,Industrials,87.33999633789062,2.32,-0.3,621333000.0,fcff,exit,8.0,52614703.0,,,346497000.0,-541870000.0,68869000.0,fcf_dcf,0.16627999858856202,0.1345849989414215,,83.31807318679435,87.1853746589695,83.31807318679435,79.45077171461921,-4.604904190213994,
TPG,Financial Services,44.435001373291016,0.32,-0.3,917482000.0,fcff,exit,8.0,166715021.0,,,,2043979000.0,2506194000.0,fcf_dcf,0.133994998588562,0.11509599887084962,,,,,,,no_intrinsic
TPL,Energy,344.0400085449219,7.846667,-0.2646615866357015,75998000.0,fcff,exit,8.0,68974683.0,,,763997000.0,-233099000.0,,fcf_dcf,0.08531999858856201,0.08,,74.62029708214963,82.94337616990876,74.62029708214963,66.29721799439051,-78.3105757386335,
TPR,Consumer Cyclical,116.61000061035156,7.29,-0.3,1812500000.0,fcff,exit,8.0,198435342.0,,,2133000000.0,2978300000.0,,fcf_dcf,0.131574998588562,0.10855624894142149,,77.525970184968,84.61495454387139,77.52597018496802,70.43698582606463,-33.5168769580763,
TRAK,Technology,8.140000343322754,0.38,0.0,,fcff,exit,8.0,18201204.0,,,9821869.0,-26060096.0,,fcf_dcf,0.09927000003814697,0.09030450003242492,,,,,,,no_intrinsic
TRC,Industrials,16.299999237060547,0.22999999999999998,-0.3,-30370000.0,fcff,exit,8.0,27021444.0,,,6253000.0,92072000.0,15356000.0,fcf_dcf,0.08315500003814698,0.08,,-7.334137636913411,-7.160252702259751,-7.334137636913411,-7.508022571567072,-144.99471153494366,
TRDA,Healthcare,5.219900131225586,-3.96,-0.06628556847899969,-136148000.0,fcff,exit,8.0,38936669.0,,,-172763000.0,-50736000.0,,fcf_dcf,0.08,0.08,,-40.14591114415658,-43.47997584144883,-40.14591114415658,-36.81184644686433,-869.0934718080646,pe<0
TRGP,Energy,283.68499755859375,10.538240000000002,-0.18345350050963116,740900000.0,fcff,exit,8.0,214431021.0,,,5491900000.0,19445700000.0,139200000.0,fcf_dcf,0.09674000003814698,0.08,,77.22665925405124,96.47162261647954,77.22665925405123,57.981695891622984,-72.77731994336413,
TRIN,Financial Services,17.459999084472656,1.75,0.2870755089928452,-593924000.0,fcff,exit,8.0,94693574.0,,,,1476086000.0,,fcf_dcf,0.09124000003814697,0.08089200003051758,,,,,,,no_intrinsic
TRMB,Technology,58.474998474121094,-0.49000000000000005,0.3,773100000.0,fcff,exit,8.0,233111519.0,,,278100000.0,1244900000.0,,fcf_dcf,0.12682500003814698,0.11372625003242492,,13.645908290591871,14.41458873720177,13.645908290591871,12.877227843981972,-76.66368764997736,pe<0
TRN,Industrials,26.21500015258789,4.1499999999999995,-0.3,-351300000.0,fcff,exit,8.0,79669486.0,,,1051900000.0,5070800000.0,2600000.0,fcf_dcf,0.12748500003814697,0.10548875002861022,,-10.478793906593058,-1.6497909572239005,-10.478793906593058,-19.307796855962216,-139.97251133167973,
TRNO,Real Estate,64.72000122070312,3.1,0.05721037798763762,216922000.0,fcff,exit,8.0,108970310.0,,,549080000.0,891262000.0,,fcf_dcf,0.11043500003814696,0.08560775002479554,,29.624479279349153,33.313946211680076,29.624479279349156,25.93501234701823,-54.22670160600577,
TRNS,Industrials,91.06999969482422,0.37,0.3,25362000.0,fcff,exit,8.0,9359813.0,,,38804000.0,136540000.0,,fcf_dcf,0.08933499858856202,0.08,,21.78475301338028,24.899992257689835,21.78475301338028,18.669513769070722,-76.0791115774887,
TROW,Financial Services,102.51499938964844,9.969999999999999,-0.10078247427462461,1673800000.0,fcff,exit,8.0,213315850.0,,,3222600000.0,-2804900000.0,1170300000.0,fcf_dcf,0.133884998588562,0.11500799887084961,,115.36136676730821,125.03955848302421,115.36136676730821,105.6831750515922,12.531207583421153,
TRP,Energy,59.14500045776367,3.33,-0.25264887803467184,4059000000.0,fcff,exit,8.0,1041766896.0,,,11496000000.0,61669000000.0,9716000000.0,fcf_dcf,0.10693499858856201,0.0867044990119934,,11.965929504725336,20.005257278556062,11.965929504725338,3.926601730894613,-79.76848522763918,
TRST,Financial Services,55.279998779296875,3.6,-0.18197262333765385,59754000.0,fcff,exit,8.0,17027740.0,,,,100240000.0,,fcf_dcf,0.089169998588562,0.08,,,,,,,no_intrinsic
TRTX,Real Estate,6.135700225830078,0.75,0.04677581042797452,82892000.0,fcff,exit,8.0,76769009.0,,,,3439543000.0,,fcf_dcf,0.136909998588562,0.10281649908256531,,,,,,,no_intrinsic
TRUP,Financial Services,23.924999237060547,0.53,0.3,82180000.0,fcff,exit,8.0,43620472.0,,,52256000.0,-42451000.0,,fcf_dcf,0.132289998588562,0.1137319988708496,,14.440279147877403,15.212147390746498,14.440279147877403,13.66841090500831,-39.643554406016555,
TRV,Financial Services,359.30999755859375,37.34,-0.2829252007168477,,fcff,exit,8.0,208575022.0,,,,8586000000.0,,fcf_dcf,0.08,0.08,,,,,,,no_intrinsic
TSBK,Financial Services,45.349998474121094,3.99,0.004096256802021525,29077000.0,fcff,exit,8.0,7775668.0,,,,-239723000.0,,fcf_dcf,0.08,0.08,,,,,,,no_intrinsic
TSCO,Consumer Cyclical,30.690000534057617,1.92,0.3,306981000.0,fcff,exit,8.0,521040137.0,,,1850267000.0,6313364000.0,,fcf_dcf,0.08123000003814697,0.08,,11.719835456831879,14.388200884614877,11.719835456831879,9.051470029048884,-61.812201847875414,
TSLA,Consumer Cyclical,375.68499755859375,1.08,0.3,5755000000.0,fcff,exit,8.0,3949547394.0,,,12028000000.0,861000000.0,661000000.0,fcf_dcf,0.15834000003814697,0.12863000002861022,,19.73634375492426,21.572412756233174,19.73634375492426,17.900274753615346,-94.74657122770891,
TSN,Consumer Defensive,52.0,1.62,-0.3,1161000000.0,fcff,exit,8.0,351801512.0,,,2612000000.0,7266000000.0,106000000.0,fcf_dcf,0.08,0.08,,37.623188040291,43.20220333872461,37.623188040291,32.04417274185739,-27.647715307132696,
TSSI,Technology,10.020000457763672,0.48000000000000004,-0.3,-20978000.0,fcff,exit,8.0,28219070.0,,,12410000.0,-28914000.0,,fcf_dcf,0.16186000003814696,0.14350600003242492,,0.3387046279449366,0.5870394976513676,0.3387046279449367,0.09036975823850547,-96.61971444639504,
TTD,Communication Services,11.835000038146973,0.8400000000000001,0.3,848637000.0,fcff,exit,8.0,472795104.0,,,725666000.0,-688869000.0,,fcf_dcf,0.10752000003814696,0.09391600003051757,,17.422610051500506,18.504404605773864,17.422610051500506,16.340815497227148,47.21258973674152,
TTEK,Industrials,33.16999816894531,1.6600000000000001,0.14085345024133544,548208000.0,fcff,exit,8.0,256044428.0,,,691688000.0,792662000.0,505000.0,fcf_dcf,0.10499000003814697,0.08861750002861024,,21.352150336533004,23.30297938256493,21.352150336533004,19.40132129050108,-35.62812325831393,
TTI,Energy,5.974999904632568,0.04000000000000001,-0.15653633777006237,-15089000.0,fcff,exit,8.0,148072779.0,,,81872000.0,69252000.0,-1268000.0,fcf_dcf,0.12237000003814696,0.09750900002670287,,2.1966467426087957,2.5800189095275705,2.1966467426087957,1.813274575690022,-63.23603719381351,
TTWO,Communication Services,202.61000061035156,-1.73,-0.19497843786913172,337500000.0,fcff,exit,8.0,186980443.0,,,1254100000.0,1579800000.0,,fcf_dcf,0.10654999858856201,0.09313999887084962,,36.87132615724346,41.61547070990808,36.87132615724346,32.12718160457884,-81.80182318435881,pe<0
TUSK,Industrials,2.8399999141693115,0.020000000000000018,0.10381289062499865,-117668000.0,fcff,exit,8.0,48127585.0,,,19160000.0,-46893000.0,,fcf_dcf,0.11551499858856201,0.09651124894142152,,-6.698886037184112,-6.421594358539847,-6.698886037184112,-6.976177715828376,-335.87627604360364,
TWI,Industrials,6.980000019073486,-1.21,0.03161812201142311,-8574000.0,fcff,exit,8.0,64542352.0,,,78426000.0,534009000.0,8656000.0,fcf_dcf,0.13201499858856203,0.10888624894142152,,-2.527112226320815,-1.7269442862961513,-2.527112226320815,-3.3272801663454783,-136.20504612342765,pe<0
TWIN,Industrials,28.799999237060547,2.38,-0.3,9186000.0,fcff,exit,8.0,14538916.0,,,30419000.0,28999000.0,282000.0,fcf_dcf,0.08526499858856201,0.08,,13.23325679204357,14.805410436779352,13.233256792043568,11.661103147307788,-54.051190477065404,
TWST,Healthcare,201.75,-2.22,0.3,-93223000.0,fcff,exit,8.0,66301174.0,,,-112582000.0,-23846000.0,,fcf_dcf,0.17353999858856203,0.15343399880027775,,-11.922308035796329,-12.840608612023885,-11.922308035796329,-11.004007459568772,-105.90944636222868,pe<0
TXN,Technology,290.0899963378906,6.57,-0.3,5355000000.0,fcff,exit,8.0,913247686.0,,,9676000000.0,10392000000.0,,fcf_dcf,0.12662499858856202,0.11355624880027772,,65.98293820037547,72.81493007782508,65.98293820037547,59.15094632292585,-77.25432140599568,
TXT,Industrials,76.1500015258789,5.305491,-0.023808456671154943,759000000.0,fcff,exit,8.0,171986917.0,,,1698000000.0,2199000000.0,,fcf_dcf,0.10291999858856202,0.0870649989414215,,62.96205986713059,70.1427398122763,62.96205986713059,55.78137992198489,-17.31837346617322,
TYL,Technology,327.2200012207031,7.539999999999999,-0.11119391695207459,705783000.0,fcff,exit,8.0,40952274.0,,,580809000.0,559677000.0,,fcf_dcf,0.09967499858856202,0.09064874880027772,,138.31183577790463,148.45869527002233,138.31183577790463,128.16497628578696,-57.73124036980363,
TYRA,Healthcare,20.0,-2.4,0.3,-109901000.0,fcff,exit,8.0,68755939.0,,,-159922000.0,-68253000.0,,fcf_dcf,0.09428499858856201,0.0860672488002777,,-19.249751923231223,-20.949228826344772,-19.249751923231223,-17.550275020117674,-196.24875961615612,pe<0
TZOO,Communication Services,5.300000190734863,0.03000000000000002,0.3,3220000.0,fcff,exit,8.0,10202337.0,,,1956000.0,-738000.0,5114000.0,fcf_dcf,0.127614998588562,0.10999199887084962,,1.80936166743744,1.9349851425098772,1.8093616674374398,1.6837381923650023,-65.8611018429687,
UA,Consumer Cyclical,4.479899883270264,-1.1500000000000001,0.07076969761664809,-81116000.0,fcff,exit,8.0,429545541.0,,,105263000.0,980096000.0,,fcf_dcf,0.14191499858856202,0.1163112489414215,,-1.7592578068566156,-1.6031800978997586,-1.7592578068566154,-1.9153355158134728,-139.27002506074714,pe<0
UAA,Consumer Cyclical,4.605000019073486,-1.1500000000000001,0.07076969761664809,-81116000.0,fcff,exit,8.0,429545541.0,,,105263000.0,980096000.0,,fcf_dcf,0.14191499858856202,0.1163112489414215,,-1.7592578068566156,-1.6031800978997586,-1.7592578068566154,-1.9153355158134728,-138.20320954549254,pe<0
UAL,Industrials,111.75,10.69,0.287209320910756,2544000000.0,fcff,exit,8.0,324583772.0,,,5582000000.0,23502000000.0,,fcf_dcf,0.12469999858856201,0.10339999894142152,,51.61508855967776,63.224200317098486,51.61508855967776,40.00597680225704,-53.81200128887896,
UBER,Technology,69.41000366210938,4.55,0.3,10116000000.0,fcff,exit,8.0,2042560121.0,,,7920000000.0,9861000000.0,1083000000.0,fcf_dcf,0.122554998588562,0.1100967488002777,,34.305637535229835,36.8451306422408,34.305637535229835,31.76614442821887,-50.575369939135825,
UCB,Financial Services,33.97999954223633,3.04,-0.3,361193000.0,fcff,exit,8.0,119763827.0,,,,725505000.0,,fcf_dcf,0.10225999858856202,0.08970799887084963,,,,,,,no_intrinsic
UCFI,Consumer Defensive,5.51,0.18113200000000002,-0.09631210937500012,-18653158.0,fcff,exit,8.0,52234983.0,,,13317003.0,-19354749.0,,fcf_dcf,0.08,0.08,,0.3940256602191146,0.5855954934889569,0.3940256602191146,0.20245582694927233,-92.8488990885823,
UDR,Real Estate,33.52000045776367,1.5699999999999998,-0.3,629417000.0,fcff,exit,8.0,321264222.0,,,1424916000.0,5993655000.0,900616000.0,fcf_dcf,0.09184500003814697,0.08,,13.481860299521378,16.814658222607466,13.481860299521378,10.149062376435284,-59.779653593653805,
UFI,Consumer Cyclical,6.502699851989746,-1.33,0.3,21532000.0,fcff,exit,8.0,18588837.0,,,10827000.0,73883000.0,,fcf_dcf,0.09278000003814697,0.08,,4.421660999392814,4.8593221511513205,4.421660999392814,3.9839998476343066,-32.002689651440086,pe<0
UFPI,Basic Materials,77.81999969482422,4.36,0.3,267043000.0,fcff,exit,8.0,55161491.0,,,516168000.0,-188867000.0,22412000.0,fcf_dcf,0.12017000003814698,0.10000250002861025,,73.74573214027014,80.16059798162395,73.74573214027014,67.33086629891633,-5.2355018896576295,
UG,Consumer Defensive,7.119999885559082,0.54,-0.3,3399249.0,fcff,exit,8.0,4594319.0,,,2449937.0,-2390738.0,,fcf_dcf,0.10543000003814697,0.09224400003051758,,6.577202810390139,6.955938550817199,6.577202810390139,6.198467069963081,-7.6235545490647345,
UGI,Utilities,37.09000015258789,2.9899999999999998,-0.3,187000000.0,fcff,exit,8.0,214494967.0,,,1761000000.0,6573000000.0,9000000.0,fcf_dcf,0.10526500003814697,0.08224725002479553,,21.818943870860302,27.924295110195267,21.818943870860302,15.713592631525335,-41.1729744375913,
UHS,Healthcare,177.88999938964844,24.55,-0.058064019210933515,810741000.0,fcff,exit,8.0,58936515.0,,,2820938000.0,5123375000.0,141426000.0,fcf_dcf,0.10955500003814697,0.09904675003242493,,229.60339444643893,262.5589863562189,229.60339444643893,196.64780253665896,29.070434107719567,
UIS,Technology,2.325000047683716,-5.890000000000001,-0.3,31200000.0,fcff,exit,8.0,72915955.0,,,-185300000.0,434500000.0,15500000.0,fcf_dcf,0.16164000003814696,0.14331900003242493,,-16.122122614506473,-17.55832818190966,-16.12212261450647,-14.685917047103283,-793.4246143593914,pe<0
ULS,Industrials,67.42500305175781,2.4699999999999998,-0.3,436000000.0,fcff,exit,8.0,201898173.0,,,940000000.0,42000000.0,25000000.0,fcf_dcf,0.09182499671936034,0.08,,36.78167625135046,40.28014135264647,36.78167625135046,33.283211150054456,-45.448016927614304,
ULTA,Consumer Cyclical,545.8499755859375,27.439999999999998,-0.22690352776401956,1149452000.0,fcff,exit,8.0,42989311.0,,,1942782000.0,2365580000.0,,fcf_dcf,0.09902999671936036,0.08414749753952028,,323.2328966367381,356.5465748740161,323.2328966367381,289.91921839946,-40.783564881583665,
UMBF,Financial Services,130.1699981689453,12.01,-0.2937601104191059,1040681000.0,fcff,exit,8.0,75950030.0,,,,-5473105000.0,,fcf_dcf,0.09880999671936036,0.08694799737548829,,,,,,,no_intrinsic
UMH,Real Estate,15.380000114440918,0.12000000000000001,-0.24116543209876573,,fcff,exit,8.0,85166195.0,,,136623000.0,760864000.0,1525000.0,fcf_dcf,0.10617999671936035,0.08284199786758423,,,,,,,no_intrinsic
UNCY,Healthcare,4.170000076293945,-1.4500000000000002,-0.3,-27871000.0,fcff,exit,8.0,27855257.0,,,-34521000.0,-43447000.0,,fcf_dcf,0.15292999671936036,0.1359154972114563,,-7.892719234821248,-8.616233225816298,-7.892719234821248,-7.169205243826198,-289.27383909872344,pe<0
UNF,Industrials,255.5749969482422,6.34,0.3,88254000.0,fcff,exit,8.0,18084173.0,,,286145000.0,-78177000.0,,fcf_dcf,0.08626999671936035,0.08,,120.06331408199385,131.9529783082921,120.06331408199384,108.17364985569561,-53.022277016280874,
UNFI,Consumer Defensive,44.939998626708984,1.3399999999999999,0.3,323000000.0,fcff,exit,8.0,60317084.0,,,524000000.0,2998000000.0,1000000.0,fcf_dcf,0.10645499671936035,0.09306399737548829,,21.316618691714705,27.463627819640433,21.3166186917147,15.169609563788983,-52.566490113229115,
UNH,Healthcare,369.69000244140625,15.540000000000001,-0.3,23617000000.0,fcff,exit,8.0,897594847.0,,,25619000000.0,44743000000.0,7502000000.0,fcf_dcf,0.08676499671936036,0.08,,224.55832446152002,246.00519372406742,224.55832446152004,203.1114551989727,-39.25766913398984,
UNIT,Real Estate,8.195099830627441,2.71,0.3,-891600000.0,fcff,exit,8.0,242725135.0,,,2776800000.0,10484200000.0,0.0,fcf_dcf,0.13136999671936034,0.09921549786758423,,5.0151437576173725,12.88590056614277,5.01514375761737,-2.855613050908014,-38.80314015365206,
UNP,Industrials,276.2300109863281,12.35,-0.0356424829553853,6504000000.0,fcff,exit,8.0,594075498.0,,,13308000000.0,29555000000.0,,fcf_dcf,0.10540999671936035,0.08893249753952026,,124.66025414363538,140.8137757145888,124.66025414363538,108.50673257268198,-54.87085067313509,
UNTY,Financial Services,55.400001525878906,5.75,0.11026491824702589,26722000.0,fcff,exit,8.0,10042578.0,,,,76112000.0,,fcf_dcf,0.08890999671936035,0.08,,,,,,,no_intrinsic
UONEK,Communication Services,3.549999952316284,-15.11,-0.3,-765000.0,fcff,exit,8.0,4614964.0,,,14202000.0,444431000.0,2915000.0,fcf_dcf,0.08,0.08,,-79.13509069682856,-76.82268903869925,-79.13509069682856,-81.44749235495786,-2329.1575143598225,pe<0
UP,Industrials,3.259999990463257,-8.459999999999999,0.22603493564919908,-446049000.0,fcff,exit,8.0,36270053.0,,,-141888000.0,628103000.0,0.0,fcf_dcf,0.17388499671936036,0.14028874753952028,,-79.80033088441725,-82.04072355006522,-79.80033088441725,-77.55993821876929,-2547.862917725879,pe<0
UPS,Industrials,92.1500015258789,5.38,0.3,5457000000.0,fcff,exit,8.0,850781582.0,,,10822000000.0,24020000000.0,32000000.0,fcf_dcf,0.11046999671936036,0.09272749753952028,,70.05144273241986,79.06572077322998,70.05144273241986,61.037164691609746,-23.981072628906045,
URI,Industrials,1075.1400146484375,41.638754,-0.09119831903381492,632000000.0,fcff,exit,8.0,62242489.0,,,7447000000.0,15273000000.0,,fcf_dcf,0.15336999671936036,0.12490249753952026,,379.52675017011245,452.8633644987007,379.5267501701125,306.1901358415242,-64.6997837491692,
USB,Financial Services,57.599998474121094,5.01,-0.13622156362947035,,fcff,exit,8.0,1558051446.0,,,,29517000000.0,463000000.0,fcf_dcf,0.10898499671936035,0.09508799737548829,,,,,,,no_intrinsic
USGO,Basic Materials,6.527699947357178,-0.79,0.3,,fcff,exit,8.0,13877296.0,,,-10930022.0,-7350841.0,,fcf_dcf,0.16112499671936037,0.13071874753952029,,,,,,,no_intrinsic
UTHR,Healthcare,538.3300170898438,27.95,-0.02193595358090239,1087500000.0,fcff,exit,8.0,42890692.0,,,1676500000.0,-1603200000.0,,fcf_dcf,0.08,0.08,,379.4966437762166,408.8679043284331,379.4966437762166,350.12538322400013,-29.504833145337848,
UTI,Consumer Defensive,19.06999969482422,0.6200000000000001,0.3,-27369000.0,fcff,exit,8.0,55095231.0,,,111997000.0,229411000.0,,fcf_dcf,0.11816999671936035,0.1024359973754883,,4.882923943442324,6.2611685828778505,4.882923943442325,3.504679304006796,-74.39473507297645,
UVE,Financial Services,43.91999816894531,7.579999999999999,-0.3,339684000.0,fcff,exit,8.0,27830355.0,,,,-434308000.0,,fcf_dcf,0.09127499671936035,0.08091999737548829,,,,,,,no_intrinsic
UVV,Consumer Defensive,42.32279968261719,0.7500000000000002,0.3,164382000.0,fcff,exit,8.0,24899257.0,,,195464000.0,1043616000.0,34065000.0,fcf_dcf,0.08406999671936036,0.08,,31.807383400621408,37.70616715525448,31.807383400621415,25.908599645988332,-24.84574829843941,
V,Financial Services,364.67498779296875,11.760000000000002,-0.14130856393439828,21013000000.0,fcff,exit,8.0,1877355259.0,,,29074000000.0,11499000000.0,,fcf_dcf,0.09534499671936035,0.0841759973754883,,131.96817010726326,143.38275810195685,131.96817010726326,120.5535821125697,-63.812113656069144,
VABK,Financial Services,47.06,4.5600000000000005,-0.3,22564000.0,fcff,exit,8.0,5425282.0,,,,-16347000.0,,fcf_dcf,0.08,0.08,,,,,,,no_intrinsic
VANI,Healthcare,1.221500039100647,-0.38,-0.3,-26500000.0,fcff,exit,8.0,90203356.0,,,-26748000.0,-2038000.0,,fcf_dcf,0.2345849981689453,0.20532224844360347,,-1.922147157785933,-2.0508397688218176,-1.922147157785933,-1.7934545467500485,-257.35956580084525,pe<0
VC,Consumer Cyclical,89.08000183105469,7.6499999999999995,0.3,160000000.0,fcff,exit,8.0,26695429.0,,,397000000.0,-214000000.0,78000000.0,fcf_dcf,0.1246949981689453,0.10339624862670899,,109.22749396796871,119.26664402315127,109.22749396796873,99.18834391278618,22.61730099099559,
VECO,Technology,56.470001220703125,0.38,0.3,42888000.0,fcff,exit,8.0,61129640.0,,,51673000.0,81958000.0,,fcf_dcf,0.12766499816894533,0.11444024844360352,,5.713278509350406,6.256189651605351,5.713278509350406,5.170367367095462,-89.88263080246615,
VEEV,Healthcare,276.8900146484375,6.08,-0.27214239415298813,,fcff,exit,8.0,161908850.0,,,1075341000.0,-1660317000.0,,fcf_dcf,0.10428999816894532,0.09457149844360352,,,,,,,no_intrinsic
VERU,Healthcare,2.5299999713897705,-1.18,-0.3,,fcff,exit,8.0,17050320.0,,,-27702873.0,-21197250.0,,fcf_dcf,0.08,0.08,,,,,,,no_intrinsic
VFC,Consumer Cyclical,14.130000114440918,0.69,0.3,580560000.0,fcff,exit,8.0,393134570.0,,,788423000.0,4283619000.0,,fcf_dcf,0.13987499816894533,0.11478124862670899,,5.0933698895021875,6.379457735956239,5.093369889502187,3.8072820430481387,-63.95350425866775,
VG,Energy,13.21500015258789,1.2699999999999998,-0.3,-6990000000.0,fcff,exit,8.0,2500092851.0,,,7363000000.0,39384000000.0,3507000000.0,fcf_dcf,0.10791999816894532,0.08739399871826171,,-11.630865188074887,-9.492091355585949,-11.630865188074887,-13.769639020563826,-188.01259972590478,
VGAS,Utilities,1.095,-0.326007,-0.3,-12573000.0,fcff,exit,8.0,44549622.0,,,-11081000.0,-53095000.0,25917000.0,fcf_dcf,0.08,0.08,,-2.077812527667147,-2.2647158463383765,-2.077812527667147,-1.890909208995918,-289.75456873672573,pe<0
VHI,Basic Materials,14.819999694824219,-1.79,-0.3,62700000.0,fcff,exit,8.0,28321193.0,,,100500000.0,397700000.0,355100000.0,fcf_dcf,0.11127499816894532,0.093331248626709,,2.513320317484719,5.021141535192428,2.5133203174847174,0.005499099777014613,-83.04102314953164,pe<0
VICI,Real Estate,22.6299991607666,2.5799999999999996,0.3,2636974000.0,fcff,exit,8.0,1101077562.0,,,3655736000.0,17555611000.0,431962000.0,fcf_dcf,0.08998999816894532,0.08,,13.742785851510375,16.237604572369328,13.742785851510376,11.247967130651418,-39.27182341510599,
VIR,Healthcare,10.989999771118164,-1.8599999999999999,-0.3,-203593000.0,fcff,exit,8.0,169215958.0,,,-268678000.0,-185455000.0,,fcf_dcf,0.14053499816894532,0.12537974844360353,,-11.195967135570594,-12.167139175352753,-11.195967135570593,-10.224795095788432,-201.87413438345754,pe<0
VIRC,Consumer Cyclical,6.585000038146973,0.9400000000000001,-0.3,8833000.0,fcff,exit,8.0,15763815.0,,,2108000.0,27828000.0,,fcf_dcf,0.08,0.08,,1.4064566545532264,1.50693936896443,1.4064566545532264,1.305973940142023,-78.64150878655113,
VIRT,Financial Services,61.2400016784668,6.0200000000000005,-0.25534001212689994,478408000.0,fcff,exit,8.0,88300678.0,,,2264705000.0,9708225000.0,457250000.0,fcf_dcf,0.0885049981689453,0.08,,61.94919279820973,81.22132126862773,61.94919279820972,42.677064327791754,1.1580520906358798,
VITL,Consumer Defensive,9.119999885559082,-0.040000000000000036,0.3,-126126000.0,fcff,exit,8.0,42931522.0,,,19552000.0,87009000.0,,fcf_dcf,0.11215499816894531,0.09762399853515626,,-11.35328438560356,-11.0376765386536,-11.35328438560356,-11.668892232553521,-224.48776894811954,pe<0
VKTX,Healthcare,29.100000381469727,-4.66,0.3,,fcff,exit,8.0,127165251.0,,,-559571000.0,-121664000.0,,fcf_dcf,0.0885599981689453,0.08120099844360351,,,,,,,no_intrinsic
VLGEA,Consumer Defensive,45.75,3.38,0.29310685416429405,34261000.0,fcff,exit,8.0,14809491.0,,,110013000.0,191600000.0,,fcf_dcf,0.08,0.08,,41.494308797467994,47.07625899114826,41.49430879746799,35.912358603787716,-9.302057273294002,
VLO,Energy,411.8299865722656,24.1,-0.3,10120000000.0,fcff,exit,8.0,287927461.0,,,13663000000.0,3475000000.0,3267000000.0,fcf_dcf,0.0854799981689453,0.08,,410.37067831644765,446.02769975464986,410.37067831644765,374.71365687824556,-0.3543472557605763,
VLTO,Industrials,95.18000030517578,3.96,-0.09917527668049175,1047000000.0,fcff,exit,8.0,243793344.0,,,1394000000.0,1260000000.0,1000000.0,fcf_dcf,0.09554499816894532,0.08153374862670898,,47.031616115632424,51.29781805401993,47.03161611563243,42.76541417724492,-50.5866611001945,
VLY,Financial Services,12.824999809265137,1.1800000000000002,-0.18549375000000012,,fcff,exit,8.0,552605226.0,,,,2428792000.0,,fcf_dcf,0.11303499816894531,0.09832799853515627,,,,,,,no_intrinsic
VMC,Basic Materials,240.86749267578125,8.47,0.2918656773544166,1027200000.0,fcff,exit,8.0,129578739.0,,,2362300000.0,4691300000.0,23900000.0,fcf_dcf,0.11044999816894532,0.092712498626709,,99.36523143400792,112.28553168748189,99.36523143400791,86.44493118053394,-58.74693163026441,
VMI,Industrials,476.8324890136719,25.68,-0.3,322095000.0,fcff,exit,8.0,19304858.0,,,678509000.0,732690000.0,8836000.0,fcf_dcf,0.1270049981689453,0.10512874862670898,,215.9308632876538,239.47189413681627,215.93086328765384,192.38983243849137,-54.71557239434192,
VNO,Real Estate,33.54499816894531,0.020000000000000004,0.3,,fcff,exit,8.0,186720531.0,,,922081000.0,7465572000.0,909384000.0,fcf_dcf,0.14042499816894533,0.10510124880981447,,,,,,,no_intrinsic
VNOM,Energy,40.935001373291016,0.13,0.3,198000000.0,fcff,exit,8.0,194405049.0,,,1099000000.0,1601000000.0,5247000000.0,fcf_dcf,0.08,0.08,,3.0616418875565783,7.3095218295285065,3.0616418875565774,-1.1862380544153472,-92.52072362319691,
VNT,Technology,31.559999465942383,2.41,0.3,384800000.0,fcff,exit,8.0,135200000.0,,,619600000.0,1665300000.0,6800000.0,fcf_dcf,0.11488499961853027,0.10357724967575073,,23.667742856959098,26.75890568201058,23.667742856959098,20.576580031907614,-25.00715064174866,
VOYA,Financial Services,97.30999755859375,5.93,0.3,,fcff,exit,8.0,90596349.0,,,,1920000000.0,1957000000.0,fcf_dcf,0.10190499961853028,0.08942399969482423,,,,,,,no_intrinsic
VPG,Technology,76.75499725341797,0.29999999999999993,0.3,-7471000.0,fcff,exit,8.0,13320430.0,,,25006000.0,-36449000.0,-144000.0,fcf_dcf,0.12955499671936035,0.1160467472114563,,10.165376265281417,11.362433486581159,10.165376265281417,8.968319043981676,-86.7560724004472,
VRDN,Healthcare,18.89419937133789,-3.37,0.3,-335039000.0,fcff,exit,8.0,113292269.0,,,-370895000.0,77895000.0,,fcf_dcf,0.11365999671936036,0.1025359972114563,,-30.21584297352292,-32.43448723774286,-30.21584297352292,-27.997198709302978,-259.9212667320518,pe<0
VRM,Financial Services,9.199999809265137,-10.58,-0.053100012118012074,70946000.0,fcff,exit,8.0,5234356.0,,,-9851000.0,762263000.0,,fcf_dcf,0.10793999671936036,0.0942519973754883,,-101.06226137410394,-102.38669799682934,-101.06226137410394,-99.73782475137853,-1198.5028637970856,pe<0
VRNS,Technology,48.02000045776367,-1.23,0.3,118303000.0,fcff,exit,8.0,114860485.0,,,-95690000.0,282489000.0,,fcf_dcf,0.09545499671936036,0.0870617472114563,,-3.0352686676965006,-3.641203194621736,-3.0352686676965006,-2.4293341407712647,-106.32084264631816,pe<0
VRRM,Technology,2.8949999809265137,0.26,0.3,96911000.0,fcff,exit,8.0,151982804.0,,,275598000.0,1038131000.0,,fcf_dcf,0.08,0.08,,6.764709163084623,8.127294434540781,6.764709163084623,5.402123891628464,133.6687118360412,
VRSK,Industrials,163.3000030517578,6.510000000000001,-4.440892098500626e-16,1236500000.0,fcff,exit,8.0,130156012.0,,,1680100000.0,4065700000.0,0.0,fcf_dcf,0.09099999671936035,0.08,,86.5059586877626,96.20553981683896,86.50595868776259,76.80637755868622,-47.026358192813625,
VRSN,Technology,291.625,9.219999999999999,-0.06983396518775198,1066100000.0,fcff,exit,8.0,90400000.0,,,1206700000.0,1499400000.0,,fcf_dcf,0.09099999671936035,0.0832749972114563,,111.85357958855738,121.73315189186182,111.85357958855738,101.97400728525297,-61.64472195848868,
VRTS,Financial Services,131.5399932861328,17.549999999999997,0.22659694427708232,-51895000.0,fcff,exit,8.0,6622690.0,,,396605000.0,2538285000.0,206397000.0,fcf_dcf,0.12949999671936036,0.1114999973754883,,-133.14481945467696,-94.17061248747913,-133.14481945467696,-172.11902642187482,-201.2200290789534,
VRTX,Healthcare,498.0799865722656,17.18,-0.04275462369089034,3796100000.0,fcff,exit,8.0,253460924.0,,,5266000000.0,-4165900000.0,,fcf_dcf,0.08,0.08,,204.62142256415746,220.23318458203292,204.62142256415746,189.00966054628202,-58.91795934778655,
VSEC,Industrials,169.89999389648438,3.0929,-0.3,-15827000.0,fcff,exit,8.0,28064972.0,,,176916000.0,950240000.0,,fcf_dcf,0.12273499671936035,0.10192624753952026,,-1.837024193639726,2.4468895464230673,-1.837024193639727,-6.120937933702517,-101.08123852833037,
VST,Utilities,144.74000549316406,6.275727,-0.3,2255000000.0,fcff,exit,8.0,335635195.0,,,6548000000.0,19460000000.0,12000000.0,fcf_dcf,0.12905999671936036,0.09771399786758424,,77.19661599864463,90.71099278421713,77.19661599864463,63.68223921307217,-46.665321909020825,
VSTD,Consumer Cyclical,0.001,-0.49,0.0,,fcff,exit,8.0,15884980.0,,,,11043956.0,,fcf_dcf,0.12460499671936034,0.10332874753952026,,,,,,,no_intrinsic
VSTS,Industrials,13.819999694824219,-0.05,0.3,136411000.0,fcff,exit,8.0,132160105.0,,,222632000.0,1281182000.0,,fcf_dcf,0.11173499671936035,0.09367624753952025,,4.021730270426609,5.210353382284237,4.021730270426609,2.8331071585689793,-70.89920145271202,pe<0
VTR,Real Estate,83.5999984741211,0.54,0.1529960096167482,1091827000.0,fcff,exit,8.0,512946359.0,,,2388243000.0,12720043000.0,53165000.0,fcf_dcf,0.09369499671936035,0.08,,12.081746458352264,15.58030095622322,12.081746458352265,8.583191960481308,-85.54814990565791,
VTRS,Healthcare,17.649999618530273,-0.36,-0.29393325617283894,1812200000.0,fcff,exit,8.0,1148590864.0,,,2621500000.0,12739900000.0,,fcf_dcf,0.10012999671936035,0.09103549721145629,,8.423655183179084,10.053667776124254,8.423655183179084,6.793642590233917,-52.2739072790953,pe<0
VTS,Energy,17.040000915527344,0.2899999999999999,0.3,34686000.0,fcff,exit,8.0,42104317.0,,,130856000.0,164213000.0,,fcf_dcf,0.08819499671936035,0.08,,18.26385581972499,20.599190319908598,18.26385581972499,15.928521319541384,7.182246704473094,
VTSI,Technology,2.7899999618530273,-0.15,0.3,-9073063.0,fcff,exit,8.0,11319624.0,,,-1280528.0,-2893021.0,,fcf_dcf,0.10045999671936034,0.09131599721145629,,-3.6770951911660132,-3.757782518383698,-3.6770951911660132,-3.5964078639483286,-231.79552836709738,pe<0
VUZI,Technology,2.924999952316284,-0.39,-0.07916752026652751,-25223091.0,fcff,exit,8.0,84414230.0,,,-28046680.0,-16556368.0,,fcf_dcf,0.14929999671936034,0.13282999721145627,,-2.479508402523457,-2.67613531150809,-2.479508402523457,-2.2828814935388237,-184.7695194169133,pe<0
VZ,Communication Services,45.720001220703125,3.84,0.2099812305294475,20160000000.0,fcff,exit,8.0,4154775202.0,,,48033000000.0,186706000000.0,1276000000.0,fcf_dcf,0.08,0.08,,44.75692073949669,53.444009576471714,44.7569207394967,36.06983190252167,-2.1064751869917417,
W,Consumer Cyclical,103.55999755859375,-2.46,0.26045091914819785,433000000.0,fcff,exit,8.0,136968070.0,,,109000000.0,2412000000.0,,fcf_dcf,0.21931499671936033,0.17436124753952023,,-3.8991580282605214,-3.505789634542807,-3.899158028260522,-4.292526421978235,-103.76511985340132,pe<0
WAB,Industrials,291.6050109863281,7.4399999999999995,-0.20537535117041683,1714000000.0,fcff,exit,8.0,168910851.0,,,2491000000.0,5901000000.0,30000000.0,fcf_dcf,0.10337499671936035,0.08740624753952025,,92.60662797522116,103.31584986726828,92.60662797522114,81.89740608317403,-68.24244286406895,
WABC,Financial Services,59.540000915527344,4.54,-0.03830636210547178,108630000.0,fcff,exit,8.0,23111153.0,,,,-279737000.0,,fcf_dcf,0.08357499671936036,0.08,,,,,,,no_intrinsic
WAL,Financial Services,76.1500015258789,8.879999999999999,0.009163743133131952,-1650600000.0,fcff,exit,8.0,109100864.0,,,,1517000000.0,293000000.0,fcf_dcf,0.13087499671936037,0.1125999973754883,,,,,,,no_intrinsic
WAT,Healthcare,429.9750061035156,4.01,0.3,398810000.0,fcff,exit,8.0,98185855.0,,,967461000.0,4915000000.0,,fcf_dcf,0.11613499671936035,0.1046397472114563,,18.94700087993518,25.561273169158937,18.947000879935178,12.332728590711435,-95.59346459422487,
WATT,Technology,13.0600004196167,-4.67,-0.3,-16045000.0,fcff,exit,8.0,5527071.0,,,-8457000.0,-30046000.0,,fcf_dcf,0.13681499671936034,0.12221774721145628,,-13.155671545440638,-14.104825110341713,-13.155671545440638,-12.20651798053956,-200.73255071018403,pe<0
WAY,Healthcare,25.90999984741211,0.7000000000000001,-0.22752380371093783,246260000.0,fcff,exit,8.0,191748416.0,,,432417000.0,1469075000.0,,fcf_dcf,0.08,0.08,,11.3221294202665,13.016674222962823,11.3221294202665,9.627584617570175,-56.302086117544484,
WBD,Communication Services,30.959999084472656,-0.5399999999999999,0.3,2180000000.0,fcff,exit,8.0,2507136702.0,,,13588000000.0,28654000000.0,1157000000.0,fcf_dcf,0.13758499671936036,0.1179679973754883,,18.850045268629774,22.276393689610146,18.850045268629774,15.4236968476494,-39.114839063145766,pe<0
WBS,Financial Services,77.56999969482422,6.15,-0.010389522316061939,1313897000.0,fcff,exit,8.0,162033448.0,,,,1675990000.0,,fcf_dcf,0.10821499671936036,0.0944719973754883,,,,,,,no_intrinsic
WBTN,Communication Services,10.579999923706055,-2.63,0.10949165905725122,-13874000.0,fcff,exit,8.0,135711070.0,,,-345023000.0,-560515000.0,57636000.0,fcf_dcf,0.19439999671936037,0.1634199973754883,,-7.180102865865733,-8.496997443260582,-7.180102865865732,-5.863208288470883,-167.86486689643212,pe<0
WCC,Industrials,376.239990234375,14.469999999999999,-0.01305039617311865,155100000.0,fcff,exit,8.0,48732854.0,,,1581700000.0,5897100000.0,-7200000.0,fcf_dcf,0.13818999671936036,0.11351749753952026,,58.923327890507856,79.85567356903721,58.92332789050786,37.99098221197847,-84.33889819798206,
WDAY,Technology,187.38999938964844,4.93,-0.3,2844000000.0,fcff,exit,8.0,241000000.0,,,1760000000.0,3111000000.0,,fcf_dcf,0.11200999671936035,0.1011334972114563,,74.11160029258602,79.09237172279765,74.11160029258602,69.13082886237439,-60.4506107401802,
WDC,Technology,441.70001220703125,24.213368,-0.3,3511000000.0,fcff,exit,8.0,360540944.0,,,10445000000.0,-527000000.0,,fcf_dcf,0.17225500003814698,0.15234175003242495,,161.66678309007256,177.40835968976828,161.66678309007256,145.9252064903768,-63.39896340906213,
WEAV,Healthcare,7.364999771118164,-0.25,-0.3,11022000.0,fcff,exit,8.0,80450446.0,,,-818000.0,3751000.0,,fcf_dcf,0.14547000003814697,0.12957450003242493,,0.4141858912562076,0.40808137424979696,0.41418589125620764,0.4202904082626183,-94.37629458074885,pe<0
WEC,Utilities,101.9000015258789,5.16,-0.3,-1373300000.0,fcff,exit,8.0,325849383.0,,,4235100000.0,22929700000.0,407700000.0,fcf_dcf,0.08,0.08,,-11.300095122513273,-1.5338223987436417,-11.300095122513277,-21.066367846282898,-111.08939642129785,
WELL,Real Estate,228.6248016357422,2.18,-0.3,2922002000.0,fcff,exit,8.0,720572011.0,,,2637318000.0,15281066000.0,1135595000.0,fcf_dcf,0.09404500003814698,0.08,,16.355355455278392,19.105573905995776,16.35535545527839,13.605137004561012,-92.84620245123858,
WEST,Consumer Defensive,8.300000190734863,-0.66,-0.3,-15805000.0,fcff,exit,8.0,97627387.0,,,49113000.0,529851000.0,0.0,fcf_dcf,0.10163500003814697,0.08920800003051758,,-3.1964791576372487,-2.834176479779888,-3.1964791576372487,-3.5587818354946092,-138.51179619496176,pe<0
WETH,Technology,1.0180000066757202,0.71,0.0,,fcff,exit,8.0,13381534.0,,,11913194.0,-127300796.0,,fcf_dcf,0.09294500003814697,0.08492825003242492,,,,,,,no_intrinsic
WEX,Technology,173.17999267578125,10.04,-0.3,49900000.0,fcff,exit,8.0,34081611.0,,,1044000000.0,4195600000.0,,fcf_dcf,0.09943500003814697,0.09044475003242491,,58.40401960670739,80.34029616146489,58.40401960670739,36.46774305194991,-66.27553870148938,
WEYS,Consumer Cyclical,50.75,3.63,-0.3,45509000.0,fcff,exit,8.0,9550983.0,,,49694000.0,-84582000.0,,fcf_dcf,0.10059000003814697,0.08531750002861022,,59.227079031926834,63.041887284851605,59.227079031926834,55.41227077900206,16.70360400379672,
WF,Financial Services,75.79000091552734,14940.0,-0.20639283719620205,8140478000000.0,fcff,exit,8.0,245577537.0,,,,57464492000000.0,1995468000000.0,fcf_dcf,0.08205500003814697,0.08,,,,,,,no_intrinsic
WFC,Financial Services,81.74649810791016,6.880000000000001,-0.16343438918510733,,fcff,exit,8.0,3023999336.0,,,,3932000000.0,2133000000.0,fcf_dcf,0.10532000003814697,0.09215600003051759,,,,,,,no_intrinsic
WFCF,Industrials,12.73,0.28,0.3,1007000.0,fcff,exit,8.0,4979663.0,,,2832000.0,-2688000.0,,fcf_dcf,0.08,0.08,,4.8130980214372965,5.240439824061626,4.813098021437296,4.3857562188129675,-62.19090320944779,
WFG,Basic Materials,66.36499786376953,-6.1899999999999995,0.3,-479000000.0,fcff,exit,8.0,78303822.0,,,-903000000.0,306000000.0,,fcf_dcf,0.11571500003814697,0.09666125002861023,,-92.86145080332028,-100.88826403418632,-92.86145080332028,-84.83463757245424,-239.92534286513688,pe<0
WGO,Consumer Cyclical,25.049999237060547,1.36,0.3,180600000.0,fcff,exit,8.0,28268893.0,,,128200000.0,419900000.0,,fcf_dcf,0.11808000003814698,0.09843500002861022,,35.91366719073652,39.0448488823066,35.91366719073652,32.782485499166434,43.36793726366098,
WGS,Healthcare,75.12000274658203,-2.6700000000000004,0.3,-75798000.0,fcff,exit,8.0,29822541.0,,,-69383000.0,107085000.0,,fcf_dcf,0.16125500003814697,0.14299175003242492,,-23.27338067990193,-24.59010182498902,-23.27338067990193,-21.956659534814843,-130.9816025412231,pe<0
WH,Consumer Cyclical,71.44000244140625,2.72,0.05296881712168178,323000000.0,fcff,exit,8.0,74211122.0,,,500000000.0,2606000000.0,,fcf_dcf,0.09065499858856202,0.08,,23.77857196859593,28.84128239915275,23.77857196859593,18.7158615380391,-66.71532592947675,
WHD,Energy,64.65499877929688,1.17,0.3,323965000.0,fcff,exit,8.0,69733168.0,,,372729000.0,-309602000.0,462317000.0,fcf_dcf,0.131354998588562,0.1037984990119934,,45.06784037048328,48.66952474194165,45.06784037048328,41.46615599902492,-30.29488636396909,
WHG,Financial Services,19.114999771118164,0.8799999999999999,0.3,16641000.0,fcff,exit,8.0,9543152.0,,,8463000.0,-10208000.0,1116000.0,fcf_dcf,0.08201999858856202,0.08,,13.65260921714994,14.318977904018993,13.652609217149939,12.986240530280886,-28.576461519092618,
WHR,Consumer Cyclical,30.0049991607666,2.92,0.3,-329000000.0,fcff,exit,8.0,65199378.0,,,982000000.0,6818000000.0,-11000000.0,fcf_dcf,0.11765999858856202,0.09811999894142151,,-41.42032506804278,-31.006269537957127,-41.42032506804278,-51.83438059812843,-238.04474663076286,
WHWK,Healthcare,3.630000114440918,-1.12,-0.3,,fcff,exit,8.0,57009010.0,,,-82620000.0,-85234000.0,,fcf_dcf,0.10324999858856201,0.09368749880027771,,,,,,,no_intrinsic
WIT,Technology,1.7050000429153442,12.59,-0.03753097928620619,124837000000.0,fcff,exit,8.0,9893437356.0,,,212572000000.0,124378000000.0,2059000000.0,fcf_dcf,0.08,0.08,,169.70380771127006,185.8489148676034,169.70380771127006,153.55870055493668,9853.302254532326,upside>300%
WK,Technology,72.3499984741211,0.8300000000000001,-0.3,200143000.0,fcff,exit,8.0,54416488.0,,,75493000.0,540196000.0,,fcf_dcf,0.08179999858856202,0.08,,13.95531326457405,14.997770519467487,13.955313264574048,12.91285600968061,-80.71138416185906,
WLDN,Industrials,73.69999694824219,4.26,-0.2548024806396961,62334000.0,fcff,exit,8.0,15232091.0,,,75799000.0,54321000.0,,fcf_dcf,0.11897999858856201,0.0991099989414215,,40.2811663946591,43.706469555554825,40.2811663946591,36.85586323376338,-45.34441239807969,
WLFC,Industrials,44.560001373291016,4.063333,0.3,-519578000.0,fcff,exit,8.0,21144111.0,,,382986000.0,2310179000.0,1740000.0,fcf_dcf,0.09290999858856201,0.08,,-104.29996005481951,-90.68941398180903,-104.29996005481951,-117.91050612782999,-334.0663304317945,
WLK,Basic Materials,63.970001220703125,-9.58,-0.3,-265000000.0,fcff,exit,8.0,127796548.0,,,83000000.0,4233000000.0,503000000.0,fcf_dcf,0.09076499858856202,0.08,,-41.917532869786506,-41.4295090152258,-41.917532869786506,-42.40555672434721,-165.52685957464135,pe<0
WLYB,Communication Services,49.53499984741211,3.78,-0.3,207716000.0,fcff,exit,8.0,50683930.0,,,378656000.0,1268444000.0,,fcf_dcf,0.09444999858856201,0.08345999887084962,,36.331090908043805,41.85582028958231,36.331090908043805,30.8063615265053,-26.655716119999397,
WM,Industrials,205.36500549316406,7.0600000000000005,-0.12871513270148738,3573000000.0,fcff,exit,8.0,399715184.0,,,7464000000.0,22799000000.0,1000000.0,fcf_dcf,0.08,0.08,,92.98568455366109,107.0171511262423,92.98568455366109,78.95421798107985,-54.72174807467074,
WMB,Energy,70.87999725341797,2.36,-0.29569018656625123,-174000000.0,fcff,exit,8.0,1223167472.0,,,8061000000.0,30590000000.0,2178000000.0,fcf_dcf,0.08944499858856202,0.08,,12.225795416839931,17.177846080934074,12.225795416839931,7.273744752745788,-82.75141663291984,
WMT,Consumer Defensive,104.41200256347656,2.77,0.15025926886105356,13509000000.0,fcff,exit,8.0,7933746241.0,,,46764000000.0,62226000000.0,6561000000.0,fcf_dcf,0.08476999858856202,0.08,,33.95813357672547,38.3872329830433,33.95813357672547,29.529034170407655,-67.47679122801917,
WNEB,Financial Services,13.954999923706055,0.84,0.03791051362751663,16766000.0,fcff,exit,8.0,20045872.0,,,,29851000.0,,fcf_dcf,0.095384998588562,0.0842079988708496,,,,,,,no_intrinsic
WOLF,Technology,32.845001220703125,-9.143379999999999,0.3,,fcff,exit,8.0,52930569.0,,,312800000.0,1128000000.0,,fcf_dcf,0.10797999858856201,0.09770799880027771,,,,,,,no_intrinsic
WPM,Basic Materials,134.72999572753906,3.923,-0.3,-2915368000.0,fcff,exit,8.0,454159968.0,,,2783136000.0,1876558000.0,,fcf_dcf,0.12134499858856201,0.10088374894142152,,3.664460966590402,7.84872549960258,3.664460966590402,-0.5198035664217758,-97.28014467245961,
WRB,Financial Services,69.47000122070312,4.87,-0.10778362424665766,3432902000.0,fcff,exit,8.0,371227529.0,,,,233802000.0,9842000.0,fcf_dcf,0.08,0.08,,,,,,,no_intrinsic
WRBY,Healthcare,26.049999237060547,0.07,-0.3,21746000.0,fcff,exit,8.0,123608054.0,,,55022000.0,-41695000.0,,fcf_dcf,0.15720499858856202,0.1395492488002777,,3.0219533314893257,3.2777088222536883,3.0219533314893257,2.766197840724963,-88.39941105568218,
WSBC,Financial Services,37.939998626708984,3.44,-0.3,,fcff,exit,8.0,95905889.0,,,,875482000.0,,fcf_dcf,0.09191999858856201,0.08143599887084961,,,,,,,no_intrinsic
WSC,Industrials,17.229999542236328,-0.38,0.3,297751000.0,fcff,exit,8.0,181190958.0,,,551900000.0,3776136000.0,,fcf_dcf,0.13003499858856202,0.1074012489414215,,1.7777437980967097,3.7970384114612212,1.77774379809671,-0.241550815267804,-89.68227599926,pe<0
WSO,Industrials,288.54998779296875,10.746653,0.3,697141000.0,fcff,exit,8.0,41252194.0,,,708137000.0,171080000.0,478797000.0,fcf_dcf,0.110289998588562,0.09259249894142149,,150.70117300262,162.87367967103867,150.70117300262,138.52866633420135,-47.77294078045627,
WSO-B,Industrials,310.9,10.746653,0.3,697141000.0,fcff,exit,8.0,41252194.0,,,708137000.0,171080000.0,478797000.0,fcf_dcf,0.110289998588562,0.09259249894142149,,150.70117300262,162.87367967103867,150.70117300262,138.52866633420135,-51.527445158372466,
WST,Healthcare,369.20001220703125,7.8100000000000005,-0.13018549490698494,436900000.0,fcff,exit,8.0,70375762.0,,,879500000.0,-123700000.0,,fcf_dcf,0.11485499858856202,0.10355174880027772,,93.86385262244698,102.29428939795467,93.86385262244698,85.4334158469393,-74.57642212378578,
WT,Financial Services,24.18000030517578,0.52,0.2528384614878971,192360000.0,fcff,exit,8.0,151512111.0,,,179330000.0,783585000.0,,fcf_dcf,0.11743999858856202,0.10185199887084963,,6.331036566005098,7.1356552976955285,6.331036566005099,5.526417834314668,-73.81705340735697,
WTFC,Financial Services,146.0500030517578,12.45,-0.1806415658200622,1573031000.0,fcff,exit,8.0,67465967.0,,,,204097000.0,,fcf_dcf,0.10209499858856201,0.08957599887084962,,,,,,,no_intrinsic
WTI,Energy,3.5899999141693115,-0.73,-0.3,37819000.0,fcff,exit,8.0,150942952.0,,,130550000.0,202711000.0,,fcf_dcf,0.08,0.08,,4.9150316257299185,5.564930999175737,4.915031625729918,4.265132252284098,36.908962207237415,pe<0
WTRG,Utilities,38.880001068115234,1.9600000000000002,-0.3,-451913000.0,fcff,exit,8.0,283632983.0,,,1366337000.0,8514619000.0,,fcf_dcf,0.08707999858856201,0.08,,-7.794643617315153,-4.1748552676308845,-7.794643617315153,-11.414431966999423,-120.04795113986609,
WWD,Industrials,337.0799865722656,8.99,-0.21149595709251323,376527000.0,fcff,exit,8.0,59045820.0,,,857474000.0,885199000.0,,fcf_dcf,0.10011499858856202,0.08496124894142151,,96.92272644324797,107.58774280659605,96.92272644324797,86.25771007989987,-71.24637169093128,
WWW,Consumer Cyclical,18.950000762939453,1.29,-0.048771194803589824,175000000.0,fcff,exit,8.0,82066339.0,,,195600000.0,586900000.0,19200000.0,fcf_dcf,0.146314998588562,0.1196112489414215,,12.712919323703703,14.20870160074353,12.712919323703703,11.217137046663877,-32.913357193281065,
WY,Real Estate,18.739999771118164,0.66,-0.3,-447000000.0,fcff,exit,8.0,721042609.0,,,1163000000.0,4922000000.0,,fcf_dcf,0.1043449997329712,0.08164924982643129,,0.18777142592829082,1.3905546911593698,0.18777142592829055,-1.0150118393027874,-98.99801799241385,
WYNN,Consumer Cyclical,77.98999786376953,4.03,-0.3,791867000.0,fcff,exit,8.0,102973891.0,,,1949749000.0,10769110000.0,-737216000.0,fcf_dcf,0.1053899997329712,0.0889174997997284,,43.551688670710845,57.2062437927677,43.55168867071084,29.89713354865399,-44.15734085954771,
XAIR,Healthcare,2.930000066757202,-277.4,-0.3,-19599000.0,fcff,exit,8.0,984407.0,,,-26308000.0,18089000.0,842000.0,fcf_dcf,0.08,0.08,,-264.01745520633597,-284.09891228359356,-264.01745520633597,-243.9359981290783,-9110.834443377304,pe<0
XBIT,Healthcare,2.190000057220459,-0.6600000000000001,-0.27870864442904153,-40984000.0,fcff,exit,8.0,30487731.0,,,-43421000.0,-109528000.0,,fcf_dcf,0.09675499973297119,0.08816674977302551,,-10.211333724160376,-11.241953138249915,-10.211333724160378,-9.180714310070837,-566.2709341259364,pe<0
XBP,Technology,3.2551000118255615,5.495309000000001,0.3,-24747000.0,fcff,exit,8.0,14156584.0,,,158625000.0,392201000.0,,fcf_dcf,0.08,0.08,,32.26566997400785,40.68534338838429,32.26566997400785,23.845996559631402,891.2343662802623,upside>300%
XEL,Utilities,71.76000213623047,3.65,-0.15786908672930222,-7692000000.0,fcff,exit,8.0,624634306.0,,,6533000000.0,38313000000.0,,fcf_dcf,0.08,0.08,,-50.50364946709082,-42.64462018703929,-50.50364946709082,-58.36267874714233,-170.37855067397265,
XHR,Real Estate,18.1299991607666,-0.07,0.3,115514000.0,fcff,exit,8.0,92245835.0,,,207296000.0,1254364000.0,54604000.0,fcf_dcf,0.1189199997329712,0.09112299982643128,,3.782304946346327,5.386571253343376,3.782304946346327,2.1780386393492783,-79.13786474667218,pe<0
XMTR,Industrials,104.91999816894531,-0.6,-0.3,-13932000.0,fcff,exit,8.0,57323573.0,,,-3780000.0,318016000.0,1153000.0,fcf_dcf,0.1205699997329712,0.10030249979972838,,-6.9026559551561535,-6.947799837784747,-6.9026559551561535,-6.857512072527561,-106.57897071637505,pe<0
XOM,Energy,162.80999755859375,7.7700000000000005,-0.3,30553000000.0,fcff,exit,8.0,4111911960.0,,,75779000000.0,31780000000.0,6731000000.0,fcf_dcf,0.08,0.08,,132.81812812484839,146.66613096255256,132.81812812484839,118.97012528714421,-18.421392963261717,
XPEL,Consumer Cyclical,44.790000915527344,1.97,-0.015533685451373902,-4533000.0,fcff,exit,8.0,27570748.0,,,84085000.0,22875000.0,12431000.0,fcf_dcf,0.11765999858856202,0.09811999894142151,,14.926912659359207,17.035646820860364,14.926912659359207,12.818178497858046,-66.6735602718318,
XPO,Industrials,181.49000549316406,3.39,-0.3,588000000.0,fcff,exit,8.0,117086465.0,,,1288000000.0,3690000000.0,,fcf_dcf,0.147029998588562,0.12014749894142149,,42.707042101158585,49.5941035819086,42.707042101158585,35.81998062040856,-76.46865347482334,
XPON,Industrials,4.010000228881836,-7.107492000000001,-0.3,,fcff,exit,8.0,1012498.0,,,-6636210.0,-838630.0,,fcf_dcf,0.092029998588562,0.08,,,,,,,no_intrinsic
XPRO,Energy,16.899999618530273,0.18,0.3,111977000.0,fcff,exit,8.0,112349149.0,,,259414000.0,-28226000.0,,fcf_dcf,0.108804998588562,0.0880134990119934,,17.750954696562694,19.42301933934294,17.750954696562694,16.078890053782448,5.035237261777079,
XTIA,Industrials,0.7269999980926514,-5.2,-0.3,-32124000.0,fcff,exit,8.0,38477789.0,,,-70716000.0,-2464000.0,10277000.0,fcf_dcf,0.08,0.08,,-14.779015439172849,-16.160002659858645,-14.779015439172849,-13.398028218487054,-2132.8769570766026,pe<0
XYL,Industrials,102.41500091552734,3.52,-0.3,960000000.0,fcff,exit,8.0,233486812.0,,,1861000000.0,1779000000.0,245000000.0,fcf_dcf,0.107484998588562,0.0904887489414215,,53.88307151574722,59.589691210385325,53.883071515747226,48.17645182110913,-47.38752034949413,
XYZ,Technology,75.51750183105469,1.24,0.3,3881840000.0,fcff,exit,8.0,600795000.0,,,2840428000.0,-4786297000.0,-35758000.0,fcf_dcf,0.193394998588562,0.1703107488002777,,48.84226401856194,51.21993832622923,48.84226401856194,46.46458971089464,-35.32325244573069,
XZO,Financial Services,14.770000457763672,0.963194,-0.04907028808593772,81531000.0,fcff,exit,8.0,90085918.0,,,113706000.0,-130109000.0,,fcf_dcf,0.10797999858856201,0.09428399887084962,,12.232227376554007,13.12035849718675,12.232227376554007,11.344096255921267,-17.181943145274005,
YELP,Communication Services,18.334999084472656,2.09,0.3,297431000.0,fcff,exit,8.0,54263621.0,,,241541000.0,29161000.0,,fcf_dcf,0.08,0.08,,49.38362455450837,52.72837846827506,49.38362455450837,46.03887064074169,169.34075277009333,
YEXT,Technology,6.574999809265137,0.17,-0.3,52982000.0,fcff,exit,8.0,98978704.0,,,74472000.0,134846000.0,,fcf_dcf,0.11551499858856201,0.10411274880027771,,4.811252332035028,5.317525592776993,4.811252332035027,4.304979071293063,-26.825057466081304,
YHC,Consumer Defensive,1.2599999904632568,-251.64000000000001,-0.3,,fcff,exit,8.0,1303857.0,,,-6751197.0,39855358.0,58803598.0,fcf_dcf,0.240034998588562,0.1999279988708496,,,,,,,no_intrinsic
ZBH,Healthcare,90.61000061035156,4.18,-0.24477955634700788,1401800000.0,fcff,exit,8.0,190737689.0,,,2331000000.0,7069000000.0,8700000.0,fcf_dcf,0.08,0.08,,67.41508074564548,76.59814955500977,67.41508074564548,58.232011936281204,-25.59863117587952,
ZBRA,Technology,374.875,10.930000000000001,-0.3,904000000.0,fcff,exit,8.0,47310660.0,,,1055000000.0,2805000000.0,,fcf_dcf,0.140099998588562,0.1250099988002777,,121.89717933726072,135.55912016453283,121.89717933726072,108.23523850998863,-67.48324659226122,
ZETA,Technology,32.915000915527344,-0.009188999999999998,-0.3,201993000.0,fcff,exit,8.0,251013605.0,,,62121000.0,-112471000.0,,fcf_dcf,0.129539998588562,0.11603399880027769,,4.807222063907446,4.965039473423355,4.807222063907445,4.649404654391535,-85.39504198634343,pe<0
ZS,Technology,203.2949981689453,-0.39,-0.3,779143000.0,fcff,exit,8.0,163054698.0,,,176461000.0,927470000.0,,fcf_dcf,0.10445999858856202,0.09471599880027771,,19.814918569576477,20.574910450455373,19.814918569576477,19.054926688697584,-90.2531204662942,pe<0
ZTEK,Healthcare,0.492,-0.06999999999999999,0.3,-6305950.0,fcff,exit,8.0,126619532.0,,,-9669377.0,-14670521.0,,fcf_dcf,0.08,0.08,,-0.553656141509879,-0.6110386950655423,-0.553656141509879,-0.49627358795421583,-212.53173607924373,pe<0
ZTS,Healthcare,70.46499633789062,6.069999999999999,0.03428638604901413,2316000000.0,fcff,exit,8.0,413223602.0,,,3992000000.0,7765000000.0,0.0,fcf_dcf,0.09367999858856202,0.08555299880027771,,61.14943802455036,68.2248399483504,61.14943802455036,54.074036100750334,-13.22012175899465,
ZVIA,Consumer Defensive,1.2350000143051147,-0.13,0.3,2903000.0,fcff,exit,8.0,72136516.0,,,-7880000.0,-28163000.0,-10834000.0,fcf_dcf,0.104184998588562,0.09124799887084961,,0.0821589882765403,0.004220027348410532,0.08215898827654028,0.1600979492046701,-93.34745041903761,pe<0
ZWS,Industrials,48.02000045776367,1.6099999999999999,-0.3,378500000.0,fcff,exit,8.0,165864097.0,,,471400000.0,185500000.0,,fcf_dcf,0.098409998588562,0.08368249894142149,,25.227328263226124,27.326885650215164,25.227328263226124,23.127770876237076,-47.46495622086677,
