symbol,sector,last_price,intrinsic_value,margin_%,pt_mean,pt_median,pt_high,pt_low,pt_count,rec_mean,last_update,source
A,Healthcare,167.77999877929688,56.63473045488904,-66.24464723629653,175.2,177.5,190.0,155.0,20.0,1.81818,1970-01-01,yfinance.info/recommendations
AA,Basic Materials,41.95000076293945,33.03982398821333,-21.239991925334557,62.64167,56.5,80.0,49.7,12.0,1.76923,1970-01-01,yfinance.info/recommendations
AAMI,Financial Services,94.16999816894533,11.661731378433473,-87.61629860339193,91.0,95.0,98.0,80.0,3.0,3.0,1970-01-01,yfinance.info/recommendations
AAPL,Technology,333.69000244140625,79.14791498221919,-76.28100500370338,328.09384,340.0,405.0,215.0,39.0,2.20455,1970-01-01,yfinance.info/recommendations
AARD,Healthcare,4.989999771118164,0.0,-100.0,11.11111,6.0,28.0,3.0,9.0,2.25,1970-01-01,yfinance.info/recommendations
AAT,Real Estate,21.549999237060547,3.2706197363427147,-84.82310973488075,23.5,23.5,24.0,23.0,2.0,3.66667,1970-01-01,yfinance.info/recommendations
ABAT,Industrials,2.190000057220459,-2.104113668962618,-196.07824721398194,6.0,6.0,7.0,5.0,2.0,1.5,1970-01-01,yfinance.info/recommendations
ABBV,Healthcare,262.82000732421875,53.84751075203588,-79.51163942948652,278.85715,285.0,328.0,200.0,28.0,1.7,1970-01-01,yfinance.info/recommendations
ABCB,Financial Services,81.44000244140625,158.42501685418944,94.52972999131686,94.16667,93.5,100.0,88.0,6.0,2.28571,1970-01-01,yfinance.info/recommendations
ABM,Industrials,48.970001220703125,27.374265048381435,-44.09992982232483,55.92857,54.0,68.0,49.0,7.0,,1970-01-01,yfinance.info/recommendations
ABNB,Consumer Cyclical,162.42999267578125,63.15038987019563,-61.12147219248658,184.5122,185.0,220.0,135.0,41.0,1.95556,1970-01-01,yfinance.info/recommendations
ABOS,Healthcare,2.039999961853028,0.0,-100.0,7.6,8.0,10.0,5.0,5.0,,1970-01-01,yfinance.info/recommendations
ABT,Healthcare,97.5,75.44313202879906,-22.622428688411226,120.5836,120.0,135.0,103.0,25.0,1.51852,1970-01-01,yfinance.info/recommendations
ACET,Healthcare,6.5,-54.799881238557184,-943.0750959778028,34.83333,24.0,90.0,18.0,6.0,1.0,1970-01-01,yfinance.info/recommendations
ACGL,Financial Services,93.5999984741211,227.46254165081828,143.01553991339867,111.39474,111.0,129.0,95.0,19.0,2.25,1970-01-01,yfinance.info/recommendations
ACHC,Healthcare,28.059999465942383,-55.93388558119223,-299.336730740432,33.78571,32.5,41.0,17.0,14.0,2.07143,1970-01-01,yfinance.info/recommendations
ACHR,Industrials,4.889999866485596,-4.032249790954455,-182.45909818096584,10.61111,11.0,18.0,4.5,9.0,,1970-01-01,yfinance.info/recommendations
ACI,Consumer Defensive,11.75,10.72743819404031,-8.70265366774204,14.1875,13.0,24.0,10.0,16.0,2.63158,1970-01-01,yfinance.info/recommendations
ACIU,Healthcare,2.7249999046325684,-3.0293241138214904,-211.16786127851097,8.563875,8.464295,11.949594,5.3773174,4.0,1.0,1970-01-01,yfinance.info/recommendations
ACMR,Technology,83.37999725341797,9.919587677257992,-88.10315662747115,115.875,112.5,166.0,75.0,8.0,1.44444,1970-01-01,yfinance.info/recommendations
ACN,Technology,198.8999938964844,154.8346232793718,-22.154535932286652,221.36292,220.0,275.0,163.0,24.0,2.25926,1970-01-01,yfinance.info/recommendations
ACNB,Financial Services,63.77999877929688,19.33856159185596,-69.67926942304474,67.66667,67.0,71.0,65.0,3.0,,1970-01-01,yfinance.info/recommendations
ACNT,Basic Materials,13.770000457763672,-2.601850192914501,-118.8950625012329,,,,,,,,yfinance.info/recommendations
ACOG,Healthcare,9.100000381469728,-6.6010491015154535,-172.53899807473775,18.0,20.0,21.0,12.0,5.0,1.4,1970-01-01,yfinance.info/recommendations
ACON,Healthcare,2.380000114440918,-15.252663335293036,-740.8681765494795,7.5,7.5,7.5,7.5,1.0,,,yfinance.info/recommendations
ACRE,Real Estate,3.829999923706055,0.0,-100.0,5.3,5.5,5.5,5.0,5.0,3.25,1970-01-01,yfinance.info/recommendations
ACRS,Healthcare,4.389999866485596,-3.3667952850910297,-176.69237784707065,10.5,10.0,16.0,4.0,10.0,1.25,1970-01-01,yfinance.info/recommendations
ACT,Financial Services,45.2599983215332,26.522884351079515,-41.39883929588922,50.2,50.0,53.0,48.0,5.0,2.66667,1970-01-01,yfinance.info/recommendations
ACTG,Industrials,4.340000152587891,1.782285783084617,-58.933508746034,6.0,6.0,6.0,6.0,1.0,,1970-01-01,yfinance.info/recommendations
ACTU,Healthcare,0.8190000057220459,0.0,-100.0,11.68333,12.0,15.05,8.0,3.0,,1970-01-01,yfinance.info/recommendations
ACVA,Consumer Cyclical,10.449999809265137,-0.020917213572167904,-100.20016472683209,10.1,10.5,13.0,6.0,5.0,2.8,1970-01-01,yfinance.info/recommendations
ACXP,Healthcare,1.2699999809265137,0.0,-100.0,17.0,10.0,31.0,10.0,3.0,1.33333,1970-01-01,yfinance.info/recommendations
ADBE,Technology,237.69000244140625,205.2706607984234,-13.639337502625782,275.06375,265.5,373.0,195.0,32.0,2.76923,1970-01-01,yfinance.info/recommendations
ADGM,Healthcare,0.152999997138977,-5.732794480888476,-3846.9245673783334,3.33333,3.0,4.0,3.0,3.0,1.33333,1970-01-01,yfinance.info/recommendations
ADI,Technology,417.1499938964844,75.83135082702023,-81.8215625227031,470.71875,463.5,675.0,365.0,32.0,1.41176,1970-01-01,yfinance.info/recommendations
ADMA,Healthcare,9.720000267028809,6.72156953896558,-30.848051910391387,17.0,17.5,21.0,12.0,4.0,,1970-01-01,yfinance.info/recommendations
ADP,Technology,257.67999267578125,116.0327318040676,-54.970220776875536,287.6,287.0,322.0,225.0,15.0,2.72222,1970-01-01,yfinance.info/recommendations
ADSK,Technology,212.0,81.59807978549125,-61.51033972382488,307.54147,302.5,375.0,215.0,34.0,1.52778,1970-01-01,yfinance.info/recommendations
ADT,Industrials,6.25,14.059911475195918,124.95858360313467,8.23,8.5,9.0,7.0,5.0,,1970-01-01,yfinance.info/recommendations
AEE,Utilities,99.94000244140624,27.384951008339762,-72.59860882593506,117.875,118.5,136.0,104.0,16.0,1.82353,1970-01-01,yfinance.info/recommendations
AEHR,Technology,107.20999908447266,1.0044604911586623,-99.06309066343034,128.0,120.0,175.0,110.0,5.0,,1970-01-01,yfinance.info/recommendations
AEM,Basic Materials,183.69000244140625,134.2068079149151,-26.938425536945264,215.96358,222.745,300.0,87.0,14.0,1.72727,1970-01-01,yfinance.info/recommendations
AENT,Communication Services,4.489999771118164,1.6152200574971889,-64.02627750925377,9.0,9.0,10.0,8.0,3.0,1.33333,1970-01-01,yfinance.info/recommendations
AEP,Utilities,119.56999969482422,179.6245219836935,50.22540975340392,142.525,141.0,173.0,128.0,20.0,2.0,1970-01-01,yfinance.info/recommendations
AES,Utilities,14.90999984741211,-7.039251251418291,-147.21161182734738,15.0,15.0,15.0,15.0,8.0,,1970-01-01,yfinance.info/recommendations
AESI,Energy,12.039999961853027,-4.696614864113312,-139.00842922752364,18.0,17.0,25.0,12.0,13.0,2.30769,1970-01-01,yfinance.info/recommendations
AFBI,Financial Services,23.0,5.37163327007025,-76.64507273882501,,,,,,,,yfinance.info/recommendations
AFL,Financial Services,111.54000091552734,92.11264600026807,-17.417388161913504,118.53333,116.0,138.0,99.0,15.0,3.2,1970-01-01,yfinance.info/recommendations
AGCO,Industrials,114.61000061035156,158.8982204810883,38.64254396202893,124.0,123.0,151.0,98.0,15.0,2.4375,1970-01-01,yfinance.info/recommendations
AGEN,Healthcare,8.359999656677246,24.32989012292176,191.02740576656777,26.33333,25.0,40.0,14.0,3.0,1.0,1970-01-01,yfinance.info/recommendations
AGIO,Healthcare,31.799999237060547,-48.94182525282317,-253.9051145503963,46.25,44.5,73.0,32.0,8.0,1.6,1970-01-01,yfinance.info/recommendations
AGM,Financial Services,214.7899932861328,70.03230090546401,-67.39498901507466,257.0,255.0,262.0,254.0,3.0,,1970-01-01,yfinance.info/recommendations
AGO,Financial Services,68.47000122070312,224.97399731625097,228.57308792952975,91.0,91.0,97.0,85.0,3.0,1.33333,1970-01-01,yfinance.info/recommendations
AHR,Real Estate,50.75,9.487468293809645,-81.30548119446375,64.4,65.0,74.0,55.0,15.0,1.4,1970-01-01,yfinance.info/recommendations
AHT,Real Estate,2.2799999713897705,0.0,-100.0,,,,,,,,yfinance.info/recommendations
AI,Technology,11.010000228881836,-9.644560508807766,-187.59818626985856,8.3,7.5,12.0,6.0,10.0,3.69231,1970-01-01,yfinance.info/recommendations
AIG,Financial Services,74.93000030517578,26.12213592358725,-65.13794766155517,88.25,88.0,101.0,80.0,20.0,2.31818,1970-01-01,yfinance.info/recommendations
AII,Financial Services,26.059999465942383,17.02526210075707,-34.668985227696346,27.0,26.5,29.0,26.0,4.0,,1970-01-01,yfinance.info/recommendations
AIMD,Technology,1.3530000448226929,0.0,-100.0,,,,,,,,yfinance.info/recommendations
AIN,Consumer Cyclical,60.880001068115234,3.8416894165666533,-93.68973497180396,65.66667,61.0,75.0,61.0,3.0,,1970-01-01,yfinance.info/recommendations
AIRE,Real Estate,1.3200000524520874,-10.342617284841957,-883.5315813532793,,,,,,,,yfinance.info/recommendations
AISP,Technology,2.119999885559082,0.0,-100.0,6.5,6.5,6.5,6.5,1.0,,,yfinance.info/recommendations
AIT,Industrials,343.45001220703125,127.59726445506845,-62.84837387685024,400.0,400.0,420.0,390.0,6.0,1.5,1970-01-01,yfinance.info/recommendations
AIZ,Financial Services,267.32000732421875,71.71180455681119,-73.17379822235466,330.0,327.0,355.0,320.0,6.0,1.42857,1970-01-01,yfinance.info/recommendations
AJG,Financial Services,226.1100006103516,41.47645029689095,-81.65651665785182,288.3889,288.5,388.0,250.0,18.0,1.72727,1970-01-01,yfinance.info/recommendations
AKAM,Technology,108.91999816894533,55.93027469273625,-48.650132544087036,158.87318,161.5,225.0,93.0,22.0,2.04167,1970-01-01,yfinance.info/recommendations
AKO-B,Consumer Defensive,28.670000076293945,2324.5339573170854,8007.896585738581,31.66859,33.069553,36.19638,24.101784,6.0,2.0,1970-01-01,yfinance.info/recommendations
ALB,Basic Materials,104.58999633789062,65.54853634179939,-37.32810150405118,171.064,172.5,225.0,83.28,20.0,1.95455,1970-01-01,yfinance.info/recommendations
ALCO,Consumer Defensive,38.310001373291016,7.902037387150625,-79.37343486325278,45.0,45.0,45.0,45.0,2.0,,1970-01-01,yfinance.info/recommendations
ALGM,Technology,39.52999877929688,2.9447828036842916,-92.55051127088178,54.41667,54.5,62.0,48.0,12.0,1.33333,1970-01-01,yfinance.info/recommendations
ALGN,Healthcare,143.74000549316406,87.70702413505201,-38.98217560648198,206.35715,207.0,235.0,170.0,14.0,2.0,1970-01-01,yfinance.info/recommendations
ALIT,Technology,8.850000381469727,-204.2007346437414,-2407.3528343716257,17.0,16.0,22.0,13.0,3.0,2.8,1970-01-01,yfinance.info/recommendations
ALL,Financial Services,223.7400054931641,232.5930040109319,3.956824126402509,274.81818,278.5,336.0,191.0,22.0,2.6,1970-01-01,yfinance.info/recommendations
ALLR,Healthcare,1.0399999618530271,0.0,-100.0,11.0,11.0,11.0,11.0,1.0,,1970-01-01,yfinance.info/recommendations
ALRM,Technology,54.68000030517578,60.9906056172631,11.540975268593739,63.0,65.0,85.0,40.0,5.0,,1970-01-01,yfinance.info/recommendations
ALSN,Consumer Cyclical,117.97000122070312,95.63288213590401,-18.934575615549846,140.72726,137.0,185.0,115.0,11.0,2.27273,1970-01-01,yfinance.info/recommendations
ALTO,Basic Materials,3.7699999809265137,6.954109718462966,84.45914465903861,8.33333,8.0,10.0,7.0,3.0,1.0,1970-01-01,yfinance.info/recommendations
ALUR,Healthcare,0.6000000238418579,0.0,-100.0,,,,,,,,yfinance.info/recommendations
AM,Energy,20.36000061035156,13.024716763850932,-36.027915651295096,24.0,24.0,26.0,22.0,7.0,2.85714,1970-01-01,yfinance.info/recommendations
AMAL,Financial Services,48.18999862670898,9.531799473965663,-80.22037819963181,54.0,54.0,55.0,53.0,3.0,,1970-01-01,yfinance.info/recommendations
AMAT,Technology,540.0399780273438,75.38540725219782,-86.04077284656492,638.94446,650.0,900.0,358.0,36.0,1.45,1970-01-01,yfinance.info/recommendations
AMBQ,Technology,68.18000030517578,0.10248856344262113,-99.84967943240851,85.66667,78.0,125.0,73.0,6.0,,1970-01-01,yfinance.info/recommendations
AMCX,Communication Services,11.15999984741211,97.28950812219831,771.7697979606941,9.83333,10.0,11.0,9.0,6.0,3.625,1970-01-01,yfinance.info/recommendations
AMD,Technology,633.9099731445312,32.512089763078684,-94.8711818490879,619.508,616.0,1250.0,365.0,50.0,1.49091,1970-01-01,yfinance.info/recommendations
AMG,Financial Services,371.4299926757813,190.22528153821784,-48.785697092516656,437.57144,437.0,512.0,360.0,7.0,1.42857,1970-01-01,yfinance.info/recommendations
AMGN,Healthcare,403.0400085449219,182.6491382110538,-54.68213221053061,390.9438,400.0,500.0,225.0,29.0,2.64706,1970-01-01,yfinance.info/recommendations
AMIX,Healthcare,3.7799999713897705,0.0,-100.0,58.80006,58.80006,75.60008,42.00004,2.0,,,yfinance.info/recommendations
AMOD,Technology,3.490000009536743,0.0,-100.0,60.0,60.0,60.0,60.0,1.0,,,yfinance.info/recommendations
AMP,Financial Services,490.9100036621094,217.01833325763695,-55.79264393906923,576.0,561.0,645.0,489.0,11.0,2.5,1970-01-01,yfinance.info/recommendations
AMPL,Technology,14.520000457763672,-1.4349233144837688,-109.88239166147224,14.54545,14.0,18.0,11.0,11.0,1.75,1970-01-01,yfinance.info/recommendations
AMRX,Healthcare,20.299999237060547,1.6020393907727404,-92.10818004442093,22.71429,22.0,27.0,20.0,7.0,1.42857,1970-01-01,yfinance.info/recommendations
AMT,Real Estate,162.1999969482422,24.347327744428537,-84.98931676786793,215.73914,210.0,260.0,188.0,23.0,1.52,1970-01-01,yfinance.info/recommendations
AMTB,Financial Services,29.559999465942383,9.937596908373624,-66.38160660380508,31.875,31.5,33.5,31.0,4.0,2.5,1970-01-01,yfinance.info/recommendations
AMTM,Industrials,18.13999938964844,12.815115122553339,-29.35437952734297,29.5,28.0,40.0,21.0,12.0,2.41667,1970-01-01,yfinance.info/recommendations
AMTX,Basic Materials,1.7200000286102295,-6.030378845552837,-450.6034154211858,13.375,11.5,28.0,2.5,4.0,,1970-01-01,yfinance.info/recommendations
AMWL,Healthcare,12.390000343322754,-6.884221866351697,-155.5627253881535,12.8,12.0,16.0,11.0,5.0,,1970-01-01,yfinance.info/recommendations
AMZN,Consumer Cyclical,251.5200042724609,65.78343178100057,-73.84564620564326,330.59192,330.0,405.0,230.0,57.0,1.32203,1970-01-01,yfinance.info/recommendations
AN,Consumer Cyclical,162.4600067138672,5.919090458753281,-96.35658610480161,244.16667,249.0,300.0,210.0,12.0,1.61538,1970-01-01,yfinance.info/recommendations
ANDE,Consumer Defensive,67.72000122070312,41.75010986684503,-38.3489233398281,88.33333,90.0,90.0,85.0,3.0,1.0,1970-01-01,yfinance.info/recommendations
ANET,Technology,207.3500061035156,26.12790462138723,-87.39913004471128,242.20724,248.0,289.0,190.0,29.0,1.28125,1970-01-01,yfinance.info/recommendations
ANF,Consumer Cyclical,135.91000366210938,127.62208674253564,-6.098091896295296,163.54546,165.0,185.0,134.0,11.0,,1970-01-01,yfinance.info/recommendations
ANGX,Communication Services,4.079999923706055,-1.996351753604156,-148.93019095428747,8.2,9.0,9.0,6.0,5.0,1.2,1970-01-01,yfinance.info/recommendations
ANRO,Healthcare,24.799999237060547,0.0,-100.0,38.382,37.0,55.0,26.0,10.0,1.18182,1970-01-01,yfinance.info/recommendations
ANTX,Healthcare,5.710000038146973,0.0,-100.0,9.0,9.0,9.0,9.0,2.0,,1970-01-01,yfinance.info/recommendations
AON,Financial Services,269.45001220703125,106.76250685930697,-60.377620329340985,377.10526,383.0,435.0,264.0,19.0,2.14286,1970-01-01,yfinance.info/recommendations
AOS,Industrials,56.75,65.65057599441657,15.683834351394838,69.90909,70.0,84.0,59.0,11.0,2.53846,1970-01-01,yfinance.info/recommendations
APA,Energy,43.68000030517578,69.89685741863161,60.02027685505604,46.2,47.0,62.0,36.0,25.0,2.55556,1970-01-01,yfinance.info/recommendations
APD,Basic Materials,277.57000732421875,-36.35431998188384,-113.09735166718491,345.10526,351.0,373.0,314.0,19.0,1.81818,1970-01-01,yfinance.info/recommendations
APG,Industrials,40.47999954223633,6.330720987175551,-84.36086694968917,52.36364,53.0,55.0,47.0,11.0,1.3,1970-01-01,yfinance.info/recommendations
APGE,Healthcare,135.07000732421875,0.0,-100.0,134.622,135.0,135.11,133.0,5.0,2.71429,1970-01-01,yfinance.info/recommendations
APH,Technology,86.95999908447266,16.64401561038378,-80.86014744064586,99.68421,99.0,115.0,85.0,19.0,1.42105,1970-01-01,yfinance.info/recommendations
APLD,Technology,25.3799991607666,-26.97245682251213,-206.2744590796016,66.43333,70.0,109.0,22.0,15.0,1.4,1970-01-01,yfinance.info/recommendations
APO,Financial Services,114.0199966430664,66.25121111428601,-41.89509466336687,151.85,151.0,173.0,127.0,20.0,1.77273,1970-01-01,yfinance.info/recommendations
APOG,Industrials,35.619998931884766,36.50130356908429,2.4741849063073356,44.0,44.0,48.0,40.0,2.0,1.0,1970-01-01,yfinance.info/recommendations
APP,Communication Services,268.2200012207031,7.575791070242071,-97.1755308941303,497.04547,475.0,790.0,325.0,31.0,1.57576,1970-01-01,yfinance.info/recommendations
APVO,Healthcare,1.7599999904632568,0.0,-100.0,25.5,25.5,30.0,21.0,2.0,,1970-01-01,yfinance.info/recommendations
APYX,Healthcare,2.549999952316284,-1.0258789846333627,-140.23054916928564,6.5,6.0,8.0,6.0,6.0,1.33333,1970-01-01,yfinance.info/recommendations
AQB,Consumer Defensive,0.925000011920929,0.0,-100.0,,,,,,,,yfinance.info/recommendations
AQMS,Industrials,2.3299999237060547,0.0,-100.0,5.0,5.0,5.0,5.0,1.0,,1970-01-01,yfinance.info/recommendations
AQST,Healthcare,4.550000190734863,-2.4007222250948526,-152.76312361444354,9.33333,10.0,11.0,6.0,9.0,,1970-01-01,yfinance.info/recommendations
AR,Energy,34.08000183105469,36.45473383072971,6.968109953301399,49.90476,49.0,58.0,37.0,21.0,1.8,1970-01-01,yfinance.info/recommendations
ARAI,Technology,0.2160000056028366,-2.5251256065640533,-1269.0396023447568,1.0,1.0,1.0,1.0,1.0,,1970-01-01,yfinance.info/recommendations
ARDT,Healthcare,10.34000015258789,19.853352202935618,92.00533762049055,12.66667,13.0,14.0,10.5,12.0,2.07692,1970-01-01,yfinance.info/recommendations
ARDX,Healthcare,3.3399999141693115,-0.9796594981597891,-129.33112345314052,12.9,13.5,18.0,8.0,10.0,,1970-01-01,yfinance.info/recommendations
ARE,Real Estate,47.369998931884766,0.0,-100.0,52.57143,52.5,60.0,40.0,14.0,3.0,1970-01-01,yfinance.info/recommendations
AREB,Consumer Cyclical,0.1049999967217445,0.0,-100.0,,,,,,,,yfinance.info/recommendations
AREC,Industrials,1.7899999618530271,0.0,-100.0,5.66667,5.0,7.0,5.0,3.0,1.33333,1970-01-01,yfinance.info/recommendations
ARES,Financial Services,117.5500030517578,50.319026970660914,-57.19351283342357,147.3,148.5,168.0,122.0,20.0,1.95,1970-01-01,yfinance.info/recommendations
ARKR,Consumer Cyclical,4.5,-17.607316096807907,-491.2736910401757,,,,,,,,yfinance.info/recommendations
ARL,Real Estate,16.040000915527344,14.216191619944054,-11.370381493044505,,,,,,,,yfinance.info/recommendations
ARLO,Industrials,12.779999732971191,3.0152599166123926,-76.40641643494477,21.0,21.0,25.0,18.0,6.0,,1970-01-01,yfinance.info/recommendations
ARMK,Industrials,55.54999923706055,10.16463315270006,-81.70183025687845,68.5,70.0,75.0,47.0,16.0,1.5,1970-01-01,yfinance.info/recommendations
ARRY,Technology,4.079999923706055,0.3583866150111199,-91.21601417370664,8.48913,8.0,13.0,4.0,23.0,2.125,1970-01-01,yfinance.info/recommendations
ARTL,Healthcare,3.680000066757202,0.0,-100.0,,,,,,,,yfinance.info/recommendations
ARTV,Healthcare,6.829999923706055,-5.309451442975399,-177.73721086799682,35.8,40.0,41.0,23.0,5.0,1.16667,1970-01-01,yfinance.info/recommendations
ARW,Technology,242.00999450683597,125.81678204447685,-48.01174129156763,235.0,245.0,250.0,200.0,4.0,,1970-01-01,yfinance.info/recommendations
ARWR,Healthcare,64.19000244140625,-9.3900733454158,-114.62856050517713,107.23077,104.0,126.0,74.0,13.0,1.42857,1970-01-01,yfinance.info/recommendations
ASAN,Technology,8.619999885559082,-0.7863262147668368,-109.12211398151122,10.07692,10.0,15.0,6.25,13.0,,1970-01-01,yfinance.info/recommendations
ASBP,Consumer Cyclical,8.779999732971191,0.0,-100.0,,,,,,,,yfinance.info/recommendations
ASIC,Financial Services,26.170000076293945,4.4887029406355685,-82.84790627608116,29.1,29.0,30.0,28.0,5.0,,1970-01-01,yfinance.info/recommendations
ASPN,Basic Materials,5.690000057220459,-1.2297724342398277,-121.61287208915365,7.75,7.75,10.0,5.0,5.0,1.83333,1970-01-01,yfinance.info/recommendations
ASRV,Financial Services,4.650000095367432,1.1961152345642487,-74.27709225735543,,,,,,,,yfinance.info/recommendations
ASTC,Technology,7.059999942779541,-23.00997779629449,-425.9203680281533,,,,,,,,yfinance.info/recommendations
ASTE,Industrials,42.0,23.51972852924933,-44.00064635893016,67.25,65.5,78.0,60.0,4.0,,1970-01-01,yfinance.info/recommendations
ASTS,Technology,58.45000076293945,-20.587659407515865,-135.2226845830421,77.94167,79.0,108.0,42.5,12.0,2.57143,1970-01-01,yfinance.info/recommendations
ASUR,Technology,7.679999828338623,2.232668977710978,-70.92878870292944,13.11111,13.0,15.0,11.0,9.0,1.22222,1970-01-01,yfinance.info/recommendations
ATEN,Technology,27.6299991607666,9.006603191860336,-67.40281047619675,36.66667,37.5,45.0,28.0,6.0,1.83333,1970-01-01,yfinance.info/recommendations
ATI,Industrials,192.4199981689453,29.9760862252792,-84.4215328393465,256.0,258.0,270.0,240.0,9.0,1.11111,1970-01-01,yfinance.info/recommendations
ATLC,Financial Services,91.88999938964844,13.478861368570865,-85.3315252387636,130.6,120.0,179.0,110.0,5.0,1.25,1970-01-01,yfinance.info/recommendations
ATLO,Financial Services,32.36000061035156,6.704258323234601,-79.28226762427812,33.0,33.0,33.0,33.0,1.0,,1970-01-01,yfinance.info/recommendations
ATLX,Basic Materials,2.4100000858306885,-9.7511633679422,-504.61257347138763,11.5,11.5,11.5,11.5,1.0,,1970-01-01,yfinance.info/recommendations
ATNI,Communication Services,27.90999984741211,107.71485173807977,285.93641106045146,69.0,69.0,69.0,69.0,1.0,,1970-01-01,yfinance.info/recommendations
ATO,Utilities,157.1699981689453,136.648136634755,-13.057111263773729,185.0,183.0,206.0,167.0,11.0,2.71429,1970-01-01,yfinance.info/recommendations
ATRA,Healthcare,9.479999542236328,0.0,-100.0,13.66667,13.0,18.0,10.0,3.0,1.66667,1970-01-01,yfinance.info/recommendations
ATRC,Healthcare,55.13999938964844,9.404507442341572,-82.94430985411455,54.88889,55.0,65.0,36.0,9.0,,1970-01-01,yfinance.info/recommendations
ATRO,Industrials,68.19000244140625,12.4401624709919,-81.75661823493644,100.5,100.0,107.0,95.0,4.0,,1970-01-01,yfinance.info/recommendations
AUID,Technology,0.4390000104904175,0.0,-100.0,,,,,,,,yfinance.info/recommendations
AUR,Consumer Cyclical,5.670000076293945,-2.1168190922105725,-137.33366955427238,12.04917,12.5,18.0,3.59,12.0,1.92308,1970-01-01,yfinance.info/recommendations
AVAH,Healthcare,12.59000015258789,2.8045022611197714,-77.72436674241578,14.6,15.0,16.0,13.0,10.0,1.72727,1970-01-01,yfinance.info/recommendations
AVAV,Industrials,140.82000732421875,-9.81824129480355,-106.97219200692017,219.3458,220.0,315.0,148.57,19.0,1.6,1970-01-01,yfinance.info/recommendations
AVB,Real Estate,184.06,97.67927008070218,-46.930745365260144,201.70589,201.0,225.0,189.0,17.0,2.52632,1970-01-01,yfinance.info/recommendations
AVBC,Financial Services,22.239999771118164,2.5742387660006,-88.42518528555193,25.0,25.0,25.0,25.0,1.0,,1970-01-01,yfinance.info/recommendations
AVGO,Technology,355.1400146484375,59.64699444537962,-83.20465394348035,531.3149,535.0,715.0,215.88,47.0,1.26,1970-01-01,yfinance.info/recommendations
AVNT,Basic Materials,41.16999816894531,17.92135137087152,-56.4698757154921,50.85714,50.0,56.0,46.0,7.0,,1970-01-01,yfinance.info/recommendations
AVTR,Healthcare,15.34000015258789,-0.8947495009240896,-105.83278677981723,14.56429,14.2,19.0,12.0,14.0,2.8125,1970-01-01,yfinance.info/recommendations
AVXL,Healthcare,1.8200000524520876,0.0,-100.0,,,,,,,1970-01-01,yfinance.info/recommendations
AVY,Consumer Cyclical,169.8699951171875,109.48313315136232,-35.54886895956307,201.8,204.5,225.0,181.0,10.0,1.54545,1970-01-01,yfinance.info/recommendations
AWK,Utilities,130.25,106.05322040468509,-18.577182030951946,141.45454,140.0,162.0,128.0,11.0,2.61538,1970-01-01,yfinance.info/recommendations
AWRE,Technology,1.100000023841858,0.0,-100.0,,,,,,,,yfinance.info/recommendations
AX,Financial Services,88.93000030517578,32.7600199065772,-63.16201529949782,117.71429,116.0,128.0,110.0,7.0,1.42857,1970-01-01,yfinance.info/recommendations
AXGN,Healthcare,37.38999938964844,-0.09796852130897483,-100.262017980498,53.7,54.0,58.0,48.0,10.0,1.2,1970-01-01,yfinance.info/recommendations
AXON,Industrials,413.3500061035156,13.803411420096197,-96.6605996815591,704.1053,700.0,830.0,440.0,19.0,1.66667,1970-01-01,yfinance.info/recommendations
AXP,Financial Services,302.7799987792969,90.87058979713399,-69.9879152640556,375.82874,383.0,450.0,320.0,24.0,2.17241,1970-01-01,yfinance.info/recommendations
AXSM,Healthcare,179.25,-16.138298046543607,-109.0032346145292,284.62772,278.0,380.0,246.0,22.0,1.22727,1970-01-01,yfinance.info/recommendations
AYTU,Healthcare,2.069999933242798,0.0,-100.0,9.66667,7.0,15.0,7.0,3.0,1.33333,1970-01-01,yfinance.info/recommendations
AZO,Consumer Cyclical,2792.030029296875,2381.5697811534087,-14.701140168139009,3708.7083,3626.5,4800.0,3000.0,24.0,1.46429,1970-01-01,yfinance.info/recommendations
BA,Industrials,193.55999755859372,34.213411198507956,-82.3241312099361,273.42307,272.5,305.0,248.0,26.0,1.5,1970-01-01,yfinance.info/recommendations
BAC,Financial Services,53.75,11.993699180117575,-77.68614106024637,67.95238,68.0,76.0,62.0,21.0,1.5,1970-01-01,yfinance.info/recommendations
BAER,Industrials,0.6800000071525574,-5.006072709432302,-836.187155408249,3.66667,4.0,4.0,3.0,3.0,,1970-01-01,yfinance.info/recommendations
BALL,Consumer Cyclical,56.369998931884766,50.15946503147546,-11.017445481795841,72.57143,73.5,79.0,63.0,14.0,1.6,1970-01-01,yfinance.info/recommendations
BAP,Financial Services,373.30999755859375,448.0947611043066,20.032885278936263,427.47806,450.0,482.0,219.0,14.0,1.57143,1970-01-01,yfinance.info/recommendations
BATRK,Communication Services,52.02999877929688,-10.449297411364615,-120.08321671443605,63.4,67.0,74.0,49.0,5.0,,1970-01-01,yfinance.info/recommendations
BAX,Healthcare,23.489999771118164,0.6849250550998293,-97.08418449649382,28.72727,28.0,40.0,23.0,11.0,2.69231,1970-01-01,yfinance.info/recommendations
BBCP,Industrials,9.850000381469728,4.46668957425112,-54.65289947953645,12.0,12.0,12.0,12.0,1.0,,1970-01-01,yfinance.info/recommendations
BBIO,Healthcare,67.25,-22.023568671496236,-132.74880099850742,109.09524,110.0,157.0,80.0,21.0,1.5,1970-01-01,yfinance.info/recommendations
BBNX,Healthcare,18.959999084472656,-7.878603982792801,-141.55382048116766,23.28333,23.5,30.4,16.0,12.0,1.69231,1970-01-01,yfinance.info/recommendations
BBVA,Financial Services,26.979999542236328,7.157137494932885,-73.47243285260767,24.52667,24.0,28.58,21.0,3.0,,1970-01-01,yfinance.info/recommendations
BBY,Consumer Cyclical,87.97000122070312,65.60876962870017,-25.419155714119047,86.95,85.0,100.0,71.0,20.0,2.8,1970-01-01,yfinance.info/recommendations
BC,Consumer Cyclical,65.43000030517578,9.29575170099348,-85.7928295007846,90.70588,90.0,120.0,76.0,17.0,2.05,1970-01-01,yfinance.info/recommendations
BCAB,Healthcare,1.309999942779541,0.0,-100.0,,,,,,,,yfinance.info/recommendations
BCBP,Financial Services,8.5,0.0,-100.0,8.95,9.0,9.5,8.35,3.0,3.0,1970-01-01,yfinance.info/recommendations
BCDA,Healthcare,1.0399999618530271,0.0,-100.0,15.5,15.5,25.0,6.0,2.0,,1970-01-01,yfinance.info/recommendations
BCE,Communication Services,19.729999542236328,120.64667469056998,511.4884819551045,26.421904,26.41418,28.223942,24.62759,3.0,2.21053,1970-01-01,yfinance.info/recommendations
BCG,Financial Services,1.0099999904632568,1.5358205231949538,52.06143937590719,,,,,,,,yfinance.info/recommendations
BCS,Financial Services,23.709999084472656,4.39873640564842,-81.44775801139068,29.9225,29.545,33.5,27.1,4.0,,1970-01-01,yfinance.info/recommendations
BDTX,Healthcare,1.8899999856948853,0.0,-100.0,10.0,10.0,14.0,8.0,7.0,,1970-01-01,yfinance.info/recommendations
BDX,Healthcare,176.8000030517578,107.35964577076663,-39.27621950360638,195.66667,197.5,225.0,170.0,12.0,2.07143,1970-01-01,yfinance.info/recommendations
BEAM,Healthcare,24.5,-18.791135692459367,-176.69851303044638,52.15385,45.0,80.0,26.0,13.0,1.33333,1970-01-01,yfinance.info/recommendations
BEAT,Healthcare,0.4350000023841858,-2.0767395825391026,-577.4113956682133,3.5,3.5,5.0,2.0,2.0,2.0,1970-01-01,yfinance.info/recommendations
BEEP,Industrials,2.569999933242798,-2.8783005965252753,-211.99613506967944,5.83333,6.0,6.5,5.0,3.0,,1970-01-01,yfinance.info/recommendations
BELFA,Technology,209.30999755859372,107.08586089923082,-48.83863066824915,313.0,313.0,326.0,300.0,2.0,,1970-01-01,yfinance.info/recommendations
BEN,Financial Services,32.810001373291016,2.55783210841127,-92.2041084993874,35.5,36.0,41.0,26.0,12.0,2.75,1970-01-01,yfinance.info/recommendations
BF-A,Consumer Defensive,26.670000076293945,33.59278957041467,25.957215876703955,,,,,,,,yfinance.info/recommendations
BF-B,Consumer Defensive,26.15999984741211,33.59278957041467,28.412804917267064,28.25882,28.0,35.0,20.0,17.0,3.16667,1970-01-01,yfinance.info/recommendations
BFAM,Consumer Cyclical,64.26000213623047,63.24551335727288,-1.5787250937323145,89.22222,93.0,99.0,66.0,9.0,2.33333,1970-01-01,yfinance.info/recommendations
BFC,Financial Services,152.60000610351562,30.654055901258346,-79.9121528996111,163.0,163.0,165.0,161.0,2.0,,1970-01-01,yfinance.info/recommendations
BFLY,Healthcare,8.949999809265137,-0.7313978719066715,-108.17204343568277,11.4,11.0,15.0,10.0,5.0,1.16667,1970-01-01,yfinance.info/recommendations
BFS,Real Estate,30.15999984741211,25.159673162563145,-16.579332593325656,43.0,43.0,47.0,39.0,2.0,,1970-01-01,yfinance.info/recommendations
BFST,Financial Services,30.899999618530277,28.935111606529002,-6.358860958765061,34.9,35.0,37.0,32.5,5.0,1.2,1970-01-01,yfinance.info/recommendations
BGMS,Industrials,0.8799999952316284,0.0,-100.0,,,,,,,,yfinance.info/recommendations
BGS,Consumer Defensive,2.690000057220459,-7.182498386994703,-367.00736930155614,4.3,4.5,5.0,3.0,5.0,3.4,1970-01-01,yfinance.info/recommendations
BH,Consumer Cyclical,363.760009765625,83.84254935785903,-76.95113615928267,,,,,,,,yfinance.info/recommendations
BHC,Healthcare,5.800000190734863,-3.1395835499960065,-154.13074908189304,7.5,7.0,9.0,6.5,5.0,3.0,1970-01-01,yfinance.info/recommendations
BIAF,Healthcare,6.054999828338623,-154.03104690789777,-2643.8654215480133,,,,,,,,yfinance.info/recommendations
BIIB,Healthcare,219.8800048828125,160.81631583921398,-26.861782668722956,238.18195,240.0,300.0,175.0,31.0,1.88571,1970-01-01,yfinance.info/recommendations
BIVI,Healthcare,1.4600000381469729,0.0,-100.0,5.255,5.255,5.51,5.0,2.0,,1970-01-01,yfinance.info/recommendations
BJ,Consumer Defensive,94.95999908447266,42.84540437143929,-54.88057625893013,105.8,105.0,120.0,82.0,20.0,2.13043,1970-01-01,yfinance.info/recommendations
BJRI,Consumer Cyclical,61.93000030517578,18.241273196870516,-70.54533649768769,75.42857,76.0,82.0,65.0,7.0,1.88889,1970-01-01,yfinance.info/recommendations
BKE,Consumer Cyclical,42.900001525878906,52.23560272252045,21.761307376667464,46.0,46.0,46.0,46.0,1.0,3.0,1970-01-01,yfinance.info/recommendations
BKKT,Technology,7.75,-6.903809541303394,-189.08141343617282,12.0,12.0,12.0,12.0,1.0,,1970-01-01,yfinance.info/recommendations
BKNG,Consumer Cyclical,159.02000427246094,94.2786632844085,-40.712702332170885,238.08109,240.0,301.0,188.0,37.0,1.51282,1970-01-01,yfinance.info/recommendations
BKR,Energy,56.0,34.15277507142622,-39.012901658167465,71.20833,73.0,85.0,51.0,24.0,1.68,1970-01-01,yfinance.info/recommendations
BL,Technology,27.40999984741211,9.439396307667876,-65.56221685437518,38.1,35.5,70.0,23.0,10.0,2.83333,1970-01-01,yfinance.info/recommendations
BLBD,Industrials,56.52999877929688,58.63591041888827,3.7252992836834156,89.125,89.5,95.0,82.0,8.0,1.25,1970-01-01,yfinance.info/recommendations
BLDR,Industrials,56.25,29.564190332093077,-47.44143940961231,79.90476,81.0,100.0,61.0,21.0,2.26087,1970-01-01,yfinance.info/recommendations
BLIN,Technology,0.8100000023841858,-0.29468854034428044,-136.38130116998553,,,,,,,,yfinance.info/recommendations
BLK,Financial Services,1059.6300048828125,214.8122860622226,-79.72761387726281,1318.1765,1300.0,1479.0,1190.0,17.0,1.44444,1970-01-01,yfinance.info/recommendations
BLKB,Technology,41.7599983215332,35.40839205206955,-15.209785739355496,51.5,51.5,58.0,45.0,4.0,2.25,1970-01-01,yfinance.info/recommendations
BLNE,Financial Services,0.8629999756813049,-1.8720337910262286,-316.92165049579876,4.5,4.5,4.5,4.5,1.0,,,yfinance.info/recommendations
BLNK,Industrials,0.5609999895095825,-0.8027841844286612,-243.09878777902344,1.625,1.5,2.5,1.0,4.0,,1970-01-01,yfinance.info/recommendations
BMBL,Communication Services,2.539999961853028,-11.638523717094147,-558.2096020428046,3.79,3.75,5.0,3.0,10.0,,1970-01-01,yfinance.info/recommendations
BMI,Technology,127.7699966430664,95.30927580602335,-25.405589488840747,156.66667,162.0,170.0,112.0,9.0,1.90909,1970-01-01,yfinance.info/recommendations
BMO,Financial Services,165.6999969482422,95.53758936487856,-42.343034927924265,165.63824,171.10426,181.7824,144.02809,3.0,2.73333,1970-01-01,yfinance.info/recommendations
BMRN,Healthcare,57.18000030517578,12.82649939594685,-77.56820684244413,91.61538,90.0,124.0,60.0,26.0,1.74074,1970-01-01,yfinance.info/recommendations
BMY,Healthcare,61.150001525878906,42.72847317144451,-30.12514782462979,66.70833,68.0,82.0,40.0,24.0,2.46429,1970-01-01,yfinance.info/recommendations
BNED,Consumer Cyclical,11.710000038146973,5.629527275187477,-51.92547176047396,17.25,17.25,18.5,16.0,2.0,,1970-01-01,yfinance.info/recommendations
BNGO,Healthcare,1.4800000190734863,0.0,-100.0,5.0,5.0,6.0,4.0,2.0,,1970-01-01,yfinance.info/recommendations
BODI,Communication Services,4.920000076293945,23.870021694121164,385.1630350400639,17.0,18.5,22.0,9.0,4.0,,1970-01-01,yfinance.info/recommendations
BOKF,Financial Services,128.36000061035156,28.853888978322825,-77.52112118952739,147.66667,147.0,160.0,135.0,9.0,3.0,1970-01-01,yfinance.info/recommendations
BOOT,Consumer Cyclical,121.87999725341795,50.173658138689966,-58.83355819711187,217.0,211.0,282.0,160.0,14.0,1.25,1970-01-01,yfinance.info/recommendations
BOTJ,Financial Services,27.299999237060547,13.09438189146937,-52.03522982633141,,,,,,,,yfinance.info/recommendations
BOW,Financial Services,33.77000045776367,6.183218405670831,-81.69020337028357,34.33333,34.0,36.0,34.0,6.0,,1970-01-01,yfinance.info/recommendations
BOX,Technology,34.4900016784668,11.649607471117882,-66.22323309890965,38.71429,40.0,50.0,26.0,7.0,,1970-01-01,yfinance.info/recommendations
BPRN,Financial Services,43.720001220703125,8.912231159498324,-79.61520834707105,46.75,46.75,48.0,45.5,2.0,,1970-01-01,yfinance.info/recommendations
BR,Technology,156.92999267578125,88.89816406659949,-43.35170571869975,213.375,220.0,250.0,176.0,8.0,2.33333,1970-01-01,yfinance.info/recommendations
BRBR,Consumer Defensive,7.429999828338623,15.407593965244278,107.3700447001151,14.70833,14.5,20.0,10.0,12.0,2.07143,1970-01-01,yfinance.info/recommendations
BRC,Industrials,84.77999877929688,63.44799864558998,-25.161595235733987,110.0,110.0,111.0,109.0,2.0,1.0,1970-01-01,yfinance.info/recommendations
BRCB,Consumer Cyclical,6.960000038146973,-9.969697100441476,-243.24277364653298,12.0,11.0,20.0,8.0,6.0,2.0,1970-01-01,yfinance.info/recommendations
BRK-B,Financial Services,502.6499938964844,56.55191434101701,-88.74924599070755,547.6667,529.0,604.0,510.0,3.0,2.0,1970-01-01,yfinance.info/recommendations
BRO,Financial Services,59.90999984741211,24.060830559756003,-59.838373191390794,75.6875,77.0,90.0,60.0,16.0,2.78947,1970-01-01,yfinance.info/recommendations
BROS,Consumer Cyclical,38.66999816894531,3.846172860731287,-90.0538581772677,72.91667,75.5,95.0,29.0,24.0,1.26923,1970-01-01,yfinance.info/recommendations
BRT,Real Estate,13.300000190734863,0.0,-100.0,18.0,18.5,20.0,15.5,3.0,,1970-01-01,yfinance.info/recommendations
BRTX,Healthcare,2.140000104904175,0.0,-100.0,160.0,160.0,300.0,20.0,2.0,,,yfinance.info/recommendations
BRX,Real Estate,27.38999938964844,9.850948670853997,-64.03450569415861,35.0,35.0,42.0,30.0,15.0,1.46667,1970-01-01,yfinance.info/recommendations
BSLK,Basic Materials,0.0001,0.0,-100.0,,,,,,,,yfinance.info/recommendations
BSX,Healthcare,42.59999847412109,16.449590489884923,-61.3859364340639,60.7931,60.0,94.0,44.0,29.0,1.64516,1970-01-01,yfinance.info/recommendations
BTG,Basic Materials,5.199999809265137,0.44445569128583967,-91.45277485406965,6.45,7.0,7.5,4.0,5.0,1.76923,1970-01-01,yfinance.info/recommendations
BTU,Energy,24.809999465942383,3.6285980203615162,-85.37445345235646,31.58333,31.0,36.0,27.5,6.0,1.66667,1970-01-01,yfinance.info/recommendations
BUSE,Financial Services,29.729999542236328,9.814783073821117,-66.98693836211598,33.14286,34.0,35.0,30.0,7.0,2.28571,1970-01-01,yfinance.info/recommendations
BVFL,Financial Services,21.229999542236328,15.937959452161286,-24.92717948272546,,,,,,,,yfinance.info/recommendations
BWA,Consumer Cyclical,60.52000045776367,39.118901551446164,-35.36202700668042,79.93333,80.0,95.0,62.0,15.0,1.93333,1970-01-01,yfinance.info/recommendations
BWB,Financial Services,20.709999084472656,4.797553531513917,-76.83460287977083,24.0,24.0,25.0,23.0,4.0,1.25,1970-01-01,yfinance.info/recommendations
BWFG,Financial Services,66.6500015258789,15.859810705265891,-76.20433557063335,69.5,69.5,72.0,67.0,2.0,,1970-01-01,yfinance.info/recommendations
BWIN,Financial Services,31.770000457763672,-8.373749884489895,-126.35741191008889,32.91667,32.5,37.0,31.0,6.0,2.5,1970-01-01,yfinance.info/recommendations
BWMN,Industrials,42.59999847412109,6.459824943497785,-84.83609113877776,43.0,43.0,43.0,43.0,5.0,,1970-01-01,yfinance.info/recommendations
BX,Financial Services,111.75,8.745830713108012,-92.17375327686085,142.77274,139.0,184.0,119.0,22.0,2.08333,1970-01-01,yfinance.info/recommendations
BXC,Industrials,73.63999938964844,21.1140552137418,-71.32800734825942,88.33333,84.0,98.0,83.0,3.0,2.0,1970-01-01,yfinance.info/recommendations
BXMT,Real Estate,10.899999618530272,0.0,-100.0,18.85714,18.0,23.0,16.0,7.0,2.0,1970-01-01,yfinance.info/recommendations
BXP,Real Estate,60.45000076293945,3.5774145490295908,-94.08202728886842,76.35,76.5,91.0,60.0,20.0,2.13636,1970-01-01,yfinance.info/recommendations
BYD,Consumer Cyclical,67.25,444.5156061918036,560.9897489840946,95.9375,93.5,111.0,87.0,16.0,2.36842,1970-01-01,yfinance.info/recommendations
BZH,Consumer Cyclical,33.400001525878906,-47.514589780273965,-242.25924434003042,27.5,27.5,33.0,22.0,2.0,,1970-01-01,yfinance.info/recommendations
C,Financial Services,128.5,19.63901178559891,-84.71672234583743,155.05,157.0,176.0,130.0,20.0,1.68182,1970-01-01,yfinance.info/recommendations
CAG,Consumer Defensive,13.359999656677246,-13.802047844425518,-203.30874400529896,14.31875,14.0,23.0,11.0,16.0,3.29412,1970-01-01,yfinance.info/recommendations
CAH,Healthcare,228.3000030517578,114.6442192942737,-49.783522662379134,270.33334,275.0,292.0,235.0,15.0,1.52941,1970-01-01,yfinance.info/recommendations
CAKE,Consumer Cyclical,109.6500015258789,14.36241155923421,-86.90158562757112,95.92857,98.0,117.0,60.0,14.0,2.66667,1970-01-01,yfinance.info/recommendations
CAL,Consumer Cyclical,12.220000267028809,8.77245509312895,-28.21231668220004,17.0,17.0,18.0,16.0,2.0,,1970-01-01,yfinance.info/recommendations
CAPR,Healthcare,8.949999809265137,-15.855914570976726,-277.1610604344652,27.0,25.0,54.0,7.0,5.0,2.3,1970-01-01,yfinance.info/recommendations
CARE,Financial Services,30.75,13.61914139233737,-55.71010929321181,35.08333,35.0,35.75,34.5,3.0,,1970-01-01,yfinance.info/recommendations
CARL,Healthcare,14.270000457763672,-7.73931876733562,-154.23488801028734,19.2,18.0,23.0,17.0,5.0,1.4,1970-01-01,yfinance.info/recommendations
CARR,Industrials,55.119998931884766,31.478364559252,-42.89120978004411,75.77818,77.5,90.0,60.0,22.0,1.96,1970-01-01,yfinance.info/recommendations
CASH,Financial Services,73.95999908447266,37.508348068148436,-49.2856293503889,101.0,101.0,105.0,97.0,2.0,,1970-01-01,yfinance.info/recommendations
CAT,Industrials,845.4199829101562,137.03137552079167,-83.7913252240509,975.60614,980.5,1225.0,575.0,26.0,2.07143,1970-01-01,yfinance.info/recommendations
CATO,Consumer Cyclical,2.400000095367432,-2.8625272438461957,-219.27196375414945,,,,,,,,yfinance.info/recommendations
CATY,Financial Services,60.84000015258789,17.482542447067477,-71.26472320312143,65.0,66.0,75.0,53.0,5.0,2.83333,1970-01-01,yfinance.info/recommendations
CB,Financial Services,330.8900146484375,362.44356203400895,9.53596240100999,365.82608,369.0,425.0,306.0,23.0,2.44,1970-01-01,yfinance.info/recommendations
CBAN,Financial Services,20.450000762939453,8.098608874523535,-60.39800209103047,25.125,25.125,26.25,24.0,2.0,1.0,1970-01-01,yfinance.info/recommendations
CBFV,Financial Services,36.84999847412109,3.0020147063573304,-91.85341972682693,41.66667,41.0,44.0,40.0,3.0,2.0,1970-01-01,yfinance.info/recommendations
CBIO,Healthcare,14.31999969482422,-24.709894743491702,-272.5551345676549,30.6,28.0,35.0,27.0,5.0,,1970-01-01,yfinance.info/recommendations
CBLL,Healthcare,23.690000534057617,-9.958235742231256,-142.03560792628485,28.57143,29.0,33.0,24.0,7.0,1.125,1970-01-01,yfinance.info/recommendations
CBNK,Financial Services,40.45000076293945,30.965675643876704,-23.4470332266405,41.9375,42.0,43.75,40.0,4.0,2.6,1970-01-01,yfinance.info/recommendations
CBRE,Real Estate,129.5800018310547,54.716779560995846,-57.77374688392495,182.16667,186.5,200.0,144.0,12.0,1.41667,1970-01-01,yfinance.info/recommendations
CBT,Basic Materials,76.94999694824219,98.22061561543995,27.642130618282838,91.33333,91.0,100.0,78.0,6.0,,1970-01-01,yfinance.info/recommendations
CC,Basic Materials,13.710000038146973,1.6206973976387662,-88.17872069198172,18.55556,18.0,24.0,15.0,9.0,2.22222,1970-01-01,yfinance.info/recommendations
CCAP,Financial Services,9.020000457763672,2.778232492405684,-69.19919787792904,12.25,12.0,14.0,10.25,7.0,,1970-01-01,yfinance.info/recommendations
CCI,Real Estate,66.44000244140625,53.52058877180902,-19.44523358648417,94.44762,92.0,120.0,80.0,21.0,2.13043,1970-01-01,yfinance.info/recommendations
CCL,Consumer Cyclical,25.76000022888184,34.18185537821424,32.69353677990229,33.93077,33.5,43.0,28.7,26.0,1.55172,1970-01-01,yfinance.info/recommendations
CCNE,Financial Services,34.099998474121094,7.135057618971751,-79.0760764274326,37.83333,38.0,39.0,36.0,6.0,2.0,1970-01-01,yfinance.info/recommendations
CCO,Communication Services,2.390000104904175,-5.89857948750681,-346.80247818413,2.43,2.43,2.43,2.43,2.0,,1970-01-01,yfinance.info/recommendations
CDE,Basic Materials,17.65999984741211,10.312109279207817,-41.60753472079474,23.95455,23.0,35.0,18.0,11.0,1.72727,1970-01-01,yfinance.info/recommendations
CDNS,Technology,351.3500061035156,47.20445606010723,-86.56483414256729,405.47116,407.935,470.0,300.0,26.0,1.36,1970-01-01,yfinance.info/recommendations
CDRE,Industrials,25.0,19.33804176925287,-22.647832922988513,47.5,45.0,62.0,43.0,6.0,1.2,1970-01-01,yfinance.info/recommendations
CDW,Technology,133.2899932861328,91.94981660052574,-31.015214020502178,158.66667,159.0,171.0,148.0,9.0,1.8,1970-01-01,yfinance.info/recommendations
CDXS,Healthcare,1.3600000143051147,-1.0052858408967977,-173.91807575902442,6.14286,5.0,11.0,2.0,7.0,1.625,1970-01-01,yfinance.info/recommendations
CECO,Industrials,73.66000366210938,-7.313899452478673,-109.92926838020365,111.85714,118.0,130.0,85.0,7.0,,1970-01-01,yfinance.info/recommendations
CEG,Utilities,257.489990234375,178.81203995538448,-30.555731586837815,342.982,348.0,395.0,290.0,20.0,1.54545,1970-01-01,yfinance.info/recommendations
CELC,Healthcare,72.0999984741211,-36.19681384800464,-150.20362637177695,159.63635,160.0,177.0,134.0,11.0,1.25,1970-01-01,yfinance.info/recommendations
CENT,Consumer Defensive,39.810001373291016,39.445049781666754,-0.916733431386195,53.0,53.0,60.0,46.0,2.0,,1970-01-01,yfinance.info/recommendations
CENTA,Consumer Defensive,34.279998779296875,39.445049781666754,15.067243834002902,46.25,48.0,50.0,39.0,4.0,,1970-01-01,yfinance.info/recommendations
CETX,Technology,2.039999961853028,-34.33532841009038,-1783.1043653011636,,,,,,,,yfinance.info/recommendations
CETY,Industrials,0.975000023841858,0.0,-100.0,,,,,,,,yfinance.info/recommendations
CF,Basic Materials,115.01000213623048,151.5557445526528,31.77614271594703,127.686,124.0,195.72,105.0,20.0,2.81818,1970-01-01,yfinance.info/recommendations
CFG,Financial Services,64.33000183105469,11.270160772393332,-82.48070814300401,79.73529,80.0,89.0,70.0,17.0,1.61111,1970-01-01,yfinance.info/recommendations
CFR,Financial Services,155.0399932861328,67.14015194361443,-56.69494656149497,172.7857,175.0,201.0,145.0,14.0,2.53333,1970-01-01,yfinance.info/recommendations
CGNX,Technology,64.97000122070312,11.043371573662153,-83.00235283027344,79.57895,80.0,92.0,65.0,19.0,1.85,1970-01-01,yfinance.info/recommendations
CHCO,Financial Services,142.82000732421875,93.20654897381539,-34.73845106153425,142.4,146.0,147.0,128.0,5.0,3.0,1970-01-01,yfinance.info/recommendations
CHCT,Real Estate,13.619999885559082,20.667957639161475,51.74712050530304,17.5,17.5,18.0,17.0,4.0,2.25,1970-01-01,yfinance.info/recommendations
CHD,Consumer Defensive,94.30999755859376,38.51685663350672,-59.159306933947676,105.10526,107.0,115.0,78.0,19.0,2.2381,1970-01-01,yfinance.info/recommendations
CHDN,Consumer Cyclical,76.05000305175781,41.60010391304669,-45.29901085640371,130.83333,128.0,157.0,100.0,12.0,1.25,1970-01-01,yfinance.info/recommendations
CHEF,Consumer Defensive,116.41999816894533,19.71358475980305,-83.06683983004768,122.0,125.0,131.0,104.0,8.0,1.25,1970-01-01,yfinance.info/recommendations
CHGG,Consumer Defensive,0.7400000095367432,-0.03418224892860957,-104.6192227686603,2.79167,2.5,4.0,2.0,6.0,,1970-01-01,yfinance.info/recommendations
CHMI,Real Estate,2.640000104904175,0.34397573140888005,-86.97061675225329,3.1,3.1,3.1,3.1,1.0,,1970-01-01,yfinance.info/recommendations
CHPT,Consumer Cyclical,9.289999961853027,-25.95333232011832,-379.3684868319585,7.5,7.5,9.0,6.5,5.0,3.0,1970-01-01,yfinance.info/recommendations
CHRW,Industrials,157.72000122070312,51.20550878423917,-67.53391555419435,197.56,209.0,237.0,91.0,25.0,1.76,1970-01-01,yfinance.info/recommendations
CHTR,Communication Services,109.29000091552734,367.72881374956046,236.4706841148132,175.10526,150.0,380.0,68.0,19.0,3.0,1970-01-01,yfinance.info/recommendations
CHWY,Consumer Cyclical,18.170000076293945,7.835805461163367,-56.87503891985892,28.63636,28.0,36.0,21.0,22.0,1.88462,1970-01-01,yfinance.info/recommendations
CHYM,Technology,27.25,2.628832315830943,-90.35290893273049,39.40909,40.0,50.0,30.0,22.0,1.43478,1970-01-01,yfinance.info/recommendations
CI,Healthcare,270.5299987792969,328.0163145142851,21.249516132917513,342.29166,345.0,400.0,288.0,24.0,1.75,1970-01-01,yfinance.info/recommendations
CIA,Financial Services,3.539999961853028,6.573383131612877,85.68879102959119,5.25,5.25,5.5,5.0,2.0,,1970-01-01,yfinance.info/recommendations
CIEN,Technology,391.3399963378906,38.52795214141881,-90.15486469516061,512.9907,536.5,660.0,347.0,20.0,1.71429,1970-01-01,yfinance.info/recommendations
CIFR,Technology,15.710000038146973,-19.331674270224102,-223.05330504954162,30.93182,28.0,69.0,18.0,22.0,1.40909,1970-01-01,yfinance.info/recommendations
CIM,Real Estate,9.260000228881836,0.0,-100.0,14.16667,14.0,15.5,13.0,3.0,2.6,1970-01-01,yfinance.info/recommendations
CINF,Financial Services,161.9499969482422,99.68551930250014,-38.44672974315723,191.0,191.0,200.0,177.0,6.0,2.5,1970-01-01,yfinance.info/recommendations
CION,Financial Services,7.0,1.6413652033911972,-76.55192566584003,8.75,8.75,9.0,8.5,2.0,,1970-01-01,yfinance.info/recommendations
CISO,Technology,0.2080000042915344,0.0,-100.0,,,,,,,,yfinance.info/recommendations
CJMB,Industrials,2.440000057220459,-7.213026487055795,-395.615832700945,,,,,,,,yfinance.info/recommendations
CL,Consumer Defensive,84.26000213623047,46.785721394270126,-44.474578438026164,98.6,100.0,110.0,87.0,20.0,2.04762,1970-01-01,yfinance.info/recommendations
CLAR,Consumer Cyclical,3.450000047683716,0.163193731313787,-95.26974698381952,3.5,3.25,4.5,3.0,5.0,,1970-01-01,yfinance.info/recommendations
CLH,Industrials,318.510009765625,99.60566281930517,-68.7276193006933,358.33334,362.0,390.0,325.0,15.0,1.58824,1970-01-01,yfinance.info/recommendations
CLIR,Industrials,3.509999990463257,-3.737364185189416,-206.47761240296046,20.0,20.0,20.0,20.0,1.0,,1970-01-01,yfinance.info/recommendations
CLNE,Energy,1.559999942779541,-0.6052897723325521,-138.80062785477242,4.00833,3.375,7.0,1.8,6.0,1.66667,1970-01-01,yfinance.info/recommendations
CLRB,Healthcare,1.7799999713897705,0.0,-100.0,11.5,10.5,15.0,10.0,4.0,,1970-01-01,yfinance.info/recommendations
CLS,Technology,387.3200073242188,58.963586101749215,-84.77651941889181,473.9143,480.0,550.0,375.0,18.0,1.22727,1970-01-01,yfinance.info/recommendations
CLSK,Financial Services,12.739999771118164,-8.67723212270336,-168.1101434740589,23.89286,24.0,27.0,21.0,14.0,1.28571,1970-01-01,yfinance.info/recommendations
CLX,Consumer Defensive,80.41000366210938,99.9566983741616,24.308784755425872,100.05882,98.0,154.0,77.0,17.0,3.22222,1970-01-01,yfinance.info/recommendations
CLYM,Healthcare,10.9399995803833,0.0,-100.0,27.57143,26.5,40.0,18.0,14.0,1.13333,1970-01-01,yfinance.info/recommendations
CMCSA,Communication Services,21.56999969482422,75.48343626510851,249.94639468270816,28.79522,29.0,44.0,17.0,23.0,2.64286,1970-01-01,yfinance.info/recommendations
CMDB,Industrials,22.3700008392334,11.464027912460718,-48.75267106671427,,,,,,,,yfinance.info/recommendations
CME,Financial Services,263.1400146484375,118.47391338603843,-54.97685384553812,283.25,285.5,330.0,217.0,16.0,2.47059,1970-01-01,yfinance.info/recommendations
CMG,Consumer Cyclical,32.36000061035156,14.781718511506082,-54.32101905839398,43.91935,44.0,53.0,35.0,31.0,1.77143,1970-01-01,yfinance.info/recommendations
CMI,Industrials,528.3200073242188,220.6890246132386,-58.22815309778597,741.26,760.5,894.0,530.0,20.0,1.86957,1970-01-01,yfinance.info/recommendations
CMPX,Healthcare,0.8569999933242798,-2.4949956780993006,-391.13135327122694,5.45455,6.0,12.0,1.0,11.0,1.53333,1970-01-01,yfinance.info/recommendations
CMRC,Technology,3.25,0.5154805056956614,-84.13906136321042,4.0,3.0,7.5,2.0,5.0,3.0,1970-01-01,yfinance.info/recommendations
CMRE,Industrials,15.4399995803833,33.09279535533215,114.33158196051335,20.0,20.0,21.0,19.0,2.0,,1970-01-01,yfinance.info/recommendations
CMS,Utilities,63.7400016784668,55.229594017850765,-13.351753116585016,77.91667,77.5,86.0,68.0,12.0,2.26667,1970-01-01,yfinance.info/recommendations
CMTG,Real Estate,1.2300000190734863,0.0,-100.0,2.21667,2.15,2.75,1.75,3.0,,1970-01-01,yfinance.info/recommendations
CMTL,Technology,1.3200000524520874,2.4799158055644215,87.87240204707764,4.25,4.25,6.0,2.5,2.0,1.0,1970-01-01,yfinance.info/recommendations
CNA,Financial Services,46.34000015258789,40.56821075033416,-12.4553072577653,49.0,49.0,49.0,49.0,1.0,,1970-01-01,yfinance.info/recommendations
CNC,Healthcare,62.9900016784668,39.54141896102681,-37.225880445492855,71.77778,70.5,85.0,56.0,18.0,2.38095,1970-01-01,yfinance.info/recommendations
CNET,Communication Services,1.600000023841858,0.0,-100.0,,,,,,,,yfinance.info/recommendations
CNK,Communication Services,36.04999923706055,16.288747350073695,-54.81623385631491,39.81818,40.0,44.0,34.0,11.0,2.0,1970-01-01,yfinance.info/recommendations
CNM,Industrials,41.34999847412109,31.260560024899576,-24.40009388521741,54.76923,55.0,75.0,40.0,13.0,2.21429,1970-01-01,yfinance.info/recommendations
CNNE,Consumer Cyclical,15.539999961853027,-4.365886293493287,-128.09450646210095,16.75,16.75,17.5,16.0,2.0,,1970-01-01,yfinance.info/recommendations
CNP,Utilities,37.790000915527344,5.407824492414203,-85.6898005784588,45.05882,46.0,50.0,38.0,17.0,2.15789,1970-01-01,yfinance.info/recommendations
CNQ,Energy,48.43999862670898,58.044060622623796,19.82671814243055,48.255707,45.974728,57.804146,43.26922,4.0,2.26087,1970-01-01,yfinance.info/recommendations
CNR,Energy,88.95999908447266,103.34078197769479,16.16544856252387,109.5,107.5,118.0,105.0,4.0,,1970-01-01,yfinance.info/recommendations
CNS,Financial Services,73.0,14.612399613848398,-79.98301422760493,76.33333,80.0,89.0,60.0,3.0,,1970-01-01,yfinance.info/recommendations
CNSP,Healthcare,5.324999809265137,0.0,-100.0,10.0,10.0,10.0,10.0,1.0,,,yfinance.info/recommendations
CNTX,Healthcare,0.3100000023841858,-2.524087141792157,-914.221652380516,4.0325,4.5,5.0,2.0,8.0,,1970-01-01,yfinance.info/recommendations
CNVS,Communication Services,1.909999966621399,-3.524783494767866,-284.54364169455243,11.5,11.5,14.0,9.0,2.0,,1970-01-01,yfinance.info/recommendations
CNXC,Technology,24.90999984741211,-41.892619827449494,-268.1759136253134,33.5,30.0,45.0,29.0,4.0,1.75,1970-01-01,yfinance.info/recommendations
COCH,Healthcare,0.6779999732971191,0.0,-100.0,2.0,2.0,2.0,2.0,2.0,,1970-01-01,yfinance.info/recommendations
COF,Financial Services,194.72000122070312,34.773570823197346,-82.14175708442829,257.85715,255.0,300.0,220.0,21.0,1.56522,1970-01-01,yfinance.info/recommendations
COGT,Healthcare,31.020000457763672,-13.982611777178928,-145.07611724963522,55.81818,55.0,62.0,45.0,11.0,,1970-01-01,yfinance.info/recommendations
COHU,Technology,73.4800033569336,1.7576000091242763,-97.6080567109032,70.875,70.0,80.0,65.0,8.0,1.125,1970-01-01,yfinance.info/recommendations
COIN,Financial Services,183.0,0.0,-100.0,207.34688,205.0,330.0,95.0,32.0,1.94595,1970-01-01,yfinance.info/recommendations
COLB,Financial Services,28.920000076293945,11.661020921536924,-59.67835100009009,33.85714,34.5,37.0,30.0,14.0,2.28571,1970-01-01,yfinance.info/recommendations
COLD,Real Estate,13.970000267028809,-7.2198531169632725,-151.68112368618313,16.38235,16.0,21.0,13.0,17.0,2.41176,1970-01-01,yfinance.info/recommendations
COLL,Healthcare,22.020000457763672,76.91007654194928,249.27372817030445,49.0,48.5,60.0,43.0,8.0,1.5,1970-01-01,yfinance.info/recommendations
COO,Healthcare,56.90999984741211,23.87395685152784,-58.04962763040059,66.21429,65.5,75.0,58.0,14.0,2.5,1970-01-01,yfinance.info/recommendations
COOK,Consumer Cyclical,53.09999847412109,-67.30547651979009,-226.75231347246125,62.33333,64.5,77.0,43.0,6.0,,1970-01-01,yfinance.info/recommendations
COP,Energy,126.75,103.62196920699651,-18.24696709507179,146.48,146.0,189.0,126.0,25.0,1.74074,1970-01-01,yfinance.info/recommendations
COR,Healthcare,309.04998779296875,154.6570510013255,-49.957269985420744,369.25,365.0,430.0,330.0,12.0,1.71429,1970-01-01,yfinance.info/recommendations
CORT,Healthcare,116.2300033569336,10.192405771737334,-91.23083070002397,141.0,164.0,165.0,50.0,5.0,2.0,1970-01-01,yfinance.info/recommendations
COSM,Healthcare,0.3799999952316284,-0.6700241613145306,-276.32214992690155,4.5,4.5,4.5,4.5,1.0,0.0,1970-01-01,yfinance.info/recommendations
COST,Consumer Defensive,920.6500244140624,287.4963821679343,-68.77245700928448,1057.9429,1065.0,1315.0,770.0,35.0,1.94872,1970-01-01,yfinance.info/recommendations
COTY,Consumer Defensive,2.6600000858306885,-1.2510100945908391,-147.03045316632623,2.64969,2.75,4.0,1.5,13.0,3.11765,1970-01-01,yfinance.info/recommendations
CPAY,Technology,394.6000061035156,192.50348849912567,-51.215538387846316,461.0,455.0,536.0,390.0,15.0,1.6875,1970-01-01,yfinance.info/recommendations
CPB,Consumer Defensive,19.6200008392334,30.52108751962415,55.561091815002605,20.79412,19.0,41.5,16.0,17.0,3.3,1970-01-01,yfinance.info/recommendations
CPBI,Financial Services,20.075000762939453,2.7909355473165802,-86.09745732877411,,,,,,,,yfinance.info/recommendations
CPNG,Consumer Cyclical,13.779999732971191,0.3810606732787163,-97.23468301405727,23.50556,24.0,30.0,12.0,18.0,1.72222,1970-01-01,yfinance.info/recommendations
CPRT,Industrials,27.21999931335449,25.03358268919972,-8.032390445660612,39.0,37.0,55.0,25.0,10.0,2.25,1970-01-01,yfinance.info/recommendations
CPT,Real Estate,95.95999908447266,94.97640048994522,-1.0250089661438861,115.42045,114.5,132.0,102.0,22.0,2.58333,1970-01-01,yfinance.info/recommendations
CR,Industrials,208.1999969482422,68.60190028257077,-67.04999938130403,237.2,241.0,253.0,192.0,10.0,,1970-01-01,yfinance.info/recommendations
CRBU,Healthcare,1.2200000286102295,-4.998968133435907,-509.7514767381204,11.85714,10.0,32.0,4.0,7.0,,1970-01-01,yfinance.info/recommendations
CRCT,Technology,6.519999980926514,5.885426072962687,-9.732728678223882,4.06667,4.0,4.5,3.7,3.0,,1970-01-01,yfinance.info/recommendations
CRD-A,Financial Services,12.670000076293944,5.356976126799519,-57.71920998783081,15.0,15.0,15.0,15.0,1.0,,1970-01-01,yfinance.info/recommendations
CRD-B,Financial Services,12.039999961853027,5.356976126799519,-55.50684265969841,14.0,14.0,14.0,14.0,1.0,,1970-01-01,yfinance.info/recommendations
CRDF,Healthcare,1.1200000047683716,0.0,-100.0,5.81429,6.0,12.0,1.2,7.0,,1970-01-01,yfinance.info/recommendations
CREG,Utilities,0.143,0.0,-100.0,,,,,,,,yfinance.info/recommendations
CRL,Healthcare,290.19000244140625,-4.793602992466994,-101.65188426621793,305.0,322.0,357.0,145.0,15.0,1.66667,1970-01-01,yfinance.info/recommendations
CRM,Technology,234.69000244140625,102.10058899068626,-56.49555246130385,283.36075,282.5,475.0,160.0,54.0,1.76364,1970-01-01,yfinance.info/recommendations
CRNC,Technology,8.09000015258789,4.831254685593011,-40.28115458010773,10.75,11.0,12.0,9.0,4.0,,1970-01-01,yfinance.info/recommendations
CROX,Consumer Cyclical,118.08999633789062,234.81970531270133,98.84809263674822,138.25,150.0,163.0,95.0,12.0,,1970-01-01,yfinance.info/recommendations
CRS,Industrials,388.4700012207031,84.38207248785558,-78.2783555428479,612.125,614.0,700.0,430.0,8.0,1.375,1970-01-01,yfinance.info/recommendations
CRVO,Healthcare,3.0199999809265137,0.0,-100.0,15.4,15.0,25.0,7.0,5.0,1.0,1970-01-01,yfinance.info/recommendations
CRWD,Technology,270.0400085449219,8.406681047888739,-96.88687572882732,236.27,245.0,300.0,132.0,50.0,1.69811,1970-01-01,yfinance.info/recommendations
CRWS,Consumer Cyclical,2.4800000190734863,5.10450465780916,105.82679913511346,,,,,,,,yfinance.info/recommendations
CRWV,Technology,89.62000274658203,-93.05110310920402,-203.8284983903918,141.57895,147.5,317.0,39.0,38.0,1.83333,1970-01-01,yfinance.info/recommendations
CSCO,Technology,112.1999969482422,27.165643161276385,-75.78819616741356,136.16,135.0,170.0,110.0,25.0,1.86207,1970-01-01,yfinance.info/recommendations
CSGP,Real Estate,27.3799991607666,3.7737693789970956,-86.21705809105863,37.3,36.0,53.0,25.0,20.0,2.09524,1970-01-01,yfinance.info/recommendations
CSL,Industrials,329.3399963378906,269.0731235478178,-18.299287502341887,410.375,411.0,475.0,340.0,8.0,2.2,1970-01-01,yfinance.info/recommendations
CSTL,Healthcare,35.560001373291016,0.12274680954467895,-99.65481775926793,45.11111,45.0,57.0,35.0,9.0,1.0,1970-01-01,yfinance.info/recommendations
CSV,Consumer Cyclical,32.16999816894531,6.727101361043857,-79.08889728337711,51.0,50.0,65.0,42.0,5.0,1.4,1970-01-01,yfinance.info/recommendations
CSX,Industrials,47.43000030517578,12.925122726391125,-72.74905620234485,52.88568,54.0,60.0,32.0,23.0,1.92,1970-01-01,yfinance.info/recommendations
CTAS,Industrials,193.0200042724609,50.88101222586918,-73.6395134702996,218.3125,224.5,250.0,181.0,16.0,2.2,1970-01-01,yfinance.info/recommendations
CTBI,Financial Services,76.20999908447266,24.808439231356875,-67.44726475608704,81.33333,81.0,82.0,81.0,3.0,,1970-01-01,yfinance.info/recommendations
CTEV,Healthcare,23.71999931335449,-81.57057300680339,-443.8894408436122,46.0,43.0,73.0,30.0,5.0,1.8,1970-01-01,yfinance.info/recommendations
CTKB,Healthcare,5.869999885559082,-0.7991095372311399,-113.61345064413113,5.5625,5.0,7.5,4.75,4.0,,1970-01-01,yfinance.info/recommendations
CTO,Real Estate,20.540000915527344,20.57007535265219,0.14641886944664462,24.6,25.0,25.0,24.0,5.0,1.0,1970-01-01,yfinance.info/recommendations
CTOS,Industrials,9.779999732971191,-1.6207436302825513,-116.57202121201044,13.33333,13.0,15.0,12.0,6.0,,1970-01-01,yfinance.info/recommendations
CTRE,Real Estate,36.29999923706055,15.972119898292409,-55.99966877689175,45.15385,45.0,49.0,43.0,13.0,1.30769,1970-01-01,yfinance.info/recommendations
CTRN,Consumer Cyclical,47.90999984741211,0.26297725744745715,-99.45110152726986,91.0,91.0,101.0,81.0,2.0,,1970-01-01,yfinance.info/recommendations
CTS,Technology,61.59999847412109,31.039086381462415,-49.6118715092139,70.66667,67.0,80.0,65.0,3.0,1.5,1970-01-01,yfinance.info/recommendations
CTSH,Technology,58.5099983215332,53.82443976106508,-8.008133130886993,65.104,66.0,84.0,47.0,25.0,2.2069,1970-01-01,yfinance.info/recommendations
CTVA,Basic Materials,11.920000076293944,28.473932637130307,138.8752722725079,19.0,19.0,19.0,19.0,1.0,,,yfinance.info/recommendations
CTXR,Healthcare,0.5320000052452087,0.0,-100.0,4.0,4.0,4.0,4.0,1.0,,1970-01-01,yfinance.info/recommendations
CUBI,Financial Services,75.47000122070312,44.82360354043906,-40.607389935826674,93.72727,92.0,110.0,76.0,11.0,2.18182,1970-01-01,yfinance.info/recommendations
CURI,Communication Services,2.9100000858306885,0.05218094051589596,-98.20684058498918,5.33333,5.0,6.0,5.0,3.0,,1970-01-01,yfinance.info/recommendations
CURV,Consumer Cyclical,2.5,-0.003176520413345337,-100.1270608165338,2.17,2.5,3.0,0.85,5.0,,1970-01-01,yfinance.info/recommendations
CVBF,Financial Services,22.280000686645508,26.52707828124423,19.062286641420048,26.0,26.0,28.0,25.0,6.0,2.16667,1970-01-01,yfinance.info/recommendations
CVGI,Consumer Cyclical,2.9600000381469727,0.1509085215075197,-94.90173920396326,7.5,7.5,8.0,7.0,3.0,,1970-01-01,yfinance.info/recommendations
CVLG,Industrials,33.7599983215332,4.535330829448109,-86.565962515006,51.75,52.0,60.0,43.0,4.0,1.6,1970-01-01,yfinance.info/recommendations
CVLT,Technology,150.27999877929688,35.59710005965623,-76.31281584455255,160.55293,160.0,200.0,130.0,17.0,,1970-01-01,yfinance.info/recommendations
CVNA,Consumer Cyclical,63.77000045776367,0.8267147195045694,-98.70359932010331,83.30952,83.0,120.0,60.0,21.0,2.0,1970-01-01,yfinance.info/recommendations
CVS,Healthcare,86.45999908447266,38.80056999738414,-55.12309691389723,116.28,116.0,148.0,103.0,25.0,1.40741,1970-01-01,yfinance.info/recommendations
CVX,Energy,206.69000244140625,139.34817233593927,-32.5810776089944,224.625,227.0,250.0,175.0,24.0,1.72,1970-01-01,yfinance.info/recommendations
CWD,Financial Services,0.5690000057220459,0.0,-100.0,,,,,,,,yfinance.info/recommendations
CXAI,Technology,2.3299999237060547,-40.4762310814865,-1837.1773565170663,15.0,15.0,15.0,15.0,1.0,,1970-01-01,yfinance.info/recommendations
CXM,Technology,5.199999809265137,4.544670903237952,-12.602479424317437,8.4375,8.0,12.0,6.0,8.0,2.55556,1970-01-01,yfinance.info/recommendations
CXT,Industrials,48.77999877929688,57.56711159629276,18.013761863244017,68.71429,65.0,85.0,56.0,7.0,1.42857,1970-01-01,yfinance.info/recommendations
CXW,Industrials,33.43000030517578,10.764319729125955,-67.80041988973787,41.8,42.0,45.0,40.0,5.0,1.0,1970-01-01,yfinance.info/recommendations
CYH,Healthcare,2.720000028610229,5.762776144992156,111.8667678079628,3.15625,3.125,4.0,2.0,8.0,3.1,1970-01-01,yfinance.info/recommendations
CYN,Technology,0.6769999861717224,-11.749418255832913,-1835.512333208918,5.0,5.0,5.0,5.0,1.0,,1970-01-01,yfinance.info/recommendations
CYRX,Industrials,17.43000030517578,-0.7054186654077212,-104.04715234111757,19.66667,20.0,25.0,15.0,9.0,1.33333,1970-01-01,yfinance.info/recommendations
CZNC,Financial Services,25.6299991607666,3.471079504225663,-86.45696598562884,27.0,27.0,27.0,27.0,1.0,,1970-01-01,yfinance.info/recommendations
CZR,Consumer Cyclical,29.649999618530277,-17.531611365600078,-159.12853825010978,31.26667,31.0,35.0,31.0,15.0,2.93333,1970-01-01,yfinance.info/recommendations
D,Utilities,61.310001373291016,64.80517997730712,5.70082943357874,71.91667,70.5,87.0,63.0,12.0,2.5,1970-01-01,yfinance.info/recommendations
DAC,Industrials,165.14999389648438,219.485978857359,32.90099120132713,164.5,164.5,174.0,155.0,2.0,1.0,1970-01-01,yfinance.info/recommendations
DAIO,Technology,2.9800000190734863,-4.021925291949315,-234.963935107617,5.5,5.5,5.5,5.5,1.0,,,yfinance.info/recommendations
DAL,Industrials,84.08999633789062,118.67846501427003,41.132679489479266,102.22917,105.0,125.0,50.0,24.0,1.32,1970-01-01,yfinance.info/recommendations
DAN,Consumer Cyclical,27.8799991607666,21.75638022001954,-21.96420059210175,39.0,39.0,43.0,35.0,6.0,,1970-01-01,yfinance.info/recommendations
DAR,Consumer Defensive,62.93999862670898,39.17201909285663,-37.762917147199076,81.58333,81.0,90.0,65.0,12.0,1.25,1970-01-01,yfinance.info/recommendations
DASH,Consumer Cyclical,189.1499938964844,50.61831456370044,-73.2390609584676,256.2642,260.0,350.0,172.0,43.0,1.64444,1970-01-01,yfinance.info/recommendations
DAVE,Technology,346.57000732421875,205.9003813240093,-40.58909398602748,444.2143,450.0,500.0,350.0,14.0,1.6,1970-01-01,yfinance.info/recommendations
DB,Financial Services,34.970001220703125,11.59978881892478,-66.8293153731507,40.5,40.5,43.0,38.0,2.0,,1970-01-01,yfinance.info/recommendations
DBD,Technology,63.77000045776367,86.55714525110675,35.73333013920161,98.33333,100.0,100.0,95.0,3.0,,1970-01-01,yfinance.info/recommendations
DBGI,Consumer Cyclical,4.869999885559082,0.0,-100.0,,,,,,,,yfinance.info/recommendations
DBI,Consumer Cyclical,6.059999942779541,6.399237711987874,5.5979830430944695,6.75,6.75,7.0,6.5,2.0,3.0,1970-01-01,yfinance.info/recommendations
DD,Basic Materials,129.97999572753906,30.48309735292266,-76.54785478157686,169.625,171.0,186.0,153.0,16.0,1.52941,1970-01-01,yfinance.info/recommendations
DDOG,Technology,277.2200012207031,8.907257101836626,-96.7869356241921,287.08127,300.0,340.0,158.0,47.0,1.5,1970-01-01,yfinance.info/recommendations
DDS,Consumer Cyclical,654.1099853515625,387.4581638626614,-40.76559408362869,545.6667,519.0,650.0,468.0,3.0,4.0,1970-01-01,yfinance.info/recommendations
DE,Industrials,687.0,86.73078023890261,-87.37543227963572,691.8339,728.0,813.18,500.0,23.0,1.96,1970-01-01,yfinance.info/recommendations
DECK,Consumer Cyclical,79.12000274658203,141.69630737918405,79.09037216926197,120.40909,118.5,184.0,70.0,22.0,2.44444,1970-01-01,yfinance.info/recommendations
DEI,Real Estate,9.81999969482422,-8.102099081781475,-182.50610319317838,13.1,13.0,16.0,11.0,10.0,2.91667,1970-01-01,yfinance.info/recommendations
DELL,Technology,562.52001953125,123.92354839545933,-77.96993100819323,583.96,600.0,735.0,480.0,25.0,1.82759,1970-01-01,yfinance.info/recommendations
DFIN,Technology,46.560001373291016,33.75292205039665,-27.506612854700442,64.0,62.0,70.0,60.0,3.0,1.66667,1970-01-01,yfinance.info/recommendations
DG,Consumer Defensive,118.94000244140624,58.03848154483232,-51.20356452537994,140.93103,140.0,176.0,90.0,29.0,2.43333,1970-01-01,yfinance.info/recommendations
DGX,Healthcare,233.3300018310547,104.29541880859743,-55.30132516601368,247.73334,250.0,265.0,204.0,15.0,2.11765,1970-01-01,yfinance.info/recommendations
DHI,Consumer Cyclical,135.0,153.96917713429423,14.051242321699428,158.3077,151.0,206.0,125.0,13.0,2.63158,1970-01-01,yfinance.info/recommendations
DHR,Healthcare,214.05999755859372,48.751650969350074,-77.22523987415936,234.72726,233.0,310.0,200.0,22.0,1.44,1970-01-01,yfinance.info/recommendations
DIN,Consumer Cyclical,29.920000076293945,-31.266008314565276,-204.49869062446223,36.33333,38.0,38.0,33.0,3.0,3.0,1970-01-01,yfinance.info/recommendations
DINO,Energy,113.36000061035156,79.48884450626825,-29.879283628894353,104.66667,95.0,145.0,73.0,15.0,2.5625,1970-01-01,yfinance.info/recommendations
DIOD,Technology,103.83999633789062,34.25339262087273,-67.0132956193356,162.5,162.5,192.0,133.0,2.0,,1970-01-01,yfinance.info/recommendations
DIS,Communication Services,102.19000244140624,82.68322176343335,-19.08873687439013,126.61406,127.5,144.0,88.0,32.0,1.48485,1970-01-01,yfinance.info/recommendations
DKNG,Consumer Cyclical,18.59000015258789,2.009881760207113,-89.18837147009212,34.8125,33.0,76.0,20.0,36.0,1.54054,1970-01-01,yfinance.info/recommendations
DLB,Industrials,58.88999938964844,36.36981798934011,-38.24109633845042,79.0,85.0,90.0,62.0,3.0,,1970-01-01,yfinance.info/recommendations
DLPN,Communication Services,1.0299999713897705,0.0,-100.0,3.0,3.0,3.0,3.0,1.0,,1970-01-01,yfinance.info/recommendations
DLR,Real Estate,178.5500030517578,3.0799431585331516,-98.27502486368464,223.4375,224.5,250.0,190.0,32.0,1.44118,1970-01-01,yfinance.info/recommendations
DLTR,Consumer Defensive,112.16000366210938,81.78870586999541,-27.07854564949002,136.8,140.0,170.0,98.0,25.0,2.46429,1970-01-01,yfinance.info/recommendations
DNOW,Industrials,15.760000228881836,-2.0757716783599056,-113.17113989983223,18.75,19.0,19.0,18.0,4.0,,1970-01-01,yfinance.info/recommendations
DNUT,Consumer Defensive,2.890000104904175,-2.3690252097954385,-181.9731876748146,4.08333,4.0,5.0,3.0,6.0,2.85714,1970-01-01,yfinance.info/recommendations
DOC,Real Estate,19.489999771118164,0.6785156347934836,-96.51864729214125,22.94737,22.0,29.0,17.0,19.0,2.40909,1970-01-01,yfinance.info/recommendations
DOCN,Technology,140.07000732421875,34.78345578845599,-75.16709218987684,175.2,175.0,200.0,140.0,15.0,,1970-01-01,yfinance.info/recommendations
DORM,Consumer Cyclical,123.05999755859376,71.23517955811741,-42.113456060975864,161.625,160.5,170.0,154.0,8.0,1.5,1970-01-01,yfinance.info/recommendations
DOV,Industrials,189.69000244140625,100.01377215316148,-47.27514847069763,240.15788,245.0,288.0,168.0,19.0,1.57895,1970-01-01,yfinance.info/recommendations
DOW,Basic Materials,27.96999931335449,5.562457613872747,-80.11277171817123,33.625,32.5,41.0,29.0,16.0,2.57895,1970-01-01,yfinance.info/recommendations
DPZ,Consumer Cyclical,297.6199951171875,139.73222228956564,-53.05012278004163,376.4074,372.0,450.0,260.0,27.0,2.13333,1970-01-01,yfinance.info/recommendations
DRCT,Communication Services,0.9100000262260436,0.0,-100.0,32.0,32.0,32.0,32.0,1.0,,1970-01-01,yfinance.info/recommendations
DRI,Consumer Cyclical,200.3300018310547,77.87732252314348,-61.125482048954325,234.44,237.0,276.0,163.0,25.0,1.85185,1970-01-01,yfinance.info/recommendations
DRIO,Healthcare,6.460000038146973,-19.29433951334501,-398.6739845109896,13.6,10.0,28.0,8.0,5.0,1.4,1970-01-01,yfinance.info/recommendations
DRMA,Healthcare,1.1050000190734863,0.0,-100.0,4.0,4.0,4.0,4.0,1.0,,1970-01-01,yfinance.info/recommendations
DRUG,Healthcare,50.68999862670898,0.0,-100.0,145.6204,140.92946,219.25098,81.37171,4.0,1.125,1970-01-01,yfinance.info/recommendations
DRVN,Consumer Cyclical,11.68000030517578,18.651961167936577,59.69144418319321,16.09167,15.5,22.0,12.0,12.0,2.23077,1970-01-01,yfinance.info/recommendations
DSGR,Industrials,34.97999954223633,3.12219669047612,-91.0743375319195,35.0,35.0,35.0,35.0,2.0,,1970-01-01,yfinance.info/recommendations
DT,Technology,59.31999969482422,19.21181512194625,-67.61325822524825,59.97059,61.0,74.0,42.0,34.0,1.75,1970-01-01,yfinance.info/recommendations
DTE,Utilities,124.4499969482422,146.5982128054899,17.796879389606556,152.5357,156.5,168.0,132.0,14.0,1.88235,1970-01-01,yfinance.info/recommendations
DTI,Energy,2.289999961853028,0.8219886474574626,-64.10529863972907,4.4,4.4,6.0,2.8,2.0,,1970-01-01,yfinance.info/recommendations
DUK,Utilities,114.12999725341795,33.50627510773604,-70.64200831150671,136.11111,136.0,147.0,127.0,18.0,2.04545,1970-01-01,yfinance.info/recommendations
DUOL,Technology,144.27000427246094,180.60870081288792,25.18797772529318,134.2911,132.5,210.0,80.0,18.0,2.70833,1970-01-01,yfinance.info/recommendations
DUOT,Technology,9.109999656677246,12.066615847185847,32.45462460957972,25.5,25.5,27.0,24.0,2.0,,1970-01-01,yfinance.info/recommendations
DVA,Healthcare,178.69000244140625,98.18773746503373,-45.05135367199393,219.85715,220.0,270.0,165.0,7.0,2.375,1970-01-01,yfinance.info/recommendations
DVN,Energy,47.650001525878906,40.60396469714204,-14.787065274090573,60.64286,62.5,68.0,44.0,28.0,1.31034,1970-01-01,yfinance.info/recommendations
DX,Real Estate,11.020000457763672,5.647741758172695,-48.75007691861011,14.75,14.75,15.0,14.5,5.0,1.83333,1970-01-01,yfinance.info/recommendations
DXC,Technology,11.100000381469728,43.492951696035725,291.82838019215376,11.21429,11.0,14.0,9.0,7.0,,1970-01-01,yfinance.info/recommendations
DXCM,Healthcare,85.36000061035156,29.013425247365646,-66.01051424565337,95.08,95.0,115.0,79.0,25.0,1.32143,1970-01-01,yfinance.info/recommendations
DXPE,Industrials,193.97999572753903,60.170529877786876,-68.98106443805608,200.0,200.0,220.0,180.0,2.0,,1970-01-01,yfinance.info/recommendations
DY,Industrials,273.75,119.35820084496248,-56.39883074156622,520.9091,525.0,625.0,375.0,11.0,1.09091,1970-01-01,yfinance.info/recommendations
E,Energy,54.72999954223633,45.49572252276738,-16.87242297954462,55.86,55.0,60.8,49.3,5.0,2.8,1970-01-01,yfinance.info/recommendations
EA,Communication Services,209.6999969482422,65.21690198464388,-68.89990322663638,205.46153,210.0,210.0,168.0,13.0,2.88235,1970-01-01,yfinance.info/recommendations
EAF,Industrials,9.4399995803833,-37.38792918179204,-496.05858944618666,8.0,8.0,9.0,7.0,2.0,2.75,1970-01-01,yfinance.info/recommendations
EBAY,Consumer Cyclical,106.4000015258789,40.25032359890713,-62.170749039775785,116.11111,118.0,145.0,71.0,27.0,2.53125,1970-01-01,yfinance.info/recommendations
EBC,Financial Services,21.46500015258789,48.28341893950793,124.9402217390002,25.125,25.5,27.0,22.0,8.0,1.75,1970-01-01,yfinance.info/recommendations
EBF,Industrials,22.559999465942383,33.80511953731646,49.84539156727475,24.0,24.0,24.0,24.0,1.0,,,yfinance.info/recommendations
EBMT,Financial Services,21.25,10.639916689253125,-49.92980381527941,24.0,24.0,25.0,23.0,3.0,3.0,1970-01-01,yfinance.info/recommendations
ECG,Industrials,123.3499984741211,42.87869154944143,-65.238190450049,176.0,176.0,200.0,152.0,6.0,,1970-01-01,yfinance.info/recommendations
ECL,Basic Materials,273.70001220703125,97.2566357533627,-64.46597317657546,324.9524,330.0,360.0,295.0,21.0,1.54167,1970-01-01,yfinance.info/recommendations
ECO,Industrials,87.27999877929688,14.459170888860118,-83.4335803264357,75.0,75.0,75.0,75.0,1.0,,1970-01-01,yfinance.info/recommendations
ECOR,Healthcare,10.140000343322754,-8.238898930518513,-181.25146599175287,19.17,19.85,26.0,12.0,5.0,,1970-01-01,yfinance.info/recommendations
ED,Utilities,103.38999938964844,25.206395304477958,-75.62008370898428,109.65625,111.0,130.0,94.0,16.0,3.22222,1970-01-01,yfinance.info/recommendations
EEFT,Technology,63.5,175.7792648588655,176.81773993522128,85.83333,87.5,94.0,70.0,6.0,2.125,1970-01-01,yfinance.info/recommendations
EFSC,Financial Services,60.08000183105469,81.56847450387714,35.7664314545931,71.0,70.0,74.0,68.0,7.0,1.85714,1970-01-01,yfinance.info/recommendations
EFX,Industrials,140.0,70.966043636993,-49.30996883071928,207.04762,210.0,245.0,148.0,21.0,1.66667,1970-01-01,yfinance.info/recommendations
EG,Financial Services,368.2699890136719,189.6733795084998,-48.49610743017719,410.875,407.0,480.0,368.0,16.0,2.41176,1970-01-01,yfinance.info/recommendations
EGP,Real Estate,195.77999877929688,14.364186404588553,-92.66309812332703,227.85,230.5,268.0,185.0,20.0,1.75,1970-01-01,yfinance.info/recommendations
EHC,Healthcare,119.8000030517578,58.35973668595459,-51.285696828621,148.16667,150.0,155.0,140.0,12.0,1.07692,1970-01-01,yfinance.info/recommendations
EIG,Financial Services,49.130001068115234,1.6182735526457488,-96.70613979755032,54.0,54.0,59.0,49.0,2.0,,1970-01-01,yfinance.info/recommendations
EIX,Utilities,53.88999938964844,176.04240684280276,226.66989949274003,65.57143,62.5,86.0,42.0,14.0,3.0,1970-01-01,yfinance.info/recommendations
EL,Consumer Defensive,91.97000122070312,16.770111474708486,-81.76567222776832,107.12571,107.0,127.0,70.0,28.0,2.3,1970-01-01,yfinance.info/recommendations
ELAN,Healthcare,22.13999938964844,2.3794643941092826,-89.25264471677538,31.0,31.0,34.0,26.0,13.0,1.5,1970-01-01,yfinance.info/recommendations
ELDN,Healthcare,2.490000009536743,0.0,-100.0,9.0,8.0,12.0,7.0,5.0,1.0,1970-01-01,yfinance.info/recommendations
ELF,Consumer Defensive,104.68000030517578,20.55509550393755,-80.36387519677794,103.1875,105.5,127.0,65.0,16.0,1.72222,1970-01-01,yfinance.info/recommendations
ELTX,Healthcare,1.919999957084656,0.0,-100.0,13.66667,10.0,23.0,8.0,3.0,1.5,1970-01-01,yfinance.info/recommendations
ELUT,Healthcare,0.7789999842643738,-2.9851747247122744,-483.206005778195,5.0,5.0,5.0,5.0,1.0,,1970-01-01,yfinance.info/recommendations
ELV,Healthcare,386.4299926757813,83.22537785504016,-78.4630128529213,451.38095,460.0,492.0,393.0,21.0,1.81818,1970-01-01,yfinance.info/recommendations
EMBJ,Industrials,75.20999908447266,20.545878524662047,-72.6819854078368,92.35714,90.0,106.0,80.0,14.0,1.46667,1970-01-01,yfinance.info/recommendations
EME,Industrials,786.6099853515625,293.8244833591758,-62.64673868488261,1033.2858,1047.0,1200.0,885.0,7.0,,1970-01-01,yfinance.info/recommendations
EMN,Basic Materials,64.87000274658203,29.4559437091778,-54.59235014333367,80.93333,79.0,100.0,74.0,15.0,2.0625,1970-01-01,yfinance.info/recommendations
EMPD,Consumer Cyclical,3.130000114440918,-84.70690195553755,-2806.290698352512,6.0,6.0,6.0,6.0,2.0,1.0,1970-01-01,yfinance.info/recommendations
EMR,Industrials,161.61000061035156,46.25967603465719,-71.37573426152557,173.6782,178.0,205.0,104.0,28.0,1.9,1970-01-01,yfinance.info/recommendations
ENGN,Healthcare,1.940000057220459,-12.130667295026813,-725.2921101665875,3.28571,4.0,5.0,2.0,7.0,,1970-01-01,yfinance.info/recommendations
ENOV,Healthcare,17.770000457763672,-57.14315589074194,-421.57093088749036,38.33333,36.5,52.0,24.0,12.0,,1970-01-01,yfinance.info/recommendations
ENPH,Technology,33.470001220703125,21.369136407344087,-36.15436023908465,51.6037,44.0,212.0,27.0,27.0,2.33333,1970-01-01,yfinance.info/recommendations
ENS,Industrials,196.3000030517578,106.81901505171837,-45.583793483918726,252.584,265.0,280.0,202.92,5.0,1.8,1970-01-01,yfinance.info/recommendations
ENTG,Technology,166.47000122070312,17.15542590450429,-89.69458414206419,173.36365,170.0,215.0,120.0,11.0,1.75,1970-01-01,yfinance.info/recommendations
ENVA,Financial Services,172.88999938964844,104.47118259223605,-39.57361156744204,241.0,220.5,300.0,205.0,6.0,1.33333,1970-01-01,yfinance.info/recommendations
EOG,Energy,141.3800048828125,139.44274731196657,-1.3702486235247266,163.64285,160.0,193.0,138.0,28.0,2.34375,1970-01-01,yfinance.info/recommendations
EPAC,Industrials,35.63999938964844,20.901930071993426,-41.352608221243834,48.0,48.0,50.0,46.0,2.0,,1970-01-01,yfinance.info/recommendations
EPAM,Technology,108.29000091552734,98.22082357886006,-9.298344493063436,122.82353,120.0,200.0,94.0,17.0,2.15789,1970-01-01,yfinance.info/recommendations
EPC,Consumer Defensive,26.96999931335449,-2.1779098707734468,-108.07530562188421,32.16667,32.0,35.0,29.0,6.0,2.28571,1970-01-01,yfinance.info/recommendations
EPD,Energy,36.18000030517578,17.46513787470415,-51.72709306968787,41.47619,41.0,46.0,38.0,21.0,2.34783,1970-01-01,yfinance.info/recommendations
EPRT,Real Estate,25.899999618530277,10.81094013682544,-58.258917775849305,36.2,37.0,40.0,30.0,20.0,1.25,1970-01-01,yfinance.info/recommendations
EQBK,Financial Services,47.72999954223633,3.759856789642692,-92.12265488015437,56.42857,56.0,61.0,51.0,7.0,2.28571,1970-01-01,yfinance.info/recommendations
EQH,Financial Services,52.63999938964844,0.0,-100.0,62.09091,62.0,68.0,52.0,11.0,1.33333,1970-01-01,yfinance.info/recommendations
EQIX,Real Estate,1025.719970703125,30.851262703503174,-96.99223339852155,1234.1936,1240.0,1380.0,1060.0,31.0,1.5,1970-01-01,yfinance.info/recommendations
EQT,Energy,50.16999816894531,74.47806636358253,48.45140339208473,67.19231,67.5,81.0,52.0,26.0,1.46154,1970-01-01,yfinance.info/recommendations
ERAS,Healthcare,14.739999771118164,-3.77978080520702,-125.64301807258636,24.11111,22.0,33.0,20.0,9.0,,1970-01-01,yfinance.info/recommendations
ERIE,Financial Services,221.08999633789065,134.11157118587258,-39.340733001365386,,,,,,,1970-01-01,yfinance.info/recommendations
ES,Utilities,64.5,110.48723600045673,71.29804031078564,73.25,74.5,85.0,52.0,12.0,2.6875,1970-01-01,yfinance.info/recommendations
ESE,Technology,274.95001220703125,237.70100706771552,-13.54755536845296,390.75,399.0,420.0,345.0,4.0,,1970-01-01,yfinance.info/recommendations
ESEA,Industrials,72.41999816894531,186.08174911037372,156.94801686720854,90.0,91.0,93.0,85.0,4.0,1.25,1970-01-01,yfinance.info/recommendations
ESLA,Healthcare,0.4679999947547912,0.0,-100.0,12.0,12.0,12.0,12.0,1.0,,1970-01-01,yfinance.info/recommendations
ESOA,Industrials,11.010000228881836,13.450631842300144,22.1674074721266,25.0,25.0,30.0,20.0,3.0,1.0,1970-01-01,yfinance.info/recommendations
ESQ,Financial Services,119.91999816894533,57.68004703494281,-51.901227555322194,130.0,125.0,140.0,125.0,3.0,,1970-01-01,yfinance.info/recommendations
ESRT,Real Estate,4.170000076293945,0.6942247967713903,-83.35192364340729,5.4,5.0,7.0,5.0,5.0,2.66667,1970-01-01,yfinance.info/recommendations
ESS,Real Estate,268.6499938964844,206.58784575226818,-23.101488760178363,304.07,300.0,352.0,239.0,25.0,2.57692,1970-01-01,yfinance.info/recommendations
ETD,Consumer Cyclical,21.059999465942383,31.402219414517447,49.1083580761728,22.0,22.0,22.0,22.0,1.0,3.0,1970-01-01,yfinance.info/recommendations
ETN,Industrials,436.1099853515625,156.20297055201064,-64.18266588734713,481.1642,488.5,534.0,333.0,26.0,1.57143,1970-01-01,yfinance.info/recommendations
ETON,Healthcare,55.36000061035156,0.4057511898671121,-99.26706794545946,71.0,70.0,76.0,68.0,4.0,1.0,1970-01-01,yfinance.info/recommendations
ETR,Utilities,100.91000366210938,105.27347911331796,4.324125748542634,122.275,124.5,137.0,91.0,20.0,1.73913,1970-01-01,yfinance.info/recommendations
ETS,Industrials,1.6100000143051147,0.0,-100.0,,,,,,,,yfinance.info/recommendations
ETSY,Consumer Cyclical,72.7699966430664,42.45847178866948,-41.6538769447436,88.33333,90.0,105.0,73.0,27.0,2.43333,1970-01-01,yfinance.info/recommendations
EVER,Communication Services,19.5,29.1316095865564,49.39286967464821,29.5,28.5,34.0,28.0,6.0,1.875,1970-01-01,yfinance.info/recommendations
EVGO,Consumer Cyclical,1.3799999952316284,-2.9410503892848046,-313.1195941628361,3.5625,2.75,7.0,2.0,8.0,1.8,1970-01-01,yfinance.info/recommendations
EVH,Healthcare,3.4600000381469727,-15.595536690111087,-550.7380496580396,5.75,6.0,8.0,3.0,12.0,1.71429,1970-01-01,yfinance.info/recommendations
EVLV,Industrials,4.570000171661377,0.39690989497688073,-91.31488227422564,9.85,10.0,11.25,8.0,5.0,,1970-01-01,yfinance.info/recommendations
EVMN,Healthcare,6.920000076293945,0.0,-100.0,24.125,24.0,30.0,18.0,8.0,1.72727,1970-01-01,yfinance.info/recommendations
EVRG,Utilities,79.16999816894531,2.9496869011688016,-96.27423649186615,91.27273,91.0,103.0,80.0,11.0,1.92308,1970-01-01,yfinance.info/recommendations
EW,Healthcare,85.1500015258789,32.389740876435724,-61.96154985788017,100.96154,101.5,110.0,84.0,26.0,1.62069,1970-01-01,yfinance.info/recommendations
EWTX,Healthcare,41.400001525878906,-11.89325049853843,-128.72765715021538,52.61538,53.0,66.0,36.0,13.0,1.53846,1970-01-01,yfinance.info/recommendations
EXC,Utilities,40.72999954223633,19.93147289059951,-51.06439205841162,48.52941,48.0,58.0,41.0,17.0,2.7619,1970-01-01,yfinance.info/recommendations
EXE,Energy,85.5199966430664,250.8748705708708,193.3522923509266,125.0,123.0,160.0,93.0,27.0,1.53571,1970-01-01,yfinance.info/recommendations
EXOZ,Healthcare,5.769999980926514,-5.931538149422081,-202.79962164695934,,,,,,,,yfinance.info/recommendations
EXP,Basic Materials,171.36000061035156,205.37939711077277,19.852588923465582,216.3,218.0,237.0,190.0,10.0,3.0,1970-01-01,yfinance.info/recommendations
EXPD,Industrials,192.47000122070312,61.98870099801453,-67.79305834422851,179.53333,180.0,220.0,100.0,15.0,3.16667,1970-01-01,yfinance.info/recommendations
EXPE,Consumer Cyclical,265.0,232.14837931984007,-12.396837992513179,338.25,332.5,430.0,235.0,36.0,2.17949,1970-01-01,yfinance.info/recommendations
EXPO,Industrials,67.30000305175781,22.89864211975631,-65.9752732817176,84.0,90.0,90.0,72.0,3.0,1.75,1970-01-01,yfinance.info/recommendations
EXR,Real Estate,133.25,18.83371820566943,-85.86587751919743,158.45,157.5,178.0,140.0,20.0,2.14286,1970-01-01,yfinance.info/recommendations
EZPW,Financial Services,30.200000762939453,14.314337297824164,-52.601533323832584,40.8,40.0,45.0,36.0,5.0,1.6,1970-01-01,yfinance.info/recommendations
F,Consumer Cyclical,12.100000381469728,-5.333866719516822,-144.0815417467693,16.03,15.5,20.0,12.8,18.0,2.35,1970-01-01,yfinance.info/recommendations
FA,Industrials,18.09000015258789,5.005238447994094,-72.33146265464202,26.25,27.5,30.0,22.0,8.0,,1970-01-01,yfinance.info/recommendations
FANG,Energy,184.7100067138672,94.51101056240095,-48.832761016133134,234.65517,233.0,283.0,205.0,29.0,1.48387,1970-01-01,yfinance.info/recommendations
FAST,Industrials,50.75,12.530077741885929,-75.31019164160408,48.83846,49.0,59.0,39.9,13.0,2.72222,1970-01-01,yfinance.info/recommendations
FBK,Financial Services,53.41999816894531,8.163629695556443,-84.71802700228804,66.34375,67.0,67.5,65.0,8.0,1.25,1970-01-01,yfinance.info/recommendations
FBLA,Financial Services,16.959999084472656,0.0,-100.0,,,,,,,,yfinance.info/recommendations
FBNC,Financial Services,62.33000183105469,7.1821026656363145,-88.47729431309278,69.4,70.0,72.0,65.0,5.0,2.0,1970-01-01,yfinance.info/recommendations
FBP,Financial Services,27.040000915527344,6.782819520574025,-74.91560913121462,31.57143,31.0,33.0,30.0,7.0,1.57143,1970-01-01,yfinance.info/recommendations
FBRT,Real Estate,6.269999980926514,12.282853967914955,95.89878796299335,11.66667,12.0,13.0,10.0,3.0,2.0,1970-01-01,yfinance.info/recommendations
FBRX,Healthcare,76.98999786376953,0.0,-100.0,73.0,77.0,77.0,61.0,4.0,2.5,1970-01-01,yfinance.info/recommendations
FBYD,Industrials,8.5649995803833,-1.573630454851442,-118.37280247456847,,,,,,,,yfinance.info/recommendations
FC,Consumer Defensive,17.329999923706055,11.23683851126321,-35.15961592191289,31.0,30.0,38.0,25.0,3.0,,1970-01-01,yfinance.info/recommendations
FCAP,Financial Services,62.900001525878906,24.48700325644826,-61.06994807245976,,,,,,,,yfinance.info/recommendations
FCF,Financial Services,20.559999465942383,5.6785616581423195,-72.38053596475598,24.07143,24.0,25.0,23.5,7.0,2.28571,1970-01-01,yfinance.info/recommendations
FCNCA,Financial Services,2073.4599609375,666.2503933908463,-67.86769911440172,2327.8462,2300.0,2525.0,2100.0,13.0,2.69231,1970-01-01,yfinance.info/recommendations
FCUV,Technology,4.385000228881836,-78.19628996309117,-1883.2676369786882,,,,,,,,yfinance.info/recommendations
FDS,Financial Services,266.0,310.00532337206243,16.54335465115129,277.5625,285.0,340.0,212.0,16.0,3.22222,1970-01-01,yfinance.info/recommendations
FDX,Industrials,290.3599853515625,205.29039045074134,-29.297974649578684,356.30356,359.5,479.0,160.0,26.0,1.78571,1970-01-01,yfinance.info/recommendations
FE,Utilities,43.34000015258789,-1.2658250385725989,-102.9206853579049,52.66667,53.0,56.0,48.0,12.0,2.125,1970-01-01,yfinance.info/recommendations
FEMY,Healthcare,2.049999952316284,-11.190843358386372,-645.8948106677709,14.33333,10.0,23.0,10.0,3.0,,1970-01-01,yfinance.info/recommendations
FENC,Healthcare,10.199999809265137,0.0,-100.0,17.66667,18.0,20.0,16.0,6.0,1.33333,1970-01-01,yfinance.info/recommendations
FERG,Industrials,223.3300018310547,154.50040539628017,-30.819682026798585,287.4762,290.0,325.0,235.0,21.0,1.86364,1970-01-01,yfinance.info/recommendations
FFAI,Consumer Cyclical,1.2300000190734863,-136.00076505426836,-11156.97259718034,48.0,48.0,66.0,30.0,2.0,1.0,1970-01-01,yfinance.info/recommendations
FFIN,Financial Services,32.150001525878906,8.033045353889978,-75.01385700581122,36.28571,36.0,39.0,35.0,7.0,2.71429,1970-01-01,yfinance.info/recommendations
FFIV,Technology,454.0400085449219,173.58024134901322,-61.76983567917461,436.1,438.0,515.0,300.0,10.0,,1970-01-01,yfinance.info/recommendations
FG,Financial Services,21.920000076293945,4.693771026223288,-78.58681108628502,27.0,27.0,27.0,27.0,1.0,,1970-01-01,yfinance.info/recommendations
FGBI,Financial Services,8.3100004196167,0.0,-100.0,9.0,9.0,9.0,9.0,1.0,,1970-01-01,yfinance.info/recommendations
FHI,Financial Services,56.06999969482422,52.18225761485951,-6.933729447342202,61.0,62.0,64.0,55.0,7.0,,1970-01-01,yfinance.info/recommendations
FHTX,Healthcare,2.0199999809265137,0.0,-100.0,7.33333,5.0,14.0,5.0,6.0,1.6,1970-01-01,yfinance.info/recommendations
FIBK,Financial Services,36.0,16.097622329855046,-55.284382417069324,36.875,37.0,41.0,33.0,8.0,3.44444,1970-01-01,yfinance.info/recommendations
FICO,Technology,661.25,186.0923541865498,-71.85748896989796,1232.2616,1230.97,1750.0,490.0,19.0,2.2381,1970-01-01,yfinance.info/recommendations
FIG,Technology,21.36000061035156,-9.00156445712861,-142.1421544939762,30.8,30.0,37.0,25.0,10.0,2.33333,1970-01-01,yfinance.info/recommendations
FIP,Industrials,2.684999942779541,-18.18532873942152,-777.2934497941133,9.9375,9.5,12.0,8.75,4.0,1.25,1970-01-01,yfinance.info/recommendations
FIS,Technology,32.439998626708984,22.48878828049932,-30.675742193208617,49.66667,49.5,77.0,37.0,24.0,2.27586,1970-01-01,yfinance.info/recommendations
FITB,Financial Services,50.869998931884766,84.07668867358275,65.27755148208661,62.2,63.0,67.0,55.0,20.0,1.66667,1970-01-01,yfinance.info/recommendations
FIVE,Consumer Cyclical,221.19000244140625,90.93883280817316,-58.886553730084124,310.4762,300.0,420.0,250.0,21.0,1.72,1970-01-01,yfinance.info/recommendations
FIVN,Technology,34.36000061035156,8.160831508757337,-76.24903561177835,35.8,35.5,50.0,24.0,20.0,1.71429,1970-01-01,yfinance.info/recommendations
FIX,Industrials,1728.010009765625,394.4935316947383,-77.17064545544822,2197.0,2165.5,2500.0,1910.0,8.0,,1970-01-01,yfinance.info/recommendations
FIZZ,Consumer Defensive,30.31999969482422,24.379691959529648,-19.592044179039394,31.0,31.0,31.0,31.0,1.0,,1970-01-01,yfinance.info/recommendations
FKWL,Technology,2.390000104904175,-1.1502086254846653,-148.12588179910483,6.0,6.0,6.0,6.0,1.0,,,yfinance.info/recommendations
FLG,Financial Services,11.699999809265137,0.2586895010227225,-97.78897858769307,16.02941,16.0,18.0,13.0,17.0,1.88889,1970-01-01,yfinance.info/recommendations
FLNT,Communication Services,2.9800000190734863,-3.550583167118507,-219.14708538231557,5.0,5.0,5.5,4.5,2.0,2.33333,1970-01-01,yfinance.info/recommendations
FLOC,Energy,18.459999084472656,24.657546579470612,33.57284833351334,30.55556,31.0,34.0,27.0,9.0,1.55556,1970-01-01,yfinance.info/recommendations
FLR,Industrials,49.900001525878906,189.78308280469702,280.3268076179769,61.6875,65.5,71.0,50.0,8.0,2.11111,1970-01-01,yfinance.info/recommendations
FLWS,Consumer Cyclical,2.559999942779541,-6.409919174427142,-350.38747334765634,4.0,4.0,4.0,4.0,1.0,1.0,1970-01-01,yfinance.info/recommendations
FLYW,Technology,17.579999923706055,10.302940434617234,-41.3939676943681,21.15385,22.0,25.0,18.0,13.0,2.07143,1970-01-01,yfinance.info/recommendations
FMAO,Financial Services,35.4900016784668,6.513265977288847,-81.64760307340107,36.0,36.0,36.0,36.0,3.0,,1970-01-01,yfinance.info/recommendations
FMC,Basic Materials,8.4399995803833,-68.87116919028186,-916.0091541989636,13.575,12.0,21.0,11.0,16.0,2.47059,1970-01-01,yfinance.info/recommendations
FNB,Financial Services,17.450000762939453,10.17799279573148,-41.6733962708607,20.83333,21.0,22.0,19.0,9.0,1.77778,1970-01-01,yfinance.info/recommendations
FNKO,Consumer Cyclical,5.860000133514404,4.4811128597379914,-23.530499016378965,7.5,8.0,8.0,6.5,3.0,1.66667,1970-01-01,yfinance.info/recommendations
FNV,Basic Materials,239.3000030517578,73.12135314167838,-69.44364721722837,286.97,280.0,330.73,256.0,9.0,1.66667,1970-01-01,yfinance.info/recommendations
FNWB,Financial Services,9.949999809265137,4.896598822126724,-50.78795059305266,15.0,15.0,15.0,15.0,2.0,1.5,1970-01-01,yfinance.info/recommendations
FNWD,Financial Services,42.380001068115234,61.526786383909105,45.17882216430389,38.0,38.0,38.0,38.0,1.0,,1970-01-01,yfinance.info/recommendations
FOR,Real Estate,25.75,91.69558819840191,256.09937164427924,34.0,34.0,35.0,33.0,2.0,2.0,1970-01-01,yfinance.info/recommendations
FORM,Technology,149.14999389648438,14.445813502824711,-90.31457318539977,145.44444,165.0,200.0,64.0,9.0,1.90909,1970-01-01,yfinance.info/recommendations
FOSL,Consumer Cyclical,6.800000190734863,-4.557238220509165,-167.01820724532467,9.0,8.0,12.0,7.0,3.0,1.33333,1970-01-01,yfinance.info/recommendations
FOUR,Technology,36.16999816894531,20.684970753560847,-42.811800385103524,55.04762,51.0,96.0,40.0,21.0,2.08333,1970-01-01,yfinance.info/recommendations
FOX,Communication Services,55.88999938964844,79.8973023518837,42.95455935660956,,,,,,,,yfinance.info/recommendations
FOXA,Communication Services,62.27999877929688,79.8973023518837,28.287257414724227,76.42222,77.0,112.0,52.6,18.0,2.0,1970-01-01,yfinance.info/recommendations
FPI,Real Estate,11.239999771118164,5.941740721687592,-47.13753698683124,10.5,10.5,10.5,10.5,1.0,,1970-01-01,yfinance.info/recommendations
FRD,Basic Materials,41.08000183105469,14.075054801180174,-65.73745332567135,,,,,,,,yfinance.info/recommendations
FRHC,Financial Services,173.0,10.19022604440211,-94.10969592809127,,,,,,,,yfinance.info/recommendations
FRMI,Real Estate,4.03000020980835,-4.985308710836645,-223.70492434971177,17.125,13.5,35.0,6.0,8.0,,1970-01-01,yfinance.info/recommendations
FRPT,Consumer Defensive,60.2599983215332,60.20524605396837,-0.0908600549118694,84.25,83.5,104.0,70.0,16.0,1.72222,1970-01-01,yfinance.info/recommendations
FRT,Real Estate,106.69000244140624,86.48718549900047,-18.935998200488445,131.89474,134.0,149.0,116.0,19.0,1.89474,1970-01-01,yfinance.info/recommendations
FSBW,Financial Services,44.33000183105469,44.454080930031495,0.27989870031966835,45.0,45.0,45.0,45.0,2.0,3.0,1970-01-01,yfinance.info/recommendations
FSLR,Technology,174.61000061035156,129.77389859057632,-25.677854569068238,275.87134,274.5,402.0,197.0,30.0,1.86111,1970-01-01,yfinance.info/recommendations
FSS,Industrials,116.33999633789062,42.13482298116125,-63.783028788493766,145.625,146.5,155.0,132.0,8.0,,1970-01-01,yfinance.info/recommendations
FTAI,Industrials,167.02999877929688,10.176765175471967,-93.90722310372587,364.1,337.5,600.0,290.0,10.0,1.4,1970-01-01,yfinance.info/recommendations
FTCI,Technology,2.150000095367432,-11.519463521513135,-635.7889772346487,8.9,6.0,20.0,3.6,4.0,1.0,1970-01-01,yfinance.info/recommendations
FTEK,Industrials,1.659999966621399,-0.3639199324884292,-121.92288794011942,4.0,4.0,4.0,4.0,1.0,,1970-01-01,yfinance.info/recommendations
FTFT,Technology,3.4100000858306885,8.681789032032208,154.59791241962074,,,,,,,,yfinance.info/recommendations
FTLF,Consumer Defensive,9.220000267028809,8.701677526636013,-5.621721533418432,17.5,17.5,18.0,17.0,2.0,,1970-01-01,yfinance.info/recommendations
FTNT,Technology,180.9499969482422,29.916167247215057,-83.46716344196894,164.31944,165.0,220.0,104.0,36.0,2.77273,1970-01-01,yfinance.info/recommendations
FTV,Technology,57.470001220703125,2.291048676539591,-96.01348768422463,64.0,64.0,72.0,51.0,14.0,2.75,1970-01-01,yfinance.info/recommendations
FUBO,Communication Services,8.65999984741211,-84.142269246644,-1071.619754378962,17.0,17.0,23.0,12.0,8.0,1.7,1970-01-01,yfinance.info/recommendations
FUL,Basic Materials,50.20000076293945,34.56418530816687,-31.147042265218143,68.28571,66.0,80.0,62.0,7.0,1.42857,1970-01-01,yfinance.info/recommendations
FULC,Healthcare,3.690000057220459,-4.630638515129916,-225.49155672962254,3.66667,4.0,4.0,3.0,3.0,3.2,1970-01-01,yfinance.info/recommendations
FUN,Consumer Cyclical,11.600000381469728,-63.830283339306014,-650.2610451743682,20.69231,22.0,28.0,10.0,13.0,,1970-01-01,yfinance.info/recommendations
FUNC,Financial Services,43.619998931884766,47.44662135232759,8.772632998956107,50.0,50.0,50.0,50.0,2.0,,1970-01-01,yfinance.info/recommendations
FUSB,Financial Services,16.5,3.095827665930997,-81.23740808526668,,,,,,,,yfinance.info/recommendations
FWONK,Communication Services,91.1999969482422,37.24736274408636,-59.15859211571578,119.29412,120.0,134.0,96.0,17.0,1.41176,1970-01-01,yfinance.info/recommendations
G,Technology,33.290000915527344,37.101443413502906,11.449211153964866,42.18182,43.0,58.0,31.0,11.0,2.25,1970-01-01,yfinance.info/recommendations
GABC,Financial Services,49.400001525878906,20.32797302831634,-58.85025829874269,56.2,56.0,60.0,51.0,5.0,2.16667,1970-01-01,yfinance.info/recommendations
GANX,Healthcare,1.7100000381469729,0.0,-100.0,7.25,8.0,8.0,5.0,4.0,1.0,1970-01-01,yfinance.info/recommendations
GAP,Consumer Cyclical,22.51000022888184,23.067933518305463,2.478601882499127,26.51053,27.0,42.0,21.0,19.0,2.28571,1970-01-01,yfinance.info/recommendations
GASS,Industrials,9.34000015258789,13.66761294557056,46.33418332208048,14.0,14.0,14.0,14.0,1.0,,1970-01-01,yfinance.info/recommendations
GBFH,Financial Services,17.93000030517578,21.442411323854923,19.5895759001478,32.0,35.0,35.0,26.0,3.0,,1970-01-01,yfinance.info/recommendations
GBX,Industrials,40.58000183105469,50.522168818419985,24.500163969329463,45.33333,42.0,52.0,42.0,3.0,4.0,1970-01-01,yfinance.info/recommendations
GCBC,Financial Services,34.2599983215332,8.558909833821936,-75.01777509299392,,,,,,,,yfinance.info/recommendations
GCMG,Financial Services,13.050000190734863,9.32145439347487,-28.571231745323324,15.5,16.0,17.0,13.0,4.0,,1970-01-01,yfinance.info/recommendations
GCTK,Healthcare,1.2100000381469729,0.0,-100.0,,,,,,,,yfinance.info/recommendations
GD,Industrials,330.0899963378906,196.19222656333642,-40.56401928566542,420.25525,430.0,465.0,319.0,21.0,2.08333,1970-01-01,yfinance.info/recommendations
GDC,Communication Services,1.4299999475479126,0.0,-100.0,,,,,,,,yfinance.info/recommendations
GDDY,Technology,97.20999908447266,73.7920634963553,-24.09004815211227,106.75,100.0,170.0,76.0,16.0,2.38889,1970-01-01,yfinance.info/recommendations
GDOT,Financial Services,12.5,12.414213284469039,-0.6862937242476903,16.125,16.125,18.0,14.25,2.0,,1970-01-01,yfinance.info/recommendations
GDRX,Healthcare,3.2799999713897705,2.75858758392476,-15.896719268692022,3.95,4.0,5.0,2.65,12.0,2.64286,1970-01-01,yfinance.info/recommendations
GE,Industrials,309.5599975585937,79.59810518674315,-74.28669536939223,396.8095,400.0,450.0,347.0,21.0,1.54545,1970-01-01,yfinance.info/recommendations
GEF,Consumer Cyclical,82.18000030517578,75.0966480823133,-8.619313940810938,87.2,90.0,100.0,74.0,5.0,,1970-01-01,yfinance.info/recommendations
GEF-B,Consumer Cyclical,107.56999969482422,113.03673011124144,5.082021411105623,,,,,,,,yfinance.info/recommendations
GEHC,Healthcare,64.29000091552734,41.83034550118029,-34.93491226397322,83.05263,84.0,96.0,70.0,19.0,1.75,1970-01-01,yfinance.info/recommendations
GEN,Technology,21.989999771118164,14.908251238141489,-32.20440475983041,32.55556,32.0,46.0,25.0,9.0,2.2,1970-01-01,yfinance.info/recommendations
GETY,Communication Services,0.0419999994337558,-2.824674241160822,-6825.4149505787955,,,,,,,1970-01-01,yfinance.info/recommendations
GEV,Industrials,988.7000122070312,224.3834995626374,-77.30519907026641,1230.341,1250.0,1450.0,940.0,33.0,1.54054,1970-01-01,yfinance.info/recommendations
GEVO,Basic Materials,1.309999942779541,-3.7579333058222177,-386.86515037921936,5.175,2.5,14.0,1.7,4.0,2.0,1970-01-01,yfinance.info/recommendations
GFF,Industrials,93.97000122070312,90.9596935134631,-3.2034773524902445,127.0,125.0,135.0,120.0,7.0,,1970-01-01,yfinance.info/recommendations
GGB,Basic Materials,5.010000228881836,22.368233327788886,346.47170271250013,5.588955,5.569002,6.377458,4.937863,5.0,,1970-01-01,yfinance.info/recommendations
GIFT,Communication Services,0.550000011920929,0.0,-100.0,4.0,4.0,4.0,4.0,1.0,,1970-01-01,yfinance.info/recommendations
GIII,Consumer Cyclical,27.3700008392334,47.370263306353486,73.07366406233648,34.75,36.0,40.0,27.0,4.0,,1970-01-01,yfinance.info/recommendations
GIL,Consumer Cyclical,41.0,11.277007904684288,-72.49510267150173,82.0,82.0,111.0,54.0,8.0,1.69231,1970-01-01,yfinance.info/recommendations
GILD,Healthcare,144.74000549316406,23.276137445683936,-83.91865651353505,158.65385,163.5,180.0,123.0,26.0,1.7037,1970-01-01,yfinance.info/recommendations
GIPR,Real Estate,0.4399999976158142,0.0,-100.0,,,,,,,1970-01-01,yfinance.info/recommendations
GIS,Consumer Defensive,32.0099983215332,-5.0583566033644285,-115.80242695596039,37.0,37.5,45.0,30.0,18.0,3.05,1970-01-01,yfinance.info/recommendations
GL,Financial Services,165.67999267578125,153.3836821826106,-7.421723223535659,193.90909,192.0,225.0,166.0,11.0,,1970-01-01,yfinance.info/recommendations
GLBZ,Financial Services,4.269999980926514,0.11726619946708322,-97.25371896976827,,,,,,,,yfinance.info/recommendations
GLPI,Real Estate,37.68000030517578,15.671286110908046,-58.40953825906574,51.78261,50.0,63.0,43.0,23.0,2.0,1970-01-01,yfinance.info/recommendations
GLW,Technology,164.19000244140625,24.9422482665508,-84.8089116903133,187.41176,182.0,238.0,129.0,17.0,1.55556,1970-01-01,yfinance.info/recommendations
GM,Consumer Cyclical,78.2699966430664,94.70071252526125,20.99235541956596,104.21739,103.0,132.0,75.0,23.0,1.625,1970-01-01,yfinance.info/recommendations
GMED,Healthcare,75.5999984741211,98.23840935510415,29.944988542205454,100.92308,100.0,125.0,84.0,13.0,1.86667,1970-01-01,yfinance.info/recommendations
GNE,Utilities,16.43000030517578,12.036404267724599,-26.741302226678055,16.0,16.0,16.0,16.0,1.0,,1970-01-01,yfinance.info/recommendations
GNRC,Industrials,216.8000030517578,37.69768792702849,-82.61176780609698,289.5625,284.0,375.0,215.0,16.0,1.7619,1970-01-01,yfinance.info/recommendations
GNW,Financial Services,9.550000190734863,15.125160683738136,58.37864273984133,11.5,11.5,11.5,11.5,1.0,,1970-01-01,yfinance.info/recommendations
GO,Consumer Defensive,11.619999885559082,-23.36428330894638,-301.06956574055283,10.92308,11.0,15.0,6.0,13.0,3.0,1970-01-01,yfinance.info/recommendations
GOGO,Communication Services,2.109999895095825,-0.201455583612692,-109.54765846580969,8.5,8.5,10.0,7.0,2.0,2.33333,1970-01-01,yfinance.info/recommendations
GOLD,Financial Services,42.290000915527344,83.49821061415022,97.44196927527786,64.4,60.0,90.0,52.0,5.0,1.2,1970-01-01,yfinance.info/recommendations
GOLF,Consumer Cyclical,83.6500015258789,30.813175238817962,-63.16416655499373,99.66667,98.5,118.0,88.0,6.0,,1970-01-01,yfinance.info/recommendations
GOOGL,Communication Services,343.5,134.8927192470931,-60.729921616566784,429.36295,430.0,515.0,340.0,54.0,1.37705,1970-01-01,yfinance.info/recommendations
GOVX,Healthcare,0.3199999928474426,0.0,-100.0,10.0,10.0,10.0,10.0,2.0,,1970-01-01,yfinance.info/recommendations
GPC,Consumer Cyclical,127.23999786376952,11.37837386954547,-91.05754946512351,139.22221,130.0,170.0,122.0,9.0,2.18182,1970-01-01,yfinance.info/recommendations
GPI,Consumer Cyclical,249.83999633789065,26.876816638264028,-89.2423883156342,368.58334,362.5,450.0,275.0,12.0,1.75,1970-01-01,yfinance.info/recommendations
GPMT,Real Estate,0.7609999775886536,0.0,-100.0,1.375,1.375,1.5,1.25,2.0,,1970-01-01,yfinance.info/recommendations
GPN,Industrials,78.37999725341797,16.857688665357152,-78.49235869343944,105.0,98.0,194.0,70.0,30.0,2.36111,1970-01-01,yfinance.info/recommendations
GRDN,Healthcare,42.380001068115234,12.951863498724343,-69.43873720553366,49.85714,50.0,52.0,47.0,7.0,1.14286,1970-01-01,yfinance.info/recommendations
GRMN,Technology,281.1600036621094,89.38678015236201,-68.20786065297372,302.0,296.0,370.0,231.0,6.0,2.57143,1970-01-01,yfinance.info/recommendations
GRND,Technology,13.43000030517578,4.963146138689319,-63.04433338861075,20.8,21.0,22.0,19.0,5.0,1.6,1970-01-01,yfinance.info/recommendations
GRNT,Energy,4.46999979019165,2.148290463298429,-51.93980840866389,7.8,7.0,11.0,6.0,5.0,1.8,1970-01-01,yfinance.info/recommendations
GROV,Consumer Defensive,1.0399999618530271,-0.6085995531270224,-158.51918994714634,2.0,2.0,2.0,2.0,1.0,,1970-01-01,yfinance.info/recommendations
GROW,Financial Services,2.859999895095825,0.526003191071373,-81.60827935786517,,,,,,,,yfinance.info/recommendations
GRWG,Consumer Cyclical,1.5700000524520874,-0.7190851038670475,-145.80159744223909,2.5,2.5,2.5,2.5,2.0,1.66667,1970-01-01,yfinance.info/recommendations
GS,Financial Services,902.5599975585938,132.9594954018599,-85.26862527017455,1116.75,1147.5,1300.0,730.0,20.0,2.6,1970-01-01,yfinance.info/recommendations
GSBC,Financial Services,79.2699966430664,107.97048494551856,36.20599157040905,76.0,76.0,78.0,74.0,2.0,,1970-01-01,yfinance.info/recommendations
GSIT,Technology,5.610000133514404,-1.4611422357747552,-126.04531552585574,9.0,9.0,9.0,9.0,1.0,,1970-01-01,yfinance.info/recommendations
GUTS,Healthcare,0.4070000052452087,-2.7998836482408636,-787.9320914391621,5.03333,5.1,8.0,2.0,6.0,,1970-01-01,yfinance.info/recommendations
GVA,Industrials,119.91999816894533,27.621752664811886,-76.96651677237529,171.66667,177.5,200.0,119.0,6.0,,1970-01-01,yfinance.info/recommendations
GWRE,Technology,152.14999389648438,42.444784632898724,-72.10332807388995,213.2857,215.0,258.0,170.0,14.0,1.6875,1970-01-01,yfinance.info/recommendations
GWW,Industrials,1280.300048828125,321.53459466716464,-74.8859968441406,1331.6428,1352.5,1500.0,1100.0,14.0,2.73684,1970-01-01,yfinance.info/recommendations
GXAI,Communication Services,0.515999972820282,-3.281656096488632,-735.9798971601114,3.2,3.2,3.2,3.2,1.0,,1970-01-01,yfinance.info/recommendations
GYRE,Healthcare,7.110000133514404,-0.2634593219736232,-103.70547562624866,18.66667,18.0,20.0,18.0,3.0,,1970-01-01,yfinance.info/recommendations
H,Consumer Cyclical,158.89999389648438,19.298214407932416,-87.85511947816418,196.83333,200.0,221.0,165.0,24.0,,1970-01-01,yfinance.info/recommendations
HAE,Healthcare,104.68000030517578,59.17499581314449,-43.47058116103325,111.5,116.5,125.0,86.0,10.0,1.72727,1970-01-01,yfinance.info/recommendations
HAL,Energy,31.850000381469727,18.611319801907694,-41.56571560753975,43.44,43.0,53.0,29.0,25.0,1.75,1970-01-01,yfinance.info/recommendations
HAS,Consumer Cyclical,89.54000091552734,138.32822813416092,54.48763314695599,109.5,110.5,120.0,90.0,14.0,1.46667,1970-01-01,yfinance.info/recommendations
HASI,Financial Services,36.27000045776367,13.525517835116187,-62.708801586957186,49.73333,50.0,60.0,43.0,15.0,1.625,1970-01-01,yfinance.info/recommendations
HAYW,Industrials,12.399999618530272,8.613119307030559,-30.539358290307423,17.92857,18.0,19.5,15.0,7.0,,1970-01-01,yfinance.info/recommendations
HBAN,Financial Services,15.329999923706056,29.52982325298448,92.62768036495588,19.64737,20.0,22.5,17.0,19.0,1.75,1970-01-01,yfinance.info/recommendations
HBB,Consumer Cyclical,37.9900016784668,50.28846923347855,32.37290605855034,,,,,,,,yfinance.info/recommendations
HBNC,Financial Services,19.479999542236328,0.0,-100.0,22.9,23.0,23.0,22.5,5.0,1.6,1970-01-01,yfinance.info/recommendations
HCA,Healthcare,426.6900024414063,255.65191396630456,-40.0848596162243,454.22726,450.0,579.0,380.0,22.0,1.96154,1970-01-01,yfinance.info/recommendations
HCC,Basic Materials,89.3499984741211,42.36271353626718,-52.58789674346003,109.33333,105.0,125.0,98.0,6.0,1.85714,1970-01-01,yfinance.info/recommendations
HCKT,Technology,10.779999732971191,7.659842111140392,-28.94394897142376,16.66667,16.0,19.0,15.0,3.0,,1970-01-01,yfinance.info/recommendations
HCSG,Healthcare,20.8700008392334,18.595646095115857,-10.897722341448087,27.0,27.0,30.0,24.0,6.0,1.85714,1970-01-01,yfinance.info/recommendations
HCWB,Healthcare,1.6799999475479126,0.0,-100.0,29.99999,29.99999,29.99999,29.99999,1.0,,1970-01-01,yfinance.info/recommendations
HD,Consumer Cyclical,282.8500061035156,159.74397094214365,-43.523433800570054,377.1875,379.0,425.0,310.0,32.0,1.94444,1970-01-01,yfinance.info/recommendations
HDSN,Basic Materials,5.230000019073486,2.1081612174675417,-59.6909902527876,7.3125,7.125,8.0,7.0,4.0,,1970-01-01,yfinance.info/recommendations
HE,Utilities,8.899999618530273,1.3536298171981433,-84.79067555935829,9.0625,8.875,12.0,6.5,4.0,4.0,1970-01-01,yfinance.info/recommendations
HELE,Consumer Defensive,26.739999771118164,-56.09410313340316,-309.7760045383034,31.0,28.0,40.0,25.0,3.0,,1970-01-01,yfinance.info/recommendations
HHS,Industrials,4.559999942779541,-1.9160562446814293,-142.01877782291155,,,,,,,,yfinance.info/recommendations
HIG,Financial Services,126.0500030517578,66.25922446743368,-47.43417464240222,149.15,147.0,164.0,135.0,20.0,2.3913,1970-01-01,yfinance.info/recommendations
HII,Industrials,268.5400085449219,95.33840469805915,-64.4975044073886,367.25,367.0,439.0,304.0,12.0,2.08333,1970-01-01,yfinance.info/recommendations
HIT,Technology,0.7829999923706055,-0.46661295685779275,-159.59297080515654,3.11667,4.0,4.1,1.25,3.0,1.5,1970-01-01,yfinance.info/recommendations
HIW,Real Estate,29.670000076293945,10.893437836949278,-63.28467202919546,32.33333,32.0,35.0,30.0,9.0,,1970-01-01,yfinance.info/recommendations
HLI,Financial Services,126.37000274658205,145.4723154015351,15.116176497408295,153.0,150.0,177.0,145.0,8.0,2.27273,1970-01-01,yfinance.info/recommendations
HLIO,Industrials,71.70999908447266,22.755789093546756,-68.26692318495084,94.66667,92.5,110.0,88.0,6.0,,1970-01-01,yfinance.info/recommendations
HLT,Consumer Cyclical,319.3599853515625,56.312063961981224,-82.36721363197994,353.0,361.5,394.0,270.0,26.0,,1970-01-01,yfinance.info/recommendations
HLX,Energy,10.600000381469728,9.49104600437791,-10.4618333696518,12.25,13.0,14.0,9.0,4.0,2.0,1970-01-01,yfinance.info/recommendations
HMC,Consumer Cyclical,31.350000381469727,6432.170187728938,20417.289025396145,33.26637,33.79912,34.0,32.0,3.0,2.33333,1970-01-01,yfinance.info/recommendations
HNGE,Healthcare,97.66999816894533,17.91546591189834,-81.65714523623832,109.3125,108.5,140.0,90.0,16.0,1.52941,1970-01-01,yfinance.info/recommendations
HNI,Consumer Cyclical,46.81999969482422,6.5145008655514385,-86.08607238783986,71.0,70.5,78.0,65.0,4.0,,1970-01-01,yfinance.info/recommendations
HNRG,Utilities,13.489999771118164,7.133203357505815,-47.12228703830026,28.33333,28.0,29.0,28.0,3.0,,1970-01-01,yfinance.info/recommendations
HOFT,Consumer Cyclical,13.170000076293944,2.5787732896781237,-80.41933732164568,16.5,16.5,17.0,16.0,2.0,,1970-01-01,yfinance.info/recommendations
HOMB,Financial Services,28.670000076293945,25.9020025503457,-9.654682659861555,33.25,33.0,36.0,31.0,8.0,2.3,1970-01-01,yfinance.info/recommendations
HON,Industrials,213.9900054931641,164.48955244657859,-23.13213317253118,258.21738,262.0,303.0,186.0,23.0,2.0,1970-01-01,yfinance.info/recommendations
HOOD,Financial Services,112.73999786376952,6.269320906495064,-94.43913338186269,131.89786,138.0,170.0,57.0,28.0,1.7,1970-01-01,yfinance.info/recommendations
HOUR,Consumer Cyclical,1.8600000143051147,0.6640126093654277,-64.3003976205076,,,,,,,,yfinance.info/recommendations
HPE,Technology,69.33000183105469,19.609828417766128,-71.71523453071312,71.79,70.0,92.0,52.59,21.0,1.95833,1970-01-01,yfinance.info/recommendations
HPK,Energy,7.849999904632568,8.027466759219012,2.2607242897125857,10.0,10.0,10.0,10.0,1.0,,1970-01-01,yfinance.info/recommendations
HPP,Real Estate,11.479999542236328,-28.65850308488019,-349.6385385682468,16.81818,15.0,26.0,9.0,11.0,2.5,1970-01-01,yfinance.info/recommendations
HPQ,Technology,32.119998931884766,60.02032638247897,86.86279071727554,29.66471,28.0,72.0,19.0,17.0,,1970-01-01,yfinance.info/recommendations
HRL,Consumer Defensive,20.25,12.527171480816602,-38.137424786090854,25.9375,26.0,30.0,23.0,8.0,2.6,1970-01-01,yfinance.info/recommendations
HRMY,Healthcare,39.63999938964844,43.08947863959876,8.702016405305791,47.63636,50.0,70.0,30.0,11.0,2.0,1970-01-01,yfinance.info/recommendations
HRTG,Financial Services,33.9900016784668,35.02664310586411,3.049842236559942,39.0,39.0,42.0,36.0,2.0,,1970-01-01,yfinance.info/recommendations
HSBC,Financial Services,96.13999938964844,50.30260452896056,-47.67775655470128,106.08,102.0,115.24,101.0,3.0,,1970-01-01,yfinance.info/recommendations
HSCS,Healthcare,4.300000190734863,-10.236810566536468,-338.0653514526243,12.0,12.0,12.0,12.0,1.0,2.0,1970-01-01,yfinance.info/recommendations
HSIC,Healthcare,84.87999725341797,24.87735430855487,-70.69114619044936,97.26667,100.0,110.0,64.0,15.0,2.375,1970-01-01,yfinance.info/recommendations
HST,Real Estate,22.559999465942383,10.31545818175568,-54.27545023957836,25.29033,25.25,29.0,21.0,20.0,1.90476,1970-01-01,yfinance.info/recommendations
HSTM,Healthcare,30.81999969482422,15.273431104479695,-50.44311727542083,34.5,34.5,40.0,29.0,2.0,2.2,1970-01-01,yfinance.info/recommendations
HSY,Consumer Defensive,160.19000244140625,80.29910078782112,-49.87258907297124,204.09525,200.0,250.0,170.0,21.0,2.47826,1970-01-01,yfinance.info/recommendations
HTB,Financial Services,46.59000015258789,24.548747075054663,-47.30897833300162,55.25,55.0,58.5,52.5,4.0,2.0,1970-01-01,yfinance.info/recommendations
HTLD,Industrials,11.899999618530272,2.1087213927779245,-82.27965159348159,13.2,13.0,16.0,12.0,5.0,3.0,1970-01-01,yfinance.info/recommendations
HTO,Utilities,60.130001068115234,6.353609745474463,-89.43354459901455,67.0,67.0,72.0,60.0,7.0,1.71429,1970-01-01,yfinance.info/recommendations
HUBB,Industrials,475.52,237.73914556591353,-50.00438560609153,560.5833,562.5,630.0,502.0,12.0,2.0,1970-01-01,yfinance.info/recommendations
HUBS,Technology,214.52999877929688,69.28595278035463,-67.70337333957927,249.71677,250.0,320.0,190.0,31.0,2.35294,1970-01-01,yfinance.info/recommendations
HUM,Healthcare,388.3599853515625,273.1539182211429,-29.664762456443462,423.73914,420.0,515.0,280.0,23.0,2.15385,1970-01-01,yfinance.info/recommendations
HUN,Basic Materials,8.529999732971191,-2.7132188810466764,-131.80795974188854,11.23077,11.0,16.0,9.0,13.0,2.92857,1970-01-01,yfinance.info/recommendations
HURA,Healthcare,1.909999966621399,-3.1075924709030853,-262.70117933039074,8.04,8.0,10.0,6.2,5.0,1.5,1970-01-01,yfinance.info/recommendations
HURN,Industrials,162.14999389648438,45.882236842427304,-71.70383066944902,190.75,194.0,215.0,160.0,4.0,,1970-01-01,yfinance.info/recommendations
HUT,Financial Services,89.62999725341797,-33.906203335293796,-137.82907996686433,157.09091,146.5,273.0,96.0,22.0,1.36364,1970-01-01,yfinance.info/recommendations
HVT,Consumer Cyclical,27.5,14.456731042766373,-47.430068935395006,33.0,33.0,36.0,30.0,2.0,0.0,1970-01-01,yfinance.info/recommendations
HWM,Industrials,231.2700042724609,34.01739780823009,-85.29104631824455,331.50287,340.0,375.0,255.0,21.0,1.43478,1970-01-01,yfinance.info/recommendations
HYFM,Industrials,1.0299999713897705,-167.6369098092641,-16375.428588903065,,,,,,,,yfinance.info/recommendations
HYPR,Healthcare,0.8939999938011169,-1.5499818942646513,-273.37605201476845,2.03333,2.0,2.5,1.6,3.0,1.0,1970-01-01,yfinance.info/recommendations
HZO,Consumer Cyclical,52.34999847412109,9.8240450241146,-81.23391535728304,47.0,53.0,53.0,35.0,5.0,,1970-01-01,yfinance.info/recommendations
IART,Healthcare,12.68000030517578,-4.264258892573992,-133.62980118252355,19.55556,19.0,27.0,14.0,9.0,,1970-01-01,yfinance.info/recommendations
IBAC,Financial Services,10.90999984741211,0.0,-100.0,,,,,,,,yfinance.info/recommendations
IBKR,Financial Services,88.30000305175781,85.94344970089861,-2.668803249619241,105.4,108.5,121.0,70.0,14.0,1.86667,1970-01-01,yfinance.info/recommendations
IBM,Technology,222.63999938964844,152.3774175824413,-31.558831297083618,240.59,240.5,297.0,174.0,22.0,2.25,1970-01-01,yfinance.info/recommendations
IBOC,Financial Services,69.83999633789062,60.969228593665505,-12.701558146291624,87.0,87.0,87.0,87.0,1.0,,1970-01-01,yfinance.info/recommendations
IBTA,Technology,41.61000061035156,11.506194227431479,-72.34752689580827,36.14286,38.0,45.0,22.0,7.0,3.22222,1970-01-01,yfinance.info/recommendations
ICE,Financial Services,150.14999389648438,41.55151313814386,-72.32666345175473,185.86667,182.0,236.0,159.0,15.0,1.6875,1970-01-01,yfinance.info/recommendations
IDCC,Technology,335.1300048828125,230.59395846668411,-31.192684896323236,462.66666,475.0,488.0,425.0,3.0,1.0,1970-01-01,yfinance.info/recommendations
IDN,Technology,2.2699999809265137,1.4908822598863005,-34.322366854039,4.83333,5.0,6.0,3.5,3.0,,1970-01-01,yfinance.info/recommendations
IDT,Communication Services,78.9800033569336,46.8893764787942,-40.63133136765331,85.0,85.0,85.0,85.0,1.0,1.0,1970-01-01,yfinance.info/recommendations
IDXX,Healthcare,518.3900146484375,129.4304504150968,-75.03222539830861,701.3333,705.0,805.0,470.0,12.0,2.15385,1970-01-01,yfinance.info/recommendations
IESC,Industrials,339.3399963378906,74.68068097089058,-77.99237290716273,440.0,440.0,440.0,440.0,1.0,,1970-01-01,yfinance.info/recommendations
IEX,Industrials,232.9900054931641,83.82685437505995,-64.02126597764322,255.92857,259.5,280.0,215.0,14.0,1.73333,1970-01-01,yfinance.info/recommendations
IFF,Basic Materials,82.41999816894531,27.15043221421643,-67.05844113395489,96.29412,96.0,105.0,76.0,17.0,1.75,1970-01-01,yfinance.info/recommendations
IIIN,Industrials,29.559999465942383,45.37295607674927,53.494441463119166,39.0,39.0,39.0,39.0,1.0,,1970-01-01,yfinance.info/recommendations
IMAX,Communication Services,52.720001220703125,21.987779850339773,-58.29328653030231,56.6825,56.5,69.19,45.0,12.0,1.58333,1970-01-01,yfinance.info/recommendations
IMRX,Healthcare,4.070000171661377,-6.107506528515862,-250.0615791380366,17.16667,15.5,30.0,12.0,6.0,1.28571,1970-01-01,yfinance.info/recommendations
IMSR,Utilities,3.7799999713897705,-0.5217135514839701,-113.80194591091899,11.66667,12.0,15.0,8.0,3.0,1.0,1970-01-01,yfinance.info/recommendations
IMXI,Technology,11.510000228881836,19.203903440751404,66.84537844372406,16.0,16.0,16.0,16.0,1.0,,1970-01-01,yfinance.info/recommendations
INBK,Financial Services,27.6200008392334,0.0,-100.0,30.9,29.5,35.0,28.0,5.0,,1970-01-01,yfinance.info/recommendations
INCY,Healthcare,115.3000030517578,95.58480068482807,-17.09904756730981,128.47826,130.0,155.0,86.0,23.0,2.28571,1970-01-01,yfinance.info/recommendations
INDP,Healthcare,2.380000114440918,0.0,-100.0,,,,,,,,yfinance.info/recommendations
INGM,Technology,28.5,10.109029723922008,-64.52972026694033,32.61538,33.0,37.0,30.0,13.0,,1970-01-01,yfinance.info/recommendations
INGN,Healthcare,5.96999979019165,-0.48693637519793287,-108.15638848091653,12.0,12.0,12.0,12.0,2.0,1.5,1970-01-01,yfinance.info/recommendations
INGR,Consumer Defensive,95.33000183105467,203.62622744326495,113.60140934869018,121.5,115.5,150.0,108.0,6.0,,1970-01-01,yfinance.info/recommendations
INMB,Healthcare,1.9299999475479128,0.0,-100.0,7.0,7.5,9.0,4.0,4.0,,1970-01-01,yfinance.info/recommendations
INOD,Technology,70.06999969482422,21.345696051351894,-69.53661175350538,122.75,120.0,140.0,111.0,4.0,1.25,1970-01-01,yfinance.info/recommendations
INSM,Healthcare,111.12000274658205,-24.316412566178265,-121.88302012701868,197.73914,195.0,243.0,169.0,23.0,1.20833,1970-01-01,yfinance.info/recommendations
INTA,Technology,36.4900016784668,5.294595469331117,-85.49028439081842,40.28571,45.0,47.0,29.0,7.0,2.33333,1970-01-01,yfinance.info/recommendations
INTC,Technology,119.33000183105467,-3.395310844373084,-102.84531198548048,116.37209,112.0,200.0,75.0,43.0,2.46939,1970-01-01,yfinance.info/recommendations
INTU,Technology,281.0799865722656,190.5836474543268,-32.195938324008786,405.6,400.0,732.0,290.0,31.0,2.05882,1970-01-01,yfinance.info/recommendations
INVA,Healthcare,20.5,62.36233721129788,204.20652298194088,35.0,35.0,46.0,18.0,5.0,1.8,1970-01-01,yfinance.info/recommendations
INVE,Industrials,2.3499999046325684,-0.23082000464752542,-109.822128255942,3.55,3.55,4.0,3.1,2.0,,1970-01-01,yfinance.info/recommendations
INVH,Real Estate,26.040000915527344,6.559494691906794,-74.80992910412901,33.52174,34.0,41.0,28.0,23.0,2.08,1970-01-01,yfinance.info/recommendations
IONQ,Technology,43.77000045776367,-5.278055891945668,-112.05861511707953,66.63214,62.5,100.0,41.85,14.0,1.35714,1970-01-01,yfinance.info/recommendations
IOVA,Healthcare,14.220000267028809,-3.8927602663957477,-127.3752474915327,12.8,13.5,20.0,6.0,10.0,1.6,1970-01-01,yfinance.info/recommendations
IP,Consumer Cyclical,31.96999931335449,-7.2730150944591525,-122.74950031488136,47.90909,47.0,62.0,39.0,11.0,1.58333,1970-01-01,yfinance.info/recommendations
IPI,Basic Materials,32.7599983215332,33.82703499359359,3.257132865477055,36.5,36.5,44.0,29.0,2.0,3.66667,1970-01-01,yfinance.info/recommendations
IQV,Healthcare,258.2099914550781,97.4917637651643,-62.24322567233989,288.73685,280.0,345.0,250.0,19.0,1.40909,1970-01-01,yfinance.info/recommendations
IR,Industrials,76.06999969482422,22.65423160355031,-70.21923005858551,94.71154,93.25,109.0,82.0,13.0,2.0,1970-01-01,yfinance.info/recommendations
IRM,Real Estate,113.38999938964844,-8.152354808225562,-107.1896594515458,144.90909,145.0,155.0,132.0,11.0,1.66667,1970-01-01,yfinance.info/recommendations
ISBA,Financial Services,38.119998931884766,10.87601145325591,-71.46901427597136,43.0,43.0,43.0,43.0,1.0,,1970-01-01,yfinance.info/recommendations
ISPC,Healthcare,1.0800000429153442,0.0,-100.0,,,,,,,,yfinance.info/recommendations
ISRG,Healthcare,391.9500122070313,80.54645888881484,-79.44981339960529,476.34482,483.0,685.0,324.0,29.0,1.78125,1970-01-01,yfinance.info/recommendations
IT,Technology,184.8000030517578,126.90569619506408,-31.328087608569465,185.15385,184.0,229.0,150.0,13.0,2.8,1970-01-01,yfinance.info/recommendations
ITGR,Healthcare,126.4499969482422,73.82538607721324,-41.616933286735446,121.8,127.0,127.0,101.0,5.0,,1970-01-01,yfinance.info/recommendations
ITRI,Technology,86.51000213623047,104.61645377293871,20.929893873075336,129.6,130.0,150.0,115.0,10.0,,1970-01-01,yfinance.info/recommendations
ITT,Industrials,206.1699981689453,103.696941244243,-49.70318564039133,258.46155,265.0,285.0,175.0,13.0,1.35714,1970-01-01,yfinance.info/recommendations
ITW,Industrials,262.9200134277344,110.07702116989654,-58.13288622086882,300.64285,302.5,350.0,249.0,14.0,3.1875,1970-01-01,yfinance.info/recommendations
IVF,Healthcare,0.8550000190734863,-11.839680209769206,-1484.757888379836,20.0,20.0,20.0,20.0,1.0,,,yfinance.info/recommendations
IVT,Real Estate,30.399999618530277,9.108460284026362,-70.03795921604448,36.625,37.0,41.0,32.0,8.0,1.88889,1970-01-01,yfinance.info/recommendations
IVZ,Financial Services,30.65999984741211,5.6994417950303875,-81.41082249381859,34.03846,34.0,39.0,29.0,13.0,2.42857,1970-01-01,yfinance.info/recommendations
IZEA,Communication Services,2.450000047683716,1.1765863638929974,-51.97606771455502,,,,,,,,yfinance.info/recommendations
J,Industrials,138.05999755859375,77.68824489559773,-43.72863518078346,162.53333,163.0,181.0,144.0,15.0,1.9375,1970-01-01,yfinance.info/recommendations
JAKK,Consumer Cyclical,27.149999618530277,38.31447924512504,41.12147249893456,28.5,28.5,30.0,27.0,2.0,1.5,1970-01-01,yfinance.info/recommendations
JBHT,Industrials,234.1999969482422,94.18131977707311,-59.785943209091066,296.26086,302.0,370.0,182.0,23.0,2.0,1970-01-01,yfinance.info/recommendations
JBI,Industrials,4.210000038146973,6.308557276636101,49.846964833112125,7.62,9.0,9.0,5.5,5.0,,1970-01-01,yfinance.info/recommendations
JBL,Technology,304.4100036621094,93.47348976954346,-69.29355519035516,425.0,430.0,475.0,365.0,9.0,1.4,1970-01-01,yfinance.info/recommendations
JBLU,Industrials,4.150000095367432,-17.4936601971987,-521.5339709684959,4.97,5.0,8.0,3.5,15.0,3.64706,1970-01-01,yfinance.info/recommendations
JBTM,Industrials,108.5999984741211,76.0025177255834,-30.016096875273462,167.0625,168.0,210.0,118.0,8.0,1.625,1970-01-01,yfinance.info/recommendations
JJSF,Consumer Defensive,78.25,76.71043549522612,-1.9674945747908987,110.5,110.5,120.0,101.0,2.0,,1970-01-01,yfinance.info/recommendations
JKHY,Technology,142.5399932861328,133.12364264200215,-6.6061113285086295,189.72221,194.5,209.0,158.0,18.0,1.75,1970-01-01,yfinance.info/recommendations
JNJ,Healthcare,256.0299987792969,116.39994188648978,-54.53660022596456,279.27274,283.5,320.0,190.0,22.0,1.91304,1970-01-01,yfinance.info/recommendations
JOE,Real Estate,65.37999725341797,29.1732348248649,-55.37895984946716,,,,,,,,yfinance.info/recommendations
JPM,Financial Services,332.3800048828125,50.595790602544504,-84.77772734241847,375.8095,375.0,436.0,305.0,21.0,2.08333,1970-01-01,yfinance.info/recommendations
JRSH,Consumer Cyclical,6.150000095367432,5.4283200151921704,-11.734635268036438,6.5,6.5,7.0,6.0,2.0,,1970-01-01,yfinance.info/recommendations
JSPR,Healthcare,0.5649999976158142,0.0,-100.0,20.0,20.0,20.0,20.0,1.0,1.0,1970-01-01,yfinance.info/recommendations
JYNT,Healthcare,7.28000020980835,2.9440116498702986,-59.560280700214406,10.0,9.0,12.0,9.0,3.0,2.5,1970-01-01,yfinance.info/recommendations
KBR,Industrials,34.2400016784668,30.79552698370506,-10.059797096703807,44.28571,45.0,50.0,35.0,7.0,2.0,1970-01-01,yfinance.info/recommendations
KD,Technology,11.5600004196167,17.83330573391294,54.26734503963148,14.2,14.0,16.0,13.0,5.0,,1970-01-01,yfinance.info/recommendations
KDP,Consumer Defensive,30.3700008392334,13.857317519506475,-54.371692009949044,36.20588,38.0,42.0,29.0,17.0,1.83333,1970-01-01,yfinance.info/recommendations
KELYA,Industrials,15.720000267028809,-4.348798021551613,-127.66410908193684,20.0,20.0,21.0,19.0,3.0,2.0,1970-01-01,yfinance.info/recommendations
KEY,Financial Services,20.07999992370605,6.212055166430012,-69.0634701691598,25.53158,25.0,43.0,22.0,19.0,2.0,1970-01-01,yfinance.info/recommendations
KEYS,Technology,384.6400146484375,68.14808606067525,-82.28263221054551,415.08334,417.5,452.0,350.0,12.0,,1970-01-01,yfinance.info/recommendations
KFFB,Financial Services,5.639999866485596,0.5394245175485828,-90.43573527804514,,,,,,,,yfinance.info/recommendations
KFRC,Industrials,52.86000061035156,16.78634988766521,-68.24375767340052,60.66667,60.0,63.0,59.0,3.0,,1970-01-01,yfinance.info/recommendations
KFY,Industrials,71.91999816894531,68.03977731438674,-5.395190424565434,90.25,89.5,100.0,82.0,4.0,1.4,1970-01-01,yfinance.info/recommendations
KGC,Basic Materials,24.059999465942383,28.463079975432283,18.300418151391014,34.055,35.0,50.0,9.3,10.0,1.66667,1970-01-01,yfinance.info/recommendations
KGEI,Energy,6.159999847412109,3.4628956020993993,-43.78416091107204,9.0,9.0,9.0,9.0,1.0,,1970-01-01,yfinance.info/recommendations
KHC,Consumer Defensive,22.190000534057617,19.1694264760719,-13.61232079895484,25.47222,25.0,41.0,19.0,18.0,3.05,1970-01-01,yfinance.info/recommendations
KIDS,Healthcare,22.15999984741211,-2.9958645207131713,-113.51924432013492,27.22222,25.0,35.0,22.0,9.0,,1970-01-01,yfinance.info/recommendations
KIDZ,Consumer Defensive,2.289999961853028,36190847005.63333,1580386358349.9072,,,,,,,,yfinance.info/recommendations
KIM,Real Estate,22.239999771118164,5.643357668625882,-74.62519007776883,26.89286,26.0,31.0,23.0,21.0,2.34783,1970-01-01,yfinance.info/recommendations
KINS,Financial Services,18.5,75.75041513572931,309.46170343637465,24.0,24.0,24.0,24.0,1.0,,1970-01-01,yfinance.info/recommendations
KITT,Industrials,1.5199999809265137,0.0,-100.0,,,,,,,,yfinance.info/recommendations
KKR,Financial Services,90.29000091552734,19.947429243595735,-77.90737729390659,128.12,124.0,166.0,115.0,20.0,1.54545,1970-01-01,yfinance.info/recommendations
KLAC,Technology,206.88999938964844,29.102258582540905,-85.9334628699327,233.76923,234.0,325.0,175.0,26.0,1.86207,1970-01-01,yfinance.info/recommendations
KLIC,Technology,100.7699966430664,17.842380179352578,-82.29395576686244,106.66667,105.0,115.0,100.0,3.0,,1970-01-01,yfinance.info/recommendations
KLRS,Healthcare,2.700000047683716,0.0,-100.0,18.71429,20.0,25.0,7.0,7.0,1.5,1970-01-01,yfinance.info/recommendations
KMB,Consumer Defensive,94.36000061035156,80.58500578481559,-14.598341178926205,116.2,115.0,162.0,90.0,15.0,2.4375,1970-01-01,yfinance.info/recommendations
KMI,Energy,31.06999969482422,9.359549661202097,-69.87592612444972,36.09091,36.0,43.0,31.0,22.0,2.12,1970-01-01,yfinance.info/recommendations
KMT,Industrials,32.599998474121094,24.35706255835617,-25.285080679707477,32.42857,33.0,38.0,27.0,7.0,3.75,1970-01-01,yfinance.info/recommendations
KNF,Basic Materials,50.33000183105469,50.60496328905536,0.546317202458391,85.375,82.5,118.0,62.0,8.0,2.0,1970-01-01,yfinance.info/recommendations
KO,Consumer Defensive,85.6500015258789,31.09922834323205,-63.690335330775795,94.65217,95.0,104.0,75.0,23.0,1.75,1970-01-01,yfinance.info/recommendations
KOD,Healthcare,94.4499969482422,-15.415983898383105,-116.32184689940321,116.66667,116.0,145.0,96.0,6.0,1.42857,1970-01-01,yfinance.info/recommendations
KOPN,Technology,4.909999847412109,-0.25779361351446334,-105.25037925714678,8.42857,7.0,12.0,6.5,7.0,1.0,1970-01-01,yfinance.info/recommendations
KR,Consumer Defensive,59.02999877929688,29.30352485241511,-50.358249265808055,68.13636,68.0,85.0,57.0,22.0,2.0,1970-01-01,yfinance.info/recommendations
KRMD,Healthcare,2.9600000381469727,0.012133586892352827,-99.59008152918982,6.25,6.0,8.0,5.0,4.0,,1970-01-01,yfinance.info/recommendations
KRNY,Financial Services,9.31999969482422,4.686215310055126,-49.71871820277446,10.66667,10.5,11.0,10.5,3.0,,1970-01-01,yfinance.info/recommendations
KRO,Basic Materials,7.78000020980835,0.0,-100.0,8.5,8.5,9.0,8.0,2.0,,1970-01-01,yfinance.info/recommendations
KRRO,Healthcare,9.640000343322754,-26.183341219084227,-371.61141376120787,20.2,21.5,30.0,10.0,10.0,,1970-01-01,yfinance.info/recommendations
KRYS,Healthcare,322.2799987792969,93.95764984887552,-70.84595686832573,392.1111,400.0,474.0,284.0,9.0,1.25,1970-01-01,yfinance.info/recommendations
KSS,Consumer Cyclical,18.809999465942383,51.929842791686525,176.0757270924507,18.73077,18.0,41.5,9.0,13.0,3.28571,1970-01-01,yfinance.info/recommendations
KT,Communication Services,18.940000534057617,92647.86150402745,489065.0416663373,21.94458,20.88916,26.0,20.0,4.0,2.5,1970-01-01,yfinance.info/recommendations
KTOS,Industrials,43.06999969482422,4.857678376746622,-88.72143391881572,102.19048,104.0,150.0,60.0,21.0,1.38095,1970-01-01,yfinance.info/recommendations
KTTA,Healthcare,0.4760000109672546,0.0,-100.0,3.0,3.0,3.0,3.0,1.0,,1970-01-01,yfinance.info/recommendations
KURA,Healthcare,10.649999618530272,-16.908540450070525,-258.76564371561875,31.84615,28.0,76.0,15.0,13.0,1.3125,1970-01-01,yfinance.info/recommendations
KVHI,Communication Services,7.010000228881836,2.854894351367546,-59.2739763458905,,,,,,,,yfinance.info/recommendations
KVUE,Consumer Defensive,17.200000762939453,9.317000336315093,-45.8313957962707,19.5,19.0,23.0,18.0,12.0,,1970-01-01,yfinance.info/recommendations
L,Financial Services,106.02999877929688,45.24390282401447,-57.32914897208443,,,,,,,,yfinance.info/recommendations
LAD,Consumer Cyclical,307.7699890136719,-19.260465495162805,-106.25807134636094,447.73334,461.0,525.0,340.0,15.0,1.8,1970-01-01,yfinance.info/recommendations
LARK,Financial Services,31.36000061035156,14.395718892082146,-54.09528503857779,34.5,34.5,34.5,34.5,1.0,,1970-01-01,yfinance.info/recommendations
LASE,Industrials,0.8330000042915344,0.0,-100.0,,,,,,,,yfinance.info/recommendations
LAW,Technology,4.179999828338623,-2.360992197913107,-156.4830692553283,6.66667,6.0,10.0,4.0,3.0,,1970-01-01,yfinance.info/recommendations
LAZ,Financial Services,36.06999969482422,63.31707889204647,75.53944948087151,46.625,44.5,60.0,36.0,8.0,2.7,1970-01-01,yfinance.info/recommendations
LBRDK,Communication Services,36.02000045776367,0.0,-100.0,,,,,,3.0,1970-01-01,yfinance.info/recommendations
LBRT,Energy,19.309999465942383,12.484641180917443,-35.346237564962266,28.60714,28.5,36.0,19.0,14.0,2.0,1970-01-01,yfinance.info/recommendations
LBRX,Healthcare,36.9900016784668,-12.240334093128318,-133.09092602786728,53.375,53.5,78.0,37.0,8.0,1.125,1970-01-01,yfinance.info/recommendations
LCNB,Financial Services,18.940000534057617,12.753950733044467,-32.66129686685853,21.25,21.25,22.0,20.5,2.0,,1970-01-01,yfinance.info/recommendations
LCUT,Consumer Cyclical,9.119999885559082,29.408666201599594,222.46344923936104,10.66667,12.0,13.0,7.0,3.0,,1970-01-01,yfinance.info/recommendations
LDI,Financial Services,0.6349999904632568,0.0,-100.0,1.125,1.125,1.25,1.0,2.0,,1970-01-01,yfinance.info/recommendations
LDOS,Technology,117.73999786376952,170.54586811477728,44.84955937582616,157.73334,160.0,225.0,132.0,15.0,2.35294,1970-01-01,yfinance.info/recommendations
LEE,Communication Services,6.710000038146973,-6.505581904522767,-196.95353006762937,,,,,,,,yfinance.info/recommendations
LEN,Consumer Cyclical,79.80999755859375,99.74282393912759,24.975350194566595,79.0,75.0,120.0,63.0,14.0,3.5,1970-01-01,yfinance.info/recommendations
LENZ,Healthcare,3.5799999237060547,-22.93377799170949,-740.6083374428733,24.0,10.0,60.0,7.0,7.0,,1970-01-01,yfinance.info/recommendations
LESL,Consumer Cyclical,0.1459999978542328,-126.50055181264436,-86744.21484371748,2.375,2.375,3.5,1.25,2.0,,1970-01-01,yfinance.info/recommendations
LEVI,Consumer Cyclical,19.8700008392334,17.121531441969235,-13.83225607035355,27.53333,27.0,34.0,22.0,15.0,1.73333,1970-01-01,yfinance.info/recommendations
LFMD,Healthcare,2.740000009536743,-1.852237488208285,-167.59990809348378,8.125,7.5,15.0,5.0,8.0,,1970-01-01,yfinance.info/recommendations
LFST,Healthcare,11.829999923706056,2.136565666562251,-81.93942789229608,14.2,14.0,18.0,12.0,10.0,1.54545,1970-01-01,yfinance.info/recommendations
LFT,Real Estate,5.019999980926514,0.0,-100.0,,,,,,,1970-01-01,yfinance.info/recommendations
LFVN,Consumer Defensive,6.070000171661377,9.925712615936856,63.52079629711377,7.5,7.5,9.0,6.0,2.0,,1970-01-01,yfinance.info/recommendations
LGIH,Consumer Cyclical,48.13999938964844,16.285635205676808,-66.17026295771264,93.0,93.0,93.0,93.0,1.0,,1970-01-01,yfinance.info/recommendations
LGND,Healthcare,302.9599914550781,193.2704874793015,-36.20593711035968,344.25,345.0,397.0,247.0,12.0,1.27273,1970-01-01,yfinance.info/recommendations
LH,Healthcare,308.489990234375,105.90162721851954,-65.67096807969008,344.8125,352.5,385.0,293.0,16.0,1.72222,1970-01-01,yfinance.info/recommendations
LHAI,Real Estate,1.0399999618530271,0.0,-100.0,,,,,,,,yfinance.info/recommendations
LHX,Industrials,236.6000061035156,105.25293106310964,-55.51440052919522,335.33334,340.0,405.0,264.0,15.0,1.85,1970-01-01,yfinance.info/recommendations
LIF,Technology,43.09999847412109,6.6862612470354765,-84.48663228828148,60.7,61.0,72.0,40.0,9.0,1.5,1970-01-01,yfinance.info/recommendations
LII,Industrials,356.29998779296875,454.9166245624658,27.677979272567114,476.92856,459.5,600.0,375.0,14.0,2.61111,1970-01-01,yfinance.info/recommendations
LILA,Communication Services,8.529999732971191,12.422971379568118,45.63859048610915,10.55,10.6,14.0,7.0,4.0,,1970-01-01,yfinance.info/recommendations
LILAK,Communication Services,8.5,12.422971379568118,46.15260446550727,7.2,7.2,9.0,5.4,2.0,,1970-01-01,yfinance.info/recommendations
LIN,Basic Materials,479.4800109863281,165.53537874283552,-65.47606261993775,542.6,550.0,580.0,400.0,25.0,1.67857,1970-01-01,yfinance.info/recommendations
LIND,Consumer Cyclical,34.779998779296875,4.902636037679369,-85.90386368674139,35.5,37.0,40.0,29.0,6.0,1.66667,1970-01-01,yfinance.info/recommendations
LINE,Real Estate,34.34000015258789,-2.493056618983326,-107.25992023268947,44.05263,44.0,55.0,35.0,19.0,2.6,1970-01-01,yfinance.info/recommendations
LITS,Healthcare,1.3799999952316284,0.0,-100.0,,,,,,,,yfinance.info/recommendations
LKFN,Financial Services,59.06999969482422,29.50765134833021,-50.046298458139816,66.5,66.5,67.0,66.0,4.0,3.0,1970-01-01,yfinance.info/recommendations
LKQ,Consumer Cyclical,22.799999237060547,41.36478952542444,81.42452153326182,32.5,31.25,42.5,25.0,8.0,,1970-01-01,yfinance.info/recommendations
LLY,Healthcare,1142.8499755859375,246.0644491308818,-78.46922567376134,1328.8337,1385.0,1600.0,930.0,29.0,1.63333,1970-01-01,yfinance.info/recommendations
LLYVA,Communication Services,95.72000122070312,0.0,-100.0,,,,,,,,yfinance.info/recommendations
LMAT,Healthcare,78.95999908447266,30.076588728950014,-61.909081715194034,107.0,100.0,132.0,81.0,7.0,,1970-01-01,yfinance.info/recommendations
LMB,Industrials,49.09999847412109,61.384389793447745,25.01912770079074,77.2,85.0,95.0,50.0,5.0,,1970-01-01,yfinance.info/recommendations
LMNR,Consumer Defensive,11.989999771118164,-20.354396564648535,-269.761442478746,20.83333,16.5,31.0,15.0,3.0,1.66667,1970-01-01,yfinance.info/recommendations
LMT,Industrials,505.4100036621094,255.48697897660364,-49.44956033212812,636.7368,629.0,756.0,503.0,19.0,2.42857,1970-01-01,yfinance.info/recommendations
LNAI,Healthcare,1.2999999523162842,0.0,-100.0,,,,,,,,yfinance.info/recommendations
LNG,Energy,269.95001220703125,344.4920666449233,27.613280632387564,310.1905,312.0,340.0,255.0,21.0,1.40909,1970-01-01,yfinance.info/recommendations
LNT,Utilities,64.33000183105469,30.491837482106654,-52.6009068642883,77.375,78.0,83.0,66.0,12.0,1.92308,1970-01-01,yfinance.info/recommendations
LOAN,Real Estate,3.7799999713897705,8.227741028936757,117.6651082331017,,,,,,,1970-01-01,yfinance.info/recommendations
LOCL,Consumer Defensive,1.0950000286102295,-22.00816235124699,-2109.8777877823145,,,,,,,,yfinance.info/recommendations
LOVE,Consumer Cyclical,14.699999809265137,11.24527324940656,-23.50154152846401,23.16667,20.0,35.0,18.0,6.0,,1970-01-01,yfinance.info/recommendations
LOW,Consumer Cyclical,180.8000030517578,131.6634765703229,-27.177281887195846,251.09091,255.0,290.0,191.0,33.0,1.85714,1970-01-01,yfinance.info/recommendations
LPG,Energy,57.209999084472656,49.6473645619838,-13.21907820925211,54.6,55.0,60.0,46.0,5.0,1.6,1970-01-01,yfinance.info/recommendations
LPSN,Technology,3.1,-35.53699400592033,-1246.3546453522688,4.0,4.0,5.0,3.0,2.0,,,yfinance.info/recommendations
LQDA,Healthcare,28.63999938964844,15.23934884614346,-46.78998194514094,49.66667,49.0,72.0,30.0,6.0,2.25,1970-01-01,yfinance.info/recommendations
LRCX,Technology,347.489990234375,37.55616563008773,-89.19215900154221,375.0645,380.0,500.0,290.0,31.0,1.45714,1970-01-01,yfinance.info/recommendations
LTC,Real Estate,43.0,5.635967150067962,-86.89309965100473,46.0,45.0,55.0,40.0,7.0,2.5,1970-01-01,yfinance.info/recommendations
LTH,Consumer Cyclical,40.9900016784668,3.1091083950805896,-92.4149590930271,56.07143,55.5,64.0,50.0,14.0,1.14286,1970-01-01,yfinance.info/recommendations
LTM,Industrials,47.91999816894531,28.751631386947746,-40.00076693329191,74.26,74.0,80.0,69.0,10.0,1.4,1970-01-01,yfinance.info/recommendations
LUCD,Healthcare,0.6269999742507935,-1.6289744903588992,-359.8045545863653,4.0,3.0,9.5,2.0,5.0,1.4,1970-01-01,yfinance.info/recommendations
LUCK,Consumer Cyclical,5.289999961853027,-10.006619096641574,-289.1610428884837,9.0,9.0,14.5,5.0,7.0,2.0,1970-01-01,yfinance.info/recommendations
LULU,Consumer Cyclical,94.45999908447266,233.26258591515665,146.9432438873487,104.91111,100.0,255.0,44.0,27.0,3.2,1970-01-01,yfinance.info/recommendations
LUMN,Communication Services,5.75,1.9215021226478624,-66.58257178003718,7.64,7.5,9.0,5.9,10.0,3.0,1970-01-01,yfinance.info/recommendations
LUNG,Healthcare,1.830000042915344,-6.118944242388721,-434.3685299941702,3.4,3.0,5.0,2.5,5.0,,1970-01-01,yfinance.info/recommendations
LUNR,Industrials,14.710000038146973,-10.104093541450458,-168.68860309481875,29.5,29.0,43.0,13.0,8.0,,1970-01-01,yfinance.info/recommendations
LUV,Industrials,42.470001220703125,15.401020645201596,-63.73670778776912,49.52609,50.0,65.0,34.0,23.0,2.44,1970-01-01,yfinance.info/recommendations
LVS,Consumer Cyclical,36.22999954223633,39.39551831364133,8.737286258352544,59.06842,60.0,71.5,47.0,19.0,1.80952,1970-01-01,yfinance.info/recommendations
LW,Consumer Defensive,43.59999847412109,37.566689854665235,-13.837864290378224,54.33333,53.5,65.0,46.0,12.0,2.5,1970-01-01,yfinance.info/recommendations
LWAY,Consumer Defensive,21.209999084472656,8.043635154582438,-62.07621168418157,33.0,32.0,35.0,32.0,3.0,,1970-01-01,yfinance.info/recommendations
LXU,Basic Materials,9.859999656677246,14.708023976265377,49.16860535897708,13.0,12.0,18.0,11.0,5.0,2.0,1970-01-01,yfinance.info/recommendations
LYFT,Technology,15.460000038146973,8.400145170429765,-45.665296573721086,19.43784,18.0,30.0,14.0,37.0,2.53333,1970-01-01,yfinance.info/recommendations
LYTS,Technology,21.25,14.559484966690855,-31.48477662733715,30.0,30.0,31.0,29.0,3.0,,1970-01-01,yfinance.info/recommendations
LYV,Communication Services,168.77000427246094,39.20019422754321,-76.77300868923442,201.95833,209.0,222.0,145.0,24.0,1.64,1970-01-01,yfinance.info/recommendations
MA,Financial Services,552.260009765625,127.59487613053138,-76.89586899752497,666.7138,668.0,740.0,550.0,37.0,1.425,1970-01-01,yfinance.info/recommendations
MAC,Real Estate,23.049999237060547,0.0,-100.0,27.06667,27.0,30.0,21.0,15.0,1.73333,1970-01-01,yfinance.info/recommendations
MAGN,Consumer Defensive,11.670000076293944,0.0,-100.0,15.5,15.5,16.0,15.0,2.0,,1970-01-01,yfinance.info/recommendations
MAIN,Financial Services,55.11000061035156,81.0063156134972,46.990228118925856,60.33333,60.0,70.0,52.0,6.0,2.57143,1970-01-01,yfinance.info/recommendations
MAMA,Consumer Defensive,12.93000030517578,4.711079393129403,-63.564738732112836,22.28571,22.0,25.0,21.0,7.0,1.125,1970-01-01,yfinance.info/recommendations
MAMO,Consumer Cyclical,0.968999981880188,0.25211182840763136,-73.98226696367433,,,,,,,,yfinance.info/recommendations
MAN,Industrials,54.15999984741211,58.235621157432654,7.525150150485621,57.33333,57.0,72.0,47.0,9.0,2.41667,1970-01-01,yfinance.info/recommendations
MAR,Consumer Cyclical,358.9599914550781,101.89888448953207,-71.61274601203456,380.8,393.0,425.0,280.0,25.0,2.21429,1970-01-01,yfinance.info/recommendations
MARA,Financial Services,11.229999542236328,-10.853926564253564,-196.65117548252476,18.68615,17.0,30.0,11.0,13.0,2.13333,1970-01-01,yfinance.info/recommendations
MAS,Industrials,68.36000061035156,33.04932804202615,-51.653996859354066,80.33333,79.5,96.0,68.0,18.0,2.42857,1970-01-01,yfinance.info/recommendations
MATW,Industrials,19.290000915527344,-6.061558930086944,-131.42332111144557,31.33333,30.0,40.0,24.0,3.0,2.0,1970-01-01,yfinance.info/recommendations
MATX,Industrials,231.1100006103516,132.9130839835639,-42.48925462656478,261.25,260.0,270.0,255.0,4.0,1.25,1970-01-01,yfinance.info/recommendations
MBC,Consumer Cyclical,7.019999980926514,-2.443366526183478,-134.80579106584267,10.3,10.0,10.9,10.0,3.0,3.0,1970-01-01,yfinance.info/recommendations
MBI,Financial Services,4.400000095367432,0.0,-100.0,7.0,7.0,7.0,7.0,2.0,,1970-01-01,yfinance.info/recommendations
MBIN,Financial Services,49.95000076293945,10.473775514745913,-79.03148077123363,64.5,64.5,65.0,64.0,2.0,2.66667,1970-01-01,yfinance.info/recommendations
MBIO,Healthcare,0.4709999859333038,0.0,-100.0,,,,,,,,yfinance.info/recommendations
MBRX,Healthcare,0.4869999885559082,0.0,-100.0,12.0,3.0,31.0,2.0,3.0,1.33333,1970-01-01,yfinance.info/recommendations
MBX,Healthcare,58.5099983215332,-14.317141152811304,-124.46956343107982,88.1,88.0,121.0,70.0,10.0,1.27273,1970-01-01,yfinance.info/recommendations
MCB,Financial Services,89.25,17.131574990906103,-80.80495799338252,106.0,108.0,110.0,100.0,3.0,,1970-01-01,yfinance.info/recommendations
MCD,Consumer Cyclical,231.88999938964844,127.394855342787,-45.06237626542773,297.2069,295.0,390.0,230.0,29.0,2.05882,1970-01-01,yfinance.info/recommendations
MCHB,Financial Services,14.899999618530272,9.8393080302001,-33.96437394559717,17.375,17.25,18.0,17.0,4.0,2.25,1970-01-01,yfinance.info/recommendations
MCHP,Technology,81.31999969482422,7.733714671859551,-90.48977533093648,107.84,108.0,135.0,80.0,25.0,1.53846,1970-01-01,yfinance.info/recommendations
MCHX,Communication Services,1.2899999618530271,-0.14935791123075715,-111.57813299592748,4.0,4.0,4.0,4.0,1.0,,1970-01-01,yfinance.info/recommendations
MCK,Healthcare,902.280029296875,461.43543255913664,-48.85895536015331,979.3571,1000.0,1065.0,845.0,14.0,1.64706,1970-01-01,yfinance.info/recommendations
MCO,Financial Services,441.3599853515625,87.47732880205278,-80.18004991268674,561.9048,570.0,610.0,505.0,21.0,1.70833,1970-01-01,yfinance.info/recommendations
MCRB,Healthcare,2.940000057220459,-7.367585424874854,-350.5981388258996,17.0,17.0,22.0,12.0,2.0,,1970-01-01,yfinance.info/recommendations
MCS,Communication Services,27.059999465942383,23.13081504122421,-14.520267931503215,32.25,33.0,34.0,29.0,4.0,1.6,1970-01-01,yfinance.info/recommendations
MDAI,Healthcare,1.659999966621399,0.0,-100.0,5.11333,5.09,6.25,4.0,3.0,1.0,1970-01-01,yfinance.info/recommendations
MDB,Technology,357.9599914550781,41.64983516155066,-88.36466751710226,446.50378,460.0,565.0,272.64,37.0,1.63415,1970-01-01,yfinance.info/recommendations
MDLZ,Consumer Defensive,58.18999862670898,15.204814865598523,-73.87039830824197,69.22727,70.0,77.0,55.0,22.0,1.86957,1970-01-01,yfinance.info/recommendations
MDRR,Real Estate,10.40999984741211,26.762600081802475,157.0854992707379,,,,,,,,yfinance.info/recommendations
MDT,Healthcare,86.37999725341797,39.14803792006675,-54.67927857740502,104.83333,106.0,121.0,85.0,24.0,1.75,1970-01-01,yfinance.info/recommendations
MDU,Utilities,18.61000061035156,0.34412657792243295,-98.15085133457214,23.625,23.0,27.0,21.0,8.0,1.77778,1970-01-01,yfinance.info/recommendations
MDV,Real Estate,18.049999237060547,10.102906244501648,-44.02821788624678,18.66667,19.0,19.0,18.0,6.0,,1970-01-01,yfinance.info/recommendations
MEC,Industrials,16.440000534057617,0.016769844197860928,-99.89799365174521,36.8,36.0,40.0,34.0,5.0,1.0,1970-01-01,yfinance.info/recommendations
MED,Consumer Cyclical,11.729999542236328,1.581020291884734,-86.52156561309368,12.0,12.0,12.0,12.0,1.0,,1970-01-01,yfinance.info/recommendations
MEI,Technology,15.739999771118164,1.3172064297593276,-91.63147109966093,22.0,21.0,30.0,16.0,4.0,,1970-01-01,yfinance.info/recommendations
MELI,Consumer Cyclical,1696.56005859375,1012.9856841216556,-40.29178755031506,2269.939,2275.0,2800.0,1750.0,26.0,1.5,1970-01-01,yfinance.info/recommendations
MEOH,Basic Materials,58.43000030517578,64.7041061345715,10.737815842249717,70.0,70.5,80.0,55.0,10.0,1.8,1970-01-01,yfinance.info/recommendations
MET,Financial Services,94.43000030517578,19.242724578095757,-79.62223391304907,105.875,108.0,119.0,84.0,16.0,1.88889,1970-01-01,yfinance.info/recommendations
META,Communication Services,728.0800170898438,221.0037663280748,-69.64567614265351,794.9607,800.0,1000.0,580.0,58.0,1.4127,1970-01-01,yfinance.info/recommendations
MFIN,Financial Services,11.90999984741211,39.25231847716565,229.57446666714003,11.5,12.0,12.0,10.5,3.0,2.5,1970-01-01,yfinance.info/recommendations
MG,Industrials,20.649999618530277,16.22518507018346,-21.427673753447475,23.0,23.0,24.0,22.0,2.0,1.0,1970-01-01,yfinance.info/recommendations
MGM,Consumer Cyclical,30.479999542236328,-27.147163622142095,-189.06549878560236,49.33158,48.3,57.0,40.0,19.0,2.3913,1970-01-01,yfinance.info/recommendations
MGRX,Healthcare,0.4370000064373016,0.0,-100.0,,,,,,,,yfinance.info/recommendations
MGYR,Financial Services,19.31999969482422,6.659282545960143,-65.53166329632941,,,,,,,,yfinance.info/recommendations
MH,Consumer Defensive,12.850000381469728,14.530927474711037,13.08114430615333,17.91667,17.0,24.0,15.0,12.0,1.38462,1970-01-01,yfinance.info/recommendations
MHK,Consumer Cyclical,126.41000366210938,91.70624599048882,-27.453331750850023,135.57143,132.0,155.0,115.0,14.0,2.46667,1970-01-01,yfinance.info/recommendations
MIDD,Industrials,104.56999969482422,49.91938817982594,-52.26222786123166,155.88889,160.0,169.0,145.0,9.0,1.54545,1970-01-01,yfinance.info/recommendations
MIND,Technology,4.510000228881836,-0.11853610266127829,-102.62829482584455,9.0,9.0,9.0,9.0,1.0,,1970-01-01,yfinance.info/recommendations
MIRM,Healthcare,82.93000030517578,-67.53255644996378,-181.43320414982438,145.7857,138.5,195.0,118.0,14.0,1.28571,1970-01-01,yfinance.info/recommendations
MITK,Technology,17.75,8.35038484649879,-52.955578329584284,22.625,23.25,26.0,18.0,4.0,,1970-01-01,yfinance.info/recommendations
MITT,Real Estate,5.760000228881836,10.442986477410157,81.30184136186067,9.0,9.0,10.25,8.0,6.0,,1970-01-01,yfinance.info/recommendations
MKC,Consumer Defensive,44.66999816894531,25.706353955191062,-42.45275350590415,54.84615,55.0,65.0,47.0,13.0,2.26667,1970-01-01,yfinance.info/recommendations
MKC-V,Consumer Defensive,46.220001220703125,25.472405463371185,-44.88878236558453,,,,,,,,yfinance.info/recommendations
MKL,Financial Services,1737.1800537109375,1248.8451672650126,-28.110781343750258,1956.3334,1955.0,2107.0,1671.0,6.0,,1970-01-01,yfinance.info/recommendations
MKTX,Financial Services,164.13999938964844,86.23766305681019,-47.46090935939847,158.0,167.0,167.0,124.0,9.0,,1970-01-01,yfinance.info/recommendations
MLI,Industrials,62.560001373291016,43.60968119291823,-30.291431848438734,80.0,80.0,80.0,80.0,2.0,,1970-01-01,yfinance.info/recommendations
MLM,Basic Materials,482.2699890136719,125.22562873849094,-74.03412370846469,649.375,654.5,800.0,496.0,24.0,1.83333,1970-01-01,yfinance.info/recommendations
MLR,Consumer Cyclical,54.38999938964844,58.73728865641104,7.992809920108185,58.0,58.0,64.0,52.0,2.0,,1970-01-01,yfinance.info/recommendations
MLYS,Healthcare,23.6299991607666,0.0,-100.0,48.5,52.0,56.0,30.0,8.0,,1970-01-01,yfinance.info/recommendations
MMI,Real Estate,28.56999969482422,15.57573586428667,-45.482198002583836,28.0,28.0,28.0,28.0,1.0,,1970-01-01,yfinance.info/recommendations
MMM,Industrials,161.88999938964844,63.46616201024926,-60.79673713661931,186.98334,191.85,219.0,120.0,18.0,2.21053,1970-01-01,yfinance.info/recommendations
MMS,Industrials,52.650001525878906,71.59146479249767,35.97618749794058,92.5,92.5,110.0,75.0,2.0,,1970-01-01,yfinance.info/recommendations
MNKD,Healthcare,3.799999952316284,-0.5066012431605544,-113.33161182940954,7.96875,7.5,13.0,4.75,8.0,1.25,1970-01-01,yfinance.info/recommendations
MNOV,Healthcare,1.7799999713897705,0.0,-100.0,8.25,8.0,11.0,6.0,4.0,1.25,1970-01-01,yfinance.info/recommendations
MNSB,Financial Services,24.940000534057617,15.736969090642956,-36.90068663329484,27.5,27.5,27.5,27.5,1.0,,1970-01-01,yfinance.info/recommendations
MNST,Consumer Defensive,42.93999862670898,12.143823956932614,-71.71908629410372,50.23913,50.0,57.0,35.0,23.0,2.04,1970-01-01,yfinance.info/recommendations
MO,Consumer Defensive,67.3499984741211,43.03937936673874,-36.09594604033078,70.0,71.0,82.0,58.0,11.0,,1970-01-01,yfinance.info/recommendations
MOD,Consumer Cyclical,178.1999969482422,20.424529092005375,-88.53842343334179,302.42856,302.0,355.0,260.0,7.0,1.125,1970-01-01,yfinance.info/recommendations
MOG-A,Industrials,392.7300109863281,96.38262703950699,-75.45829848922284,446.4,440.0,520.0,405.0,5.0,,1970-01-01,yfinance.info/recommendations
MOH,Healthcare,189.5399932861328,53.90585434173242,-71.55964110415725,209.11765,209.0,266.0,147.0,17.0,2.68421,1970-01-01,yfinance.info/recommendations
MOS,Basic Materials,21.06999969482422,-6.932394952321306,-132.90173257109362,26.77222,26.5,35.0,17.0,18.0,2.45,1970-01-01,yfinance.info/recommendations
MOVE,Technology,11.649999618530272,0.0,-100.0,18.75,18.75,18.75,18.75,1.0,,1970-01-01,yfinance.info/recommendations
MPC,Energy,422.3299865722656,307.33532968937203,-27.22862703077719,385.55557,406.5,472.0,236.0,18.0,2.31579,1970-01-01,yfinance.info/recommendations
MPWR,Technology,1439.72998046875,121.83850889281044,-91.5374055867655,1839.8,1820.0,2100.0,1575.0,15.0,,1970-01-01,yfinance.info/recommendations
MRAM,Technology,18.82999992370605,-0.4283113849598618,-102.27462234038907,25.66667,20.0,38.0,19.0,3.0,1.33333,1970-01-01,yfinance.info/recommendations
MRBK,Financial Services,18.96999931335449,56.22371403861214,196.3822671255017,23.0,23.0,24.0,22.0,2.0,1.5,1970-01-01,yfinance.info/recommendations
MRCY,Industrials,84.87000274658203,4.358400234945856,-94.86461636161384,115.7,117.5,131.0,78.0,10.0,,1970-01-01,yfinance.info/recommendations
MRK,Healthcare,144.3000030517578,48.518085790498816,-66.37693363520148,155.76,160.0,186.0,105.0,25.0,1.77778,1970-01-01,yfinance.info/recommendations
MRKR,Healthcare,1.0499999523162842,0.0,-100.0,7.86667,8.0,10.0,5.6,3.0,,1970-01-01,yfinance.info/recommendations
MRNA,Healthcare,190.00999450683597,-33.51197168931642,-117.63695208575501,120.66667,125.0,170.0,45.0,18.0,2.82609,1970-01-01,yfinance.info/recommendations
MRTN,Industrials,13.34000015258789,8.298315956932779,-37.79373416781447,17.5,17.5,19.0,16.0,2.0,2.33333,1970-01-01,yfinance.info/recommendations
MRVI,Healthcare,7.900000095367432,-3.393853151758933,-142.96016595935347,7.6,8.0,8.0,7.0,5.0,2.0,1970-01-01,yfinance.info/recommendations
MRVL,Technology,272.2900085449219,52.31656921453718,-80.78645283603709,290.9704,284.0,400.0,210.0,43.0,1.43478,1970-01-01,yfinance.info/recommendations
MS,Financial Services,190.30999755859372,25.72734139626731,-86.48135057206007,233.42857,243.0,262.0,184.0,21.0,2.28,1970-01-01,yfinance.info/recommendations
MSA,Industrials,181.22999572753903,76.99717869410176,-57.51410886205657,209.14285,215.0,223.0,190.0,7.0,2.42857,1970-01-01,yfinance.info/recommendations
MSCI,Financial Services,535.9500122070312,102.32791253994999,-80.90719093025753,691.7647,700.0,760.0,570.0,17.0,1.5,1970-01-01,yfinance.info/recommendations
MSDL,Financial Services,13.529999732971191,23.520308602548045,73.83820448445034,15.60714,16.0,17.0,14.0,7.0,,1970-01-01,yfinance.info/recommendations
MSEX,Utilities,53.560001373291016,13.080077502349807,-75.57864606614348,61.0,61.0,66.0,56.0,2.0,,1970-01-01,yfinance.info/recommendations
MSFT,Technology,517.530029296875,146.77557105709099,-71.63921651918386,578.82245,575.0,870.0,440.0,53.0,1.32727,1970-01-01,yfinance.info/recommendations
MSGS,Communication Services,406.9500122070313,-12.236870814999204,-103.00697148247629,480.66666,475.0,584.0,415.0,6.0,2.0,1970-01-01,yfinance.info/recommendations
MSI,Technology,447.4100036621094,173.5983502499206,-61.19926938848139,526.9091,530.0,550.0,476.0,11.0,1.64286,1970-01-01,yfinance.info/recommendations
MSIF,Financial Services,11.720000267028809,6.338968581583633,-45.913238590815716,14.21429,14.0,16.0,12.5,7.0,,1970-01-01,yfinance.info/recommendations
MSPR,Healthcare,0.0001,0.0,-100.0,,,,,,,,yfinance.info/recommendations
MSTR,Technology,160.00999450683594,-230.72366266955893,-244.1932820388304,229.86667,200.0,435.0,136.0,15.0,1.25,1970-01-01,yfinance.info/recommendations
MTB,Financial Services,219.13999938964844,102.90170958444057,-53.04293608148045,254.86111,252.5,301.0,224.0,18.0,2.7,1970-01-01,yfinance.info/recommendations
MTCH,Communication Services,40.31999969482422,27.023733508199783,-32.976850910867554,41.88235,41.0,51.0,35.0,17.0,2.4,1970-01-01,yfinance.info/recommendations
MTEX,Consumer Defensive,6.639999866485596,13.555336711170089,104.14664132131418,,,,,,,,yfinance.info/recommendations
MTG,Financial Services,26.950000762939453,27.85495076091704,3.3578848696065187,31.0,31.0,35.0,28.0,5.0,2.83333,1970-01-01,yfinance.info/recommendations
MTH,Consumer Cyclical,63.84999847412109,95.03342079288184,48.83856392165717,80.375,81.5,93.0,65.0,8.0,2.22222,1970-01-01,yfinance.info/recommendations
MTR,Energy,2.470000028610229,4.386833100340471,77.60457690394311,,,,,,,,yfinance.info/recommendations
MTSI,Technology,321.6000061035156,19.081823973930476,-94.06659713563921,395.33334,380.0,475.0,300.0,15.0,1.5625,1970-01-01,yfinance.info/recommendations
MTVA,Healthcare,1.5399999618530271,0.0,-100.0,19.33333,20.0,30.0,8.0,3.0,,1970-01-01,yfinance.info/recommendations
MTW,Industrials,23.21999931335449,9.054988489882758,-61.00349372243532,14.0,14.0,16.0,12.0,2.0,,1970-01-01,yfinance.info/recommendations
MTX,Basic Materials,66.43000030517578,4.4444200090318295,-93.30961916511454,92.5,90.0,100.0,90.0,4.0,1.25,1970-01-01,yfinance.info/recommendations
MTZ,Industrials,215.92999267578125,64.49601894313305,-70.1310512060389,413.4,409.5,518.0,313.0,20.0,1.2381,1970-01-01,yfinance.info/recommendations
MU,Technology,1074.8900146484375,339.0175803241773,-68.46025400700562,1520.0217,1545.0,2200.0,361.0,46.0,1.36735,1970-01-01,yfinance.info/recommendations
MUSA,Consumer Cyclical,515.02001953125,288.45444256774505,-43.99160583499562,617.8,622.0,680.0,550.0,10.0,1.9,1970-01-01,yfinance.info/recommendations
MUX,Basic Materials,17.739999771118164,2.5512918315776663,-85.61842240983944,31.2,31.0,37.0,28.0,5.0,1.16667,1970-01-01,yfinance.info/recommendations
MVBF,Financial Services,30.459999084472656,6.626391383952345,-78.24559559054542,34.0,34.0,34.0,34.0,2.0,,1970-01-01,yfinance.info/recommendations
MX,Technology,3.680000066757202,-3.613704498743044,-198.1984900322956,,,,,,,,yfinance.info/recommendations
MXL,Technology,105.93000030517578,-1.3120131910429373,-101.23856621095359,94.54545,100.0,125.0,40.0,11.0,1.81818,1970-01-01,yfinance.info/recommendations
MYPS,Communication Services,4.949999809265137,10.384949958747464,109.79697694754427,5.0,5.0,5.0,5.0,1.0,,1970-01-01,yfinance.info/recommendations
MYSE,Technology,1.7000000476837158,-5.4973251676443,-423.3720596146169,,,,,,,,yfinance.info/recommendations
MYSZ,Consumer Cyclical,1.6100000143051147,0.0,-100.0,,,,,,,,yfinance.info/recommendations
MZTI,Consumer Defensive,99.52999877929688,78.5789725883996,-21.049961265804097,146.6,140.0,185.0,118.0,5.0,,1970-01-01,yfinance.info/recommendations
NAII,Consumer Defensive,1.4800000190734863,-13.553005315549127,-1015.7435906003309,,,,,,,,yfinance.info/recommendations
NAT,Energy,8.420000076293945,0.8667991763172408,-89.70547305863253,6.5,6.5,8.0,5.0,2.0,,1970-01-01,yfinance.info/recommendations
NATR,Consumer Defensive,12.449999809265137,28.05650150362159,125.35342918433048,30.5,30.5,36.0,25.0,2.0,,1970-01-01,yfinance.info/recommendations
NAVI,Financial Services,9.1899995803833,0.0,-100.0,9.07143,8.5,13.0,8.0,7.0,3.28571,1970-01-01,yfinance.info/recommendations
NBHC,Financial Services,38.060001373291016,70.72179649858255,85.81658945554393,46.5,46.5,49.0,44.0,4.0,2.25,1970-01-01,yfinance.info/recommendations
NBN,Financial Services,126.86000061035156,29.474628471176334,-76.76601897417045,143.5,143.5,151.0,136.0,2.0,,1970-01-01,yfinance.info/recommendations
NCDL,Financial Services,11.020000457763672,26.713822344532367,142.41217091522245,13.7,13.5,16.0,12.0,5.0,,1970-01-01,yfinance.info/recommendations
NCMI,Communication Services,2.109999895095825,2.0968205737152807,-0.6246124187577704,4.75,4.625,6.0,3.75,4.0,,1970-01-01,yfinance.info/recommendations
NCNO,Technology,18.68000030517578,5.450305666399601,-70.8227752818106,24.27273,25.0,28.0,17.0,11.0,2.0,1970-01-01,yfinance.info/recommendations
NDAQ,Financial Services,90.33000183105467,24.461558678854853,-72.91978502933542,108.9375,108.5,132.0,84.0,16.0,1.83333,1970-01-01,yfinance.info/recommendations
NDSN,Industrials,333.5400085449219,109.09664411182699,-67.29128700698776,349.7143,360.0,375.0,282.0,7.0,,1970-01-01,yfinance.info/recommendations
NECB,Financial Services,26.649999618530277,61.9868006466666,132.59587817617054,29.75,29.75,30.0,29.5,2.0,,1970-01-01,yfinance.info/recommendations
NEE,Utilities,76.83000183105469,9.746592981155032,-87.31407946262021,98.21053,100.0,114.0,56.0,19.0,1.90476,1970-01-01,yfinance.info/recommendations
NEM,Basic Materials,115.55999755859376,105.20668847149523,-8.959250005045194,137.7381,140.0,170.0,67.0,21.0,1.56522,1970-01-01,yfinance.info/recommendations
NEON,Technology,0.9200000166893004,1.3257363304303913,44.10177243269713,,,,,,,,yfinance.info/recommendations
NEPH,Healthcare,3.670000076293945,0.16168146350051954,-95.59451062290469,6.25,6.0,8.0,4.75,3.0,,1970-01-01,yfinance.info/recommendations
NFBK,Financial Services,15.3100004196167,3.621755005017702,-76.34386083767085,14.5,14.5,14.5,14.5,1.0,3.0,1970-01-01,yfinance.info/recommendations
NFE,Energy,6.570000171661377,-1869.639774341807,-28557.225654364407,2.0,2.0,2.0,2.0,1.0,5.0,1970-01-01,yfinance.info/recommendations
NFLX,Communication Services,67.05999755859375,41.97950058973839,-37.40008631366448,92.92667,92.0,135.0,57.0,45.0,1.80392,1970-01-01,yfinance.info/recommendations
NGNE,Healthcare,25.649999618530277,-23.814958277848277,-192.8458426199885,80.42857,65.0,166.0,46.0,7.0,,1970-01-01,yfinance.info/recommendations
NGVC,Consumer Defensive,30.61000061035156,15.67875149087062,-48.77898994367074,42.25,40.0,54.0,35.0,4.0,1.0,1970-01-01,yfinance.info/recommendations
NHI,Real Estate,65.72000122070312,7.224685352906926,-89.00686972198199,81.875,80.0,90.0,73.0,8.0,1.75,1970-01-01,yfinance.info/recommendations
NI,Utilities,39.43000030517578,38.69381772847558,-1.867062061887853,49.13333,50.0,55.0,43.0,15.0,1.625,1970-01-01,yfinance.info/recommendations
NINE,Energy,7.559999942779541,1.9713235765601786,-73.92429111797858,13.38,13.38,14.76,12.0,2.0,,1970-01-01,yfinance.info/recommendations
NKE,Consumer Cyclical,33.869998931884766,15.972521198176915,-52.8416837854087,40.79444,39.5,94.0,19.0,36.0,2.7619,1970-01-01,yfinance.info/recommendations
NKSH,Financial Services,42.65999984741211,7.42113505107822,-82.60399653628126,46.75,46.75,46.75,46.75,1.0,,1970-01-01,yfinance.info/recommendations
NKTR,Healthcare,43.58000183105469,-32.15143423146432,-173.77566057960448,141.4,150.5,192.0,50.0,10.0,1.41667,1970-01-01,yfinance.info/recommendations
NL,Industrials,6.980000019073486,-0.8412058398183847,-112.05165956331969,,,,,,,,yfinance.info/recommendations
NNBR,Industrials,4.510000228881836,-0.4694177936835519,-110.40837627185518,6.66667,7.0,7.0,6.0,3.0,1.0,1970-01-01,yfinance.info/recommendations
NNI,Financial Services,123.87000274658205,248.47623358929513,100.59435543699571,130.0,130.0,130.0,130.0,1.0,,1970-01-01,yfinance.info/recommendations
NNN,Real Estate,40.95000076293945,19.599691855944396,-52.137505517014546,47.25,47.0,50.5,42.0,16.0,2.88889,1970-01-01,yfinance.info/recommendations
NOC,Industrials,478.0,241.2447557274151,-49.53038583108471,639.2273,620.0,815.0,525.0,22.0,2.0,1970-01-01,yfinance.info/recommendations
NOEM,Financial Services,10.510000228881836,4.21797194913669,-59.86706130085935,,,,,,,,yfinance.info/recommendations
NOG,Energy,23.82999992370605,-10.904377245187664,-145.75903180906016,30.44444,30.0,38.0,25.0,9.0,2.44444,1970-01-01,yfinance.info/recommendations
NOMA,Consumer Cyclical,1.9450000524520876,0.0,-100.0,,,,,,,,yfinance.info/recommendations
NOTE,Technology,0.0309999994933605,-17.427368290291323,-56317.317984227295,2.125,2.125,3.0,1.25,2.0,1.0,1970-01-01,yfinance.info/recommendations
NOW,Technology,134.3800048828125,37.23811505298061,-72.28894649508719,144.99261,142.5,248.0,72.0,46.0,1.42857,1970-01-01,yfinance.info/recommendations
NPB,Financial Services,15.350000381469728,6.981240395437386,-54.51960767463546,20.38333,21.0,21.5,18.65,3.0,,1970-01-01,yfinance.info/recommendations
NPK,Industrials,150.72999572753906,45.927370574796086,-69.53003922469763,,,,,,,,yfinance.info/recommendations
NPKI,Industrials,11.789999961853027,4.890827374705594,-58.51715529660693,20.33333,21.0,22.0,18.0,3.0,1.0,1970-01-01,yfinance.info/recommendations
NPWR,Industrials,1.3899999856948853,-11.634657755431913,-937.0257464150652,2.85,2.75,3.5,2.5,5.0,,1970-01-01,yfinance.info/recommendations
NRC,Healthcare,20.350000381469727,8.265161602188597,-59.38495603314742,26.0,26.0,26.0,26.0,1.0,,1970-01-01,yfinance.info/recommendations
NRG,Utilities,95.2300033569336,69.90422783479298,-26.59432387838583,185.5,182.0,270.0,104.0,16.0,1.5625,1970-01-01,yfinance.info/recommendations
NRGV,Utilities,3.940000057220459,-2.6951609578798927,-168.4050994603599,6.206,7.0,8.03,3.0,5.0,,1970-01-01,yfinance.info/recommendations
NRIX,Healthcare,22.989999771118164,-17.78188824292762,-177.3461871246585,33.92857,34.0,45.0,25.0,14.0,,1970-01-01,yfinance.info/recommendations
NRXP,Healthcare,2.9049999713897705,0.0,-100.0,38.5,47.0,50.0,10.0,4.0,1.0,1970-01-01,yfinance.info/recommendations
NSC,Industrials,317.44000244140625,157.46458198896144,-50.39548236582861,361.5,361.5,414.0,297.0,18.0,2.57143,1970-01-01,yfinance.info/recommendations
NSP,Industrials,46.47999954223633,22.00931685872081,-52.64776877047736,51.75,54.0,61.0,38.0,4.0,2.8,1970-01-01,yfinance.info/recommendations
NSSC,Industrials,36.16999816894531,15.24436646258234,-57.85356031433038,50.66667,50.0,55.0,48.0,6.0,1.16667,1970-01-01,yfinance.info/recommendations
NTAP,Technology,226.2700042724609,60.558667813881996,-73.23610435744683,201.0625,197.0,260.0,170.0,16.0,2.3,1970-01-01,yfinance.info/recommendations
NTGR,Technology,23.559999465942383,-0.2717625045379336,-101.15349113199592,35.0,35.0,36.0,34.0,3.0,,1970-01-01,yfinance.info/recommendations
NTLA,Healthcare,12.260000228881836,-15.257523863397802,-224.44962135852546,24.0,17.0,61.0,8.0,17.0,2.26316,1970-01-01,yfinance.info/recommendations
NTNX,Technology,72.29000091552734,18.955502447528417,-73.77852786351686,76.76286,76.5,90.0,59.68,14.0,2.06667,1970-01-01,yfinance.info/recommendations
NTRS,Financial Services,171.39999389648438,24.017174065924365,-85.98764590363443,184.53847,184.0,208.0,158.0,13.0,3.0,1970-01-01,yfinance.info/recommendations
NTST,Real Estate,17.520000457763672,0.6160934816410918,-96.48348478570912,22.86842,23.0,25.0,20.0,19.0,1.5,1970-01-01,yfinance.info/recommendations
NUAI,Technology,6.289999961853027,-1.6064202792762563,-125.5392732753373,12.5,12.5,13.0,12.0,2.0,1.0,1970-01-01,yfinance.info/recommendations
NUE,Basic Materials,240.38999938964844,100.13351421763052,-58.34539104294269,283.9375,286.5,310.0,226.0,16.0,1.76471,1970-01-01,yfinance.info/recommendations
NUS,Consumer Defensive,4.610000133514404,2.8594850908285965,-37.97212563964318,12.77,12.77,12.77,12.77,1.0,,1970-01-01,yfinance.info/recommendations
NUTR,Consumer Cyclical,9.0,0.0,-100.0,,,,,,,,yfinance.info/recommendations
NUVB,Healthcare,5.139999866485596,-2.0918525165023856,-140.69752083345207,13.0,12.0,21.0,7.0,11.0,1.45455,1970-01-01,yfinance.info/recommendations
NUVL,Healthcare,123.95999908447266,0.0,-100.0,124.0,124.0,124.0,124.0,9.0,3.0,1970-01-01,yfinance.info/recommendations
NVDA,Technology,233.9499969482422,45.88201808584521,-80.38810913256994,327.7,315.0,515.0,180.0,59.0,1.29508,1970-01-01,yfinance.info/recommendations
NVEC,Technology,111.41999816894533,25.98716880267025,-76.67638733644017,,,,,,,,yfinance.info/recommendations
NVO,Healthcare,37.31999969482422,206.84869366142752,454.2569543217725,45.88072,43.794277,62.11951,39.253246,12.0,2.71429,1970-01-01,yfinance.info/recommendations
NVR,Consumer Cyclical,5993.85009765625,9121.222858504605,52.17635926649614,6441.1665,6700.0,7400.0,5058.0,6.0,3.0,1970-01-01,yfinance.info/recommendations
NVST,Healthcare,23.459999084472656,13.132447946503293,-44.02195882780236,30.0,31.0,35.0,23.0,13.0,2.06667,1970-01-01,yfinance.info/recommendations
NVTS,Technology,12.399999618530272,0.2878713119036109,-97.67845709064844,14.075,13.0,21.0,8.0,8.0,2.875,1970-01-01,yfinance.info/recommendations
NVVE,Consumer Cyclical,1.100000023841858,0.0,-100.0,,,,,,,,yfinance.info/recommendations
NWL,Consumer Defensive,5.400000095367432,-3.6216891901329014,-167.06831715132537,6.65625,6.0,11.0,5.0,8.0,,1970-01-01,yfinance.info/recommendations
NWPX,Basic Materials,105.98999786376952,59.146868577999456,-44.1958017076085,111.0,108.0,130.0,95.0,3.0,3.0,1970-01-01,yfinance.info/recommendations
NWS,Communication Services,31.649999618530277,26.09902284547303,-17.538631405882512,,,,,,1.5,1970-01-01,yfinance.info/recommendations
NWSA,Communication Services,28.690000534057617,26.09902284547303,-9.030943326434809,36.1625,36.5,43.0,30.3,8.0,1.5,1970-01-01,yfinance.info/recommendations
NXDT,Real Estate,5.300000190734863,0.0,-100.0,,,,,,,,yfinance.info/recommendations
NXPI,Technology,243.66000366210935,75.59450826925611,-68.975413636583,311.10345,310.0,400.0,190.0,29.0,1.8,1970-01-01,yfinance.info/recommendations
NXST,Communication Services,155.4199981689453,11.275690798812722,-92.74501934650921,246.75,249.5,290.0,205.0,8.0,1.25,1970-01-01,yfinance.info/recommendations
NXTC,Healthcare,5.090000152587891,0.0,-100.0,20.0,20.0,20.0,20.0,1.0,,1970-01-01,yfinance.info/recommendations
NXXT,Utilities,0.7350000143051147,0.0,-100.0,12.5,12.5,15.0,10.0,2.0,,1970-01-01,yfinance.info/recommendations
NYC,Real Estate,6.510000228881836,2.7318327084161567,-58.036365401397546,,,,,,,,yfinance.info/recommendations
NYT,Communication Services,62.70000076293945,33.585016395080714,-46.43538120188978,78.55556,76.0,90.0,63.0,9.0,1.7,1970-01-01,yfinance.info/recommendations
O,Real Estate,54.130001068115234,2.7934921573197173,-94.8392904079117,66.44048,66.0,74.0,59.0,21.0,2.52,1970-01-01,yfinance.info/recommendations
OBDC,Financial Services,10.300000190734863,18.194629427911128,76.6468843784848,13.17308,13.0,15.0,11.0,13.0,1.53846,1970-01-01,yfinance.info/recommendations
OBK,Financial Services,53.619998931884766,7.284563945734627,-86.41446458253674,58.8,60.0,62.0,56.0,5.0,2.0,1970-01-01,yfinance.info/recommendations
OC,Industrials,118.36000061035156,16.999979205347273,-85.63705718343796,172.2,175.0,198.0,140.0,15.0,1.70588,1970-01-01,yfinance.info/recommendations
OCC,Technology,18.239999771118164,1.7249730187845316,-90.54291096255433,,,,,,,,yfinance.info/recommendations
OCFC,Financial Services,16.780000686645508,24.164477339089323,44.00760637823339,22.08333,22.0,25.0,20.0,6.0,2.28571,1970-01-01,yfinance.info/recommendations
OCUL,Healthcare,6.960000038146973,-6.496196107814819,-193.33615046278595,27.09091,28.0,34.0,18.0,11.0,1.36364,1970-01-01,yfinance.info/recommendations
ODFL,Industrials,180.47999572753903,54.53216381521323,-69.78492624881402,230.90909,232.5,280.0,156.0,22.0,2.33333,1970-01-01,yfinance.info/recommendations
OFG,Financial Services,51.290000915527344,20.99404507222172,-59.06795730653601,56.5,56.5,58.0,55.0,4.0,2.6,1970-01-01,yfinance.info/recommendations
OGN,Healthcare,13.720000267028809,11.295298572221574,-17.672752533643543,11.25,11.5,14.0,8.0,4.0,,1970-01-01,yfinance.info/recommendations
OGS,Utilities,72.56999969482422,13.740090983007352,-81.06643097590187,88.72222,87.0,103.0,79.0,9.0,1.7,1970-01-01,yfinance.info/recommendations
OHI,Real Estate,45.720001220703125,5.830927180339022,-87.2464413283991,51.88889,51.5,61.0,46.0,18.0,2.4,1970-01-01,yfinance.info/recommendations
OKE,Energy,87.87999725341797,54.64130121259265,-37.82282325860285,101.5,104.5,112.0,89.0,20.0,2.27273,1970-01-01,yfinance.info/recommendations
OKLO,Utilities,35.869998931884766,-1.5769547336107606,-104.39630549363916,75.775,74.5,130.0,14.0,20.0,2.08,1970-01-01,yfinance.info/recommendations
OKTA,Technology,211.4900054931641,28.15601165639341,-86.68683581962293,212.24907,223.0,250.0,127.0,43.0,1.65909,1970-01-01,yfinance.info/recommendations
OLED,Technology,80.37000274658203,82.77731479746751,2.9952867595091104,115.37333,115.0,158.0,80.36,9.0,,1970-01-01,yfinance.info/recommendations
OLMA,Healthcare,8.225000381469727,0.0,-100.0,36.5,38.0,59.0,16.0,10.0,1.33333,1970-01-01,yfinance.info/recommendations
OLN,Basic Materials,15.899999618530272,-3.671799530542179,-123.09307936248608,20.73333,20.0,30.0,16.0,15.0,2.86667,1970-01-01,yfinance.info/recommendations
OLP,Real Estate,22.030000686645508,3.0941321065402647,-85.95491597775612,27.16667,27.0,28.5,26.0,3.0,,1970-01-01,yfinance.info/recommendations
OMC,Communication Services,74.1500015258789,33.28944965100678,-55.10526100341547,102.16667,100.0,141.0,77.0,12.0,2.07692,1970-01-01,yfinance.info/recommendations
OMCC,Communication Services,4.0,0.0,-100.0,,,,,,,,yfinance.info/recommendations
OMDA,Healthcare,20.3700008392334,3.926165027613451,-80.72574930850514,28.41667,28.0,35.0,22.0,12.0,,1970-01-01,yfinance.info/recommendations
OMER,Healthcare,18.61000061035156,1.0254099954201459,-94.49000557877588,27.5,27.5,33.0,22.0,2.0,1.66667,1970-01-01,yfinance.info/recommendations
OMF,Financial Services,56.02000045776367,49.294334049300936,-12.005830691725107,68.64286,67.5,85.0,60.0,14.0,1.86667,1970-01-01,yfinance.info/recommendations
ON,Technology,84.88999938964844,37.71902311218308,-55.56717707223523,104.26923,100.0,150.0,75.0,26.0,2.13333,1970-01-01,yfinance.info/recommendations
ONCO,Healthcare,0.734000027179718,0.0,-100.0,,,,,,,,yfinance.info/recommendations
ONEW,Consumer Cyclical,9.81999969482422,-37.77357317436998,-484.65961658103834,13.33333,13.0,14.0,13.0,3.0,,1970-01-01,yfinance.info/recommendations
ONTO,Technology,327.7699890136719,22.9210205732156,-93.00698009534376,387.5,395.0,450.0,330.0,12.0,1.18182,1970-01-01,yfinance.info/recommendations
OPBK,Financial Services,15.479999542236328,7.262562125069467,-53.08422261089889,17.75,17.75,18.0,17.5,2.0,2.0,1970-01-01,yfinance.info/recommendations
OPCH,Healthcare,22.63999938964844,16.77281015135641,-25.915147510890186,28.58333,28.0,39.0,23.0,12.0,2.07692,1970-01-01,yfinance.info/recommendations
OPRT,Financial Services,8.350000381469727,3.2675980634038995,-60.86709084881798,9.75,10.0,13.0,6.0,4.0,2.0,1970-01-01,yfinance.info/recommendations
OPRX,Healthcare,8.569999694824219,8.960940922466575,4.561741441816643,12.6,11.0,18.0,11.0,5.0,1.16667,1970-01-01,yfinance.info/recommendations
OPTX,Technology,9.140000343322754,0.22813332027816893,-97.5040119069051,,,,,,,,yfinance.info/recommendations
OPY,Financial Services,120.12999725341795,262.55721722984686,118.56091170631949,,,,,,,,yfinance.info/recommendations
ORBS,Consumer Cyclical,1.159999966621399,0.0,-100.0,,,,,,,,yfinance.info/recommendations
ORC,Real Estate,5.110000133514404,2.6001574366328133,-49.11629415468226,7.5,7.5,7.5,7.5,1.0,3.0,1970-01-01,yfinance.info/recommendations
ORCL,Technology,142.3000030517578,4.985618565673702,-96.49640305077133,237.97415,240.0,400.0,110.0,41.0,1.60465,1970-01-01,yfinance.info/recommendations
ORIC,Healthcare,12.204999923706056,-8.380032667898375,-168.66065317724127,21.07692,22.0,27.0,14.0,13.0,1.26667,1970-01-01,yfinance.info/recommendations
ORKA,Healthcare,84.5199966430664,-10.663841281960751,-112.61694475331663,155.0,155.5,200.0,117.0,12.0,1.15385,1970-01-01,yfinance.info/recommendations
ORLY,Consumer Cyclical,84.9000015258789,34.7997360582851,-59.010912328808885,107.34615,109.0,120.0,91.0,26.0,1.58621,1970-01-01,yfinance.info/recommendations
ORRF,Financial Services,41.66999816894531,32.41747084013832,-22.204290221693515,45.75,46.0,48.0,43.0,4.0,2.0,1970-01-01,yfinance.info/recommendations
OSRH,Healthcare,0.2399999946355819,0.0,-100.0,10.0,10.0,10.0,10.0,1.0,,1970-01-01,yfinance.info/recommendations
OTIS,Industrials,64.05000305175781,36.713404035148876,-42.68009010790937,86.53846,86.0,105.0,73.0,13.0,2.35714,1970-01-01,yfinance.info/recommendations
OTLK,Healthcare,0.5929999947547913,0.0,-100.0,5.025,4.0,10.5,1.6,4.0,,1970-01-01,yfinance.info/recommendations
OVBC,Financial Services,44.61000061035156,52.62980211098988,17.977586619394383,,,,,,,,yfinance.info/recommendations
OVID,Healthcare,2.380000114440918,0.0,-100.0,5.91556,5.0,9.0,4.0,9.0,1.0,1970-01-01,yfinance.info/recommendations
OWLT,Healthcare,5.059999942779541,-1.0854450168696572,-121.45148278941294,13.0,13.5,15.0,10.0,4.0,1.0,1970-01-01,yfinance.info/recommendations
OXM,Consumer Cyclical,24.93000030517578,2.7243280022027143,-89.07208997652074,34.0,34.0,35.0,33.0,4.0,,1970-01-01,yfinance.info/recommendations
OXY,Energy,58.08000183105469,63.55228032532354,9.421966807416467,68.36,69.0,82.0,55.0,25.0,2.23077,1970-01-01,yfinance.info/recommendations
PAAS,Basic Materials,45.5099983215332,35.17611694573743,-22.7068375234509,64.775,61.0,94.0,53.0,8.0,1.77778,1970-01-01,yfinance.info/recommendations
PACK,Consumer Cyclical,4.090000152587891,-1.1587442933730734,-128.331155260224,7.08333,7.25,8.0,6.0,3.0,,1970-01-01,yfinance.info/recommendations
PACS,Healthcare,42.84999847412109,3.1451213603081634,-92.66015992460856,59.0,59.0,62.0,57.0,6.0,1.33333,1970-01-01,yfinance.info/recommendations
PANL,Industrials,8.430000305175781,9.20008253009671,9.135020130997146,10.85,10.8,11.5,10.25,3.0,,1970-01-01,yfinance.info/recommendations
PANW,Technology,403.239990234375,27.320946724562845,-93.2246435407651,396.92,412.5,475.0,190.0,50.0,1.70909,1970-01-01,yfinance.info/recommendations
PAR,Technology,14.25,-7.877294493328248,-155.27925960230348,25.3125,26.5,33.0,18.0,8.0,1.55556,1970-01-01,yfinance.info/recommendations
PARR,Energy,84.0,125.6361289223895,49.56682014570179,85.85714,85.0,104.0,65.0,7.0,1.57143,1970-01-01,yfinance.info/recommendations
PATH,Technology,13.119999885559082,13.685824355937699,4.312686549650115,15.49882,15.0,23.0,10.0,17.0,2.85714,1970-01-01,yfinance.info/recommendations
PAYC,Technology,220.9900054931641,108.59928832258299,-50.85782812655647,217.76471,210.0,285.0,160.0,17.0,2.52381,1970-01-01,yfinance.info/recommendations
PAYX,Technology,98.94000244140624,48.61165582866798,-50.867541308727446,113.92857,111.0,150.0,96.0,14.0,3.0,1970-01-01,yfinance.info/recommendations
PB,Financial Services,67.37999725341797,41.5859686129133,-38.281433202635256,80.92308,81.0,85.0,68.0,13.0,2.6,1970-01-01,yfinance.info/recommendations
PBF,Energy,80.77999877929688,102.10139074686492,26.39439501085077,73.38462,74.0,89.0,55.0,13.0,3.35714,1970-01-01,yfinance.info/recommendations
PBH,Healthcare,45.2599983215332,49.46589647939837,9.292749257271044,67.8,70.0,75.0,55.0,5.0,1.71429,1970-01-01,yfinance.info/recommendations
PBHC,Financial Services,17.43000030517578,0.0,-100.0,,,,,,,,yfinance.info/recommendations
PBI,Industrials,16.760000228881836,10.667646722121722,-36.350557419810805,19.56,18.5,22.0,17.3,5.0,,1970-01-01,yfinance.info/recommendations
PBT,Energy,31.56999969482422,0.6962421193511195,-97.79460840645727,,,,,,,,yfinance.info/recommendations
PCAR,Industrials,109.68000030517578,47.33383443809486,-56.84369592779698,144.8,140.0,164.0,125.0,15.0,2.27778,1970-01-01,yfinance.info/recommendations
PCB,Financial Services,28.01000022888184,17.61061576594475,-37.127398707458816,30.25,30.25,31.0,29.5,2.0,3.0,1970-01-01,yfinance.info/recommendations
PCG,Utilities,12.31999969482422,0.6589123261567398,-94.65168553183035,19.21875,19.5,24.0,14.0,16.0,2.17647,1970-01-01,yfinance.info/recommendations
PCRX,Healthcare,25.209999084472656,21.67443115931293,-14.024466694000607,30.0,30.0,38.0,23.0,9.0,2.11111,1970-01-01,yfinance.info/recommendations
PCSA,Healthcare,1.6100000143051147,0.0,-100.0,,,,,,,,yfinance.info/recommendations
PCT,Industrials,4.389999866485596,-4.978335749279939,-213.40172894504744,10.6,10.0,17.0,6.0,5.0,,1970-01-01,yfinance.info/recommendations
PCTY,Technology,144.47000122070312,76.71964587853469,-46.895794815331904,172.15,170.0,250.0,128.0,20.0,1.42857,1970-01-01,yfinance.info/recommendations
PCYO,Utilities,10.899999618530272,2.804788264060674,-74.26799667687635,,,,,,,,yfinance.info/recommendations
PD,Technology,15.34000015258789,35.31664784833967,130.225863735612,12.64286,12.0,15.0,9.5,7.0,,1970-01-01,yfinance.info/recommendations
PDFS,Technology,55.5,3.4627308668766412,-93.76084528490696,61.5,61.0,74.0,50.0,8.0,1.5,1970-01-01,yfinance.info/recommendations
PDLB,Financial Services,20.350000381469727,3.2667273704598236,-83.94728594976128,24.0,24.0,24.0,24.0,1.0,,1970-01-01,yfinance.info/recommendations
PDSB,Healthcare,0.7490000128746033,0.0,-100.0,4.75,4.75,5.0,4.5,2.0,,1970-01-01,yfinance.info/recommendations
PEBO,Financial Services,37.47999954223633,14.028968256418832,-62.569454568403756,42.33333,42.0,46.0,40.0,6.0,2.57143,1970-01-01,yfinance.info/recommendations
PECO,Real Estate,37.7599983215332,6.689076707019893,-82.2852833571093,44.84615,46.0,49.0,39.0,13.0,2.0,1970-01-01,yfinance.info/recommendations
PEG,Utilities,68.06999969482422,117.83300375348766,73.10563285112991,84.47222,84.0,96.0,73.0,18.0,2.27273,1970-01-01,yfinance.info/recommendations
PEGA,Technology,33.93000030517578,37.7038366751349,11.1224177306696,41.42857,39.0,55.0,32.0,7.0,2.4,1970-01-01,yfinance.info/recommendations
PEN,Healthcare,317.54998779296875,97.77890538548388,-69.20834226287792,361.83334,374.0,374.0,323.0,12.0,2.6875,1970-01-01,yfinance.info/recommendations
PEP,Consumer Defensive,125.88999938964844,64.59276023061268,-48.691110855685686,149.36365,148.5,180.0,124.0,22.0,2.75,1970-01-01,yfinance.info/recommendations
PEPG,Healthcare,2.2799999713897705,0.0,-100.0,10.1875,10.5,20.0,2.5,8.0,,1970-01-01,yfinance.info/recommendations
PEW,Industrials,1.9299999475479128,-1.2202522107502505,-163.22550486597655,5.0,5.0,5.0,5.0,1.0,,1970-01-01,yfinance.info/recommendations
PFBC,Financial Services,106.4800033569336,43.483126845983385,-59.16310530135617,114.4,111.0,120.0,110.0,5.0,2.5,1970-01-01,yfinance.info/recommendations
PFE,Healthcare,27.799999237060547,19.295074465523193,-30.593255413472555,28.91346,28.0,35.75,25.0,26.0,2.46429,1970-01-01,yfinance.info/recommendations
PFG,Financial Services,111.95999908447266,14.378004830289258,-87.15790912123784,112.08333,113.5,128.0,92.0,12.0,3.0,1970-01-01,yfinance.info/recommendations
PFGC,Consumer Defensive,93.8499984741211,36.786983046041634,-60.802361593873066,125.58333,130.0,144.0,79.0,12.0,1.46154,1970-01-01,yfinance.info/recommendations
PFLT,Financial Services,6.840000152587891,15.140407367784057,121.35097997118808,9.75,10.0,10.5,9.0,6.0,,1970-01-01,yfinance.info/recommendations
PG,Consumer Defensive,144.91000366210938,118.30438328115932,-18.36009917092205,160.6087,162.0,186.0,143.0,23.0,2.2,1970-01-01,yfinance.info/recommendations
PGC,Financial Services,44.58000183105469,6.353575273290061,-85.74792505085964,56.0,55.5,58.0,55.0,4.0,,1970-01-01,yfinance.info/recommendations
PGNY,Healthcare,25.229999542236328,14.277224670199768,-43.41171252778284,34.41667,35.0,40.0,30.0,12.0,,1970-01-01,yfinance.info/recommendations
PGR,Financial Services,210.30999755859372,95.9797334502466,-54.362733790862215,232.04762,230.0,314.0,198.0,21.0,2.6,1970-01-01,yfinance.info/recommendations
PHIN,Consumer Cyclical,59.77999877929688,56.63157449977628,-5.266685084996977,94.0,95.0,105.0,80.0,5.0,,1970-01-01,yfinance.info/recommendations
PHIO,Healthcare,0.9850000143051147,0.0,-100.0,14.0,14.0,14.0,14.0,1.0,1.0,1970-01-01,yfinance.info/recommendations
PHM,Consumer Cyclical,115.7300033569336,205.64482814670976,77.6936163325439,140.8,145.0,166.0,100.0,15.0,2.0,1970-01-01,yfinance.info/recommendations
PHR,Healthcare,10.06999969482422,6.488843868885084,-35.56262099769258,14.06667,14.0,20.0,10.0,15.0,2.0,1970-01-01,yfinance.info/recommendations
PHUN,Technology,2.0,0.0,-100.0,,,,,,,,yfinance.info/recommendations
PII,Consumer Cyclical,53.709999084472656,-10.64163548274734,-119.81313659307769,71.93333,73.0,85.0,46.0,15.0,2.72222,1970-01-01,yfinance.info/recommendations
PIII,Healthcare,6.360000133514404,0.0,-100.0,18.0,18.0,23.0,13.0,2.0,,1970-01-01,yfinance.info/recommendations
PJT,Financial Services,138.69000244140625,75.80275898301089,-45.34374673831588,183.6,182.0,195.0,171.0,5.0,2.57143,1970-01-01,yfinance.info/recommendations
PK,Real Estate,15.529999732971191,-2.873526824806699,-118.50307066461833,16.05882,15.5,20.5,11.0,17.0,2.5,1970-01-01,yfinance.info/recommendations
PKE,Industrials,30.420000076293945,7.354660429174962,-75.8229440804427,42.5,42.5,43.0,42.0,2.0,,1970-01-01,yfinance.info/recommendations
PKG,Consumer Cyclical,228.5399932861328,192.70538814278893,-15.679796182753378,259.3,265.0,320.0,167.0,10.0,2.0,1970-01-01,yfinance.info/recommendations
PKX,Basic Materials,57.59000015258789,-5323.320864493619,-9343.481247420013,68.0386,68.0386,68.0386,68.0386,1.0,,1970-01-01,yfinance.info/recommendations
PLAB,Technology,31.489999771118164,54.06780447260971,71.69833237724993,41.33333,41.0,44.0,39.0,3.0,,1970-01-01,yfinance.info/recommendations
PLBY,Consumer Cyclical,1.0399999618530271,-0.32702062142645366,-131.44429167514414,2.83333,3.0,4.0,1.5,3.0,,1970-01-01,yfinance.info/recommendations
PLD,Real Estate,128.91000366210938,6.603593173522486,-94.87736173615245,158.23077,160.0,170.0,140.0,13.0,2.0,1970-01-01,yfinance.info/recommendations
PLMR,Financial Services,126.48999786376952,57.36887491109478,-54.645524642287214,163.16667,166.0,168.0,152.0,6.0,1.625,1970-01-01,yfinance.info/recommendations
PLNT,Consumer Cyclical,42.40999984741211,23.026704835099544,-45.70453921728875,66.30588,64.0,106.0,49.2,17.0,1.83333,1970-01-01,yfinance.info/recommendations
PLOW,Consumer Cyclical,40.5099983215332,24.949698089274683,-38.411011792087386,54.0,54.5,57.0,50.0,4.0,,1970-01-01,yfinance.info/recommendations
PLSE,Healthcare,47.900001525878906,-5.078529373601545,-110.60235743595493,54.0,51.5,73.0,35.0,6.0,1.16667,1970-01-01,yfinance.info/recommendations
PLTK,Communication Services,2.180000066757202,-0.13577410679960855,-106.22816984595673,4.775,4.0,14.0,2.75,10.0,,1970-01-01,yfinance.info/recommendations
PLTR,Technology,188.75,8.545862238088644,-95.4723908672378,195.56538,205.05,255.0,80.0,26.0,1.83871,1970-01-01,yfinance.info/recommendations
PLUG,Industrials,1.899999976158142,-4.528495201845894,-338.3418557195274,3.55312,3.5,7.0,0.75,16.0,2.8,1970-01-01,yfinance.info/recommendations
PM,Consumer Defensive,187.4600067138672,128.9752968558794,-31.19849982042139,208.13333,211.0,230.0,175.0,15.0,1.6875,1970-01-01,yfinance.info/recommendations
PNBK,Financial Services,0.9300000071525574,0.0,-100.0,,,,,,,,yfinance.info/recommendations
PNC,Financial Services,221.02999877929688,82.58741629273027,-62.635200312698025,273.95,276.5,291.0,252.0,20.0,1.77273,1970-01-01,yfinance.info/recommendations
PNFP,Financial Services,96.08999633789062,101.06985503139111,5.182494414912169,119.5,118.5,139.0,105.0,22.0,1.59091,1970-01-01,yfinance.info/recommendations
PNTG,Healthcare,39.2400016784668,0.9283171377427504,-97.63425815995271,46.66667,46.5,49.0,44.0,6.0,1.14286,1970-01-01,yfinance.info/recommendations
PNW,Utilities,95.91999816894533,125.22955057525186,30.556247879282882,104.35714,104.0,129.0,87.0,14.0,2.52941,1970-01-01,yfinance.info/recommendations
PODD,Healthcare,131.69000244140625,46.68335692214042,-64.55056871692932,171.90909,167.5,275.0,144.0,22.0,1.96,1970-01-01,yfinance.info/recommendations
POOL,Industrials,161.4199981689453,207.45166136577365,28.516704075693706,217.0,212.5,260.0,185.0,12.0,2.4,1970-01-01,yfinance.info/recommendations
POR,Utilities,44.54999923706055,72.28774278320323,62.26205167489211,52.27273,51.0,62.0,44.0,11.0,2.53846,1970-01-01,yfinance.info/recommendations
POST,Consumer Defensive,72.55999755859375,84.2911992896606,16.16758837621742,105.16667,102.0,125.0,86.0,6.0,,1970-01-01,yfinance.info/recommendations
POWI,Technology,54.459999084472656,7.492899482937335,-86.24146234135051,77.5,80.0,85.0,65.0,4.0,,1970-01-01,yfinance.info/recommendations
PPCB,Healthcare,0.5074999928474426,0.0,-100.0,,,,,,,,yfinance.info/recommendations
PPG,Basic Materials,105.1500015258789,85.52866182562897,-18.660332301964676,126.14286,125.0,138.0,115.0,21.0,2.08333,1970-01-01,yfinance.info/recommendations
PPIH,Industrials,31.86000061035156,34.87392254806734,9.459892906394158,38.0,38.0,38.0,38.0,1.0,,1970-01-01,yfinance.info/recommendations
PPL,Utilities,32.79999923706055,1.9049602231997533,-94.19219430637258,40.125,40.0,45.0,35.0,16.0,1.70588,1970-01-01,yfinance.info/recommendations
PR,Energy,22.1200008392334,20.067939348594262,-9.276950329041009,27.19048,28.0,30.0,22.0,21.0,1.30435,1970-01-01,yfinance.info/recommendations
PRDO,Consumer Defensive,31.90999984741211,33.08155928295519,3.6714492044665237,44.0,44.0,44.0,44.0,1.0,2.0,1970-01-01,yfinance.info/recommendations
PRI,Financial Services,275.4200134277344,135.64898993178065,-50.7483177262379,324.5,327.5,360.0,276.0,6.0,,1970-01-01,yfinance.info/recommendations
PRIM,Industrials,79.08000183105469,48.17137026017614,-39.08526916439794,117.8,115.0,165.0,85.0,15.0,1.8125,1970-01-01,yfinance.info/recommendations
PRKS,Consumer Cyclical,32.459999084472656,51.33254376422685,58.14092794839891,47.3,47.5,55.0,40.0,10.0,,1970-01-01,yfinance.info/recommendations
PRLB,Industrials,98.20999908447266,20.560007305477285,-79.06526066883154,95.5,92.5,110.0,87.0,4.0,,1970-01-01,yfinance.info/recommendations
PRLD,Healthcare,3.670000076293945,0.0,-100.0,9.2,10.0,12.0,6.0,5.0,1.4,1970-01-01,yfinance.info/recommendations
PRM,Basic Materials,27.450000762939453,-9.785793475289706,-135.64951986632227,42.75,42.5,48.0,38.0,4.0,1.75,1970-01-01,yfinance.info/recommendations
PRMB,Consumer Defensive,19.51000022888184,5.519720262433233,-71.70825116515348,30.36364,31.0,35.0,25.0,11.0,,1970-01-01,yfinance.info/recommendations
PRME,Healthcare,2.9800000190734863,-5.233914384661217,-275.63470977052197,7.11364,7.0,11.0,4.25,11.0,1.5,1970-01-01,yfinance.info/recommendations
PRPH,Healthcare,0.0199999995529651,0.0,-100.0,,,,,,,,yfinance.info/recommendations
PRPO,Healthcare,23.1299991607666,2.2843390160361423,-90.12391223986351,,,,,,,,yfinance.info/recommendations
PRSU,Consumer Cyclical,52.380001068115234,-11.091287127175288,-121.17465998664667,62.14286,61.0,70.0,58.0,7.0,1.14286,1970-01-01,yfinance.info/recommendations
PRTH,Technology,7.78000020980835,13.02766226179811,67.4506672297253,8.03333,8.05,8.05,8.0,3.0,3.0,1970-01-01,yfinance.info/recommendations
PRU,Financial Services,112.5999984741211,79.74328298794453,-29.180031910682523,113.4,113.0,131.0,92.0,15.0,3.38889,1970-01-01,yfinance.info/recommendations
PSA,Real Estate,283.8099975585937,76.27253608315546,-73.12549355580447,335.33334,339.5,374.0,285.0,18.0,2.5,1970-01-01,yfinance.info/recommendations
PSKY,Communication Services,9.5,1.1048751339123277,-88.36973543250181,9.92438,9.5,16.0,2.0,16.0,3.45455,1970-01-01,yfinance.info/recommendations
PSMT,Consumer Defensive,170.67999267578125,56.836641842648504,-66.69988031308758,166.0,165.0,198.0,135.0,3.0,,1970-01-01,yfinance.info/recommendations
PSQH,Technology,4.699999809265137,-37.79796819748728,-904.2121219446844,15.0,15.0,15.0,15.0,1.0,,1970-01-01,yfinance.info/recommendations
PSX,Energy,264.5799865722656,152.12195578829943,-42.504360303627934,257.1579,264.0,340.0,173.0,19.0,2.1,1970-01-01,yfinance.info/recommendations
PTC,Technology,144.02999877929688,85.56486458650237,-40.59233124231505,174.21053,170.0,230.0,140.0,19.0,1.84211,1970-01-01,yfinance.info/recommendations
PTRN,Consumer Cyclical,17.329999923706055,3.4012949528024183,-80.37337006476429,28.125,28.5,31.0,25.0,8.0,,1970-01-01,yfinance.info/recommendations
PULM,Healthcare,1.5700000524520874,0.0,-100.0,,,,,,,,yfinance.info/recommendations
PUMP,Energy,9.270000457763672,4.012727273345988,-56.71276078540741,16.15385,17.5,21.0,11.0,13.0,2.0,1970-01-01,yfinance.info/recommendations
PVH,Consumer Cyclical,75.52999877929688,38.50997839159702,-49.01366475044511,90.83333,85.5,128.0,70.0,12.0,2.30769,1970-01-01,yfinance.info/recommendations
PVLA,Healthcare,132.47000122070312,0.0,-100.0,230.53333,232.0,270.0,205.0,15.0,1.0,1970-01-01,yfinance.info/recommendations
PWR,Industrials,676.5599975585938,94.42540511410607,-86.04330651311848,769.0407,800.0,976.0,410.0,29.0,1.45161,1970-01-01,yfinance.info/recommendations
PXED,Consumer Defensive,25.11000061035156,54.51076630252419,117.0878732677219,41.375,39.0,51.0,34.0,8.0,,1970-01-01,yfinance.info/recommendations
PYPL,Financial Services,52.79999923706055,77.13243071158855,46.084151185837456,56.91719,56.5,80.0,36.0,32.0,2.88095,1970-01-01,yfinance.info/recommendations
PYXS,Healthcare,2.140000104904175,0.0,-100.0,8.66667,8.0,19.0,6.0,9.0,1.3,1970-01-01,yfinance.info/recommendations
Q,Technology,131.47999572753906,66.76596024477716,-49.21968176578459,174.25,177.5,189.0,150.0,8.0,1.25,1970-01-01,yfinance.info/recommendations
QCLS,Technology,0.7480000257492065,0.0,-100.0,,,,,,,,yfinance.info/recommendations
QCOM,Technology,184.8699951171875,65.0698216010516,-64.80238907357335,194.13333,175.0,400.0,100.0,30.0,2.56757,1970-01-01,yfinance.info/recommendations
QETA,Financial Services,11.789999961853027,2.065920412792617,-82.4773501316626,,,,,,,,yfinance.info/recommendations
QRHC,Industrials,1.3700000047683716,-1.1737434459047276,-185.67470378244082,3.25,3.25,4.0,2.5,2.0,,1970-01-01,yfinance.info/recommendations
QS,Consumer Cyclical,4.570000171661377,-2.4150051513561013,-152.84474968582225,6.6625,7.5,10.0,2.5,8.0,,1970-01-01,yfinance.info/recommendations
QTRX,Healthcare,3.640000104904175,-10.190572954390772,-379.9607873818741,3.0,3.0,3.0,3.0,3.0,,1970-01-01,yfinance.info/recommendations
QTTB,Healthcare,8.229999542236328,0.0,-100.0,39.6,36.0,59.0,29.0,5.0,1.16667,1970-01-01,yfinance.info/recommendations
QUIK,Technology,11.869999885559082,-0.9482507189155164,-107.98863292382292,23.0,22.0,27.0,20.0,3.0,1.75,1970-01-01,yfinance.info/recommendations
QXO,Industrials,12.0600004196167,-0.949528851427055,-107.87337328680817,28.94444,27.0,50.0,18.0,18.0,1.22222,1970-01-01,yfinance.info/recommendations
RAPP,Healthcare,32.16999816894531,-16.66379823072623,-151.79918924214394,62.88167,59.0,80.0,50.0,12.0,1.07692,1970-01-01,yfinance.info/recommendations
RARE,Healthcare,15.220000267028809,-33.34390054647627,-319.0795004038823,28.05263,28.0,40.0,18.0,19.0,2.0,1970-01-01,yfinance.info/recommendations
RBA,Industrials,81.87999725341797,26.244200739878387,-67.94797066412596,128.63635,130.0,152.0,104.0,11.0,1.58333,1970-01-01,yfinance.info/recommendations
RBBN,Technology,1.7699999809265137,0.4424780015362252,-75.00124258167459,3.3,3.3,4.0,2.2,5.0,,1970-01-01,yfinance.info/recommendations
RBNE,Energy,2.25,0.0,-100.0,,,,,,,,yfinance.info/recommendations
RBOT,Healthcare,0.0549999997019767,-32.60300208561463,-59378.18593141351,,,,,,,,yfinance.info/recommendations
RCAT,Industrials,6.400000095367432,-3.5258850676610782,-155.09195336127027,16.5,15.0,25.0,9.0,8.0,,1970-01-01,yfinance.info/recommendations
RCL,Consumer Cyclical,277.739990234375,223.91031967881563,-19.38131794061576,350.44443,355.0,425.0,262.0,27.0,1.62069,1970-01-01,yfinance.info/recommendations
RCMT,Industrials,42.0099983215332,24.217626249028108,-42.3527083632022,45.0,45.0,45.0,45.0,2.0,,1970-01-01,yfinance.info/recommendations
RCUS,Healthcare,24.440000534057617,0.0,-100.0,39.90909,43.0,47.0,23.0,11.0,1.30769,1970-01-01,yfinance.info/recommendations
RDDT,Communication Services,147.86000061035156,38.17190791253056,-74.1837496584873,213.70909,210.0,300.0,130.0,33.0,1.94118,1970-01-01,yfinance.info/recommendations
RDI,Communication Services,1.9700000286102293,0.0,-100.0,,,,,,,,yfinance.info/recommendations
RDIB,Communication Services,16.08,0.0,-100.0,,,,,,,,yfinance.info/recommendations
RDNT,Healthcare,69.93000030517578,2.0821792694845325,-97.02248068011174,94.625,95.5,105.0,79.0,8.0,1.25,1970-01-01,yfinance.info/recommendations
RDY,Healthcare,12.25,910.3972338572185,7331.814153936477,13.291718,12.97621,15.3027935,11.290333,5.0,,1970-01-01,yfinance.info/recommendations
REAL,Consumer Cyclical,8.899999618530273,-1.8508790943734432,-120.79639521017297,18.0,18.0,20.0,15.0,8.0,1.44444,1970-01-01,yfinance.info/recommendations
REBN,Consumer Cyclical,2.180000066757202,0.0,-100.0,,,,,,,,yfinance.info/recommendations
REFI,Real Estate,10.0600004196167,38.44717098602016,282.17862209080363,15.125,15.0,20.0,10.5,4.0,,1970-01-01,yfinance.info/recommendations
REFR,Technology,0.7300000190734863,-0.35636117675716805,-148.81659828029328,,,,,,,,yfinance.info/recommendations
REG,Real Estate,71.5999984741211,14.582893689685598,-79.63282960829056,86.16667,85.0,102.0,76.0,18.0,2.05,1970-01-01,yfinance.info/recommendations
REGN,Healthcare,735.2000122070312,941.0118144673389,27.993987873105663,853.1923,857.0,1030.0,730.0,26.0,1.85185,1970-01-01,yfinance.info/recommendations
RELY,Technology,21.770000457763672,12.745443427108238,-41.454096650866504,32.11111,32.0,36.0,29.0,9.0,1.2,1970-01-01,yfinance.info/recommendations
RENT,Consumer Cyclical,1.5499999523162842,185.0405792313969,11838.102253156621,,,,,,,,yfinance.info/recommendations
RES,Energy,5.860000133514404,5.900199527973445,0.685996476845337,6.4,6.0,9.0,5.0,5.0,,1970-01-01,yfinance.info/recommendations
REXR,Real Estate,36.68999862670898,-4.763212188705698,-112.98231770779697,40.375,40.0,45.0,36.0,16.0,2.55556,1970-01-01,yfinance.info/recommendations
REYN,Consumer Cyclical,22.31999969482422,18.891513609262383,-15.360600951786157,27.14286,27.0,30.0,24.0,7.0,,1970-01-01,yfinance.info/recommendations
REZI,Industrials,18.350000381469727,-13.86698598260035,-175.56940432875177,33.4,30.0,45.0,27.0,5.0,1.6,1970-01-01,yfinance.info/recommendations
RF,Financial Services,27.100000381469727,15.425814539116274,-43.078175933665136,32.3325,33.0,36.0,27.0,20.0,2.77273,1970-01-01,yfinance.info/recommendations
RFIL,Industrials,8.399999618530273,1.8957611210078669,-77.43141420118822,14.5,14.5,17.0,12.0,2.0,,1970-01-01,yfinance.info/recommendations
RGA,Financial Services,249.41000366210935,53.40302723730968,-78.58825770691301,277.33334,290.0,302.0,235.0,9.0,2.1,1970-01-01,yfinance.info/recommendations
RGEN,Healthcare,181.6999969482422,25.48722339357744,-85.97290928913029,189.7,187.5,225.0,145.0,20.0,1.5,1970-01-01,yfinance.info/recommendations
RGLD,Basic Materials,234.63999938964844,67.42451340037924,-71.2646975895987,309.83334,313.5,380.0,218.0,12.0,1.83333,1970-01-01,yfinance.info/recommendations
RGNX,Healthcare,7.429999828338623,-18.81173001581677,-353.1861433437361,23.72727,19.0,50.0,10.0,11.0,1.63636,1970-01-01,yfinance.info/recommendations
RGTI,Technology,15.25,-2.862535199364708,-118.77072261878496,28.525,30.0,40.0,17.3,12.0,1.69231,1970-01-01,yfinance.info/recommendations
RHLD,Industrials,115.91000366210938,-279.59602760209225,-341.21820271626075,,,,,,,,yfinance.info/recommendations
RICK,Consumer Cyclical,26.6200008392334,8.81431500355555,-66.8883744339905,,,,,,,,yfinance.info/recommendations
RITM,Real Estate,8.710000038146973,14.736025145918504,69.18513296646954,13.15,13.0,14.0,12.5,10.0,1.36364,1970-01-01,yfinance.info/recommendations
RIVN,Consumer Cyclical,14.300000190734863,-11.70710868114131,-181.86789178315175,19.30769,18.5,25.0,13.0,26.0,2.56,1970-01-01,yfinance.info/recommendations
RJF,Financial Services,158.2100067138672,38.11274816866996,-75.91002683060417,185.7143,185.5,209.0,160.0,14.0,2.4375,1970-01-01,yfinance.info/recommendations
RKDA,Consumer Defensive,0.2879999876022339,0.0,-100.0,,,,,,,,yfinance.info/recommendations
RKLB,Industrials,73.91999816894531,0.24571388577857323,-99.6675948432561,109.15,110.0,150.0,64.0,20.0,1.57143,1970-01-01,yfinance.info/recommendations
RL,Consumer Cyclical,363.3699951171875,169.03490615629914,-53.48132525312524,446.70587,455.0,520.0,250.0,17.0,1.52632,1970-01-01,yfinance.info/recommendations
RLMD,Healthcare,3.5999999046325684,0.0,-100.0,10.75,11.0,12.0,9.0,4.0,,1970-01-01,yfinance.info/recommendations
RMAX,Real Estate,12.359999656677246,9.600999490958646,-22.322008433293966,11.4,11.4,13.8,9.0,2.0,2.0,1970-01-01,yfinance.info/recommendations
RMBS,Technology,111.97000122070312,19.90778960159943,-82.22042566351378,147.85715,160.0,180.0,100.0,7.0,1.5,1970-01-01,yfinance.info/recommendations
RMCF,Consumer Defensive,0.8799999952316284,-2.923140970992457,-432.1751121399774,,,,,,,,yfinance.info/recommendations
RMCO,Financial Services,2.5199999809265137,0.0,-100.0,4.0,4.0,4.0,4.0,1.0,,1970-01-01,yfinance.info/recommendations
RMD,Healthcare,218.88999938964844,129.39399738457266,-40.886290947336974,250.22295,235.0,320.0,175.0,17.0,2.3,1970-01-01,yfinance.info/recommendations
RNAC,Healthcare,7.360000133514404,-12.345197524924902,-267.73365898065634,33.66667,38.5,44.0,16.0,6.0,1.14286,1970-01-01,yfinance.info/recommendations
RNG,Technology,78.27999877929688,27.967923703147775,-64.27194156964575,57.64286,50.0,85.0,38.0,14.0,,1970-01-01,yfinance.info/recommendations
RNR,Financial Services,325.5299987792969,1821.7661821898541,459.6308140636147,347.3125,345.0,422.0,312.0,16.0,2.66667,1970-01-01,yfinance.info/recommendations
RNST,Financial Services,39.91999816894531,7.227316695164333,-81.89549843019124,48.14286,48.0,50.0,45.0,7.0,1.57143,1970-01-01,yfinance.info/recommendations
RNTX,Healthcare,0.8009999990463257,0.0,-100.0,6.0,6.0,8.0,4.0,2.0,,1970-01-01,yfinance.info/recommendations
RNXT,Healthcare,1.5800000429153442,0.0,-100.0,7.125,5.5,14.5,3.0,4.0,,1970-01-01,yfinance.info/recommendations
ROK,Industrials,454.3500061035156,78.64343967975832,-82.69100063314606,476.48,490.0,550.0,282.0,25.0,2.28571,1970-01-01,yfinance.info/recommendations
ROKU,Communication Services,152.38999938964844,40.094071548547504,-73.6898276073679,162.3265,160.0,205.0,150.0,20.0,2.51852,1970-01-01,yfinance.info/recommendations
ROL,Consumer Cyclical,30.15999984741211,19.15358032872272,-36.49343360203564,42.82353,43.0,66.0,27.0,17.0,2.52632,1970-01-01,yfinance.info/recommendations
ROP,Technology,354.32000732421875,191.55072036318523,-45.93849728956804,439.42856,422.0,550.0,335.0,14.0,2.42105,1970-01-01,yfinance.info/recommendations
ROST,Consumer Cyclical,228.5399932861328,81.06682252316791,-64.5283867573795,270.55557,282.5,310.0,187.0,18.0,1.75,1970-01-01,yfinance.info/recommendations
RPAY,Technology,3.819999933242798,-6.1539916939481305,-261.09926181920133,6.85,6.0,10.0,4.25,5.0,,1970-01-01,yfinance.info/recommendations
RPID,Healthcare,0.9200000166893004,-5.375293692623056,-684.2710429469898,5.75,6.0,8.0,3.0,4.0,1.0,1970-01-01,yfinance.info/recommendations
RPM,Basic Materials,99.19000244140624,98.38354730273015,-0.813040748892487,129.8,128.0,151.0,114.0,15.0,1.26667,1970-01-01,yfinance.info/recommendations
RR,Industrials,1.6799999475479126,0.1830337191035222,-89.10513542749368,2.0,2.0,2.0,2.0,1.0,,1970-01-01,yfinance.info/recommendations
RRC,Energy,38.22999954223633,36.32585083939506,-4.980770927652181,45.78261,45.0,57.0,36.0,23.0,2.58333,1970-01-01,yfinance.info/recommendations
RSG,Industrials,209.55999755859372,90.74626820362124,-56.696760230564394,245.5,245.5,272.0,208.0,24.0,2.0,1970-01-01,yfinance.info/recommendations
RSSS,Technology,2.150000095367432,1.1650650431665917,-45.81093062847127,3.83333,4.0,4.0,3.5,3.0,,1970-01-01,yfinance.info/recommendations
RSVR,Communication Services,9.520000457763672,-3.6033689003261093,-137.85051183886782,13.0,13.0,15.0,11.0,2.0,,1970-01-01,yfinance.info/recommendations
RTX,Industrials,184.67999267578125,62.40027186090583,-66.21167731447017,234.13635,240.0,265.0,200.0,22.0,1.82609,1970-01-01,yfinance.info/recommendations
RVLV,Consumer Cyclical,20.75,8.91885313456757,-57.017575255096055,30.84615,30.0,37.0,24.0,13.0,2.0,1970-01-01,yfinance.info/recommendations
RVMD,Healthcare,206.63999938964844,-45.929975178193864,-122.22704960988047,257.4659,257.5,320.0,179.0,22.0,1.30435,1970-01-01,yfinance.info/recommendations
RVPH,Healthcare,0.5,0.0,-100.0,17.5,17.5,30.0,5.0,2.0,,1970-01-01,yfinance.info/recommendations
RVSB,Financial Services,5.989999771118164,0.0,-100.0,7.0,7.0,7.0,7.0,1.0,,1970-01-01,yfinance.info/recommendations
RVTY,Healthcare,151.52999877929688,33.73923957282005,-77.7342837427451,130.26666,126.0,165.0,110.0,15.0,2.47059,1970-01-01,yfinance.info/recommendations
RWT,Real Estate,3.5299999713897705,0.0,-100.0,5.69111,6.0,6.5,4.75,9.0,1.77778,1970-01-01,yfinance.info/recommendations
RXO,Industrials,23.3799991607666,-3.3937068808693884,-114.51542772749232,24.55882,23.0,35.0,13.0,17.0,2.57143,1970-01-01,yfinance.info/recommendations
RXST,Healthcare,4.679999828338623,-5.494520018669215,-217.40427820955165,7.56875,6.65,11.0,5.5,8.0,3.1,1970-01-01,yfinance.info/recommendations
RXT,Technology,4.119999885559082,-4.806840528218745,-216.67088984800932,4.76667,5.0,5.3,4.0,3.0,,1970-01-01,yfinance.info/recommendations
RY,Financial Services,195.6699981689453,87.74275622129626,-55.1577875799143,207.51143,215.04178,224.8003,182.69218,3.0,2.13333,1970-01-01,yfinance.info/recommendations
RYM,Consumer Defensive,19.600000381469727,0.0,-100.0,,,,,,,,yfinance.info/recommendations
RYN,Real Estate,18.059999465942383,13.172950315854896,-27.060073613531955,26.0,24.5,32.0,23.0,6.0,,1970-01-01,yfinance.info/recommendations
SABS,Healthcare,2.9800000190734863,0.0,-100.0,11.63636,12.0,16.0,6.0,11.0,,1970-01-01,yfinance.info/recommendations
SAFE,Real Estate,12.0600004196167,9.33419082409966,-22.602068828150788,17.9,16.5,28.0,13.0,10.0,2.72727,1970-01-01,yfinance.info/recommendations
SAFT,Financial Services,103.91999816894533,145.24046538420828,39.76180518025726,,,,,,,,yfinance.info/recommendations
SAFX,Utilities,0.3289999961853027,18.419067820483377,5498.500922203417,1.1,1.1,1.2,1.0,2.0,,,yfinance.info/recommendations
SAH,Consumer Cyclical,62.83000183105469,-12.647982660555364,-120.13048271837532,98.54545,98.0,139.0,72.0,11.0,,1970-01-01,yfinance.info/recommendations
SAIC,Technology,125.26000213623048,105.3800375512748,-15.8709598003476,133.7,133.5,154.0,103.0,10.0,2.81818,1970-01-01,yfinance.info/recommendations
SANA,Healthcare,2.890000104904175,-3.184496703939699,-210.1901933683594,8.42857,7.0,12.0,6.0,7.0,,1970-01-01,yfinance.info/recommendations
SANM,Technology,229.0399932861328,68.6714891906581,-70.01768634141162,260.0,265.0,300.0,210.0,4.0,,1970-01-01,yfinance.info/recommendations
SARO,Industrials,21.049999237060547,6.856508128876224,-67.4275136466291,34.38571,34.5,42.4,25.0,14.0,1.66667,1970-01-01,yfinance.info/recommendations
SB,Industrials,8.8100004196167,0.9680502292945627,-89.01191619538334,9.5,9.5,9.8,9.2,2.0,,1970-01-01,yfinance.info/recommendations
SBAC,Real Estate,158.49000549316406,148.64232817298782,-6.213437427510842,225.85,224.5,280.0,167.0,20.0,2.09524,1970-01-01,yfinance.info/recommendations
SBCF,Financial Services,32.68000030517578,15.830232816950387,-51.55987555347963,37.04167,37.0,38.75,35.5,6.0,2.66667,1970-01-01,yfinance.info/recommendations
SBDS,Consumer Cyclical,3.0,-88.84887563378791,-3061.62918779293,,,,,,,,yfinance.info/recommendations
SBET,Financial Services,9.350000381469728,0.0,-100.0,16.625,14.0,30.0,8.0,8.0,1.125,1970-01-01,yfinance.info/recommendations
SBGI,Communication Services,12.43000030517578,6.643785814988269,-46.55039700826206,17.57143,16.0,30.0,12.0,7.0,,1970-01-01,yfinance.info/recommendations
SBR,Energy,70.41000366210938,29.272970869691136,-58.424983174025634,,,,,,,,yfinance.info/recommendations
SBSI,Financial Services,30.729999542236328,5.898247379955953,-80.80622366476379,34.33333,35.0,35.0,33.0,3.0,3.0,1970-01-01,yfinance.info/recommendations
SBUX,Consumer Cyclical,94.70999908447266,17.11516264508036,-81.928874658931,111.86667,112.0,143.0,82.0,30.0,2.33333,1970-01-01,yfinance.info/recommendations
SCCO,Basic Materials,205.5399932861328,69.35741943585631,-66.2559980045812,171.44041,164.03162,275.0,138.33992,17.0,3.77778,1970-01-01,yfinance.info/recommendations
SCHW,Financial Services,96.6999969482422,13.635698002471978,-85.89896749451775,124.19048,125.0,145.0,91.0,21.0,1.78261,1970-01-01,yfinance.info/recommendations
SCI,Consumer Cyclical,77.13999938964844,37.59968172099145,-51.25786619329813,100.33333,100.0,105.0,97.0,6.0,,1970-01-01,yfinance.info/recommendations
SCKT,Technology,0.7099999785423279,-1.5907412213847545,-324.04806612116255,,,,,,,,yfinance.info/recommendations
SCL,Basic Materials,63.0,28.59818732079851,-54.6060518717484,85.0,85.0,85.0,85.0,1.0,,1970-01-01,yfinance.info/recommendations
SCNX,Healthcare,0.1589999943971634,0.0,-100.0,1.5,1.5,1.5,1.5,1.0,,1970-01-01,yfinance.info/recommendations
SCOR,Technology,4.239999771118164,4.682545071763516,10.437389729590599,5.0,5.0,5.0,5.0,1.0,,1970-01-01,yfinance.info/recommendations
SD,Energy,13.619999885559082,19.885146029529505,45.99960496778849,14.0,14.0,14.0,14.0,1.0,,1970-01-01,yfinance.info/recommendations
SDGR,Healthcare,30.309999465942383,-9.176270964211104,-130.27473152720427,21.42857,20.0,30.0,17.0,7.0,,1970-01-01,yfinance.info/recommendations
SDHC,Real Estate,10.079999923706056,18.62855441741107,84.80708887309213,13.16667,14.0,15.0,10.5,3.0,3.2,1970-01-01,yfinance.info/recommendations
SDOT,Consumer Defensive,10.710000038146973,0.0,-100.0,,,,,,,,yfinance.info/recommendations
SEAT,Communication Services,3.5199999809265137,-175.6512642529963,-5090.092761499459,11.67857,10.0,16.0,7.5,7.0,,1970-01-01,yfinance.info/recommendations
SEG,Real Estate,22.3799991607666,-20.24454171663369,-190.4581880062065,36.0,36.0,36.0,36.0,1.0,,1970-01-01,yfinance.info/recommendations
SEI,Energy,74.93000030517578,-23.840738467508793,-131.81734735140793,101.27143,102.5,120.0,82.0,14.0,1.35714,1970-01-01,yfinance.info/recommendations
SENEB,Consumer Defensive,174.22000122070312,229.14975604598828,31.52896018850313,,,,,,,,yfinance.info/recommendations
SEPN,Healthcare,37.709999084472656,2.677539956935009,-92.89965520567328,54.22222,51.0,62.0,48.0,9.0,1.1,1970-01-01,yfinance.info/recommendations
SERA,Healthcare,2.0899999141693115,-5.031984968400494,-340.76484091151264,5.5,5.5,6.0,5.0,2.0,,1970-01-01,yfinance.info/recommendations
SF,Financial Services,70.27999877929688,12.090984515479862,-82.79598075485222,88.5,85.5,103.0,81.0,8.0,2.375,1970-01-01,yfinance.info/recommendations
SFBS,Financial Services,40.150001525878906,6.509466818737465,-83.7871318272759,48.33333,48.0,50.0,47.0,3.0,,1970-01-01,yfinance.info/recommendations
SFM,Consumer Defensive,64.47000122070312,53.76383024010348,-16.60643830911173,94.5,97.5,114.0,70.0,14.0,2.1875,1970-01-01,yfinance.info/recommendations
SFNC,Financial Services,22.899999618530277,0.0,-100.0,25.92857,26.0,28.0,24.0,7.0,2.28571,1970-01-01,yfinance.info/recommendations
SGI,Consumer Cyclical,61.970001220703125,32.095931003797816,-48.20730938911921,93.44444,95.0,105.0,80.0,9.0,,1970-01-01,yfinance.info/recommendations
SGLY,Industrials,0.7300000190734863,0.0,-100.0,,,,,,,,yfinance.info/recommendations
SGRP,Industrials,0.6700000166893005,-4.545529346189248,-778.4371989496753,,,,,,,,yfinance.info/recommendations
SGU,Energy,12.880000114440918,62.50674096002005,385.3007795391101,,,,,,,,yfinance.info/recommendations
SHBI,Financial Services,23.0,6.69745570216951,-70.88062738187169,25.6,25.0,26.5,25.0,5.0,2.4,1970-01-01,yfinance.info/recommendations
SHFS,Financial Services,1.1799999475479126,0.0,-100.0,,,,,,,,yfinance.info/recommendations
SHLS,Technology,8.300000190734863,2.0510018329305972,-75.2891351108631,11.31579,12.0,15.0,6.5,19.0,,1970-01-01,yfinance.info/recommendations
SI,Unknown,19.01000022888184,-17.386438809175363,-191.45943503335786,26.25,26.0,28.0,25.0,4.0,1.25,1970-01-01,yfinance.info/recommendations
SIBN,Healthcare,18.07999992370605,-0.9357244733386865,-105.17546724163304,25.0,25.0,32.0,20.0,9.0,1.33333,1970-01-01,yfinance.info/recommendations
SID,Basic Materials,1.159999966621399,-20.207596925978386,-1842.0342678831944,1.15,1.15,1.5,0.8,2.0,,1970-01-01,yfinance.info/recommendations
SILO,Healthcare,1.4579999446868896,0.0,-100.0,,,,,,,,yfinance.info/recommendations
SINT,Healthcare,2.2100000381469727,-10.870286840801167,-591.8681743515091,9.25,9.25,12.5,6.0,4.0,1.25,1970-01-01,yfinance.info/recommendations
SIRI,Communication Services,25.71999931335449,27.586904645644527,7.258574580601534,33.23077,32.0,46.0,24.0,13.0,2.64286,1970-01-01,yfinance.info/recommendations
SITC,Real Estate,3.42,60.4346285812947,1667.0944029618333,,,,,,,1970-01-01,yfinance.info/recommendations
SITM,Technology,709.4400024414062,27.720538402519473,-96.09261695039407,849.5,850.0,900.0,730.0,10.0,1.54545,1970-01-01,yfinance.info/recommendations
SJM,Consumer Defensive,117.19000244140624,81.45858564092305,-30.490157911165262,142.125,145.0,157.0,120.0,16.0,2.10526,1970-01-01,yfinance.info/recommendations
SKIL,Consumer Defensive,5.710000038146973,-18.02297079433265,-415.6387158305786,,,,,,,1970-01-01,yfinance.info/recommendations
SKM,Communication Services,36.790000915527344,52606.802386103474,142892.1203505613,35.0,35.0,40.0,30.0,2.0,3.0,1970-01-01,yfinance.info/recommendations
SKT,Real Estate,35.11000061035156,7.352960610487503,-79.05736120004619,41.0,41.0,46.0,37.0,10.0,2.72727,1970-01-01,yfinance.info/recommendations
SKWD,Financial Services,55.0099983215332,26.042222314230532,-52.659110872874685,70.54545,72.0,80.0,56.0,11.0,1.92308,1970-01-01,yfinance.info/recommendations
SKYT,Technology,32.459999084472656,39.65544015925404,22.16710190304148,35.0,35.0,35.0,35.0,1.0,3.0,1970-01-01,yfinance.info/recommendations
SKYX,Industrials,1.1799999475479126,-1.0760287801170199,-191.1888837243638,4.0,4.0,5.0,2.5,7.0,1.16667,1970-01-01,yfinance.info/recommendations
SLB,Energy,48.7400016784668,57.45276445751888,17.87600016210373,62.51724,63.0,75.0,43.0,29.0,1.6,1970-01-01,yfinance.info/recommendations
SLDB,Healthcare,6.849999904632568,-8.58066838233627,-225.26523360289792,18.61538,18.0,26.0,11.0,13.0,1.38462,1970-01-01,yfinance.info/recommendations
SLG,Real Estate,48.810001373291016,0.0,-100.0,58.79412,60.0,79.0,43.0,17.0,2.52941,1970-01-01,yfinance.info/recommendations
SLGN,Consumer Cyclical,34.869998931884766,55.88356060781682,60.26258193176333,55.30769,57.0,61.0,47.0,13.0,,1970-01-01,yfinance.info/recommendations
SLM,Financial Services,22.75,7.770429258906811,-65.84426699381622,28.54545,28.0,35.0,23.0,11.0,2.09091,1970-01-01,yfinance.info/recommendations
SLVM,Basic Materials,32.47999954223633,44.45199742323075,36.85959990678658,50.4,47.0,65.0,45.0,5.0,,1970-01-01,yfinance.info/recommendations
SMA,Real Estate,32.5099983215332,0.9867380530381806,-96.96481665954252,36.93182,37.0,40.0,33.0,11.0,2.0,1970-01-01,yfinance.info/recommendations
SMBK,Financial Services,50.9900016784668,10.154405408028955,-80.08549701162848,52.70833,51.375,60.0,47.0,6.0,2.33333,1970-01-01,yfinance.info/recommendations
SMCI,Technology,43.68999862670898,-9.127606156629053,-120.891751987946,42.375,42.5,60.0,15.0,16.0,,1970-01-01,yfinance.info/recommendations
SMHI,Industrials,8.270000457763672,-4.429707551797466,-153.56357081744738,11.0,11.0,11.0,11.0,1.0,,1970-01-01,yfinance.info/recommendations
SMMT,Healthcare,16.7549991607666,-5.741399050900687,-134.26678208581896,29.77233,32.748985,43.112305,11.556285,13.0,1.76471,1970-01-01,yfinance.info/recommendations
SMP,Consumer Cyclical,37.52000045776367,30.06826421491656,-19.860704029669574,50.0,48.0,54.0,48.0,3.0,,1970-01-01,yfinance.info/recommendations
SMR,Industrials,7.75,-7.945151343065236,-202.51808184600307,11.96667,11.0,20.0,6.0,15.0,2.66667,1970-01-01,yfinance.info/recommendations
SMRT,Technology,1.2000000476837158,-0.33687002407225286,-128.0725008905201,1.45,1.45,1.5,1.4,2.0,,1970-01-01,yfinance.info/recommendations
SMSI,Technology,2.650000095367432,-4.3119894503282366,-262.7165771754572,11.0,11.0,12.0,10.0,2.0,,1970-01-01,yfinance.info/recommendations
SMXT,Technology,2.1600000858306885,0.0,-100.0,,,,,,,,yfinance.info/recommendations
SNAP,Communication Services,5.579999923706055,-0.16203470012656482,-102.90384771222267,7.39429,6.75,16.0,5.0,35.0,2.64286,1970-01-01,yfinance.info/recommendations
SND,Energy,5.340000152587891,9.921837409199755,85.80219336494584,,,,,,,,yfinance.info/recommendations
SNDK,Technology,1719.989990234375,633.5472978495878,-63.165640413799316,2136.5417,2150.0,3600.0,1000.0,24.0,1.52,1970-01-01,yfinance.info/recommendations
SNDR,Industrials,32.88999938964844,15.566679671284339,-52.67047746986676,37.5,37.0,45.0,32.0,14.0,2.4375,1970-01-01,yfinance.info/recommendations
SNES,Basic Materials,0.7789999842643738,-9.103936238422582,-1268.6696305930766,6.75,6.75,10.0,3.5,2.0,,1970-01-01,yfinance.info/recommendations
SNFCA,Financial Services,9.06999969482422,5.06790505689242,-44.1245289149854,,,,,,,,yfinance.info/recommendations
SNPS,Technology,489.8999938964844,94.33459857728529,-80.74411109357594,569.78,575.0,700.0,414.77,26.0,1.32,1970-01-01,yfinance.info/recommendations
SNTI,Healthcare,0.3219999969005584,0.0,-100.0,13.5,13.5,15.0,12.0,2.0,,1970-01-01,yfinance.info/recommendations
SNX,Technology,278.3699951171875,89.20114060355566,-67.95590682609166,339.63635,340.0,379.0,287.0,11.0,1.54545,1970-01-01,yfinance.info/recommendations
SO,Utilities,83.72000122070312,27.387062595266894,-67.28731223609401,98.13158,101.0,112.0,79.0,19.0,2.6087,1970-01-01,yfinance.info/recommendations
SOC,Energy,3.509999990463257,-14.638584434086232,-517.053688713948,9.6,10.0,11.0,8.0,5.0,1.0,1970-01-01,yfinance.info/recommendations
SOLS,Basic Materials,57.70000076293945,19.708223268206066,-65.84363430222933,79.625,81.5,86.0,65.0,8.0,1.375,1970-01-01,yfinance.info/recommendations
SOLV,Healthcare,87.8499984741211,157.17975639813073,78.91833708390199,93.92308,95.0,113.0,70.0,13.0,2.2,1970-01-01,yfinance.info/recommendations
SOTK,Technology,6.199999809265137,2.261816043940555,-63.51909494318776,8.5,8.5,10.0,7.0,2.0,2.0,1970-01-01,yfinance.info/recommendations
SPB,Consumer Defensive,78.31999969482422,103.62054431143436,32.304066285998886,99.71429,100.0,110.0,90.0,7.0,,1970-01-01,yfinance.info/recommendations
SPFI,Financial Services,43.02000045776367,29.367244184939675,-31.73583479207084,50.75,50.0,53.0,50.0,4.0,,1970-01-01,yfinance.info/recommendations
SPG,Real Estate,200.9499969482422,196.0484790225647,-2.4391729286465025,234.44444,224.5,285.0,207.0,18.0,2.45,1970-01-01,yfinance.info/recommendations
SPGI,Financial Services,386.2699890136719,117.54469736340486,-69.56929072756817,520.3,525.0,553.0,485.0,20.0,,1970-01-01,yfinance.info/recommendations
SPRY,Healthcare,4.070000171661377,0.0,-100.0,22.5,22.5,30.0,15.0,4.0,1.0,1970-01-01,yfinance.info/recommendations
SPSC,Technology,82.3499984741211,72.34417170595206,-12.1503666710005,75.45455,70.0,103.0,59.0,11.0,,1970-01-01,yfinance.info/recommendations
SPXC,Industrials,173.08999633789062,54.68901812357008,-68.40428720281955,263.30768,265.0,310.0,215.0,13.0,1.23077,1970-01-01,yfinance.info/recommendations
SQFT,Real Estate,1.1799999475479126,0.0,-100.0,,,,,,,,yfinance.info/recommendations
SRBK,Financial Services,18.5,1.0949790814888254,-94.08119415411444,,,,,,,1970-01-01,yfinance.info/recommendations
SRE,Utilities,78.37999725341797,-14.478315420032924,-118.47195193592783,99.91667,100.5,118.0,83.0,18.0,1.6,1970-01-01,yfinance.info/recommendations
SRFM,Industrials,0.972000002861023,-3.218488700402553,-431.120235692297,4.926,3.88,12.0,1.0,5.0,1.5,1970-01-01,yfinance.info/recommendations
SRG,Real Estate,1.809999942779541,0.0,-100.0,,,,,,,,yfinance.info/recommendations
SRRK,Healthcare,46.810001373291016,-18.744227485731376,-140.04321071527784,70.4375,71.5,84.0,58.0,16.0,1.22222,1970-01-01,yfinance.info/recommendations
SRTA,Healthcare,4.730000019073486,3.8743025945768683,-18.09085456757001,9.5625,8.75,12.75,8.0,4.0,,1970-01-01,yfinance.info/recommendations
SRZN,Healthcare,29.31999969482422,-18.315661644116677,-162.46815086887565,48.4,52.0,54.0,40.0,5.0,1.0,1970-01-01,yfinance.info/recommendations
SSD,Basic Materials,173.55999755859375,106.28469858458331,-38.76198428229313,219.0,218.0,230.0,212.0,5.0,,1970-01-01,yfinance.info/recommendations
SSNC,Technology,78.52999877929688,34.6963789930999,-55.8176753693685,93.55556,90.0,112.0,82.0,9.0,1.7,1970-01-01,yfinance.info/recommendations
SST,Industrials,2.440000057220459,-39.364058164052786,-1713.2810344641794,6.5,6.5,6.5,6.5,1.0,,1970-01-01,yfinance.info/recommendations
SSTI,Technology,8.329999923706055,-1.7387050644043527,-120.87281008798372,8.84,8.7,10.0,8.0,5.0,3.0,1970-01-01,yfinance.info/recommendations
STI,Industrials,5.309999942779541,-22.53792034868977,-524.4429489935588,,,,,,,,yfinance.info/recommendations
STIM,Healthcare,2.1600000858306885,-1.967746672793331,-191.09937937972717,5.75,5.5,7.0,5.0,4.0,1.25,1970-01-01,yfinance.info/recommendations
STLD,Basic Materials,231.9900054931641,82.58670484333499,-64.40074878752976,270.96072,272.0,310.0,205.45,14.0,2.0,1970-01-01,yfinance.info/recommendations
STM,Technology,57.2599983215332,8.807485938434274,-84.61843137162278,75.04167,73.5,98.0,52.0,12.0,1.92857,1970-01-01,yfinance.info/recommendations
STRS,Real Estate,18.5,-8.361034734681988,-145.19478234963236,,,,,,,,yfinance.info/recommendations
STT,Financial Services,175.9600067138672,22.72960177889212,-87.08251823617324,199.82143,200.0,215.0,150.0,14.0,2.0625,1970-01-01,yfinance.info/recommendations
STTK,Healthcare,6.730000019073486,0.0,-100.0,15.22222,15.0,19.0,10.0,9.0,1.27273,1970-01-01,yfinance.info/recommendations
STZ,Consumer Defensive,112.87000274658205,105.64042370576195,-6.405226246917077,163.34782,165.0,209.0,110.0,23.0,2.04167,1970-01-01,yfinance.info/recommendations
SU,Energy,69.55999755859375,86.904094449723,24.934010206828262,69.80461,67.37382,75.74307,66.29695,3.0,1.85714,1970-01-01,yfinance.info/recommendations
SUNE,Technology,2.3399999141693115,0.0,-100.0,,,,,,,,yfinance.info/recommendations
SUPN,Healthcare,42.380001068115234,1.2718386027472965,-96.99896514702033,61.75,62.5,67.0,55.0,4.0,,1970-01-01,yfinance.info/recommendations
SVCO,Technology,9.149999618530272,-4.9491973332916,-154.08959059701655,15.16667,14.5,18.0,14.0,6.0,1.16667,1970-01-01,yfinance.info/recommendations
SVRA,Healthcare,4.809999942779541,-4.346294997133432,-190.3595644248979,10.9375,10.25,16.0,9.0,8.0,,1970-01-01,yfinance.info/recommendations
SVV,Consumer Cyclical,9.25,0.17583382847535392,-98.09909374621239,14.22727,14.0,20.0,11.0,11.0,1.66667,1970-01-01,yfinance.info/recommendations
SWK,Industrials,91.33999633789062,50.36184535584598,-44.86331577073389,101.09091,100.0,110.0,93.0,11.0,2.46667,1970-01-01,yfinance.info/recommendations
SWKS,Technology,85.02999877929688,50.28112876356353,-40.866600628711296,69.82353,70.0,95.0,52.0,17.0,3.0,1970-01-01,yfinance.info/recommendations
SWX,Utilities,82.69000244140625,37.38701504509778,-54.78653532319092,100.625,102.5,107.0,91.0,8.0,1.22222,1970-01-01,yfinance.info/recommendations
SXC,Basic Materials,9.899999618530272,1.8622607498341537,-81.18928463039052,9.5,9.5,10.0,9.0,2.0,,1970-01-01,yfinance.info/recommendations
SXI,Industrials,288.5899963378906,70.853516157826,-75.44838107455799,338.4,342.0,350.0,310.0,5.0,,1970-01-01,yfinance.info/recommendations
SXTP,Healthcare,1.3899999856948853,-11.958305541600305,-960.3097600481009,3.7,3.7,3.7,3.7,1.0,,1970-01-01,yfinance.info/recommendations
SYF,Financial Services,71.7699966430664,105.09886319086674,46.43843960806453,89.17391,90.0,104.0,78.0,23.0,1.78261,1970-01-01,yfinance.info/recommendations
SYK,Healthcare,275.42999267578125,98.84823944863054,-64.11130157310485,367.8,360.0,465.0,298.0,25.0,1.67857,1970-01-01,yfinance.info/recommendations
SYRE,Healthcare,93.19000244140624,0.0,-100.0,120.21429,122.0,130.0,97.0,14.0,1.17647,1970-01-01,yfinance.info/recommendations
SYY,Consumer Defensive,77.48999786376953,49.80606736725045,-35.72581140754259,90.83333,90.5,100.0,78.0,12.0,2.28571,1970-01-01,yfinance.info/recommendations
TACT,Technology,4.809999942779541,1.5452802158826116,-67.87359180321228,7.0,7.0,7.0,7.0,1.0,,1970-01-01,yfinance.info/recommendations
TAIT,Technology,2.049999952316284,0.0,-100.0,,,,,,,,yfinance.info/recommendations
TALK,Healthcare,5.25,0.26635969418220196,-94.92648201557711,6.375,5.625,9.0,5.25,4.0,2.33333,1970-01-01,yfinance.info/recommendations
TALO,Energy,16.780000686645508,0.0,-100.0,20.22222,20.0,24.0,17.0,9.0,1.7,1970-01-01,yfinance.info/recommendations
TAP,Consumer Defensive,36.86000061035156,-39.80180657155309,-207.98102526448508,45.2381,44.0,61.0,33.0,21.0,2.7619,1970-01-01,yfinance.info/recommendations
TAP-A,Consumer Defensive,39.52000045776367,-16.468988416042652,-141.6725410558727,,,,,,,,yfinance.info/recommendations
TASK,Technology,8.0600004196167,13.643842156590672,69.27842985446789,8.5,8.0,12.0,7.0,6.0,2.75,1970-01-01,yfinance.info/recommendations
TAYD,Industrials,54.970001220703125,19.582388985566457,-64.37622603109709,70.0,70.0,70.0,70.0,1.0,,1970-01-01,yfinance.info/recommendations
TBCH,Technology,13.989999771118164,5.073259606651775,-63.736528308418336,16.4,17.0,21.0,11.0,5.0,,1970-01-01,yfinance.info/recommendations
TBI,Industrials,9.18000030517578,-7.109303437796366,-177.44338999409473,9.75,9.75,10.0,9.5,2.0,2.0,1970-01-01,yfinance.info/recommendations
TCBS,Financial Services,17.1299991607666,2.6026881173120713,-84.80625659764716,,,,,,,,yfinance.info/recommendations
TCBX,Financial Services,43.36000061035156,31.84022820658236,-26.56774040962312,48.14286,48.0,54.0,40.0,7.0,2.14286,1970-01-01,yfinance.info/recommendations
TCI,Real Estate,44.400001525878906,26.37981074953208,-40.58601386723739,,,,,,,,yfinance.info/recommendations
TD,Financial Services,117.87999725341795,272.71319288838225,131.34815001912875,119.512115,127.89681,135.26993,95.36961,3.0,2.21429,1970-01-01,yfinance.info/recommendations
TDC,Technology,30.13999938964844,59.37918732817887,97.01124263649656,33.5,31.5,49.0,27.0,8.0,2.875,1970-01-01,yfinance.info/recommendations
TDG,Industrials,1090.3800048828125,159.56177985327685,-85.366406285997,1484.3684,1415.0,1972.0,1210.0,19.0,2.08696,1970-01-01,yfinance.info/recommendations
TDOC,Healthcare,5.519999980926514,4.11101588503019,-25.525074289218217,7.67647,7.5,10.5,5.5,17.0,2.52174,1970-01-01,yfinance.info/recommendations
TDUP,Consumer Cyclical,2.1700000762939453,-0.16833692001740472,-107.75746147921342,7.24,6.5,10.0,5.7,5.0,1.28571,1970-01-01,yfinance.info/recommendations
TDY,Technology,617.1699829101562,214.427558859456,-65.2563208196937,758.0833,760.0,877.0,640.0,12.0,1.75,1970-01-01,yfinance.info/recommendations
TE,Industrials,3.920000076293945,-4.753345348925665,-221.2588075615443,8.77778,9.0,16.0,5.0,9.0,1.77778,1970-01-01,yfinance.info/recommendations
TEAM,Technology,187.88999938964844,16.26866476492091,-91.34138867541174,205.3942,185.0,480.0,145.0,31.0,1.54545,1970-01-01,yfinance.info/recommendations
TECH,Healthcare,72.4000015258789,13.355919905916226,-81.55259720382432,70.5,73.0,73.0,50.0,10.0,2.84615,1970-01-01,yfinance.info/recommendations
TECX,Healthcare,22.540000915527344,-20.447711755375636,-190.7174397729932,76.625,78.0,93.0,60.0,8.0,1.11111,1970-01-01,yfinance.info/recommendations
TELA,Healthcare,1.1399999856948853,-4.7713746074797,-518.5416374870667,2.08333,2.0,3.0,1.0,6.0,1.5,1970-01-01,yfinance.info/recommendations
TENX,Healthcare,1.9800000190734863,0.0,-100.0,12.55556,5.0,36.0,4.0,9.0,,1970-01-01,yfinance.info/recommendations
TER,Technology,449.0400085449219,49.46630693727972,-88.9839867281378,446.46667,450.0,550.0,350.0,15.0,1.64706,1970-01-01,yfinance.info/recommendations
TFC,Financial Services,46.45000076293945,12.339753247639102,-73.43433144249917,54.59167,55.0,61.0,45.0,18.0,2.61905,1970-01-01,yfinance.info/recommendations
TFIN,Financial Services,62.18000030517578,2.992376972281304,-95.18755716050997,77.6,82.0,88.0,67.0,5.0,2.8,1970-01-01,yfinance.info/recommendations
TFSL,Financial Services,16.81999969482422,1.246449874105962,-92.58947742734196,18.25,18.25,18.5,18.0,2.0,3.0,1970-01-01,yfinance.info/recommendations
TFX,Healthcare,124.12000274658205,-3.459659590447244,-102.787350559048,154.72726,155.0,170.0,138.0,11.0,2.38462,1970-01-01,yfinance.info/recommendations
TG,Industrials,7.03000020980835,8.961914920641277,27.481005023833347,,,,,,,,yfinance.info/recommendations
TGT,Consumer Defensive,156.0,99.44975306678901,-36.25015829051986,164.67647,164.0,200.0,128.0,34.0,2.47368,1970-01-01,yfinance.info/recommendations
TH,Industrials,18.84000015258789,1.2983452676892302,-93.10857082179542,25.2,25.0,27.0,23.0,5.0,,1970-01-01,yfinance.info/recommendations
THC,Healthcare,258.6199951171875,246.88911118769573,-4.535953967587153,284.63635,284.0,315.0,260.0,22.0,1.56522,1970-01-01,yfinance.info/recommendations
THO,Consumer Cyclical,69.55000305175781,115.33579546264987,65.83147433770654,83.81818,80.0,126.0,53.0,11.0,2.55556,1970-01-01,yfinance.info/recommendations
TIL,Healthcare,7.21999979019165,0.0,-100.0,7.0,7.0,7.0,7.0,1.0,,1970-01-01,yfinance.info/recommendations
TITN,Industrials,25.420000076293945,-12.803474892771124,-150.36772169293312,25.25,25.0,29.0,22.0,4.0,,1970-01-01,yfinance.info/recommendations
TJX,Consumer Cyclical,132.67999267578125,58.39594498645194,-55.987376989725114,169.8,175.0,198.0,136.0,20.0,,1970-01-01,yfinance.info/recommendations
TKO,Communication Services,175.5800018310547,76.48239735071489,-56.44014320930055,231.42105,235.0,250.0,185.0,19.0,1.5,1970-01-01,yfinance.info/recommendations
TKR,Industrials,122.44000244140624,88.69459875558056,-27.560766916820807,146.47363,150.0,160.0,130.0,11.0,2.0,1970-01-01,yfinance.info/recommendations
TLPH,Healthcare,1.1299999952316284,0.0,-100.0,3.125,3.0,3.5,3.0,4.0,,1970-01-01,yfinance.info/recommendations
TLS,Technology,4.190000057220459,1.162682626986314,-72.2510116680617,6.33333,5.5,9.0,4.0,6.0,,1970-01-01,yfinance.info/recommendations
TLYS,Consumer Cyclical,4.579999923706055,-0.10409352059003586,-102.27278433021905,5.5,5.5,5.5,5.5,1.0,,1970-01-01,yfinance.info/recommendations
TMC,Basic Materials,3.7899999618530273,-2.4437995796239305,-164.48020063908112,10.9,10.0,12.3,10.0,7.0,1.5,1970-01-01,yfinance.info/recommendations
TMDX,Healthcare,79.79499816894531,53.152469148403455,-33.388720636515565,97.3,97.5,125.0,65.0,10.0,1.83333,1970-01-01,yfinance.info/recommendations
TMO,Healthcare,654.7999877929688,166.60469102747834,-74.55639979636736,652.8461,650.0,780.0,520.0,26.0,1.53571,1970-01-01,yfinance.info/recommendations
TMUS,Communication Services,163.63999938964844,132.9687605741725,-18.74311838784823,241.84,235.0,296.0,169.0,25.0,1.67857,1970-01-01,yfinance.info/recommendations
TNC,Industrials,67.12000274658203,23.8199086663543,-64.51146053094092,87.75,90.5,93.0,77.0,4.0,1.66667,1970-01-01,yfinance.info/recommendations
TNDM,Healthcare,16.5,-10.631030848589726,-164.43048999145287,28.35,26.5,50.0,18.0,20.0,1.95833,1970-01-01,yfinance.info/recommendations
TNGX,Healthcare,23.239999771118164,-3.9811483734955884,-117.13058697377106,45.18182,40.0,69.0,24.0,11.0,1.25,1970-01-01,yfinance.info/recommendations
TNYA,Healthcare,0.5640000104904175,-1.179692611947809,-309.1653528378529,3.2,3.0,5.0,2.0,5.0,1.33333,1970-01-01,yfinance.info/recommendations
TOL,Consumer Cyclical,136.61000061035156,248.55861359713577,81.94759716464078,171.4,175.0,195.0,122.0,15.0,1.82353,1970-01-01,yfinance.info/recommendations
TOMZ,Industrials,1.3799999952316284,-1.7176553231248148,-224.46777746810875,7.0,7.0,7.0,7.0,1.0,,1970-01-01,yfinance.info/recommendations
TORO,Energy,5.380000114440918,0.3203647208844156,-94.04526553773674,,,,,,,,yfinance.info/recommendations
TOST,Technology,29.790000915527344,6.884392214360773,-76.89025846665065,38.92308,39.0,45.0,25.0,26.0,1.83333,1970-01-01,yfinance.info/recommendations
TPC,Industrials,86.7300033569336,53.99690600951255,-37.74137677904772,116.25,117.5,125.0,105.0,4.0,,1970-01-01,yfinance.info/recommendations
TPG,Financial Services,44.66999816894531,0.6378533594958604,-98.5720765935932,59.64706,61.0,68.0,46.0,17.0,1.82353,1970-01-01,yfinance.info/recommendations
TPL,Energy,340.19000244140625,56.84511651066134,-83.29018604229786,443.0,443.0,639.0,247.0,2.0,,1970-01-01,yfinance.info/recommendations
TPR,Consumer Cyclical,118.12000274658205,57.82261816987671,-51.047564489199196,166.5,167.0,232.0,96.0,20.0,,1970-01-01,yfinance.info/recommendations
TRAK,Technology,8.09000015258789,1.8115693062039677,-77.60730195259057,16.0,16.0,16.0,16.0,1.0,2.0,1970-01-01,yfinance.info/recommendations
TRC,Industrials,16.3799991607666,-4.234503269226628,-125.85166963481365,26.25,26.25,26.25,26.25,1.0,,1970-01-01,yfinance.info/recommendations
TRDA,Healthcare,5.380000114440918,-27.230033420415833,-606.1344394273409,19.0,20.0,25.0,11.0,4.0,,1970-01-01,yfinance.info/recommendations
TRGP,Energy,281.739990234375,71.06549648486694,-74.77621248380512,325.14285,325.0,359.0,284.0,21.0,1.36364,1970-01-01,yfinance.info/recommendations
TRIN,Financial Services,17.59000015258789,50.727413040901126,188.38779193209936,18.5,19.0,21.0,15.0,9.0,1.77778,1970-01-01,yfinance.info/recommendations
TRMB,Technology,57.52000045776367,8.800677119611303,-84.69979650630646,79.5,80.0,94.0,61.0,10.0,1.33333,1970-01-01,yfinance.info/recommendations
TRN,Industrials,26.1299991607666,-1.5098478969327171,-105.77821640040352,33.0,33.0,34.0,32.0,2.0,3.0,1970-01-01,yfinance.info/recommendations
TRNO,Real Estate,64.54000091552734,42.32332492827722,-34.423110740776465,74.11765,74.0,91.0,60.0,17.0,2.26316,1970-01-01,yfinance.info/recommendations
TRNS,Industrials,90.38999938964844,19.948490651520085,-77.93064411304265,104.33333,105.0,113.0,95.0,3.0,,1970-01-01,yfinance.info/recommendations
TROW,Financial Services,104.62000274658205,88.50266119828675,-15.405602298956026,108.83333,110.0,124.0,90.0,12.0,3.38462,1970-01-01,yfinance.info/recommendations
TRP,Energy,59.06999969482422,12.836455750144623,-78.26907767654963,66.676735,70.75816,71.59074,57.681293,3.0,1.875,1970-01-01,yfinance.info/recommendations
TRST,Financial Services,55.68999862670898,14.419988232385531,-74.10668237030681,,,,,,,,yfinance.info/recommendations
TRTX,Real Estate,6.139999866485596,6.384870838585601,3.988126668155197,9.875,10.0,11.0,8.25,6.0,,1970-01-01,yfinance.info/recommendations
TRUP,Financial Services,23.57999992370605,18.312361919176464,-22.339431813287625,34.25,33.0,42.0,29.0,4.0,2.33333,1970-01-01,yfinance.info/recommendations
TRV,Financial Services,360.3800048828125,94.2853320126107,-73.83724659106153,360.45834,359.5,430.0,262.0,24.0,2.96552,1970-01-01,yfinance.info/recommendations
TSBK,Financial Services,45.4900016784668,38.66337065892571,-15.006882320632123,,,,,,,,yfinance.info/recommendations
TSCO,Consumer Cyclical,31.09000015258789,39.44689117169622,26.879675066237386,35.48148,35.0,42.0,28.0,27.0,,1970-01-01,yfinance.info/recommendations
TSLA,Consumer Cyclical,370.5899963378906,26.256584544298637,-92.91492355331718,395.56894,412.5,600.0,125.0,38.0,2.34884,1970-01-01,yfinance.info/recommendations
TSN,Consumer Defensive,51.88999938964844,28.684535415670865,-44.72049382719176,64.25,65.5,75.0,56.0,12.0,2.53846,1970-01-01,yfinance.info/recommendations
TSSI,Technology,10.239999771118164,0.6818950347818769,-93.34086865211503,16.5,16.5,20.0,13.0,2.0,,1970-01-01,yfinance.info/recommendations
TTD,Communication Services,11.949999809265137,21.586245925665494,80.63804410213574,13.56667,13.5,20.0,9.0,30.0,3.11111,1970-01-01,yfinance.info/recommendations
TTEK,Industrials,33.119998931884766,28.45083375067019,-14.09772141242297,40.33333,40.0,46.0,36.0,6.0,2.0,1970-01-01,yfinance.info/recommendations
TTI,Energy,6.0,1.3922088114280466,-76.79651980953255,11.625,11.75,13.0,10.0,4.0,1.25,1970-01-01,yfinance.info/recommendations
TTWO,Communication Services,202.72999572753903,28.480836468785736,-85.95134559808169,286.4417,290.0,368.0,170.0,29.0,1.2069,1970-01-01,yfinance.info/recommendations
TUSK,Industrials,2.799999952316284,-3.9846899129199445,-242.31035645638607,,,,,,,,yfinance.info/recommendations
TWI,Industrials,6.989999771118164,-1.5804324263244396,-122.60990669634346,12.0,12.0,13.0,11.0,4.0,1.0,1970-01-01,yfinance.info/recommendations
TWIN,Industrials,28.51000022888184,11.332207834896549,-60.251814297018,30.0,30.0,30.0,30.0,1.0,,1970-01-01,yfinance.info/recommendations
TWST,Healthcare,188.6699981689453,-8.053253407779687,-104.26843350078818,120.83333,115.0,212.0,36.0,12.0,1.92308,1970-01-01,yfinance.info/recommendations
TXN,Technology,293.79998779296875,50.105593066403586,-82.94567898290339,324.7097,340.0,400.0,225.0,31.0,2.08333,1970-01-01,yfinance.info/recommendations
TXT,Industrials,77.26000213623047,63.3044857287432,-18.06305464874293,101.46667,100.0,115.0,86.0,15.0,2.1875,1970-01-01,yfinance.info/recommendations
TYL,Technology,322.8099975585937,111.52727366668067,-65.4511091632355,424.77274,427.5,525.0,335.0,22.0,1.54545,1970-01-01,yfinance.info/recommendations
TYRA,Healthcare,20.43000030517578,-13.109724591452178,-164.16898872062634,47.45455,50.0,59.0,29.0,11.0,1.26667,1970-01-01,yfinance.info/recommendations
TZOO,Communication Services,5.210000038146973,1.6731004229872894,-67.88674835437513,18.875,18.0,30.0,9.5,4.0,,1970-01-01,yfinance.info/recommendations
UA,Consumer Cyclical,4.59,-1.1418331402013358,-124.87653900220776,,,,,,,,yfinance.info/recommendations
UAA,Consumer Cyclical,4.710000038146973,-1.1418331402013358,-124.24274163383151,6.27105,5.5,12.0,4.0,19.0,3.0,1970-01-01,yfinance.info/recommendations
UAL,Industrials,112.51000213623048,187.52862010983193,66.67728784038832,155.21739,160.0,203.0,102.0,23.0,1.32,1970-01-01,yfinance.info/recommendations
UBER,Technology,68.11000061035156,88.4238912275372,29.825121766477082,100.77319,100.0,150.0,70.0,47.0,1.56863,1970-01-01,yfinance.info/recommendations
UCB,Financial Services,34.11000061035156,6.768236868682026,-80.15761727477651,40.16667,40.5,42.0,38.0,6.0,2.28571,1970-01-01,yfinance.info/recommendations
UCFI,Consumer Defensive,5.510000228881836,0.7561186441135093,-86.27733915236242,,,,,,,,yfinance.info/recommendations
UDR,Real Estate,33.27000045776367,8.69645130327009,-73.86098231555407,41.45238,41.0,46.0,38.0,21.0,2.36364,1970-01-01,yfinance.info/recommendations
UFI,Consumer Cyclical,6.539999961853027,2.870812373653488,-56.10378607953265,12.0,12.0,12.0,12.0,1.0,,1970-01-01,yfinance.info/recommendations
UFPI,Basic Materials,77.1500015258789,101.11572778355671,31.063805293171416,102.6,105.0,115.0,90.0,5.0,2.0,1970-01-01,yfinance.info/recommendations
UG,Consumer Defensive,7.130000114440918,5.227012866778147,-26.68986279268789,,,,,,,,yfinance.info/recommendations
UGI,Utilities,37.20000076293945,14.618111244301353,-60.704002837374496,43.25,42.5,46.0,42.0,4.0,1.25,1970-01-01,yfinance.info/recommendations
UHS,Healthcare,175.72000122070312,232.9795032256536,32.58564853583908,194.35294,191.0,290.0,166.0,17.0,2.4,1970-01-01,yfinance.info/recommendations
UIS,Technology,2.2799999713897705,-10.564069100036475,-563.3363698507927,4.8125,5.0,6.0,3.25,4.0,,1970-01-01,yfinance.info/recommendations
ULS,Industrials,65.98999786376953,26.051831744977246,-60.521544797199525,96.48333,95.5,120.0,79.0,12.0,1.84615,1970-01-01,yfinance.info/recommendations
ULTA,Consumer Cyclical,543.6900024414062,254.16868869880778,-53.25117483170943,631.44,635.0,731.0,500.0,25.0,1.78571,1970-01-01,yfinance.info/recommendations
UMBF,Financial Services,130.94000244140625,27.705699713462398,-78.84092011846396,166.5625,166.5,182.0,147.0,16.0,1.8125,1970-01-01,yfinance.info/recommendations
UMH,Real Estate,15.40999984741211,0.30344984861981755,-98.03082510302052,18.875,18.25,23.5,16.0,8.0,1.66667,1970-01-01,yfinance.info/recommendations
UNCY,Healthcare,4.21999979019165,-5.399670215301166,-227.95427686634886,28.4,27.5,42.0,13.0,10.0,1.2,1970-01-01,yfinance.info/recommendations
UNF,Industrials,251.77999877929688,186.1255812426951,-26.076105272425774,273.33334,278.0,280.0,262.0,3.0,,1970-01-01,yfinance.info/recommendations
UNFI,Consumer Defensive,45.59000015258789,33.57174337493275,-26.361607232793418,53.0,51.5,61.0,45.0,8.0,,1970-01-01,yfinance.info/recommendations
UNH,Healthcare,371.8999938964844,169.72443150606586,-54.362884030240835,481.72,490.0,529.0,380.0,25.0,1.57692,1970-01-01,yfinance.info/recommendations
UNIT,Real Estate,8.039999961853027,64.52510661124687,702.551081062137,10.41667,11.0,16.0,7.0,9.0,2.66667,1970-01-01,yfinance.info/recommendations
UNP,Industrials,278.2799987792969,129.7218040980805,-53.38443126810471,328.91666,334.5,375.0,245.0,24.0,1.72,1970-01-01,yfinance.info/recommendations
UNTY,Financial Services,55.34000015258789,85.30016404635155,54.13835166453757,68.55,68.0,72.0,66.75,5.0,1.4,1970-01-01,yfinance.info/recommendations
UONEK,Communication Services,3.569999933242798,-60.96094001855834,-1807.5893881932,,,,,,,,yfinance.info/recommendations
UP,Industrials,3.5,-49.92719178171131,-1526.4911937631803,,,,,,,,yfinance.info/recommendations
UPS,Industrials,93.0199966430664,129.73201649861588,39.46680410709942,115.61538,117.5,135.0,76.0,26.0,2.17241,1970-01-01,yfinance.info/recommendations
URI,Industrials,1081.0400390625,354.86855287384884,-67.17341263496604,1269.3334,1317.0,1610.0,950.0,21.0,1.77273,1970-01-01,yfinance.info/recommendations
USB,Financial Services,57.5099983215332,23.420092082474994,-59.276486235427484,69.61905,69.0,76.0,65.0,21.0,1.86957,1970-01-01,yfinance.info/recommendations
USGO,Basic Materials,6.519999980926514,0.0,-100.0,40.5,35.75,55.0,30.75,3.0,,1970-01-01,yfinance.info/recommendations
UTHR,Healthcare,541.7000122070312,373.5874083078116,-31.034262527387398,644.3571,685.0,728.0,321.0,14.0,1.86667,1970-01-01,yfinance.info/recommendations
UTI,Consumer Defensive,19.3799991607666,10.648207517585123,-45.055686384436775,38.83333,37.5,48.0,30.0,6.0,1.16667,1970-01-01,yfinance.info/recommendations
UVE,Financial Services,43.95000076293945,17.194931277635924,-60.87615249341375,45.0,45.0,45.0,45.0,1.0,,1970-01-01,yfinance.info/recommendations
UVV,Consumer Defensive,42.20000076293945,32.71222379463986,-22.48288340466541,67.0,67.0,67.0,67.0,1.0,0.0,1970-01-01,yfinance.info/recommendations
V,Financial Services,360.6600036621094,100.73692934762437,-72.068727243179,419.36163,422.0,466.0,330.0,37.0,1.45,1970-01-01,yfinance.info/recommendations
VABK,Financial Services,47.060001373291016,10.694677391397994,-77.27437934698452,,,,,,,,yfinance.info/recommendations
VANI,Healthcare,1.2300000190734863,-1.3080967432937136,-206.34932707391783,3.83333,4.0,4.0,3.5,3.0,,1970-01-01,yfinance.info/recommendations
VC,Consumer Cyclical,88.7699966430664,177.14563740641717,99.55575544144571,129.0,129.5,145.0,110.0,10.0,,1970-01-01,yfinance.info/recommendations
VECO,Technology,57.380001068115234,8.934744584027381,-84.42881767565491,61.33333,63.0,66.0,55.0,3.0,2.0,1970-01-01,yfinance.info/recommendations
VEEV,Healthcare,273.3299865722656,7.215115626927618,-97.36029122987571,297.2963,300.0,350.0,180.0,27.0,1.96552,1970-01-01,yfinance.info/recommendations
VERU,Healthcare,2.509999990463257,0.0,-100.0,24.5,24.5,25.0,24.0,2.0,1.0,1970-01-01,yfinance.info/recommendations
VFC,Consumer Cyclical,14.329999923706056,12.251184268331071,-14.506738774897057,18.32727,16.0,40.0,13.0,22.0,2.625,1970-01-01,yfinance.info/recommendations
VG,Energy,13.130000114440918,-5.071858940506217,-138.62801901218552,16.66667,16.0,22.0,14.0,18.0,2.11111,1970-01-01,yfinance.info/recommendations
VGAS,Utilities,1.090000033378601,-0.8314222924711145,-176.27727220282827,,,,,,,,yfinance.info/recommendations
VHI,Basic Materials,14.890000343322754,1.9803908457653048,-86.6998603082411,,,,,,,,yfinance.info/recommendations
VICI,Real Estate,22.649999618530277,75.66207053100219,234.04888214259398,31.66667,31.5,38.0,26.0,24.0,1.88,1970-01-01,yfinance.info/recommendations
VIR,Healthcare,11.170000076293944,-7.5516065474829155,-167.60614588991513,20.77778,20.0,30.0,15.0,9.0,1.3,1970-01-01,yfinance.info/recommendations
VIRC,Consumer Cyclical,6.510000228881836,2.0810448585206878,-68.03310621575616,6.7,6.7,6.7,6.7,1.0,,1970-01-01,yfinance.info/recommendations
VIRT,Financial Services,58.790000915527344,37.78783301561654,-35.724047580961695,66.28571,69.0,73.0,57.0,7.0,,1970-01-01,yfinance.info/recommendations
VITL,Consumer Defensive,9.0600004196167,-8.190521717205902,-190.40310527438606,13.22222,14.0,18.0,10.0,9.0,2.3,1970-01-01,yfinance.info/recommendations
VKTX,Healthcare,29.940000534057617,0.0,-100.0,94.81579,95.0,125.0,38.0,19.0,1.45,1970-01-01,yfinance.info/recommendations
VLGEA,Consumer Defensive,46.0,73.56236490948473,59.918184585836364,,,,,,,,yfinance.info/recommendations
VLO,Energy,406.2999877929688,274.9153848824323,-32.33684638392947,367.6316,385.0,457.0,238.0,19.0,2.4,1970-01-01,yfinance.info/recommendations
VLTO,Industrials,94.68000030517578,42.45559458294406,-55.158856732045045,114.78571,112.5,136.0,100.0,14.0,1.875,1970-01-01,yfinance.info/recommendations
VLY,Financial Services,12.81999969482422,4.2912271224038285,-66.52708873201992,16.57143,16.75,18.0,15.0,14.0,1.64286,1970-01-01,yfinance.info/recommendations
VMC,Basic Materials,243.05999755859372,165.29149803745076,-31.995597919149795,319.6087,321.0,365.0,238.0,23.0,1.83333,1970-01-01,yfinance.info/recommendations
VMI,Industrials,478.739990234375,163.90945014329105,-65.76232328888037,624.5,610.0,678.0,600.0,4.0,,1970-01-01,yfinance.info/recommendations
VNO,Real Estate,33.72999954223633,0.44576605424615134,-98.67842851972777,39.92308,40.0,50.0,31.0,13.0,2.76923,1970-01-01,yfinance.info/recommendations
VNOM,Energy,40.63999938964844,4.343911002611824,-89.31124245115447,54.95,55.5,65.0,45.0,20.0,1.25,1970-01-01,yfinance.info/recommendations
VNT,Technology,31.65999984741211,50.3470504469104,59.02416515970316,40.849,40.745,48.0,35.0,10.0,2.0,1970-01-01,yfinance.info/recommendations
VOYA,Financial Services,96.6500015258789,171.07850159243253,77.00827614226651,108.08333,109.5,125.0,90.0,12.0,,1970-01-01,yfinance.info/recommendations
VPG,Technology,79.06999969482422,10.63670549549322,-86.54773550455765,93.33333,98.0,105.0,77.0,3.0,,1970-01-01,yfinance.info/recommendations
VRDN,Healthcare,19.399999618530277,-21.006489048911625,-208.2808735153112,36.75,36.5,50.0,22.0,16.0,1.17647,1970-01-01,yfinance.info/recommendations
VRM,Financial Services,9.029999732971191,-34.14605585983921,-478.14016466868645,,,,,,,,yfinance.info/recommendations
VRNS,Technology,47.56999969482422,-1.9493061200576594,-104.09776357486449,51.31818,54.0,60.0,28.0,22.0,,1970-01-01,yfinance.info/recommendations
VRRM,Technology,2.809999942779541,8.715903070796557,210.1744928213461,7.0,6.0,10.0,5.0,6.0,,1970-01-01,yfinance.info/recommendations
VRSK,Industrials,163.8800048828125,88.26166552338458,-46.14250494653156,234.76471,235.0,260.0,195.0,17.0,2.05263,1970-01-01,yfinance.info/recommendations
VRSN,Technology,288.32000732421875,105.42604377335681,-63.4343642150355,324.4,325.0,355.0,285.0,5.0,1.8,1970-01-01,yfinance.info/recommendations
VRTS,Financial Services,133.80999755859375,305.94978920668717,128.6449404295935,145.5,145.0,172.0,120.0,4.0,3.5,1970-01-01,yfinance.info/recommendations
VRTX,Healthcare,504.7300109863281,204.51745715718826,-59.479830264595044,571.3929,577.5,672.0,350.0,28.0,1.65625,1970-01-01,yfinance.info/recommendations
VSEC,Industrials,167.27999877929688,2.6680751012492196,-98.405024437638,270.0,270.0,290.0,245.0,9.0,1.45455,1970-01-01,yfinance.info/recommendations
VST,Utilities,140.02000427246094,42.07811513166679,-69.94849746627048,212.78947,217.0,305.0,106.0,19.0,1.35,1970-01-01,yfinance.info/recommendations
VSTD,Consumer Cyclical,0.001,0.0,-100.0,,,,,,,,yfinance.info/recommendations
VSTS,Industrials,14.029999732971191,2.435090726291435,-82.64368658134147,13.0,13.0,17.0,9.3,7.0,,1970-01-01,yfinance.info/recommendations
VTR,Real Estate,84.01000213623047,13.26613113947764,-84.20886703708767,101.81818,102.0,113.0,90.0,22.0,1.6087,1970-01-01,yfinance.info/recommendations
VTRS,Healthcare,17.600000381469727,5.660377839840689,-67.83876297070849,19.4,20.0,25.0,13.0,10.0,2.0,1970-01-01,yfinance.info/recommendations
VTS,Energy,16.8700008392334,16.241910085060464,-3.7231222461603366,21.5,21.5,22.5,20.5,4.0,1.5,1970-01-01,yfinance.info/recommendations
VTSI,Technology,2.789999961853028,-2.432896789762913,-187.20060297588898,6.25,6.25,7.5,5.0,2.0,,1970-01-01,yfinance.info/recommendations
VUZI,Technology,2.9800000190734863,-1.5865728236942898,-153.24069844092057,6.0,6.0,6.0,6.0,1.0,,1970-01-01,yfinance.info/recommendations
VZ,Communication Services,45.91999816894531,64.36757680497905,40.17330002532412,51.16522,51.0,62.0,44.0,23.0,2.26923,1970-01-01,yfinance.info/recommendations
W,Consumer Cyclical,101.25,-2.5009708657433847,-102.47009468221569,124.03448,125.0,156.0,83.0,29.0,1.93939,1970-01-01,yfinance.info/recommendations
WAB,Industrials,287.5400085449219,71.81801381015889,-75.02329704530878,329.58334,335.0,355.0,292.0,12.0,1.41667,1970-01-01,yfinance.info/recommendations
WABC,Financial Services,59.59999847412109,36.16088185591165,-39.32737788304968,64.0,64.0,64.0,64.0,1.0,,1970-01-01,yfinance.info/recommendations
WAL,Financial Services,76.37999725341797,74.19819204864308,-2.8565138560243333,92.0625,92.5,97.0,84.0,16.0,1.8125,1970-01-01,yfinance.info/recommendations
WAT,Healthcare,425.2099914550781,64.87288891955613,-84.74332912602554,448.91302,455.0,515.0,349.0,23.0,1.625,1970-01-01,yfinance.info/recommendations
WATT,Technology,13.34000015258789,-8.434302907386288,-163.2256582527106,28.25,28.25,28.25,28.25,1.0,,1970-01-01,yfinance.info/recommendations
WAY,Healthcare,24.809999465942383,8.790109783036128,-64.57029434804042,33.68182,33.0,44.0,28.0,22.0,1.36364,1970-01-01,yfinance.info/recommendations
WBD,Communication Services,30.940000534057617,14.393030621984344,-53.48083266468912,30.16667,31.0,31.25,26.0,12.0,2.95,1970-01-01,yfinance.info/recommendations
WBS,Financial Services,77.56999969482422,50.564974102075155,-34.8137497730981,76.18182,77.0,81.0,72.0,11.0,2.75,1970-01-01,yfinance.info/recommendations
WBTN,Communication Services,10.5,-5.4566615316174865,-151.96820506302367,11.28571,11.0,13.0,10.0,7.0,,1970-01-01,yfinance.info/recommendations
WCC,Industrials,381.7300109863281,97.34824311245599,-74.49814258487983,399.18182,400.0,440.0,275.0,11.0,1.45455,1970-01-01,yfinance.info/recommendations
WDAY,Technology,186.13999938964844,53.49491059646889,-71.26092684437614,208.25974,215.0,275.0,92.0,38.0,2.2619,1970-01-01,yfinance.info/recommendations
WDC,Technology,415.2900085449219,127.1784322109797,-69.37599518548907,664.9167,640.0,1050.0,420.0,24.0,,1970-01-01,yfinance.info/recommendations
WEAV,Healthcare,7.369999885559082,0.28091452589362387,-96.18840528825444,7.4,7.4,7.4,7.4,3.0,,1970-01-01,yfinance.info/recommendations
WEC,Utilities,101.58999633789062,6.442786184072253,-93.65805057946514,120.26471,120.0,135.0,108.5,17.0,2.36842,1970-01-01,yfinance.info/recommendations
WELL,Real Estate,227.7100067138672,11.052945868052,-95.14604297476448,262.04544,262.5,292.0,219.0,22.0,1.63636,1970-01-01,yfinance.info/recommendations
WEST,Consumer Defensive,8.140000343322754,-2.3005655287871845,-128.2624745915931,10.0,10.0,11.0,9.0,4.0,,1970-01-01,yfinance.info/recommendations
WETH,Technology,1.0,3.446493621562961,244.6493621562961,,,,,,,,yfinance.info/recommendations
WEX,Technology,169.10000610351562,50.15997779147002,-70.33709285571268,195.36365,195.0,224.0,172.0,11.0,2.4,1970-01-01,yfinance.info/recommendations
WEYS,Consumer Cyclical,50.88999938964844,42.72348000623405,-16.047395325918483,,,,,,,,yfinance.info/recommendations
WF,Financial Services,75.20999908447266,54015.43344687846,71719.48424997403,93.54644,93.54644,93.54644,93.54644,1.0,1.0,1970-01-01,yfinance.info/recommendations
WFC,Financial Services,80.44999694824219,28.573583457518655,-64.48280355324118,100.19565,100.0,115.0,90.0,23.0,1.84615,1970-01-01,yfinance.info/recommendations
WFCF,Industrials,12.729999542236328,8.020926280167757,-36.99193583192628,,,,,,,,yfinance.info/recommendations
WFG,Basic Materials,66.5,-68.13094038895979,-202.45254193828544,86.5,86.5,90.0,83.0,6.0,1.85714,1970-01-01,yfinance.info/recommendations
WGO,Consumer Cyclical,26.299999237060547,43.379010567682094,64.93920846413836,37.90909,35.0,73.0,29.0,11.0,2.33333,1970-01-01,yfinance.info/recommendations
WGS,Healthcare,73.08999633789062,-15.71128486480189,-121.49580743193577,93.5,92.5,103.0,83.0,8.0,1.125,1970-01-01,yfinance.info/recommendations
WH,Consumer Cyclical,71.79000091552734,32.26605238278044,-55.05494919724724,97.58824,98.0,115.0,80.0,17.0,1.58824,1970-01-01,yfinance.info/recommendations
WHD,Energy,63.43999862670898,45.468602559680875,-28.32817852467912,69.0,72.0,83.0,57.0,9.0,2.22222,1970-01-01,yfinance.info/recommendations
WHG,Financial Services,19.61000061035156,31.754841388994752,61.9318735371802,,,,,,,,yfinance.info/recommendations
WHR,Consumer Cyclical,30.309999465942383,15.458120298492737,-48.999932131763494,50.66667,42.5,137.0,31.0,12.0,3.15385,1970-01-01,yfinance.info/recommendations
WHWK,Healthcare,3.700000047683716,0.0,-100.0,7.71429,8.0,10.0,4.0,7.0,1.77778,1970-01-01,yfinance.info/recommendations
WIT,Technology,1.7200000286102295,163.90279630384168,9429.23218473875,1.66566,1.65,1.9,1.56,7.0,4.0,1970-01-01,yfinance.info/recommendations
WK,Technology,71.2300033569336,10.066968873321876,-85.86695437472284,89.8,90.0,105.0,80.0,10.0,1.18182,1970-01-01,yfinance.info/recommendations
WLDN,Industrials,73.54000091552734,31.206678719035832,-57.56502810642906,137.5,137.5,145.0,130.0,2.0,1.0,1970-01-01,yfinance.info/recommendations
WLFC,Industrials,45.66999816894531,5.643502161072462,-87.64286755564197,75.5,75.5,80.0,71.0,2.0,,1970-01-01,yfinance.info/recommendations
WLK,Basic Materials,63.5,-30.654506715139945,-148.27481372462984,87.375,88.0,114.0,67.0,16.0,2.375,1970-01-01,yfinance.info/recommendations
WLYB,Communication Services,49.535,30.8078597564888,-37.80587512569132,,,,,,,,yfinance.info/recommendations
WM,Industrials,204.4499969482422,79.06102742962845,-61.329895519811004,258.56,262.0,277.0,220.0,25.0,1.75,1970-01-01,yfinance.info/recommendations
WMB,Energy,70.54000091552734,10.625911305878974,-84.93633233914521,85.45833,85.0,103.0,69.0,24.0,1.4,1970-01-01,yfinance.info/recommendations
WMT,Consumer Defensive,104.26000213623048,44.96156298053516,-56.87553993928899,126.775,127.0,155.0,81.0,40.0,1.53488,1970-01-01,yfinance.info/recommendations
WNEB,Financial Services,13.93000030517578,8.979729610750892,-35.53675941116514,14.75,14.75,15.5,14.0,2.0,,1970-01-01,yfinance.info/recommendations
WOLF,Technology,35.279998779296875,0.0,-100.0,27.5,27.5,30.0,25.0,2.0,3.0,1970-01-01,yfinance.info/recommendations
WPM,Basic Materials,136.27999877929688,5.882260700574077,-95.68369478040553,177.811,173.0,224.11,153.0,10.0,1.3125,1970-01-01,yfinance.info/recommendations
WRB,Financial Services,68.9800033569336,28.44023344041458,-58.77032175070794,69.35294,70.0,83.0,51.0,17.0,3.38889,1970-01-01,yfinance.info/recommendations
WRBY,Healthcare,27.030000686645508,2.1073286288671285,-92.20374185965788,30.46154,32.0,35.0,24.0,13.0,1.71429,1970-01-01,yfinance.info/recommendations
WSBC,Financial Services,38.11000061035156,7.867178162110969,-79.35665695063237,44.5,45.0,47.0,41.0,8.0,2.125,1970-01-01,yfinance.info/recommendations
WSC,Industrials,17.299999237060547,1.3174640202705752,-92.38460070305514,29.9,29.0,37.0,26.0,10.0,2.4,1970-01-01,yfinance.info/recommendations
WSO,Industrials,297.4700012207031,265.6560625474,-10.694839325898714,379.2,367.5,485.0,330.0,10.0,2.78571,1970-01-01,yfinance.info/recommendations
WSO-B,Industrials,310.8999938964844,265.6560625474,-14.552567461338894,,,,,,,,yfinance.info/recommendations
WST,Healthcare,364.9800109863281,81.24499183703388,-77.73987906420517,407.5625,410.0,459.0,340.0,16.0,1.35294,1970-01-01,yfinance.info/recommendations
WT,Financial Services,24.3799991607666,13.886893052093752,-43.039813248061265,26.32857,27.0,29.0,21.3,7.0,1.71429,1970-01-01,yfinance.info/recommendations
WTFC,Financial Services,145.02000427246094,48.38987702312401,-66.63227444662739,177.06667,180.0,192.0,160.0,15.0,2.06667,1970-01-01,yfinance.info/recommendations
WTI,Energy,3.559999942779541,2.871754292006985,-19.33274330996743,4.15,4.2,4.25,4.0,3.0,1.33333,1970-01-01,yfinance.info/recommendations
WTRG,Utilities,39.380001068115234,0.9702141153350552,-97.53627707206792,42.2,41.0,49.0,38.0,5.0,2.71429,1970-01-01,yfinance.info/recommendations
WWD,Industrials,331.6199951171875,77.09401653448667,-76.75230152897045,433.75,426.5,502.0,388.0,12.0,1.53846,1970-01-01,yfinance.info/recommendations
WWW,Consumer Cyclical,19.200000762939453,12.26930109696709,-36.09739265922454,24.3,24.5,31.0,19.0,10.0,,1970-01-01,yfinance.info/recommendations
WY,Real Estate,18.46999931335449,1.4041956939743678,-92.3974242221055,30.63636,30.0,38.0,24.0,11.0,1.66667,1970-01-01,yfinance.info/recommendations
WYNN,Consumer Cyclical,75.87999725341797,32.35589196615304,-57.359128706748095,132.005,133.0,144.0,116.0,20.0,1.19048,1970-01-01,yfinance.info/recommendations
XAIR,Healthcare,2.819999933242798,-179.07687044457805,-6450.243783114295,20.0,20.0,30.0,10.0,2.0,,1970-01-01,yfinance.info/recommendations
XBIT,Healthcare,2.190000057220459,-6.839549681230107,-412.3081964623709,,,,,,,,yfinance.info/recommendations
XBP,Technology,3.164999961853028,112.58688335534305,3457.247542253563,5.0,5.0,5.0,5.0,1.0,,,yfinance.info/recommendations
XEL,Utilities,71.4000015258789,-4.993126656340989,-106.99317443926277,90.61111,92.0,101.0,74.0,18.0,1.42105,1970-01-01,yfinance.info/recommendations
XHR,Real Estate,18.200000762939453,1.586464160316352,-91.28316431971332,21.1,21.0,22.0,20.5,5.0,,1970-01-01,yfinance.info/recommendations
XMTR,Industrials,102.52999877929688,-4.265150173191722,-104.15990463666421,112.09091,110.0,126.0,95.0,11.0,1.75,1970-01-01,yfinance.info/recommendations
XOM,Energy,164.00999450683594,89.04520762245836,-45.70745039641657,173.40909,177.0,200.0,142.0,22.0,2.4,1970-01-01,yfinance.info/recommendations
XPEL,Consumer Cyclical,44.970001220703125,17.940345066552986,-60.1059715820206,61.66667,60.0,65.0,60.0,3.0,,1970-01-01,yfinance.info/recommendations
XPO,Industrials,186.08999633789065,30.24023168810904,-83.74967366155421,230.56522,240.0,275.0,115.0,23.0,1.72,1970-01-01,yfinance.info/recommendations
XPON,Industrials,4.199999809265137,0.0,-100.0,,,,,,,,yfinance.info/recommendations
XPRO,Energy,16.299999237060547,13.582719246127771,-16.670430172503462,17.75,17.5,20.0,16.0,4.0,,1970-01-01,yfinance.info/recommendations
XTIA,Industrials,0.7699999809265137,-9.15165163590293,-1288.5262159215995,5.0,5.0,5.0,5.0,1.0,,,yfinance.info/recommendations
XYL,Industrials,101.79000091552734,37.70123686130403,-62.96174818527487,152.9375,158.5,180.0,129.0,16.0,1.85714,1970-01-01,yfinance.info/recommendations
XYZ,Technology,74.33000183105469,44.99497756817711,-39.465927001526794,98.38738,99.0,125.0,75.0,42.0,1.59574,1970-01-01,yfinance.info/recommendations
XZO,Financial Services,14.399999618530272,10.817223165092567,-24.88039269686716,26.0,26.0,27.0,25.0,2.0,,1970-01-01,yfinance.info/recommendations
YELP,Communication Services,18.26000022888184,60.73494536100959,232.61196385389496,25.125,25.0,30.0,19.0,8.0,,1970-01-01,yfinance.info/recommendations
YEXT,Technology,6.510000228881836,3.2936967712726894,-49.40558132916659,7.0,7.0,7.0,7.0,1.0,,1970-01-01,yfinance.info/recommendations
YHC,Consumer Defensive,1.2799999713897705,0.0,-100.0,,,,,,,,yfinance.info/recommendations
ZBH,Healthcare,88.29000091552734,51.8057860720411,-41.323156037106635,107.57143,106.0,130.0,93.0,21.0,2.44444,1970-01-01,yfinance.info/recommendations
ZBRA,Technology,375.8599853515625,89.7892956661399,-76.11097239251073,411.45267,420.0,455.0,350.0,15.0,1.9375,1970-01-01,yfinance.info/recommendations
ZETA,Technology,32.630001068115234,3.093962457009124,-90.51804365390468,31.64286,30.0,44.0,25.0,14.0,1.53333,1970-01-01,yfinance.info/recommendations
ZS,Technology,196.6000061035156,12.800868528782496,-93.48887684060271,210.13068,214.5,298.0,155.0,44.0,1.58696,1970-01-01,yfinance.info/recommendations
ZTEK,Healthcare,0.492,-0.3755320232388566,-176.3276469997676,,,,,,,,yfinance.info/recommendations
ZTS,Healthcare,69.69000244140625,72.87850397147056,4.575263909260347,96.0,89.5,155.0,80.0,14.0,2.29412,1970-01-01,yfinance.info/recommendations
ZVIA,Consumer Defensive,1.2100000381469729,0.06112876174681223,-94.94803637854207,3.95833,4.0,6.0,1.75,6.0,,1970-01-01,yfinance.info/recommendations
ZWS,Industrials,47.66999816894531,17.851080567966513,-62.55279787362018,58.0,58.0,65.0,51.0,9.0,2.3,1970-01-01,yfinance.info/recommendations
