symbol,sector,last_price,eps_ttm,g_base,fcf_ttm,fcf_mode,terminal_method,exit_multiple_used,shares,equity_last,roe_ttm,ebitda_ttm,net_debt,minority_interest,model,coe,wacc,terminal_pe_used,intrinsic,intrinsic_s_bull,intrinsic_s_base,intrinsic_s_bear,upside_pct,flags
A,Healthcare,175.02999877929688,5.08,0.042184924178831684,1267000000.0,fcfe,,,281965813.0,,,2035000000.0,2191000000.0,,eps_dcf,0.12061500061035157,0.10844775051879883,15.0,75.21695615408957,103.59153897102635,73.55391012173692,51.83151143421077,-57.026248826674575,
AA,Basic Materials,41.970001220703125,4.86,-0.3,352000000.0,fcfe,,,263909445.0,,,1993000000.0,873000000.0,67000000.0,eps_dcf,0.14206500061035157,0.11642375045776368,15.0,14.202042406997972,18.8673582357131,13.336132213164351,12.134457159783707,-66.1614439029553,
AAMI,Financial Services,92.4800033569336,2.83,-0.3,-50100000.0,fcfe,,,35490128.0,,,198000000.0,192900000.0,41200000.0,eps_dcf,0.12435500061035157,0.10738400048828127,15.0,8.743216670837558,11.66480121495956,8.20216616841893,7.444783633971438,-90.54583006761749,
AAPL,Technology,329.3999938964844,8.719999999999999,-0.1906473899081339,136683000000.0,fcfe,,,14594180000.0,,,167959000000.0,44800000000.0,,eps_dcf,0.11203500061035157,0.10115475051879884,15.0,46.455076894861406,64.71624742744496,45.26685446164741,31.75857366191984,-85.8970620049677,
AARD,Healthcare,5.349999904632568,-3.21,0.12992006969622727,,fcfe,,,21884158.0,,,-73913000.0,-73172000.0,,eps_dcf,0.10736000061035156,0.09718100051879883,15.0,,,,,,eps<=0_block|no_intrinsic
AAT,Real Estate,21.34000015258789,0.29,-0.05160187992533882,88654000.0,fcfe,,,61404213.0,,,232378000.0,1595575000.0,-68132000.0,eps_dcf,0.10576500061035157,0.08257225039672852,15.0,3.027517752047736,4.202160253789218,2.955522583964084,2.0688607545572117,-85.81294409372067,
ABAT,Industrials,2.190000057220459,-0.56,0.2663441488784857,-37765423.0,fcfe,,,142577758.0,,,-70166359.0,-49329311.0,,eps_dcf,0.12127500061035155,0.10083125045776367,15.0,,,,,,eps<=0_block|no_intrinsic
ABBV,Healthcare,263.2900085449219,3.54,-0.3,18210000000.0,fcfe,,,1767117285.0,,,19484000000.0,64253000000.0,47000000.0,eps_dcf,0.08,0.08,15.0,12.539851032244599,16.46547469778806,11.849014308633397,10.686737537534741,-95.2372476640696,
ABCB,Financial Services,80.45999908447266,5.53,0.3,521976000.0,fcfe,,,67107239.0,,,,188235000.0,,eps_dcf,0.10294000205993653,0.09025200164794923,15.0,239.71891555153422,324.77246543650847,235.20981066870365,168.19268031505166,197.9355186169716,
ABM,Industrials,48.619998931884766,2.77,-0.26514106947188165,312300000.0,fcfe,,,58614592.0,,,439400000.0,1771700000.0,,eps_dcf,0.08919000205993652,0.08,15.0,11.157837415350688,15.417921273256159,10.7502987161656,8.120369655000482,-77.05093035690417,
ABNB,Consumer Cyclical,156.9600067138672,4.4,0.3,,fcfe,,,589585682.0,,,2914000000.0,-4325000000.0,,eps_dcf,0.11619500205993653,0.09702125154495239,15.0,180.373720156844,244.0861701161441,177.0053196021434,126.76647186164568,14.916993145686611,
ABOS,Healthcare,2.244999885559082,-1.9,-0.3,,fcfe,,,72317285.0,,,-100543000.0,-27797000.0,,eps_dcf,0.08,0.08,15.0,,,,,,eps<=0_block|no_intrinsic
ABT,Healthcare,100.94999694824219,3.0900000000000003,0.3,7378000000.0,fcfe,,,1730383296.0,,,11836000000.0,27244000000.0,640000000.0,eps_dcf,0.08457000205993653,0.08,15.0,143.98969164997862,192.00849609375,142.16551949336227,101.44340367605636,42.63466666948312,
ACET,Healthcare,6.829999923706055,-11.45,-0.3,-85024000.0,fcfe,,,9361490.0,,,-93163000.0,-20277000.0,,eps_dcf,0.13962500205993653,0.12460625175094604,15.0,,,,,,eps<=0_block|no_intrinsic
ACGL,Financial Services,95.12000274658203,12.790000000000001,0.150099718377533,6055000000.0,fcfe,,,341229126.0,,,,3177000000.0,0.0,eps_dcf,0.08,0.08,15.0,343.5549078990437,457.0960665146175,340.27050499952213,239.86695798203462,261.1805067061867,
ACHC,Healthcare,28.040000915527344,-12.45,0.13324628738256772,-134031000.0,fcfe,,,93100275.0,,,-749314000.0,2393974000.0,212725000.0,eps_dcf,0.08666000205993653,0.08,15.0,,,,,,eps<=0_block|no_intrinsic
ACHR,Industrials,5.059999942779541,-1.1800000000000002,0.3,-681000000.0,fcfe,,,770026800.0,,,-914000000.0,-727100000.0,23300000.0,eps_dcf,0.23021000205993652,0.1825325015449524,15.0,,,,,,eps<=0_block|no_intrinsic
ACI,Consumer Defensive,11.640000343322754,0.08000000000000013,0.3,564300000.0,fcfe,,,485325683.0,,,3250900000.0,15407600000.0,,eps_dcf,0.08,0.08,15.0,3.782212344317168,4.9710937500000085,3.754183905784606,2.6774162542320137,-67.50676775978944,
ACIU,Healthcare,2.5999999046325684,-0.71,-0.3,-70162000.0,fcfe,,,99426932.0,,,-41676000.0,-23655000.0,,eps_dcf,0.14006500205993652,0.12498025175094604,15.0,,,,,,eps<=0_block|no_intrinsic
ACMR,Technology,75.61000061035156,2.1,-0.3,-119802000.0,fcfe,,,69649196.0,,,264963000.0,-619910000.0,544969000.0,eps_dcf,0.15975500205993654,0.14171675175094606,15.0,5.813753351998887,7.691037512220396,5.464534833651708,4.9841247468189165,-92.31086720662857,
ACN,Technology,177.1199951171875,12.52,-0.15277349278266872,12581688000.0,fcfe,,,611942109.0,,,12330716000.0,-1776475000.0,1617147000.0,eps_dcf,0.11240000205993653,0.10146500175094604,15.0,79.88197172321989,111.20722170648222,77.87721266967542,54.570998900590965,-54.89951788313468,
ACNB,Financial Services,62.810001373291016,5.27,-0.19139060359319782,58816000.0,fcfe,,,10169930.0,,,,227267000.0,,eps_dcf,0.09954500019073487,0.0875360001525879,15.0,29.25836624975308,40.86660033636256,28.49981924475507,19.925773178137646,-53.41766341340226,
ACNT,Basic Materials,14.350000381469727,-0.47,0.3,-8401000.0,fcfe,,,9009453.0,,,-1795000.0,-14238000.0,,eps_dcf,0.08,0.08,15.0,,,,,,eps<=0_block|no_intrinsic
ACOG,Healthcare,8.710000038146973,-1.8399999999999999,0.08461063913019684,-37081797.0,fcfe,,,21777868.0,,,-28891170.0,-40472824.0,,eps_dcf,0.17561000019073486,0.15519350016212463,15.0,,,,,,eps<=0_block|no_intrinsic
ACON,Healthcare,2.380000114440918,-8.14,-0.3,-8260842.0,fcfe,,,2882371.0,,,-9239644.0,-16285462.0,,eps_dcf,0.12044500019073487,0.10830325016212464,15.0,,,,,,eps<=0_block|no_intrinsic
ACRE,Real Estate,4.110000133514404,-0.08000000000000003,-0.3,13210000.0,fcfe,,,55481113.0,,,,1245191000.0,,eps_dcf,0.11896000019073485,0.09114900012397766,15.0,,,,,,eps<=0_block|no_intrinsic
ACRS,Healthcare,5.28000020980835,-0.58,0.2122486136395314,-62177000.0,fcfe,,,147198893.0,,,-85092000.0,-19167000.0,,eps_dcf,0.09624500019073487,0.08773325016212463,15.0,,,,,,eps<=0_block|no_intrinsic
ACT,Financial Services,46.439998626708984,4.75,-0.11732082835612012,,fcfe,,,137483671.0,,,,296786000.0,,eps_dcf,0.08,0.08,15.0,40.05963805873674,54.414305632863986,39.482214722925804,27.437240492042278,-13.73893358451289,
ACTG,Industrials,4.329999923706055,-0.15,0.3,875000.0,fcfe,,,97586805.0,,,16937000.0,-205597000.0,30233000.0,eps_dcf,0.08,0.08,15.0,,,,,,eps<=0_block|no_intrinsic
ACTU,Healthcare,0.6859999895095825,-0.99,-0.3,,fcfe,,,24014202.0,,,-20433557.0,-4425841.0,,eps_dcf,0.10495499874114991,0.09513674892997742,15.0,,,,,,eps<=0_block|no_intrinsic
ACVA,Consumer Cyclical,10.4399995803833,-0.36,-0.2679058593749999,-7000000.0,fcfe,,,169807980.0,,,-3345000.0,-37259000.0,,eps_dcf,0.15307999874114991,0.12468499905586244,15.0,,,,,,eps<=0_block|no_intrinsic
ACXP,Healthcare,1.3049999475479126,-4.27,-0.3,,fcfe,,,4297738.0,,,-7669035.0,-10656386.0,,eps_dcf,0.08,0.08,15.0,,,,,,eps<=0_block|no_intrinsic
ADBE,Technology,233.1699981689453,17.92,-0.06013285249115996,10592000000.0,fcfe,,,397500000.0,,,10307000000.0,2403000000.0,,eps_dcf,0.1302549987411499,0.11664174892997742,15.0,164.00851221984658,226.85663117612057,160.16605590996812,112.68776219320804,-29.661400048125913,
ADGM,Healthcare,0.14399999380111694,-1.48,-0.3,-17071000.0,fcfe,,,22210459.0,,,-23190000.0,18261000.0,,eps_dcf,0.08,0.08,15.0,,,,,,eps<=0_block|no_intrinsic
ADI,Technology,398.2200012207031,8.43,-0.3,4937495000.0,fcfe,,,484565465.0,,,7025615000.0,6955713000.0,,eps_dcf,0.1185949987411499,0.10673074892997741,15.0,26.528999847955376,35.442929593464605,24.87942074491179,22.56380741157691,-93.33810462391808,
ADMA,Healthcare,9.960000038146973,0.7000000000000001,-0.17729752520811815,116224000.0,fcfe,,,223984680.0,,,232988000.0,67819000.0,,eps_dcf,0.09488999874114991,0.08658149892997742,15.0,4.233581596582295,5.917497705925534,4.12406775407814,2.8782070147515197,-57.49416083968269,
ADP,Technology,261.79998779296875,10.94,-0.1871850472234391,4776100000.0,fcfe,,,396251548.0,,,6775400000.0,1040700000.0,,eps_dcf,0.0979699987411499,0.0891994989299774,15.0,62.351397546564066,87.11261962876031,60.735541277163776,42.43774427256871,-76.18357507492647,
ADSK,Technology,203.17999267578125,7.73,-0.3,2804000000.0,fcfe,,,209000000.0,,,2376000000.0,-393000000.0,,eps_dcf,0.1243149987411499,0.11159274892997742,15.0,23.884693053844373,31.86617574987425,22.406603557368292,20.337478847242735,-88.24456446754691,
ADT,Industrials,6.139999866485596,0.7100000000000001,-0.10771333362957247,1613800000.0,fcfe,,,730559248.0,,,2661294000.0,7683712000.0,,eps_dcf,0.1092449987411499,0.09180874905586242,15.0,5.662546272130979,7.876183046600134,5.523555060531622,3.865883132459892,-7.7761173409910995,
AEE,Utilities,100.25,5.77,-0.10925060872124914,-1345000000.0,fcfe,,,276843251.0,,,4171000000.0,21291000000.0,129000000.0,eps_dcf,0.08,0.08,15.0,50.54495078929055,68.62278515610996,49.824480271231266,34.62852797664902,-49.58109646953561,
AEHR,Technology,100.77999877929688,-0.24000000000000002,-0.3,-5376000.0,fcfe,,,32659546.0,,,-10613000.0,-106476000.0,,eps_dcf,0.2210049987411499,0.1937792489299774,15.0,,,,,,eps<=0_block|no_intrinsic
AEM,Basic Materials,185.8300018310547,11.69,-0.3,4548557000.0,fcfe,,,506364864.0,,,10485627000.0,-3143607000.0,,eps_dcf,0.0890599987411499,0.08,15.0,40.508807000943364,54.37327661501199,37.962305013895154,34.28384334801935,-78.2011480375642,
AENT,Communication Services,4.659999847412109,0.36999999999999994,0.16633356495985785,-2774000.0,fcfe,,,50957370.0,,,31781000.0,92390000.0,,eps_dcf,0.08,0.08,15.0,10.594925116354695,14.077388871358465,10.496321423493033,7.4082724399359146,127.35891552096284,
AEP,Utilities,119.30000305175781,7.000000000000001,0.28220829436441175,-2437000000.0,fcfe,,,544397352.0,,,9307800000.0,53123000000.0,1210000000.0,eps_dcf,0.08,0.08,15.0,310.34585857095914,408.47328131201147,307.9735318648563,219.33541594821548,160.13901980900778,
AES,Utilities,14.859999656677246,2.02,-0.3,-1720000000.0,fcfe,,,713438630.0,,,3816000000.0,30317000000.0,4830000000.0,eps_dcf,0.1045699987411499,0.08179549918174744,15.0,6.653558101011456,8.919372689683989,6.234993882747536,5.643436167130686,-55.22504539209917,
AESI,Energy,11.649999618530273,-0.95,0.3,-184122000.0,fcfe,,,124905584.0,,,110943000.0,881046000.0,,eps_dcf,0.11452499874114991,0.09201749911880493,15.0,,,,,,eps<=0_block|no_intrinsic
AFBI,Financial Services,23.0,1.37,-0.19067754420404093,13804000.0,fcfe,,,6094885.0,,,,-35352000.0,,eps_dcf,0.08,0.08,15.0,8.113208267053515,11.060815976642061,7.9845240482972155,5.551653213733873,-64.72518144759341,
AFL,Financial Services,113.66000366210938,9.33,0.01154389204741535,,fcfe,,,501343298.0,,,,2609000000.0,,eps_dcf,0.08421999874114991,0.08,15.0,139.30859621977834,189.82511947463146,136.99221041059593,95.74123039247247,22.56606698158975,
AGCO,Industrials,116.16000366210938,7.23,0.3,330300000.0,fcfe,,,70031729.0,,,1112000000.0,2265500000.0,292400000.0,eps_dcf,0.1125449987411499,0.09428374905586243,15.0,300.9569234942664,407.39330688184674,295.3254985006132,211.4148150876453,159.088252415781,
AGEN,Healthcare,9.890000343322754,1.9500000000000002,0.3,,fcfe,,,45161916.0,,,155766000.0,21970000.0,-6775000.0,eps_dcf,0.1290999987411499,0.11565999892997743,15.0,75.76419416261136,102.40942795120684,74.35923432179216,53.33383989647349,666.0686707029656,upside>300%
AGIO,Healthcare,33.29999923706055,-6.71,0.08104108270490751,-390252000.0,fcfe,,,59701882.0,,,-453671000.0,-68476000.0,,eps_dcf,0.0853199987411499,0.08,15.0,,,,,,eps<=0_block|no_intrinsic
AGM,Financial Services,212.22000122070312,18.310000000000002,-0.1772614253392234,,fcfe,,,10853210.0,,,,35900346000.0,,eps_dcf,0.10704499874114991,0.09353599899291994,15.0,105.94785473349506,147.7236403913863,103.2410891914032,72.29236570187945,-50.07640461592867,
AGO,Financial Services,68.97000122070312,7.5,0.3,,fcfe,,,43979208.0,,,,1396000000.0,23000000.0,eps_dcf,0.0921399987411499,0.08161199899291993,15.0,340.45314106705484,461.6864796005244,334.01135987955956,238.5451460960711,393.6249601875591,upside>300%
AHR,Real Estate,52.08000183105469,0.68,-4.440892098500626e-16,195546000.0,fcfe,,,217998775.0,,,456233000.0,1410514000.0,47344000.0,eps_dcf,0.09329499874114991,0.08,15.0,9.369929557177668,12.988474056408506,9.152506494012867,6.403654247441237,-82.00858443213323,
AHT,Real Estate,2.4700000286102295,-33.09,-0.3,,fcfe,,,6469814.0,,,344923000.0,1888171000.0,35147000.0,eps_dcf,0.1485699987411499,0.11039549918174744,15.0,,,,,,eps<=0_block|no_intrinsic
AI,Technology,10.34000015258789,-3.08,-0.22228225373918942,-155777000.0,fcfe,,,160779856.0,,,-446879000.0,-130650000.0,,eps_dcf,0.1674349987411499,0.1482447489299774,15.0,,,,,,eps<=0_block|no_intrinsic
AIG,Financial Services,75.2699966430664,6.1,-0.17218626451993335,,fcfe,,,522893169.0,,,,7637000000.0,20000000.0,eps_dcf,0.0804249987411499,0.08,15.0,39.502067828701406,53.87440783566349,38.87227974686332,27.019092067253574,-47.51950366621919,
AII,Financial Services,25.260000228881836,4.5,-0.17931210026515476,163151000.0,fcfe,,,19593427.0,,,,-254976000.0,,eps_dcf,0.1073199987411499,0.09375599899291993,15.0,25.75646857282992,35.91150559517713,25.097963309959354,17.5769473390944,1.9654328560948755,
AIMD,Technology,1.2400000095367432,-2.66,-0.3,-4426770.0,fcfe,,,7384073.0,,,-8458702.0,10971518.0,,eps_dcf,0.18897500019073485,0.1665537501621246,15.0,,,,,,eps<=0_block|no_intrinsic
AIN,Consumer Cyclical,59.59000015258789,-1.7400000000000002,-0.3,58477000.0,fcfe,,,28371147.0,,,56134000.0,373320000.0,6400000.0,eps_dcf,0.11621000019073485,0.09703250014305115,15.0,,,,,,eps<=0_block|no_intrinsic
AIRE,Real Estate,1.350000023841858,-5.4399999999999995,-0.3,-12316163.0,fcfe,,,6006624.0,,,-17089980.0,-1929848.0,10979.0,eps_dcf,0.08,0.08,15.0,,,,,,eps<=0_block|no_intrinsic
AISP,Technology,1.8300000429153442,-0.6900000000000001,0.3,,fcfe,,,34439562.0,,,-6146369.0,-11714937.0,,eps_dcf,0.08568500019073486,0.08,15.0,,,,,,eps<=0_block|no_intrinsic
AIT,Industrials,336.1499938964844,10.96,-0.10597282861328139,460517000.0,fcfe,,,36733895.0,,,627607000.0,135170000.0,,eps_dcf,0.09817000019073487,0.08350250014305116,15.0,91.90027883512418,128.06529804855836,89.62442560321749,62.562819317410074,-72.66093098207094,
AIZ,Financial Services,263.6499938964844,20.939999999999998,-0.21664202319130532,1655600000.0,fcfe,,,49323767.0,,,,509400000.0,,eps_dcf,0.08211000019073486,0.08,15.0,108.44376291391653,148.7768596689852,106.43771644497458,74.12880556567372,-58.86828544494702,
AJG,Financial Services,227.75,6.03,-0.3,2285000000.0,fcfe,,,256341000.0,,,3966700000.0,12720000000.0,30000000.0,eps_dcf,0.08013000019073487,0.08,15.0,21.35343739990124,28.04712215470678,20.174665763243304,18.196067555069497,-90.62417677282055,
AKAM,Technology,108.44999694824219,2.7800000000000002,0.3,629879000.0,fcfe,,,143716609.0,,,1261233000.0,7858729000.0,,eps_dcf,0.08722500019073487,0.08006625016212464,15.0,128.46854765697648,172.7455078125,126.44733252518071,90.25523289684034,18.458784022177667,
AKO-B,Consumer Defensive,30.43000030517578,1853.28,-0.24683670519486467,,fcfe,,,157761767.0,,,478624084000.0,853525004000.0,40513451000.0,eps_dcf,0.08,0.08,15.0,8291.726589853775,11320.005523866937,8151.501855877382,5684.121857769793,27148.526147544766,upside>300%
ALB,Basic Materials,107.62000274658203,0.26999999999999935,0.3,1342372000.0,fcfe,,,118005057.0,,,986287000.0,245096000.0,258685000.0,eps_dcf,0.12568999874114992,0.10414249905586243,15.0,10.639391884383647,14.385445327786574,10.441730215355761,7.486323448064376,-90.11392713914277,
ALCO,Consumer Defensive,38.5,-1.06,-0.3,-3551000.0,fcfe,,,7418561.0,,,22088000.0,29834000.0,0.0,eps_dcf,0.1042399987411499,0.09129199899291994,15.0,,,,,,eps<=0_block|no_intrinsic
ALGM,Technology,36.599998474121094,0.060000000000000005,0.3,87847000.0,fcfe,,,186402046.0,,,100921000.0,141978000.0,1686000.0,eps_dcf,0.1574249987411499,0.13973624892997744,15.0,2.0775512361748607,2.8011825816912514,2.0396141132293697,1.4677312594949437,-94.32363026560276,
ALGN,Healthcare,144.00999450683594,5.75,-0.09544325336638149,633569000.0,fcfe,,,71039852.0,,,906705000.0,-981749000.0,,eps_dcf,0.1426849987411499,0.12720724892997742,15.0,42.87725946237774,59.266192677351086,41.863034840620145,29.531000112677148,-70.22619186313321,
ALIT,Technology,9.229999542236328,-77.220294,-0.3,249000000.0,fcfe,,,26419410.0,,,-1500000000.0,1893000000.0,2000000.0,eps_dcf,0.1385599987411499,0.12370099892997742,15.0,,,,,,eps<=0_block|no_intrinsic
ALL,Financial Services,225.4199981689453,50.08,-0.15592750360753627,12249000000.0,fcfe,,,252857950.0,,,,6652000000.0,-20000000.0,eps_dcf,0.08,0.08,15.0,351.30385641081295,478.208435135696,345.9711073828617,240.3975247697839,55.8441395015546,
ALLR,Healthcare,0.9649999737739563,-0.7200000000000001,-0.11808957309841883,,fcfe,,,15910724.0,,,-11228000.0,5304000.0,,eps_dcf,0.0832849987411499,0.08,15.0,,,,,,eps<=0_block|no_intrinsic
ALRM,Technology,53.84000015258789,2.26,0.3,186619000.0,fcfe,,,49090228.0,,,217647000.0,88047000.0,45865000.0,eps_dcf,0.0943399987411499,0.08611399892997741,15.0,101.62669716973336,137.78867309903066,99.7061079383337,71.22648893463503,88.75686642220141,
ALSN,Consumer Cyclical,113.01000213623047,6.29,0.14220834270249139,737000000.0,fcfe,,,82578038.0,,,1082000000.0,3715000000.0,,eps_dcf,0.1058899987411499,0.08929249905586242,15.0,148.68449838551155,203.7197678672458,145.58181117221315,102.95729054367243,31.567556477236806,
ALTO,Basic Materials,3.630000114440918,0.67,-0.3,49944000.0,fcfe,,,77568460.0,,,86152000.0,58976000.0,,eps_dcf,0.08,0.08,15.0,2.3733616360462944,3.1163469060785323,2.242610052763948,2.022631115861095,-34.618138809292226,
ALUR,Healthcare,1.0499999523162842,-46.05,-0.3,,fcfe,,,1000417.0,,,-30577000.0,24390000.0,,eps_dcf,0.08,0.08,15.0,,,,,,eps<=0_block|no_intrinsic
AM,Energy,20.25,0.84,0.05567133435216087,775570000.0,fcfe,,,474674000.0,,,972551000.0,3609545000.0,,eps_dcf,0.08696999874114991,0.08,15.0,15.02324804326927,20.568945060103957,14.738277950970694,10.33246130333031,-25.811120773978914,
AMAL,Financial Services,46.849998474121094,3.7099999999999995,-0.2686060091306848,144002000.0,fcfe,,,29900147.0,,,,-88990000.0,0.0,eps_dcf,0.0954399987411499,0.08425199899291994,15.0,14.418869681325466,19.885161493849278,13.848467350522078,10.66378486121182,-69.2233294537029,
AMAT,Technology,512.010009765625,11.599999999999998,-0.3,5623000000.0,fcfe,,,793597443.0,,,11631000000.0,309000000.0,,eps_dcf,0.1401549987411499,0.12505674892997742,15.0,34.09940440628852,45.32163934624258,32.016995154185466,29.12439722264363,-93.34009028028619,
AMBQ,Technology,64.80999755859375,-2.02174,-0.20663313040717846,-40022000.0,fcfe,,,24184536.0,,,-35495000.0,-362191000.0,,eps_dcf,0.10730000019073486,0.09713000016212463,15.0,,,,,,eps<=0_block|no_intrinsic
AMCX,Communication Services,11.539999961853027,-5.94,0.3,190523000.0,fcfe,,,41249971.0,,,1102177000.0,1285630000.0,35150000.0,eps_dcf,0.12677000019073487,0.1093160001525879,15.0,,,,,,eps<=0_block|no_intrinsic
AMD,Technology,607.5700073242188,3.8899999999999997,-0.3,8403000000.0,fcfe,,,1632475042.0,,,10718000000.0,-810000000.0,,eps_dcf,0.18848000019073485,0.16613300016212462,15.0,9.895273857385757,13.001994851355812,9.315228202920725,8.52868982681079,-98.37133602085376,
AMG,Financial Services,370.6099853515625,28.87,-0.2935278143917954,1063500000.0,fcfe,,,25859933.0,,,1672100000.0,2593000000.0,1165900000.0,eps_dcf,0.11296500019073485,0.0982720001525879,15.0,95.08961931960236,127.94646457705522,89.63223389476379,78.6049303366652,-74.34240223468348,
AMGN,Healthcare,423.6400146484375,16.09,-0.08767548314738771,10175000000.0,fcfe,,,540632005.0,,,17622000000.0,43315000000.0,,eps_dcf,0.08,0.08,15.0,155.86115900124324,211.3107073177884,153.70595736560992,106.8772155915981,-63.20905636579529,
AMIX,Healthcare,3.75,-64.25,-0.3,,fcfe,,,1959938.0,,,-16136000.0,-2328000.0,,eps_dcf,0.08,0.08,15.0,,,,,,eps<=0_block|no_intrinsic
AMOD,Technology,1.5800000429153442,-16.94,-0.3,,fcfe,,,4966818.0,,,-6827416.0,4234644.0,,eps_dcf,0.08238500019073487,0.08,15.0,,,,,,eps<=0_block|no_intrinsic
AMP,Financial Services,497.32000732421875,41.46,-0.10482411423632276,8064000000.0,fcfe,,,88333219.0,,,,-3716000000.0,,eps_dcf,0.11467000019073487,0.0996360001525879,15.0,328.3569687808626,456.23368557370566,320.3499621739742,224.50127180868466,-33.97471166552199,
AMPL,Technology,13.640000343322754,-0.75,0.3,25096000.0,fcfe,,,132619246.0,,,-90902000.0,-64069000.0,,eps_dcf,0.13492999874114991,0.12061549892997743,15.0,,,,,,eps<=0_block|no_intrinsic
AMRX,Healthcare,20.200000762939453,0.49,-0.3,-12307000.0,fcfe,,,348296027.0,,,622924000.0,2664124000.0,0.0,eps_dcf,0.12062999874114991,0.10846049892997742,15.0,1.5319748012897454,2.045725341455167,1.436877626470545,1.3035157855819246,-92.41596661669227,
AMT,Real Estate,167.35000610351562,7.2700000000000005,-0.3,3959800000.0,fcfe,,,465960048.0,,,7407000000.0,43217400000.0,6532800000.0,eps_dcf,0.1015449987411499,0.08,15.0,24.186214581012667,32.44639196402527,22.660890348560542,20.50200989535645,-85.5475269202846,
AMTB,Financial Services,29.1299991607666,1.3900000000000001,-0.050558537757623645,102131000.0,fcfe,,,39189858.0,,,,618844000.0,,eps_dcf,0.0978599987411499,0.08618799899291993,15.0,15.036057531393658,20.894442778988736,14.676436449556242,10.256535529310835,-48.38291120981289,
AMTM,Industrials,18.149999618530273,0.83,-0.3,474000000.0,fcfe,,,244319846.0,,,1010000000.0,3366000000.0,94000000.0,eps_dcf,0.08,0.08,15.0,2.9401345640573493,3.8605491523062403,2.7781587220807116,2.505647501738372,-83.80091115233074,
AMTX,Basic Materials,1.8300000429153442,-0.91,-0.3,-39334000.0,fcfe,,,72169594.0,,,-5047000.0,414922000.0,,eps_dcf,0.1329499987411499,0.10958749905586243,15.0,,,,,,eps<=0_block|no_intrinsic
AMWL,Healthcare,13.140000343322754,-4.77,-0.3,-32051000.0,fcfe,,,17008758.0,,,-48913000.0,-192968000.0,13092000.0,eps_dcf,0.1464799987411499,0.1304329989299774,15.0,,,,,,eps<=0_block|no_intrinsic
AMZN,Consumer Cyclical,246.6699981689453,12.429999999999998,-0.3,-2472000000.0,fcfe,,,10786313572.0,,,188438000000.0,108072000000.0,,eps_dcf,0.13170500205993652,0.10865375154495238,15.0,37.51823960607263,49.96675732266368,35.21074825320537,31.99219594808338,-84.79010828857419,
AN,Consumer Cyclical,156.8000030517578,21.589999999999996,-0.3,-104000000.0,fcfe,,,33060806.0,,,1635400000.0,10413400000.0,,eps_dcf,0.09177500205993652,0.08,15.0,74.20233058079836,99.78040342686984,69.48486543072599,62.77665318494395,-52.67708600981018,
ANDE,Consumer Defensive,66.20999908447266,3.76,-0.3,56913000.0,fcfe,,,33975570.0,,,404356000.0,834216000.0,38882000.0,eps_dcf,0.08748500205993653,0.08,15.0,13.0788073130656,17.48875278635116,12.274293073981221,11.082404557033168,-80.24647712745129,
ANET,Technology,202.86000061035156,3.17,-0.28794332793865496,5155300000.0,fcfe,,,1261224648.0,,,4639600000.0,-2290200000.0,,eps_dcf,0.14127500205993654,0.12600875175094606,15.0,9.76293753204173,13.110138213213174,9.257159995748804,7.933069459749068,-95.18735211344392,
ANF,Consumer Cyclical,133.58999633789062,11.68,-0.2054060344724088,566462000.0,fcfe,,,42434377.0,,,924408000.0,659724000.0,15141000.0,eps_dcf,0.10547000205993652,0.0889775015449524,15.0,59.277476919919074,82.70119861220196,57.740444269953116,40.46485317753404,-55.62730852242266,
ANGX,Communication Services,4.659999847412109,-0.775146,-0.3,-16139473.0,fcfe,,,186756319.0,,,-64365323.0,29039044.0,-182367.0,eps_dcf,0.08,0.08,15.0,,,,,,eps<=0_block|no_intrinsic
ANRO,Healthcare,26.579999923706055,-2.62,0.22426661998251518,,fcfe,,,39242104.0,,,-81288000.0,-220439000.0,,eps_dcf,0.11592000205993652,0.10445700175094604,15.0,,,,,,eps<=0_block|no_intrinsic
ANTX,Healthcare,5.090000152587891,-1.07,-0.11926174163818315,,fcfe,,,37736237.0,,,-38811000.0,-44318000.0,,eps_dcf,0.08,0.08,15.0,,,,,,eps<=0_block|no_intrinsic
AON,Financial Services,275.8999938964844,18.14,-0.28599999978116997,3248000000.0,fcfe,,,212125434.0,,,6732000000.0,14812000000.0,112000000.0,eps_dcf,0.08864000205993652,0.08,15.0,66.83654064225145,90.71837500220785,63.397782343182826,53.270981179500936,-75.77508440709569,
AOS,Industrials,58.02000045776367,3.586885,0.18749272557464436,639400000.0,fcfe,,,135908573.0,,,758700000.0,495400000.0,,eps_dcf,0.11575500205993652,0.0966912515449524,15.0,97.13043081331872,132.50770703612739,95.17651035978737,67.6149159511041,67.40853162182572,
APA,Energy,42.189998626708984,4.73,-0.3,2102000000.0,fcfe,,,350351510.0,,,5525000000.0,3437000000.0,923000000.0,eps_dcf,0.08,0.08,15.0,16.755224684326826,22.00047890410665,15.832157536676828,14.279171907496988,-60.28626397318797,
APD,Basic Materials,279.19000244140625,-0.21999999999999978,0.3,-301400000.0,fcfe,,,222685530.0,,,1683000000.0,17176800000.0,2712600000.0,eps_dcf,0.09381000205993653,0.0802325015449524,15.0,,,,,,eps<=0_block|no_intrinsic
APG,Industrials,38.75,-0.6699999999999999,0.0,676000000.0,fcfe,,,432160297.0,,,939000000.0,2991000000.0,,eps_dcf,0.14028500205993652,0.11508875154495238,15.0,,,,,,eps<=0_block|no_intrinsic
APGE,Healthcare,135.07000732421875,-4.390249,0.14652298064024083,,fcfe,,,75687735.0,,,-314673000.0,-98738000.0,,eps_dcf,0.08,0.08,15.0,,,,,,eps<=0_block|no_intrinsic
APH,Technology,84.33999633789062,3.99,-0.28167844534849484,4631700000.0,fcfe,,,2465966914.0,,,7954600000.0,14620900000.0,114700000.0,eps_dcf,0.12065000205993652,0.10847750175094605,15.0,13.476638206146669,18.282512106644184,12.82899171638693,10.613703774928368,-84.02105905701569,
APLD,Technology,25.40999984741211,-0.8900000000000001,0.3,-2776080000.0,fcfe,,,299170185.0,,,-64876000.0,3507928000.0,1963335000.0,eps_dcf,0.3673800020599365,0.31819800175094604,15.0,,,,,,eps<=0_block|no_intrinsic
APO,Financial Services,119.0,2.6499999999999995,0.3,,fcfe,,,590543159.0,,,9520000000.0,-13088000000.0,20476000000.0,eps_dcf,0.1356100020599365,0.11638800164794921,15.0,100.24101754029172,135.41663510887798,98.38873320980971,70.62225296315151,-15.763850806477544,
APOG,Industrials,35.84000015258789,3.19,-0.3,123247000.0,fcfe,,,20868294.0,,,154089000.0,261494000.0,,eps_dcf,0.11410500205993653,0.09545375154495239,15.0,10.185391745433268,13.622504522116579,9.549691830836935,8.655378712538958,-71.58093833128008,
APP,Communication Services,305.6600036621094,13.010000000000002,-0.3,,fcfe,,,335939521.0,,,5550334000.0,461766000.0,,eps_dcf,0.18918000205993651,0.15924400164794922,15.0,33.02784132038005,43.39013951278947,31.092957211209512,28.470195455482227,-89.19458191301648,
APVO,Healthcare,1.8600000143051147,-203.14999999999998,-0.3,,fcfe,,,1810215.0,,,-26689000.0,-5588000.0,,eps_dcf,0.14094500205993654,0.12572825175094604,15.0,,,,,,eps<=0_block|no_intrinsic
APYX,Healthcare,2.5999999046325684,-0.2,-0.24861405862733454,-11048000.0,fcfe,,,42124023.0,,,-1605000.0,12013000.0,427000.0,eps_dcf,0.12450000205993653,0.11175000175094604,15.0,,,,,,eps<=0_block|no_intrinsic
AQB,Consumer Defensive,0.9470000267028809,-1.81,0.3,,fcfe,,,5147204.0,,,-897511.0,1896835.0,,eps_dcf,0.13242000205993654,0.11383600164794924,15.0,,,,,,eps<=0_block|no_intrinsic
AQMS,Industrials,2.640000104904175,-12.16,-0.3,-12815000.0,fcfe,,,3563531.0,,,-14851000.0,-4303000.0,,eps_dcf,0.08,0.08,15.0,,,,,,eps<=0_block|no_intrinsic
AQST,Healthcare,4.670000076293945,-0.65,0.025557817517760872,-45949000.0,fcfe,,,125466988.0,,,-61387000.0,-39459000.0,,eps_dcf,0.13324500205993653,0.11918325175094605,15.0,,,,,,eps<=0_block|no_intrinsic
AR,Energy,33.56999969482422,3.4800000000000004,-0.3,1594733000.0,fcfe,,,307439000.0,,,2389068000.0,4615305000.0,0.0,eps_dcf,0.08,0.08,15.0,12.327311184240454,16.18639885545267,11.648183557639612,10.505606392830764,-63.278786725336,
ARAI,Technology,0.20900000631809235,-0.7100000000000001,0.3,-11598743.0,fcfe,,,51876209.0,,,-27621881.0,2460052.0,,eps_dcf,0.10734000205993652,0.09716400175094604,15.0,,,,,,eps<=0_block|no_intrinsic
ARDT,Healthcare,10.579999923706055,0.75,0.3,304755000.0,fcfe,,,141045907.0,,,423560000.0,1541852000.0,390856000.0,eps_dcf,0.09111500205993653,0.08337275175094605,15.0,34.195529779503815,46.37653867291143,33.54814691161609,23.956669489759406,223.2091684885902,
ARDX,Healthcare,3.390000104904175,-0.22,0.3,-17919000.0,fcfe,,,258187572.0,,,-23429000.0,158999000.0,,eps_dcf,0.09040000205993652,0.08276500175094605,15.0,,,,,,eps<=0_block|no_intrinsic
ARE,Real Estate,48.470001220703125,-6.06,-0.3,,fcfe,,,172095277.0,,,687779000.0,12697330000.0,3621382000.0,eps_dcf,0.11658000205993652,0.08960200133895874,15.0,,,,,,eps<=0_block|no_intrinsic
AREB,Consumer Cyclical,0.06300000101327896,-125951.250848,-0.3,,fcfe,,,34727687.0,,,-20055954.0,16761442.0,-13575.0,eps_dcf,0.08,0.08,15.0,,,,,,eps<=0_block|no_intrinsic
AREC,Industrials,1.809999942779541,-0.23000000000000004,0.0,,fcfe,,,106971272.0,,,-16973402.0,-27973971.0,-1588192.0,eps_dcf,0.11795500205993653,0.09834125154495241,15.0,,,,,,eps<=0_block|no_intrinsic
ARES,Financial Services,118.97000122070312,2.1799999999999997,0.3,836147000.0,fcfe,,,227447653.0,,,2292811000.0,13020250000.0,4634192000.0,eps_dcf,0.13577500205993653,0.11652000164794923,15.0,82.40666776412803,111.32240548497322,80.88406864849588,58.05872739017926,-30.733237859471714,
ARKR,Consumer Cyclical,4.53000020980835,-0.88,-0.3,-6325000.0,fcfe,,,3606157.0,,,466000.0,74494000.0,-626000.0,eps_dcf,0.08,0.08,15.0,,,,,,eps<=0_block|no_intrinsic
ARL,Real Estate,16.6299991607666,0.52,0.3,,fcfe,,,16152043.0,,,35327000.0,207179000.0,195008000.0,eps_dcf,0.08787000205993653,0.08,15.0,23.981643420368954,32.312109375,23.586458392147918,16.836732550401024,44.20712345522127,
ARLO,Industrials,12.430000305175781,0.27,-0.3,66871000.0,fcfe,,,107613304.0,,,22472000.0,-95666000.0,,eps_dcf,0.13720500205993652,0.1127787515449524,15.0,0.8010208630707589,1.0653922522955728,0.7519821587176421,0.6837655869052963,-93.55574542715644,
ARMK,Industrials,54.45000076293945,1.4300000000000002,-0.24434879244441587,432805000.0,fcfe,,,262953564.0,,,1392188000.0,5968472000.0,69918000.0,eps_dcf,0.11779000205993652,0.0982175015449524,15.0,5.740077316726068,7.983091135335278,5.5911286344678395,3.9439095448915444,-89.45807670101456,
ARRY,Technology,3.990000009536743,-0.9800000000000001,0.3,134728000.0,fcfe,,,153826378.0,,,7250000.0,445584000.0,,eps_dcf,0.14947000205993655,0.13297450175094605,15.0,,,,,,eps<=0_block|no_intrinsic
ARTL,Healthcare,4.070000171661377,-33.66,-0.3,,fcfe,,,547774.0,,,-12336000.0,-4149000.0,,eps_dcf,0.08,0.08,15.0,,,,,,eps<=0_block|no_intrinsic
ARTV,Healthcare,7.03000020980835,-3.33,-0.14519580897027407,-76910000.0,fcfe,,,48890121.0,,,-93463000.0,-291605000.0,,eps_dcf,0.17314000061035156,0.15309400051879885,15.0,,,,,,eps<=0_block|no_intrinsic
ARW,Technology,230.22999572753906,15.649999999999999,-0.3,825464000.0,fcfe,,,50905423.0,,,1365019000.0,1925949000.0,73700000.0,eps_dcf,0.11775500061035157,0.10601675051879883,15.0,49.38347877287479,65.99003934989744,46.310654870888385,41.99538990181136,-78.5503715027139,
ARWR,Healthcare,66.25,-3.33,0.3,-75111000.0,fcfe,,,141254467.0,,,-133668000.0,964008000.0,512000.0,eps_dcf,0.12298000061035157,0.11045800051879882,15.0,,,,,,eps<=0_block|no_intrinsic
ASAN,Technology,8.229999542236328,-0.6599999999999999,-0.3,111967000.0,fcfe,,,228970117.0,,,-123828000.0,38764000.0,,eps_dcf,0.10466500061035156,0.09489025051879882,15.0,,,,,,eps<=0_block|no_intrinsic
ASBP,Consumer Cyclical,8.180000305175781,-117.98001,-0.3,,fcfe,,,1402557.0,,,-1740495.0,-10667922.0,,eps_dcf,0.08,0.08,15.0,,,,,,eps<=0_block|no_intrinsic
ASIC,Financial Services,26.360000610351562,2.08,-0.3,,fcfe,,,47926928.0,,,,-33327000.0,5981000.0,eps_dcf,0.10736000061035156,0.09378800048828126,15.0,6.788751781653224,9.094463348239708,6.3626680702287945,5.761291349340029,-74.24601052934997,
ASPN,Basic Materials,5.21999979019165,-1.5300000000000002,0.3,34380000.0,fcfe,,,82988784.0,,,-70497000.0,-26595000.0,,eps_dcf,0.21565500061035156,0.17161625045776366,15.0,,,,,,eps<=0_block|no_intrinsic
ASRV,Financial Services,4.71999979019165,0.51,-0.3,41000.0,fcfe,,,16979267.0,,,,38673000.0,,eps_dcf,0.08,0.08,15.0,1.806588708035239,2.3721446598508225,1.7070613834471844,1.539614729983819,-61.72481380636069,
ASTC,Technology,7.53000020980835,-8.84,-0.04184245286630006,-14756000.0,fcfe,,,2009050.0,,,-12583000.0,-300000.0,,eps_dcf,0.32134500205993655,0.2790682517509461,15.0,,,,,,eps<=0_block|no_intrinsic
ASTE,Industrials,40.689998626708984,0.8500000000000001,0.3,32400000.0,fcfe,,,22992630.0,,,110000000.0,316600000.0,0.0,eps_dcf,0.12626000205993654,0.10457000154495241,15.0,33.41541271994822,45.17846914510062,32.79480413222801,23.514182057956447,-17.87806869569593,
ASTS,Technology,59.400001525878906,-2.14,0.3,-1736539000.0,fcfe,,,299789305.0,,,-662965000.0,705478000.0,503561000.0,eps_dcf,0.20227000205993653,0.17785450175094603,15.0,,,,,,eps<=0_block|no_intrinsic
ASUR,Technology,7.650000095367432,-0.29000000000000004,-0.3,-4712000.0,fcfe,,,28879328.0,,,29073000.0,55199000.0,,eps_dcf,0.08077500205993653,0.08,15.0,,,,,,eps<=0_block|no_intrinsic
ATEN,Technology,25.809999465942383,0.6000000000000001,0.11257037148889526,60935000.0,fcfe,,,72609021.0,,,84607000.0,171405000.0,,eps_dcf,0.11388500205993653,0.10272725175094605,15.0,12.194745710615074,16.729066686711246,11.936409976519268,8.43543193680632,-52.751856013377044,
ATI,Industrials,188.9499969482422,3.41,-0.3,526300000.0,fcfe,,,136170383.0,,,881600000.0,1409000000.0,121500000.0,eps_dcf,0.10794500205993651,0.09083375154495238,15.0,11.108349515525548,14.879050974819062,10.411491927778318,9.428220819473717,-94.1210110108822,
ATLC,Financial Services,87.4800033569336,7.45,-0.3,936455000.0,fcfe,,,15170038.0,,,,5739352000.0,-4403000.0,eps_dcf,0.16366000205993653,0.13882800164794923,15.0,20.38443126796263,26.941653700667768,19.164028890624678,17.488415967271333,-76.69818188644712,
ATLO,Financial Services,31.649999618530273,2.58,-0.2763217464286225,20995000.0,fcfe,,,8857220.0,,,,-95974000.0,,eps_dcf,0.08,0.08,15.0,10.125978695455128,13.561631222565042,9.759874344146505,7.788639222271083,-68.00638604265062,
ATLX,Basic Materials,2.4600000381469727,-1.51,-0.1888182609702872,-36789885.0,fcfe,,,30099805.0,,,-44095095.0,-25463298.0,6270952.0,eps_dcf,0.08,0.08,15.0,,,,,,eps<=0_block|no_intrinsic
ATNI,Communication Services,27.920000076293945,10.280000000000001,-0.3,41368000.0,fcfe,,,15403357.0,,,397349000.0,356489000.0,217917000.0,eps_dcf,0.0855999991607666,0.08,15.0,35.92122881649019,47.81499432013031,33.769675608020705,30.482122938258563,28.65769598256504,
ATO,Utilities,157.60000610351562,8.5,0.16354948738791064,-2020303000.0,fcfe,,,168988553.0,,,2673591000.0,9802914000.0,,eps_dcf,0.08504999916076661,0.08,15.0,237.03894670922108,319.96204805690206,233.45835622147692,164.85761682477255,50.40541721396126,
ATRA,Healthcare,8.050000190734863,-0.74,0.3,,fcfe,,,10037710.0,,,-13707000.0,6658000.0,,eps_dcf,0.08,0.08,15.0,,,,,,eps<=0_block|no_intrinsic
ATRC,Healthcare,58.04999923706055,0.21,0.3,52114000.0,fcfe,,,50866294.0,,,38580000.0,-96738000.0,,eps_dcf,0.1218999991607666,0.1095399992866516,15.0,8.406287763245166,11.369878977032744,8.249790874938006,5.912187214379067,-85.51888393845424,
ATRO,Industrials,67.45999908447266,1.7000000000000002,-0.3,60680000.0,fcfe,,,43009064.0,,,149321000.0,343950000.0,,eps_dcf,0.11843499916076661,0.09870124937057495,15.0,5.352611575545749,7.151402445453785,5.01974065367213,4.552433471258574,-92.06550304152351,
AUID,Technology,0.36500000953674316,-1.23,-0.2115558311596233,,fcfe,,,16720339.0,,,-18364974.0,2459233.0,,eps_dcf,0.1382349991607666,0.1234247492866516,15.0,,,,,,eps<=0_block|no_intrinsic
AUR,Consumer Cyclical,5.389999866485596,-0.47,0.14264492078762103,-751000000.0,fcfe,,,2004155268.0,,,-939000000.0,-54000000.0,,eps_dcf,0.1972499991607666,0.15781249937057495,15.0,,,,,,eps<=0_block|no_intrinsic
AVAH,Healthcare,12.779999732971191,1.23,-0.29770144920017116,158382000.0,fcfe,,,218290683.0,,,306314000.0,1408094000.0,,eps_dcf,0.1609499991607666,0.1427324992866516,15.0,3.4249616200731827,4.538939091701881,3.2254746296371595,2.9094451197525526,-73.20061274150808,
AVAV,Industrials,143.24000549316406,-4.090000000000001,-0.3,-44782000.0,fcfe,,,50820702.0,,,-10792000.0,572433000.0,,eps_dcf,0.1297099991607666,0.10715749937057495,15.0,,,,,,eps<=0_block|no_intrinsic
AVB,Real Estate,184.06,2.610096,0.3,1368855000.0,fcfe,,,142797963.0,,,2240530000.0,9106542000.0,206247000.0,eps_dcf,0.0948949991607666,0.08,15.0,117.09110085174271,158.74804217591517,114.8789286860655,82.07067602460181,-36.384276403486524,
AVBC,Financial Services,21.530000686645508,1.192865,-0.3,48181000.0,fcfe,,,18471500.0,,,,117403000.0,,eps_dcf,0.1073799991607666,0.09380399932861329,15.0,3.8930452798913486,5.2152424298955715,3.6487093911594695,3.3038557960827646,-81.91804386561816,
AVGO,Technology,355.1000061035156,7.83,-0.3,39403000000.0,fcfe,,,4773629865.0,,,52349000000.0,35444000000.0,,eps_dcf,0.1325149991607666,0.1185627492866516,15.0,23.573590336635206,31.38918141967287,22.124722623903622,20.10460239179229,-93.36142215391479,
AVNT,Basic Materials,40.779998779296875,1.85,-0.3,190800000.0,fcfe,,,91719550.0,,,510800000.0,1450200000.0,13100000.0,eps_dcf,0.1241549991607666,0.10299124937057494,15.0,5.719174969320436,7.630629923959695,5.365200079421461,4.869644684378103,-85.97553913556285,
AVTR,Healthcare,15.239999771118164,-0.8400000000000001,-0.3,454700000.0,fcfe,,,676358840.0,,,112900000.0,3391000000.0,,eps_dcf,0.1016049991607666,0.09228924928665161,15.0,,,,,,eps<=0_block|no_intrinsic
AVXL,Healthcare,2.359999895095825,-0.15,-0.3,,fcfe,,,92696842.0,,,-12953000.0,-118326000.0,,eps_dcf,0.11524499916076661,0.10388324928665162,15.0,,,,,,eps<=0_block|no_intrinsic
AVY,Consumer Cyclical,170.77999877929688,9.129999999999999,-0.09518714514799231,1033000000.0,fcfe,,,75788142.0,,,1450400000.0,3450900000.0,,eps_dcf,0.09714999916076661,0.08273749937057495,15.0,80.79813753120663,112.55776638287855,78.80865574368042,55.00695404211338,-52.688758573172244,
AWK,Utilities,129.8000030517578,5.77,0.20119931896397536,-1223000000.0,fcfe,,,198728989.0,,,3024000000.0,15867000000.0,,eps_dcf,0.0842799991607666,0.08,15.0,186.61214016336857,250.546385430172,184.0605271560436,130.33273391853996,43.768979796523496,
AWRE,Technology,1.149999976158142,-0.4,0.3,,fcfe,,,21812637.0,,,-7791000.0,-685000.0,,eps_dcf,0.1075999991607666,0.0973849992866516,15.0,,,,,,eps<=0_block|no_intrinsic
AX,Financial Services,86.29000091552734,8.47,-0.1656317347918782,291148000.0,fcfe,,,56734049.0,,,,-35038000.0,,eps_dcf,0.1194799991607666,0.10348399932861328,15.0,49.54932022325019,68.90165565590395,48.30646568431322,33.925548407407376,-42.57814382021393,
AXGN,Healthcare,42.439998626708984,-0.68,0.3,6510000.0,fcfe,,,58671513.0,,,-20295000.0,-74506000.0,,eps_dcf,0.11634499916076661,0.10481824928665162,15.0,,,,,,eps<=0_block|no_intrinsic
AXON,Industrials,419.5799865722656,2.4099999999999997,-0.3,133192000.0,fcfe,,,81237415.0,,,406221000.0,1235771000.0,,eps_dcf,0.12932499916076662,0.10686874937057497,15.0,7.329094501215138,9.766463268379626,6.877432993686353,6.246710256637005,-98.25323067453962,
AXP,Financial Services,305.3999938964844,16.48,-0.09739356073111893,15052000000.0,fcfe,,,675309833.0,,,,13883000000.0,,eps_dcf,0.1100199991607666,0.09591599932861329,15.0,137.4515289692537,191.07731886226446,134.10060736791894,93.8785038802472,-54.99294966723443,
AXSM,Healthcare,186.13999938964844,-3.75,0.16149227471280714,-71959000.0,fcfe,,,52380818.0,,,-176130000.0,-95157000.0,,eps_dcf,0.09120999916076661,0.08345349928665162,15.0,,,,,,eps<=0_block|no_intrinsic
AYTU,Healthcare,2.200000047683716,-1.6607760000000003,0.3,177000.0,fcfe,,,10866708.0,,,-8406000.0,-9276000.0,,eps_dcf,0.08,0.08,15.0,,,,,,eps<=0_block|no_intrinsic
AZO,Consumer Cyclical,2875.969970703125,145.45000000000002,0.18480087501367803,1633222000.0,fcfe,,,16173000.0,,,4274993000.0,12377442000.0,,eps_dcf,0.08,0.08,15.0,4475.490947077895,5937.440769516388,4435.100935885328,3134.7111582171055,55.61674818126542,
BA,Industrials,187.67999267578125,2.3100000000000014,0.3,-1050000000.0,fcfe,,,790370020.0,,,7324000000.0,37768000000.0,3000000.0,eps_dcf,0.11909499916076662,0.09919624937057497,15.0,93.55584127675726,126.56972911769353,91.81148358437652,65.7750265129632,-50.15140402398899,
BAC,Financial Services,54.959999084472656,4.36,-0.238063404181591,,fcfe,,,6992748365.0,,,,133729000000.0,,eps_dcf,0.1163999991607666,0.10101999932861329,15.0,18.13913861564357,25.238843842883227,17.66863007705142,12.450959004180362,-66.99574432713507,
BAER,Industrials,0.640999972820282,-0.85,0.3,-90469000.0,fcfe,,,58826140.0,,,27850000.0,260674000.0,,eps_dcf,0.08,0.08,15.0,,,,,,eps<=0_block|no_intrinsic
BALL,Consumer Cyclical,56.650001525878906,3.5300000000000002,0.1319413665208824,827000000.0,fcfe,,,264703357.0,,,2128000000.0,6729000000.0,20000000.0,eps_dcf,0.10470500247955322,0.08840375185966493,15.0,80.49937465370981,110.39320366858895,78.80646759960112,55.68426680115668,42.09951012434838,
BAP,Financial Services,384.0299987792969,92.871539,-0.13522977351511245,,fcfe,,,79419317.0,,,,-22026581000.0,679926000.0,eps_dcf,0.09860000247955322,0.0867800019836426,15.0,677.7356135042402,945.4817352187777,660.6653375123165,461.20031976547426,76.47986242182522,
BATRK,Communication Services,53.97999954223633,-1.01,0.3,-94859000.0,fcfe,,,64167897.0,,,53015000.0,773559000.0,12359000.0,eps_dcf,0.09711500247955322,0.08559200198364258,15.0,,,,,,eps<=0_block|no_intrinsic
BAX,Healthcare,23.479999542236328,-2.07,-0.17729752520811815,812000000.0,fcfe,,,516995999.0,,,762000000.0,7517000000.0,-27000000.0,eps_dcf,0.08512500247955322,0.08,15.0,,,,,,eps<=0_block|no_intrinsic
BBCP,Industrials,9.699999809265137,0.16,0.08983337859713147,15583000.0,fcfe,,,50393420.0,,,101699000.0,399131000.0,,eps_dcf,0.09860000247955322,0.0838250018596649,15.0,3.155385297395344,4.343509785708154,3.0868093396926892,2.1729886821904976,-67.47025402638236,
BBIO,Healthcare,65.97000122070312,-3.5700000000000003,-0.1847347459745886,-437789000.0,fcfe,,,195492997.0,,,-492710000.0,1815865000.0,9322000.0,eps_dcf,0.10580500247955323,0.09585925210762024,15.0,,,,,,eps<=0_block|no_intrinsic
BBNX,Healthcare,19.40999984741211,-1.6500000000000001,0.3,-61411000.0,fcfe,,,53946211.0,,,-75117000.0,-37806000.0,,eps_dcf,0.10740000247955322,0.09721500210762024,15.0,,,,,,eps<=0_block|no_intrinsic
BBVA,Financial Services,28.639999389648438,1.88,-0.18255859531478336,,fcfe,,,5502545640.0,,,,-2360000000.0,4839000000.0,eps_dcf,0.10138000030517577,0.08900400024414062,15.0,10.82337260892162,15.109848567697203,10.544509938025193,7.373484662835314,-62.20889371654948,
BBY,Consumer Cyclical,88.75,6.01,-0.3,1768000000.0,fcfe,,,209727698.0,,,2580000000.0,1878000000.0,,eps_dcf,0.12420500030517577,0.10302875022888183,15.0,18.576628893124212,24.784986479884026,17.426920106458645,15.817397666361092,-79.06858716267695,
BC,Consumer Cyclical,65.02999877929688,-1.3099999999999996,0.3,341200000.0,fcfe,,,64797428.0,,,293400000.0,2003000000.0,,eps_dcf,0.1255800003051758,0.10406000022888184,15.0,,,,,,eps<=0_block|no_intrinsic
BCAB,Healthcare,1.3600000143051147,-25.45,-0.3,,fcfe,,,1666100.0,,,-31930000.0,4319000.0,,eps_dcf,0.09082000030517579,0.08312200025939942,15.0,,,,,,eps<=0_block|no_intrinsic
BCBP,Financial Services,8.550000190734863,-1.0999999999999999,0.3,34223000.0,fcfe,,,30751822.0,,,,-18334000.0,,eps_dcf,0.08889500030517578,0.08,15.0,,,,,,eps<=0_block|no_intrinsic
BCDA,Healthcare,1.0299999713897705,-0.98,-0.3,,fcfe,,,15138782.0,,,-7803000.0,-539000.0,,eps_dcf,0.08240500030517578,0.08,15.0,,,,,,eps<=0_block|no_intrinsic
BCE,Communication Services,20.139999389648438,6.74,0.3,2654000000.0,fcfe,,,932525817.0,,,14916000000.0,41297000000.0,314000000.0,eps_dcf,0.08620000030517577,0.08,15.0,312.4692419566663,418.8146484375,307.9230381823245,219.7624467988578,1451.4858561379565,upside>300%
BCG,Financial Services,1.1449999809265137,0.202206,-0.3,5612000.0,fcfe,,,17060131.0,,,7477000.0,15067000.0,,eps_dcf,0.08,0.08,15.0,0.7162805417587715,0.940513496254501,0.6768197139241594,0.6104300707668785,-37.442746402565874,
BCS,Financial Services,24.489999771118164,1.992,-0.3,,fcfe,,,3350526385.0,,,,-107924000000.0,453000000.0,eps_dcf,0.10044500030517578,0.08825600024414064,15.0,6.651244073647494,8.925183349544097,6.231396438205462,5.636847704076981,-72.84097943728233,
BDTX,Healthcare,1.8700000047683716,-0.7500000000000001,-0.06231813536453512,,fcfe,,,57453747.0,,,-44349000.0,-2224000.0,,eps_dcf,0.23453500030517577,0.20527975025939937,15.0,,,,,,eps<=0_block|no_intrinsic
BDX,Healthcare,181.97000122070312,3.6,0.3,2534000000.0,fcfe,,,272386800.0,,,4411000000.0,16100000000.0,,eps_dcf,0.08,0.08,15.0,170.19955549427235,223.69921875,168.93827576030705,120.48373144044044,-6.468344038836897,
BEAM,Healthcare,24.520000457763672,-0.8599999999999999,0.19571215965860866,-372768000.0,fcfe,,,103287665.0,,,-355781000.0,27533000.0,,eps_dcf,0.1748600003051758,0.15455600025939942,15.0,,,,,,eps<=0_block|no_intrinsic
BEAT,Healthcare,0.36800000071525574,-0.52,-0.3,-14011000.0,fcfe,,,56349171.0,,,-20302000.0,-8722000.0,,eps_dcf,0.08,0.08,15.0,,,,,,eps<=0_block|no_intrinsic
BEEP,Industrials,2.7899999618530273,-0.6,-0.0818665218369452,-146000.0,fcfe,,,41300000.0,,,3038000.0,192010000.0,17605000.0,eps_dcf,0.08977500030517578,0.08,15.0,,,,,,eps<=0_block|no_intrinsic
BELFA,Technology,198.33999633789062,4.15,0.3,73336000.0,fcfe,,,14439450.0,,,130899000.0,-271844000.0,102601000.0,eps_dcf,0.12888000030517577,0.1154730002593994,15.0,161.38824606217895,218.15052310484145,158.39512845802307,113.60532183198411,-18.630508701210687,
BEN,Financial Services,32.66999816894531,1.3099999999999998,-0.3,123300000.0,fcfe,,,508076910.0,,,1958700000.0,12949100000.0,2662500000.0,eps_dcf,0.13872999916076661,0.11888399932861331,15.0,3.86799370306852,5.142718809316088,3.631497100921794,3.3027584032611306,-88.16041040753633,
BF-A,Consumer Defensive,26.850000381469727,1.55,0.3,925000000.0,fcfe,,,458864265.0,,,1090000000.0,2141000000.0,,eps_dcf,0.08,0.08,15.0,73.28036417114502,96.31494140625,72.73731317457664,51.87493992574519,172.9250023464386,
BF-B,Consumer Defensive,26.290000915527344,1.55,0.3,925000000.0,fcfe,,,458864265.0,,,1090000000.0,2141000000.0,,eps_dcf,0.08,0.08,15.0,73.28036417114502,96.31494140625,72.73731317457664,51.87493992574519,178.73853792018826,
BFAM,Consumer Cyclical,63.790000915527344,3.16,0.3,235929000.0,fcfe,,,48635306.0,,,407702000.0,1891096000.0,,eps_dcf,0.1155749991607666,0.09655624937057494,15.0,129.87772672217332,175.7633456679512,127.45149766762987,91.2707949400259,103.60201419993919,
BFC,Financial Services,149.75,7.69,-0.18731642061481324,42580000.0,fcfe,,,11085607.0,,,,-161677000.0,,eps_dcf,0.08,0.08,15.0,46.29927756657098,63.1121980042654,45.567940319254156,31.680368870827028,-69.08228543133824,
BFLY,Healthcare,9.100000381469727,-0.29000000000000004,-0.3,-28042000.0,fcfe,,,266285183.0,,,-66321000.0,-105562000.0,,eps_dcf,0.1673849991607666,0.1482022492866516,15.0,,,,,,eps<=0_block|no_intrinsic
BFS,Real Estate,30.15999984741211,0.97,0.3,,fcfe,,,24717101.0,,,181353000.0,1598265000.0,173647000.0,eps_dcf,0.1006699991607666,0.08,15.0,42.45583918499628,57.53089427568797,41.65625660832494,29.779531824318603,40.7686982751733,
BFST,Financial Services,30.40999984741211,2.82,0.028713180140127026,,fcfe,,,32549883.0,,,,-9182000.0,,eps_dcf,0.09456000030517578,0.08354800024414064,15.0,43.7632503646506,60.53523927076803,42.768444839471094,29.975678034071734,43.91072207905602,
BGMS,Industrials,0.8799999952316284,-3.64,-0.3,,fcfe,,,6622794.0,,,-2733000.0,-3790000.0,,eps_dcf,0.08,0.08,15.0,,,,,,eps<=0_block|no_intrinsic
BGS,Consumer Defensive,3.069999933242798,-0.8899999999999999,0.060742491877385785,63902000.0,fcfe,,,81167001.0,,,150301000.0,1983638000.0,,eps_dcf,0.08202000030517578,0.08,15.0,,,,,,eps<=0_block|no_intrinsic
BH,Consumer Cyclical,339.6300048828125,55.3,-0.3,50316000.0,fcfe,,,3184478.0,,,25440000.0,290054000.0,0.0,eps_dcf,0.08119500030517578,0.08,15.0,195.3177020366015,257.2149013524519,184.3570496226991,166.30245996245836,-42.491034588067436,
BHC,Healthcare,5.800000190734863,-2.9599999999999995,0.3,1393000000.0,fcfe,,,373990561.0,,,2047000000.0,18954000000.0,969000000.0,eps_dcf,0.08,0.08,15.0,,,,,,eps<=0_block|no_intrinsic
BIAF,Healthcare,6.880000114440918,-169.35,-0.3,-11577266.0,fcfe,,,600736.0,,,-14720949.0,-994714.0,,eps_dcf,0.08,0.08,15.0,,,,,,eps<=0_block|no_intrinsic
BIIB,Healthcare,227.07000732421875,5.65,0.3,2490000000.0,fcfe,,,147753998.0,,,2139100000.0,7070100000.0,,eps_dcf,0.08,0.08,15.0,267.1187468173996,351.0834960937501,265.1392383460374,189.09252295513568,17.6371771706502,
BIVI,Healthcare,1.5399999618530273,-3.96,-0.3,,fcfe,,,8682710.0,,,-21876621.0,-8701940.0,,eps_dcf,0.09296500030517578,0.0849452502593994,15.0,,,,,,eps<=0_block|no_intrinsic
BJ,Consumer Defensive,95.48999786376953,4.57,-0.12976282004498552,358216000.0,fcfe,,,126314692.0,,,1158112000.0,2743341000.0,,eps_dcf,0.08,0.08,15.0,36.33707457152174,49.39405039890534,35.80433346765395,24.878322055741506,-61.94672176727671,
BJRI,Consumer Cyclical,59.560001373291016,1.87,-0.11445007101530869,44604000.0,fcfe,,,21273765.0,,,126496000.0,420237000.0,,eps_dcf,0.12412000247955324,0.10296500185966492,15.0,13.677962441791616,18.979558169609138,13.345454067563026,9.373891836659869,-77.03498635591815,
BKE,Consumer Cyclical,43.22999954223633,4.34,0.030945495430696246,191323000.0,fcfe,,,51512434.0,,,303679000.0,156603000.0,,eps_dcf,0.10855500247955321,0.09129125185966491,15.0,64.27737142223026,88.73171122143295,62.83306290432322,44.15595717674867,48.686958368876105,
BKKT,Technology,8.100000381469727,-1.78,0.3,-90035000.0,fcfe,,,45069458.0,,,-146179000.0,-49917000.0,0.0,eps_dcf,0.3787150024795532,0.3278327521076202,15.0,,,,,,eps<=0_block|no_intrinsic
BKNG,Consumer Cyclical,162.33999633789062,8.366399999999999,-0.3,9539000000.0,fcfe,,,751380500.0,,,11109000000.0,3480000000.0,,eps_dcf,0.11114000247955322,0.0932300018596649,15.0,26.971587157293197,36.09913156104752,25.284061814962868,22.906618780529854,-83.38574118164007,
BKR,Energy,55.91999816894531,3.1,-0.12965513369878245,3128000000.0,fcfe,,,992674071.0,,,5080000000.0,526000000.0,176000000.0,eps_dcf,0.10525500247955322,0.08552850173568724,15.0,22.65284619256087,31.557047194115306,22.08763677396353,15.444273446798448,-59.4906170702614,
BL,Technology,26.3700008392334,0.5700000000000001,-0.3,149120000.0,fcfe,,,58125270.0,,,105352000.0,447843000.0,24293000.0,eps_dcf,0.08831500247955323,0.08099275210762025,15.0,1.9787333067820905,2.651220502186214,1.855607905254792,1.675622315959861,-92.49627135453814,
BLBD,Industrials,56.36000061035156,8.219999999999999,-0.3,153143000.0,fcfe,,,31646589.0,,,350118000.0,-1073000.0,,eps_dcf,0.1266800003051758,0.10488500022888184,15.0,25.208366804655924,33.61304585152063,23.651441011362248,21.474465137672237,-55.272593094993795,
BLDR,Industrials,57.529998779296875,0.9100000000000001,0.3,639317000.0,fcfe,,,107596457.0,,,1032812000.0,5172563000.0,,eps_dcf,0.13009000030517576,0.10744250022888183,15.0,35.212516763700435,47.59212355683128,34.559892705562,24.790782144984902,-38.79277331677566,
BLIN,Technology,0.8100000023841858,-0.12,-0.3,-362000.0,fcfe,,,12599879.0,,,-850000.0,-479000.0,,eps_dcf,0.10545000030517578,0.09555750025939941,15.0,,,,,,eps<=0_block|no_intrinsic
BLK,Financial Services,1067.93994140625,41.839999999999996,-0.3,3515000000.0,fcfe,,,154869259.0,,,11188000000.0,4476000000.0,6927000000.0,eps_dcf,0.13102500030517578,0.11272000024414063,15.0,126.5592037021506,168.57895834838428,118.77097618272238,107.90413161420165,-88.14922086952764,
BLKB,Technology,41.43000030517578,3.1999999999999997,-0.08763031855091374,276585000.0,fcfe,,,45390097.0,,,321494000.0,1115619000.0,,eps_dcf,0.10715500030517577,0.09700675025939941,15.0,28.219452470087266,39.2311489562955,27.533830806177924,19.264620975607066,-31.88642949017344,
BLNE,Financial Services,0.8679999709129333,-1.15,-0.3,-17604000.0,fcfe,,,32928148.0,,,-18002000.0,9339000.0,0.0,eps_dcf,0.10743000030517577,0.09384400024414062,15.0,,,,,,eps<=0_block|no_intrinsic
BLNK,Industrials,0.5580000281333923,-0.4,-0.3,-16012000.0,fcfe,,,144938716.0,,,-33784000.0,-29535000.0,,eps_dcf,0.1661150003051758,0.13446125022888183,15.0,,,,,,eps<=0_block|no_intrinsic
BMBL,Communication Services,2.569999933242798,-4.2299999999999995,-0.3,255040000.0,fcfe,,,131968314.0,,,-532691000.0,305859000.0,100558000.0,eps_dcf,0.15489500030517578,0.1318160002441406,15.0,,,,,,eps<=0_block|no_intrinsic
BMI,Technology,125.98999786376953,4.279999999999999,0.2218910360103079,150301000.0,fcfe,,,28986847.0,,,200098000.0,-95733000.0,,eps_dcf,0.08760000247955323,0.08038500210762024,15.0,148.21566293672464,200.72076060251504,145.66738351452688,103.35540353752751,17.640817088501958,
BMO,Financial Services,169.61000061035156,12.440000000000001,-0.01992961945976901,48500000000.0,fcfe,,,695092237.0,,,,235530000000.0,50000000.0,eps_dcf,0.11444000247955322,0.09945200198364258,15.0,144.5057851951758,199.95031453799604,141.16214605857755,99.09217326215028,-14.80114104406389,
BMRN,Healthcare,59.869998931884766,0.37,0.3,725077000.0,fcfe,,,193573759.0,,,385694000.0,3328195000.0,,eps_dcf,0.08,0.08,15.0,17.49273209246687,22.99130859375,17.36310056425377,12.383050175823044,-70.78214063045387,
BMY,Healthcare,62.86000061035156,4.54,-0.3,11440000000.0,fcfe,,,2042714656.0,,,16816000000.0,36331000000.0,0.0,eps_dcf,0.08,0.08,15.0,16.082181832313694,21.11673873671124,15.19619349186317,13.70558994926772,-74.41587388456796,
BNED,Consumer Cyclical,11.380000114440918,0.0,0.3,48802000.0,fcfe,,,34664980.0,,,68791000.0,265404000.0,,eps_dcf,0.12401000247955324,0.10288250185966494,15.0,,,,,,eps<=0_block|no_intrinsic
BNGO,Healthcare,1.7300000190734863,-3.012486,-0.3,,fcfe,,,11777000.0,,,-21744000.0,2974000.0,,eps_dcf,0.14287500247955323,0.12736875210762025,15.0,,,,,,eps<=0_block|no_intrinsic
BODI,Communication Services,4.710000038146973,1.63,-0.3,7556000.0,fcfe,,,7284736.0,,,31222000.0,-7417000.0,,eps_dcf,0.10723500247955323,0.09368800198364259,15.0,5.322209357916268,7.1300443827579665,4.9881359341953395,4.516594604237357,12.998074624435743,
BOKF,Financial Services,128.6199951171875,10.610000000000001,-0.25546084871850927,,fcfe,,,60766867.0,,,,1915172000.0,1792000.0,eps_dcf,0.09557500247955322,0.08436000198364259,15.0,43.63625669754527,60.76486154738522,42.31087759694648,30.48378914950166,-66.07350462283283,
BOOT,Consumer Cyclical,121.88999938964844,7.9,-0.2232412016512647,116404000.0,fcfe,,,30284844.0,,,406627000.0,666787000.0,,eps_dcf,0.1460449991607666,0.11940874937057494,15.0,31.986945871823817,44.2220665588773,31.189092076393916,22.14538657106003,-73.7575305340921,
BOTJ,Financial Services,27.040000915527344,2.53,-0.1333366691446468,11175000.0,fcfe,,,4543339.0,,,,-16004000.0,,eps_dcf,0.08,0.08,15.0,19.777494492366152,26.88959299323185,19.486131462190453,13.539485082027547,-26.85838083308199,
BOW,Financial Services,33.77000045776367,1.8499999999999999,-0.22285275913776836,328805000.0,fcfe,,,32943005.0,,,,4825000.0,,eps_dcf,0.08,0.08,15.0,9.339010346331776,12.744476190717602,9.185162527802444,6.395087957533954,-72.34524661019141,
BOX,Technology,32.75,0.69,-0.2657644519834479,349663000.0,fcfe,,,137200773.0,,,168805000.0,182488000.0,,eps_dcf,0.09285999916076661,0.08485599928665162,15.0,2.7391418764722557,3.7880777243996993,2.636063148674684,1.9994422119375281,-91.63620801077174,
BPRN,Financial Services,43.529998779296875,3.8,-0.3,23380000.0,fcfe,,,6813201.0,,,,-27231000.0,,eps_dcf,0.08,0.08,15.0,13.460857040262564,17.674803347908085,12.719280896273137,11.471639164585316,-69.07682651563816,
BR,Technology,160.9499969482422,9.62,-0.21748178538016705,1233000000.0,fcfe,,,112900032.0,,,1898900000.0,3114700000.0,,eps_dcf,0.10242999916076662,0.09299049928665162,15.0,46.507893803930344,64.92960886215178,45.291639946309516,31.73494031857139,-71.10413501971907,
BRBR,Consumer Defensive,7.75,1.42,-0.08570659477174813,225000000.0,fcfe,,,116278194.0,,,331900000.0,1084900000.0,,eps_dcf,0.08,0.08,15.0,13.881204107177416,18.817126040182753,13.689796967366625,9.519503593604444,79.11231106035375,
BRC,Industrials,84.77999877929688,4.31,0.030243617430601777,192654000.0,fcfe,,,46899214.0,,,313984000.0,-103556000.0,,eps_dcf,0.0857649991607666,0.08,15.0,69.43995390665903,94.91726307745103,68.18763455872687,47.71960277966348,-18.093943257267252,
BRCB,Consumer Cyclical,7.179999828338623,0.06999999999999999,-0.3,-40429000.0,fcfe,,,22207657.0,,,9138000.0,175067000.0,54897000.0,eps_dcf,0.10734000205993652,0.09038000154495238,15.0,0.22848256815746074,0.30608519220829056,0.21414203595431386,0.1939015407160714,-96.81779145375927,
BRK-B,Financial Services,502.3500061035156,24.464012000000004,-0.3,21239000000.0,fcfe,,,2140709794.0,,,,87990000000.0,2267000000.0,eps_dcf,0.08550500205993652,0.08,15.0,85.50385023064797,113.78857926338519,80.38944164372867,72.56234695866864,-82.97922779102568,
BRO,Financial Services,60.599998474121094,3.17,-0.2301280195027069,1446000000.0,fcfe,,,334610357.0,,,2468000000.0,7089000000.0,25000000.0,eps_dcf,0.08435000205993652,0.08,15.0,15.258790283843055,21.05908006514627,14.938635549467618,10.418964705666166,-74.82047744545862,
BROS,Consumer Cyclical,38.099998474121094,0.7200000000000001,-0.2883351329625016,95035000.0,fcfe,,,137940798.0,,,320235000.0,938704000.0,177362000.0,eps_dcf,0.1781800020599365,0.1435100015449524,15.0,1.9782425912198378,2.632351807326047,1.8784800048416677,1.6234211342481397,-94.80776201982387,
BRT,Real Estate,13.4399995803833,-0.7000000000000001,0.2602098863449387,,fcfe,,,18793277.0,,,38148000.0,483827000.0,-82000.0,eps_dcf,0.09925500205993652,0.08,15.0,,,,,,eps<=0_block|no_intrinsic
BRTX,Healthcare,2.3299999237060547,-1.3900000000000001,-0.3,,fcfe,,,1381128.0,,,-14014733.0,-3112679.0,,eps_dcf,0.09287500205993653,0.08486875175094605,15.0,,,,,,eps<=0_block|no_intrinsic
BRX,Real Estate,27.860000610351562,1.4,-0.02359778111157107,,fcfe,,,306872316.0,,,1095428000.0,5151534000.0,242000.0,eps_dcf,0.10470000205993651,0.08188000133895874,15.0,16.62355631335588,23.039870691976432,16.235056579968685,11.372741134896923,-40.3318164064243,
BSLK,Basic Materials,9.999999747378752e-05,-11.7,-0.3,,fcfe,,,4366123.0,,,-22747000.0,8166000.0,,eps_dcf,0.08,0.08,15.0,,,,,,eps<=0_block|no_intrinsic
BSX,Healthcare,43.880001068115234,2.4699999999999998,-0.3,1806000000.0,fcfe,,,1449229526.0,,,5637000000.0,12085000000.0,242000000.0,eps_dcf,0.0835599987411499,0.08,15.0,8.673731685610347,11.488622176140257,8.169384507235861,7.3718827302038985,-80.23306409645238,
BTG,Basic Materials,5.340000152587891,0.55,-0.3,,fcfe,,,1321070762.0,,,2278547000.0,169510000.0,32717000.0,eps_dcf,0.1323999987411499,0.10917499905586242,15.0,1.6564708245869413,2.2057182594289992,1.5546518709651735,1.4126802506101868,-68.97994799149629,
BTU,Energy,24.3700008392334,-1.5081090000000001,0.3,-178000000.0,fcfe,,,121900000.0,,,242400000.0,-101400000.0,49300000.0,eps_dcf,0.08,0.08,15.0,,,,,,eps<=0_block|no_intrinsic
BUSE,Financial Services,29.3799991607666,2.42,-0.1772975252081186,208518000.0,fcfe,,,82576956.0,,,,-394089000.0,,eps_dcf,0.0909849987411499,0.08068799899291992,15.0,14.848779790156717,20.77135504799658,14.463144747072498,10.083109661569527,-49.45956360003765,
BVFL,Financial Services,21.219999313354492,1.52,0.022283267603906864,17667000.0,fcfe,,,8470604.0,,,,-33902000.0,,eps_dcf,0.08,0.08,15.0,24.072377596534544,32.368583192753036,23.789915053161106,16.623559630436382,13.441933908946687,
BWA,Consumer Cyclical,60.939998626708984,1.96465,-0.3,1242000000.0,fcfe,,,203666354.0,,,1484000000.0,1617000000.0,177000000.0,eps_dcf,0.1129849987411499,0.09461374905586242,15.0,6.295775025027008,8.42259427527274,5.902471591380808,5.348866075719874,-89.66889536116977,
BWB,Financial Services,20.25,1.8399999999999999,-0.27288425928478544,36460000.0,fcfe,,,27883823.0,,,,265076000.0,,eps_dcf,0.08421999874114991,0.08,15.0,7.254174051424057,9.843903009687473,6.9823127323406915,5.480029050410733,-64.17691826457256,
BWFG,Financial Services,65.33000183105469,5.35,-0.24449547455061182,34496000.0,fcfe,,,7971972.0,,,,-91558000.0,,eps_dcf,0.08394499874114991,0.08,15.0,23.98143088673992,33.06675024674131,23.482765049667954,16.392109037954423,-63.2918563989075,
BWIN,Financial Services,31.780000686645508,-1.04,0.3,43707000.0,fcfe,,,96838572.0,,,82723000.0,2502335000.0,537359000.0,eps_dcf,0.1092449987411499,0.09529599899291993,15.0,,,,,,eps<=0_block|no_intrinsic
BWMN,Industrials,42.59000015258789,0.4,0.3,11569000.0,fcfe,,,17333752.0,,,46633000.0,274095000.0,,eps_dcf,0.1314099987411499,0.10843249905586241,15.0,15.394074324796993,20.803721795424586,15.10896740040726,10.839747627338593,-63.85519072635738,
BX,Financial Services,114.0,4.47,-0.3,5486239000.0,fcfe,,,750625114.0,,,,11520243000.0,13418685000.0,eps_dcf,0.13800999874114991,0.11830799899291994,15.0,13.228073582034025,17.59051411619783,12.418794523581026,11.293470223229217,-88.3964266824263,
BXC,Industrials,74.73999786376953,-0.2506269999999999,-0.3,58023000.0,fcfe,,,7860217.0,,,74993000.0,353248000.0,,eps_dcf,0.1322349987411499,0.10905124905586244,15.0,,,,,,eps<=0_block|no_intrinsic
BXMT,Real Estate,12.3100004196167,-0.11000000000000001,0.3,,fcfe,,,168543591.0,,,,15382119000.0,3047000.0,eps_dcf,0.10418499874114989,0.08154524918174744,15.0,,,,,,eps<=0_block|no_intrinsic
BXP,Real Estate,61.709999084472656,1.8599999999999999,-0.3,,fcfe,,,159661556.0,,,1979044000.0,15864537000.0,2574578000.0,eps_dcf,0.1091349987411499,0.08476274918174745,15.0,6.035582602232179,8.082019993193699,5.657327049710303,5.123911868836285,-90.21944143287008,
BYD,Consumer Cyclical,67.08000183105469,22.72,0.3,-49936000.0,fcfe,,,72655414.0,,,2761078000.0,2935571000.0,-3177000.0,eps_dcf,0.11105999874114991,0.09316999905586243,15.0,951.6679329234745,1288.403190050143,933.8461637629634,668.3979832783394,1318.7058839388699,upside>300%
BZH,Consumer Cyclical,33.36000061035156,-0.2999999999999998,0.3,-153338000.0,fcfe,,,26679623.0,,,-18423000.0,1310836000.0,,eps_dcf,0.17214500019073486,0.13898375014305114,15.0,,,,,,eps<=0_block|no_intrinsic
C,Financial Services,130.8000030517578,9.26,-0.3,-24511000000.0,fcfe,,,1677436783.0,,,,36314000000.0,2435000000.0,eps_dcf,0.11263500019073486,0.0980080001525879,15.0,29.707654572796987,39.746762395890954,27.851247785122894,25.2377671127253,-77.287726391687,
CAG,Consumer Defensive,14.130000114440918,-4.0,0.3,978700000.0,fcfe,,,480067621.0,,,-1038300000.0,7050400000.0,0.0,eps_dcf,0.08,0.08,15.0,,,,,,eps<=0_block|no_intrinsic
CAH,Healthcare,223.91000366210938,7.239999999999999,-0.26289845961878466,4525000000.0,fcfe,,,231559345.0,,,3478000000.0,4030000000.0,159000000.0,eps_dcf,0.08084500019073487,0.08,15.0,30.064419147076155,40.76163249347832,29.25442621670355,21.797184591791826,-86.57298974795036,
CAKE,Consumer Cyclical,107.3499984741211,3.69,-0.3,205195000.0,fcfe,,,49760634.0,,,318912000.0,1885846000.0,,eps_dcf,0.10779500019073486,0.09072125014305116,15.0,12.026372202868856,16.109278595738566,11.271830722868286,10.207090250000856,-88.79704483110164,
CAL,Consumer Cyclical,12.449999809265137,1.5,-0.3,62926000.0,fcfe,,,34504977.0,,,157118000.0,826391000.0,8257000.0,eps_dcf,0.09426500019073486,0.08057375014305115,15.0,5.112503795402626,6.870665698956419,4.788137890188384,4.3274396074915575,-58.93571185761816,
CAPR,Healthcare,8.569999694824219,-2.45,0.22165097709910708,-129778202.0,fcfe,,,58138989.0,,,-126919184.0,70110175.0,,eps_dcf,0.09201000019073487,0.08413350016212463,15.0,,,,,,eps<=0_block|no_intrinsic
CARE,Financial Services,30.1200008392334,5.81,-0.3,58756000.0,fcfe,,,22163931.0,,,,-98035000.0,,eps_dcf,0.08,0.08,15.0,20.580941948401446,27.02384406614368,19.44711105456498,17.539532512168602,-31.670181358051835,
CARL,Healthcare,14.09000015258789,-1.4300000000000002,0.23064613132303524,-35673000.0,fcfe,,,27302743.0,,,-34602000.0,-24327000.0,,eps_dcf,0.10730000019073486,0.09713000016212463,15.0,,,,,,eps<=0_block|no_intrinsic
CARR,Industrials,55.380001068115234,1.44,0.3,1928000000.0,fcfe,,,824325057.0,,,3080000000.0,11050000000.0,325000000.0,eps_dcf,0.12369000019073487,0.10264250014305115,15.0,57.21598257416597,77.37495904763708,56.151850104038104,40.24940351107847,3.3152428144458694,
CASH,Financial Services,71.56999969482422,7.98,-0.15007491533130768,479138000.0,fcfe,,,20773362.0,,,,51621000.0,245000.0,eps_dcf,0.08552000019073486,0.08,15.0,56.7236005825432,78.35586470535708,55.53899602418342,38.645150134808645,-20.743885951636628,
CAT,Industrials,826.6400146484375,23.24,-0.3,8994000000.0,fcfe,,,459674889.0,,,16830000000.0,38433000000.0,-1000000.0,eps_dcf,0.13997000019073488,0.11485250014305115,15.0,68.35569116252225,90.8558157383028,64.18064313198656,58.380710678348734,-91.7308997929899,
CATO,Consumer Cyclical,2.4200000762939453,-0.30000000000000004,-0.3,1625000.0,fcfe,,,19958858.0,,,1439000.0,103514000.0,,eps_dcf,0.08238500019073487,0.08,15.0,,,,,,eps<=0_block|no_intrinsic
CATY,Financial Services,59.86000061035156,5.12,-0.2067850950829393,534243000.0,fcfe,,,66713820.0,,,,-9726000.0,,eps_dcf,0.09861000019073486,0.0867880001525879,15.0,26.449853922713167,36.95654520638507,25.758476982422764,18.017293459912487,-55.81380946705302,
CB,Financial Services,332.0799865722656,28.265839,0.06968995133992428,,fcfe,,,385799859.0,,,,15605000000.0,5473000000.0,eps_dcf,0.08,0.08,15.0,547.4275617844232,733.2427454554995,541.4654700612408,379.49865328289457,64.84810404715392,
CBAN,Financial Services,20.389999389648438,1.6500000000000001,-0.14324957120482695,21738000.0,fcfe,,,21221503.0,,,,73549000.0,,eps_dcf,0.0815749983215332,0.08,15.0,12.249022921262261,16.734917260883638,12.045761256990799,8.372913574455268,-39.92632031425746,
CBFV,Financial Services,37.59000015258789,1.28,-0.3,19531000.0,fcfe,,,5081584.0,,,,23688000.0,,eps_dcf,0.08,0.08,15.0,4.534183424088443,5.953617969821672,4.28438935453411,3.8641310870182117,-87.93779354699927,
CBIO,Healthcare,14.760000228881836,-6.719999999999999,-0.3,-153618000.0,fcfe,,,37146830.0,,,-162912000.0,-170156000.0,,eps_dcf,0.10725999832153321,0.09709599857330323,15.0,,,,,,eps<=0_block|no_intrinsic
CBLL,Healthcare,24.860000610351562,-1.7600000000000002,0.3,-55685000.0,fcfe,,,38378101.0,,,-63017000.0,-10754000.0,,eps_dcf,0.10725999832153321,0.09709599857330323,15.0,,,,,,eps<=0_block|no_intrinsic
CBNK,Financial Services,35.650001525878906,3.4000000000000004,-0.009535092853040994,65233000.0,fcfe,,,16290456.0,,,,-366137000.0,,eps_dcf,0.08025499832153321,0.08,15.0,46.839925294837784,63.18912982831567,46.24955222796372,32.261839961982105,31.388284123454895,
CBRE,Real Estate,130.83999633789062,4.359999999999999,0.08109582415922212,938000000.0,fcfe,,,289575298.0,,,2197000000.0,9088000000.0,776000000.0,eps_dcf,0.1175999983215332,0.09026499890899659,15.0,76.80712985684485,105.54955199051096,75.1491326127669,53.03869945541254,-41.29690308268384,
CBT,Basic Materials,77.76000213623047,3.5500000000000003,0.3,281000000.0,fcfe,,,51631007.0,,,665000000.0,1023000000.0,129000000.0,eps_dcf,0.0977449983215332,0.0831837487411499,15.0,157.3280422516113,213.2463802107856,154.3603057073419,110.31291392524517,102.32515165828158,
CC,Basic Materials,13.890000343322754,-4.13,0.3,218000000.0,fcfe,,,150377709.0,,,553000000.0,3449000000.0,1000000.0,eps_dcf,0.1301399983215332,0.10747999874114988,15.0,,,,,,eps<=0_block|no_intrinsic
CCAP,Financial Services,9.539999961853027,0.08999999999999997,0.3,,fcfe,,,36845952.0,,,,907342000.0,,eps_dcf,0.08390499687194825,0.08,15.0,4.20267429684046,5.592480468749998,4.15265274757125,2.962932772738553,-55.94681012950296,
CCI,Real Estate,67.06999969482422,1.97,0.3,2406000000.0,fcfe,,,425455439.0,,,2684000000.0,22362000000.0,,eps_dcf,0.10557499687194824,0.08244874796676636,15.0,84.44892104304603,114.38530674548728,82.86272082530549,59.27113599382637,25.911616858950033,
CCL,Consumer Cyclical,25.110000610351562,2.22,0.3,3200000000.0,fcfe,,,1344610129.0,,,7167000000.0,23927000000.0,16000000.0,eps_dcf,0.10727999687194825,0.09033499765396119,15.0,94.48226867503894,127.95617359655903,92.7092615704209,66.327385067373,276.273462279761,
CCNE,Financial Services,33.459999084472656,3.088636,-0.3,85718000.0,fcfe,,,29621999.0,,,,-196132000.0,,eps_dcf,0.08571999687194824,0.08,15.0,10.789432864729632,14.366061556123537,10.142074009880382,9.154880737883476,-67.75423442932326,
CCO,Communication Services,2.3399999141693115,-0.213907,0.3,84252000.0,fcfe,,,509093845.0,,,445657000.0,6277405000.0,6401000.0,eps_dcf,0.16007999687194824,0.13596399749755858,15.0,,,,,,eps<=0_block|no_intrinsic
CDE,Basic Materials,17.84000015258789,0.9899999999999999,-0.3,1156220000.0,fcfe,,,1027934998.0,,,1590921000.0,-339118000.0,,eps_dcf,0.12867499687194825,0.10638124765396118,15.0,3.0169039680415337,4.0208357167653785,2.8308836550625465,2.5710331582546493,-83.08910346279397,
CDNS,Technology,324.1700134277344,5.03,-0.3,1671720000.0,fcfe,,,275393000.0,,,2276611000.0,1210916000.0,,eps_dcf,0.11481499687194825,0.10351774734115601,15.0,16.02347943669333,21.427011958738014,15.02399748841697,13.618392759477723,-95.057075370031,
CDRE,Industrials,25.530000686645508,0.8500000000000001,0.3,78122000.0,fcfe,,,42820734.0,,,90203000.0,345847000.0,,eps_dcf,0.12421999687194825,0.10303999765396119,15.0,33.69912118991812,45.57024444179919,33.07254823931629,23.70771678984252,31.998120969678606,
CDW,Technology,129.7100067138672,8.32,0.037150796340764236,860200000.0,fcfe,,,125017426.0,,,1977000000.0,5602500000.0,,eps_dcf,0.1040149983215332,0.09433774857330322,15.0,128.83347195213526,177.88161691106222,125.9413443437949,88.46170981822942,-0.6757649497817986,
CDXS,Healthcare,1.350000023841858,-0.34,-0.3,-12180000.0,fcfe,,,109505765.0,,,-18700000.0,45415000.0,,eps_dcf,0.19129999832153322,0.16852999857330325,15.0,,,,,,eps<=0_block|no_intrinsic
CECO,Industrials,70.5999984741211,-0.6900000000000001,0.3,-21599000.0,fcfe,,,58569830.0,,,20819000.0,710764000.0,5280000.0,eps_dcf,0.1352549983215332,0.1113162487411499,15.0,,,,,,eps<=0_block|no_intrinsic
CEG,Utilities,264.5799865722656,10.26,0.16042202665956307,309000000.0,fcfe,,,354307379.0,,,8229000000.0,24003000000.0,345000000.0,eps_dcf,0.11369499832153321,0.0877267489089966,15.0,252.31637361870912,344.9619782395198,247.14093709235362,175.1970785769648,-4.635124943664967,
CELC,Healthcare,77.37999725341797,-4.3,0.3,-192277000.0,fcfe,,,48931908.0,,,-204017000.0,572336000.0,,eps_dcf,0.08,0.08,15.0,,,,,,eps<=0_block|no_intrinsic
CENT,Consumer Defensive,39.2599983215332,2.6799999999999997,-0.3,345632000.0,fcfe,,,62592598.0,,,358203000.0,411883000.0,1231000.0,eps_dcf,0.08212499832153321,0.08,15.0,9.444163176600412,12.465387624314126,8.90664683034178,8.035487767662593,-75.94456551104713,
CENTA,Consumer Defensive,33.95000076293945,2.6799999999999997,-0.3,345632000.0,fcfe,,,62592598.0,,,358203000.0,411883000.0,1231000.0,eps_dcf,0.08212499832153321,0.08,15.0,9.444163176600412,12.465387624314126,8.90664683034178,8.035487767662593,-72.18214148934611,
CETX,Technology,2.055000066757202,-86.67999999999999,0.3,-9614056.0,fcfe,,,1721141.0,,,-9818386.0,14165909.0,0.0,eps_dcf,0.1688599983215332,0.14945599857330322,15.0,,,,,,eps<=0_block|no_intrinsic
CETY,Industrials,1.0,-0.8499950000000001,-0.3,,fcfe,,,12166106.0,,,-3387400.0,3427285.0,0.0,eps_dcf,0.08,0.08,15.0,,,,,,eps<=0_block|no_intrinsic
CF,Basic Materials,115.70999908447266,13.49,-0.3,1904000000.0,fcfe,,,151338130.0,,,4153000000.0,1133000000.0,3172000000.0,eps_dcf,0.08,0.08,15.0,47.7860424929321,62.745551885073716,45.153447181769636,40.72431903427787,-58.701890181464364,
CFG,Financial Services,63.88999938964844,4.609999999999999,-0.2709067536984068,2327000000.0,fcfe,,,421176788.0,,,,2482000000.0,,eps_dcf,0.10709499832153321,0.09357599865722659,15.0,17.051424285915466,23.408434948504507,16.356418413403027,12.779431240863747,-73.3112780578956,
CFR,Financial Services,154.2100067138672,10.58,-0.08936035152158228,541464000.0,fcfe,,,62148785.0,,,,-6243915000.0,,eps_dcf,0.08047499832153321,0.08,15.0,101.55333100281533,137.88277445792676,100.09357517492536,69.60315503137383,-34.1460822375522,
CGNX,Technology,59.66999816894531,1.03,-0.3,268296000.0,fcfe,,,168223842.0,,,267406000.0,-230044000.0,,eps_dcf,0.13420999832153319,0.12000349857330321,15.0,3.084526723370352,4.105500778314048,2.8952162300186224,2.6314841484818436,-94.83069076919183,
CHCO,Financial Services,139.8800048828125,9.14,0.015841276017289685,138538000.0,fcfe,,,14045160.0,,,,-117202000.0,,eps_dcf,0.08,0.08,15.0,140.77732146967617,189.3922087748332,139.1088921342369,97.16772217083694,0.6414902455968695,
CHCT,Real Estate,14.390000343322754,0.67,0.3,38729000.0,fcfe,,,28653842.0,,,93941000.0,560629000.0,,eps_dcf,0.0882849983215332,0.08,15.0,30.859378557299316,41.632910156250006,30.336049396854136,21.655834439684153,114.45015858959782,
CHD,Consumer Defensive,94.94999694824219,3.11,-0.1455473451568713,1066700000.0,fcfe,,,237203907.0,,,1292700000.0,1702300000.0,,eps_dcf,0.08,0.08,15.0,22.93332844017194,31.201106388810764,22.589916976922638,15.695784881281025,-75.84694136149047,
CHDN,Consumer Cyclical,76.16000366210938,5.83,-0.29567824574710677,382600000.0,fcfe,,,69700243.0,,,1116200000.0,4585000000.0,50000000.0,eps_dcf,0.08896499687194825,0.08,15.0,20.586053655623154,27.73213651290788,19.36501698384233,17.103080813680897,-72.96999387374636,
CHEF,Consumer Defensive,111.5,2.1,-0.3,125773000.0,fcfe,,,40796083.0,,,255944000.0,811142000.0,,eps_dcf,0.12817999687194825,0.11044399749755861,15.0,6.409531184055835,8.543440171185834,6.014160080601128,5.461735507289956,-94.25154153896338,
CHGG,Consumer Defensive,0.699999988079071,-0.49,-0.3,-6963000.0,fcfe,,,111027482.0,,,5743000.0,6096000.0,,eps_dcf,0.17113499687194825,0.1448079974975586,15.0,,,,,,eps<=0_block|no_intrinsic
CHMI,Real Estate,2.7100000381469727,0.18,-0.3,,fcfe,,,36947394.0,,,,88586000.0,2481000.0,eps_dcf,0.11107499687194825,0.08602374796676636,15.0,0.5804064993626247,0.7768359934211627,0.5440903748669017,0.4929253787912554,-78.58278630285587,
CHPT,Consumer Cyclical,9.520000457763672,-7.18,-0.3,-68418000.0,fcfe,,,26850324.0,,,-133943000.0,149984000.0,,eps_dcf,0.14951999687194825,0.12201499765396118,15.0,,,,,,eps<=0_block|no_intrinsic
CHRW,Industrials,149.7100067138672,5.24,-0.13971191834459584,807110000.0,fcfe,,,116851258.0,,,895822000.0,1484821000.0,,eps_dcf,0.10414499687194824,0.08798374765396119,15.0,36.6679280734282,51.108758106070624,35.74686088569214,24.990299603993975,-75.50736328299706,
CHTR,Communication Services,110.66999816894531,38.51,-0.1497180425201321,4358000000.0,fcfe,,,114457597.0,,,21354000000.0,96201000000.0,4949000000.0,eps_dcf,0.09008500019073487,0.08,15.0,270.847393444044,378.6457250720945,263.9127711229671,183.85292877922404,144.73425311761272,
CHWY,Consumer Cyclical,18.260000228881836,0.66,-0.3,568100000.0,fcfe,,,401927249.0,,,510000000.0,507900000.0,,eps_dcf,0.13062000019073486,0.10784000014305115,15.0,1.9989448056376973,2.662886654033981,1.875891599074604,1.7041625769306927,-89.05287633854479,
CHYM,Technology,26.520000457763672,-0.06999999999999998,-0.3,308901000.0,fcfe,,,378585111.0,,,-20440000.0,-405164000.0,,eps_dcf,0.10730000019073486,0.09713000016212463,15.0,,,,,,eps<=0_block|no_intrinsic
CI,Healthcare,275.260009765625,24.17,-0.02912746793878007,9113000000.0,fcfe,,,264240486.0,,,12785000000.0,25580000000.0,290000000.0,eps_dcf,0.08,0.08,15.0,305.51380118538026,412.4652450495149,301.6362178640467,210.19510728524625,10.990986829331069,
CIA,Financial Services,3.619999885559082,0.21000000000000002,0.3,14967000.0,fcfe,,,50643108.0,,,,-15406000.0,,eps_dcf,0.08,0.08,15.0,9.928307403832553,13.049121093750003,9.854732752684578,7.028217667359026,174.2626441353934,
CIEN,Technology,354.9200134277344,4.48,-0.3,814362000.0,fcfe,,,141808525.0,,,971833000.0,840169000.0,,eps_dcf,0.12429500019073486,0.11157575016212463,15.0,13.843498726226484,18.469631820129756,12.986788044439885,11.787497677683003,-96.0995440655687,
CIFR,Technology,16.510000228881836,-1.06,0.3,-1496008000.0,fcfe,,,415030722.0,,,-810736000.0,4754971000.0,25679000.0,eps_dcf,0.22648500019073484,0.1984372501621246,15.0,,,,,,eps<=0_block|no_intrinsic
CIM,Real Estate,10.199999809265137,-1.022052,0.3,,fcfe,,,83711818.0,,,,13006268000.0,,eps_dcf,0.14844000019073486,0.11031100012397767,15.0,,,,,,eps<=0_block|no_intrinsic
CINF,Financial Services,161.1300048828125,21.2,-0.15181678597979653,3439000000.0,fcfe,,,153478045.0,,,,-326000000.0,,eps_dcf,0.08227500019073486,0.08,15.0,150.75498069723315,206.4445329534313,148.11761563605057,102.97752362458263,-6.438915081722335,
CION,Financial Services,7.159999847412109,0.05999999999999983,0.3,,fcfe,,,49202704.0,,,,1152277000.0,,eps_dcf,0.11384500019073487,0.09897600015258791,15.0,2.483976416132509,3.362074148918877,2.4375298247985575,1.7452184573479967,-65.30759121412117,
CISO,Technology,0.20600000023841858,-0.09999999999999999,-0.3,,fcfe,,,45525655.0,,,-1152700.0,3764945.0,,eps_dcf,0.16098000019073486,0.14275800016212464,15.0,,,,,,eps<=0_block|no_intrinsic
CJMB,Industrials,2.440000057220459,-1.73,0.08036299517192003,-5169074.0,fcfe,,,6658368.0,,,-9615629.0,1303681.0,,eps_dcf,0.10730000019073486,0.09035000014305114,15.0,,,,,,eps<=0_block|no_intrinsic
CL,Consumer Defensive,86.45999908447266,2.52,0.12818726309893402,3858000000.0,fcfe,,,797172829.0,,,3839000000.0,6487000000.0,330000000.0,eps_dcf,0.08,0.08,15.0,62.0245896574631,82.67409439351255,61.40991179647514,43.21911850437753,-28.262097716581984,
CLAR,Consumer Cyclical,3.430000066757202,-0.8200000000000001,-0.3,-422000.0,fcfe,,,38288155.0,,,-76000.0,-11771000.0,,eps_dcf,0.11164500019073487,0.09360875014305114,15.0,,,,,,eps<=0_block|no_intrinsic
CLH,Industrials,311.67999267578125,8.24,-0.1256768039354954,457860000.0,fcfe,,,52787248.0,,,1218642000.0,2625938000.0,,eps_dcf,0.09916000019073487,0.08424500014305114,15.0,62.77170075360221,87.53027376799176,61.20020965218818,42.72760104345477,-79.86020847385633,
CLIR,Industrials,3.7300000190734863,-0.94,-0.3,-5831000.0,fcfe,,,6807455.0,,,-5288000.0,-9772000.0,,eps_dcf,0.13043499687194826,0.10770124765396119,15.0,,,,,,eps<=0_block|no_intrinsic
CLNE,Energy,1.5700000524520874,-0.44,-0.2987651750888186,8351000.0,fcfe,,,220445015.0,,,2118000.0,265585000.0,5349000.0,eps_dcf,0.15254499687194822,0.11863149781036375,15.0,,,,,,eps<=0_block|no_intrinsic
CLRB,Healthcare,1.8200000524520874,-6.699999999999999,-0.3,,fcfe,,,9452108.0,,,-23394017.0,-32462410.0,,eps_dcf,0.08291499687194825,0.08,15.0,,,,,,eps<=0_block|no_intrinsic
CLS,Technology,366.4700012207031,9.657456000000002,-0.3,518700000.0,fcfe,,,126111117.0,,,1549300000.0,274700000.0,,eps_dcf,0.13279999687194824,0.118804997341156,15.0,29.04941714436914,38.67781848335211,27.264423239334008,24.775997520491565,-92.07318005631943,
CLSK,Financial Services,13.3100004196167,-2.9800000000000004,0.3,-1038213000.0,fcfe,,,256817073.0,,,-572867000.0,1584319000.0,,eps_dcf,0.26408499687194825,0.2191679974975586,15.0,,,,,,eps<=0_block|no_intrinsic
CLX,Consumer Defensive,81.5999984741211,6.16,0.3,405000000.0,fcfe,,,120931005.0,,,1168000000.0,5377000000.0,162000000.0,eps_dcf,0.08219999687194825,0.08,15.0,289.2038182833039,382.77421874999993,286.32935415229963,204.256810209621,254.41645060204633,
CLYM,Healthcare,11.5,-0.8300000000000001,0.24962365259358843,,fcfe,,,57436255.0,,,-64628000.0,-42793000.0,,eps_dcf,0.08,0.08,15.0,,,,,,eps<=0_block|no_intrinsic
CMCSA,Communication Services,21.600000381469727,3.09,0.3,17817000000.0,fcfe,,,3548636573.0,,,34134000000.0,82720000000.0,192000000.0,eps_dcf,0.08868999687194826,0.08,15.0,142.14176405535656,192.00849609375,139.66466274481354,99.70633594859223,558.0637108566792,upside>300%
CMDB,Industrials,22.3700008392334,0.16999999999999998,-0.3,24337000.0,fcfe,,,24301490.0,,,49618000.0,-57729000.0,,eps_dcf,0.10725999832153321,0.0903199987411499,15.0,0.5550316165464712,0.7435588991562546,0.5201931762368026,0.47101965486569364,-97.51885741741665,
CME,Financial Services,263.2200012207031,11.790000000000001,-0.10894207447675586,4212700000.0,fcfe,,,359579263.0,,,6101400000.0,1280000000.0,,eps_dcf,0.08,0.08,15.0,103.42952523696948,140.41927399406467,101.95586744528174,70.8607498549375,-60.70605396348794,
CMG,Consumer Cyclical,31.8799991607666,1.09,0.08786127617768424,1568985000.0,fcfe,,,1267838000.0,,,2296607000.0,5190997000.0,,eps_dcf,0.10379499832153322,0.08772124874114992,15.0,20.874680340843934,28.720928562122232,20.42196305527013,14.386583976287046,-34.52107625356044,
CMI,Industrials,521.3699951171875,19.57,-0.10695927322957788,3367000000.0,fcfe,,,137664487.0,,,5289000000.0,5107000000.0,1059000000.0,eps_dcf,0.11968999832153321,0.09964249874114992,15.0,150.62682665339364,209.12013014075944,146.9658302948082,103.1165122417842,-71.1094178675285,
CMPX,Healthcare,1.100000023841858,-0.4,8.881784197001252e-16,-56393000.0,fcfe,,,180087915.0,,,-79600000.0,-25820000.0,,eps_dcf,0.09873499832153321,0.08984974857330322,15.0,,,,,,eps<=0_block|no_intrinsic
CMRC,Technology,3.109999895095825,-0.07,-0.3,19550000.0,fcfe,,,82858991.0,,,17678000.0,107343000.0,,eps_dcf,0.11380499832153321,0.10265924857330322,15.0,,,,,,eps<=0_block|no_intrinsic
CMRE,Industrials,14.75,2.63,0.1593233154438638,-133330000.0,fcfe,,,120892607.0,,,554911000.0,1150645000.0,72277000.0,eps_dcf,0.1023099983215332,0.0866074987411499,15.0,67.49536943756571,92.39849807225806,66.1001536305325,46.77788822397298,357.5957250004455,upside>300%
CMS,Utilities,63.45000076293945,3.307106,0.20617866717878908,-2103000000.0,fcfe,,,313577136.0,,,3314000000.0,19060000000.0,625000000.0,eps_dcf,0.08,0.08,15.0,110.47305945168341,146.30143660275803,109.51122543218852,77.53018435909343,74.11041469397378,
CMTG,Real Estate,1.2899999618530273,-3.5700000000000003,0.3,-14297000.0,fcfe,,,141084206.0,,,,938885000.0,,eps_dcf,0.11547000122070313,0.08888050079345704,15.0,,,,,,eps<=0_block|no_intrinsic
CMTL,Technology,1.3799999952316284,-2.21,0.19844677754680196,15346000.0,fcfe,,,29961431.0,,,56121000.0,222980000.0,,eps_dcf,0.13527000122070312,0.12090450103759764,15.0,,,,,,eps<=0_block|no_intrinsic
CNA,Financial Services,45.9900016784668,4.54,-0.014362423951834513,2255000000.0,fcfe,,,270600928.0,,,,2634000000.0,,eps_dcf,0.08,0.08,15.0,61.27342025991957,82.62974127658538,60.51286181889775,42.198774566319244,33.232046148432076,
CNC,Healthcare,62.209999084472656,-10.440000000000001,-0.3,8951000000.0,fcfe,,,493995000.0,,,-2731000000.0,-8046000000.0,95000000.0,eps_dcf,0.11305000122070313,0.10201750103759766,15.0,,,,,,eps<=0_block|no_intrinsic
CNET,Communication Services,2.049999952316284,-0.37,-0.3,,fcfe,,,3668429.0,,,-675000.0,-458000.0,62000.0,eps_dcf,0.09831000122070313,0.08654800097656251,15.0,,,,,,eps<=0_block|no_intrinsic
CNK,Communication Services,38.2400016784668,1.69,-0.3,313000000.0,fcfe,,,115911855.0,,,610600000.0,2463300000.0,9400000.0,eps_dcf,0.10601000122070312,0.0927080009765625,15.0,5.540321357696526,7.424444268657891,5.192204130390209,4.700550128654111,-85.51171256664374,
CNM,Industrials,41.65999984741211,2.4299999999999997,0.006405103635660492,628000000.0,fcfe,,,184443500.0,,,938000000.0,2437000000.0,73000000.0,eps_dcf,0.10232500122070312,0.08661875091552734,15.0,33.206477886632136,45.95274499707402,32.44442515385449,22.746368974523186,-20.291699452094694,
CNNE,Consumer Cyclical,15.520000457763672,-3.02,-0.3,-43400000.0,fcfe,,,43374227.0,,,-6200000.0,129300000.0,-45700000.0,eps_dcf,0.11948500122070313,0.09948875091552734,15.0,,,,,,eps<=0_block|no_intrinsic
CNP,Utilities,36.939998626708984,1.6,-0.01936988669600903,-2695000000.0,fcfe,,,658720288.0,,,3997000000.0,24593000000.0,,eps_dcf,0.08,0.08,15.0,21.120991484167796,28.49355575857176,20.85683228914226,14.540904794840447,-42.82351849115517,
CNQ,Energy,47.16999816894531,5.62,-0.3,9801000000.0,fcfe,,,2061500000.0,,,25375000000.0,14526000000.0,,eps_dcf,0.10052999977111816,0.0822209998397827,15.0,18.759777045972985,25.172884813097824,17.57568348800701,15.898949952746067,-60.2294302009882,
CNR,Energy,86.5,1.9899999999999998,0.3,259504000.0,fcfe,,,49636257.0,,,721008000.0,-25555000.0,,eps_dcf,0.08,0.08,15.0,94.08253206488938,123.65595703124998,93.3853246563919,66.60072932402124,8.7659330229935,
CNS,Financial Services,72.94999694824219,3.2600000000000002,-0.21607412422640626,-68839000.0,fcfe,,,51421533.0,,,216618000.0,83229000.0,103619000.0,eps_dcf,0.11801999977111816,0.10231599981689453,15.0,15.026620400212689,20.9066480947339,14.640638645571293,10.304537969615668,-79.40147905575098,
CNSP,Healthcare,4.9070000648498535,-19.86,-0.3,,fcfe,,,1461449.0,,,-16669463.0,-19752647.0,,eps_dcf,0.10707499977111817,0.09693874980545045,15.0,,,,,,eps<=0_block|no_intrinsic
CNTX,Healthcare,0.3190000057220459,-0.42999999999999994,0.3,-40560624.0,fcfe,,,91879177.0,,,-48706951.0,-42745379.0,,eps_dcf,0.14507999977111816,0.12924299980545043,15.0,,,,,,eps<=0_block|no_intrinsic
CNVS,Communication Services,1.9800000190734863,-0.5900000000000001,-0.3,-18194000.0,fcfe,,,23771387.0,,,-3312000.0,21747000.0,0.0,eps_dcf,0.13407999977111817,0.11516399981689456,15.0,,,,,,eps<=0_block|no_intrinsic
CNXC,Technology,24.8799991607666,-21.32,0.054235179264290334,513532000.0,fcfe,,,61018350.0,,,-297293000.0,4329308000.0,,eps_dcf,0.08,0.08,15.0,,,,,,eps<=0_block|no_intrinsic
COCH,Healthcare,0.7089999914169312,-0.8200000000000001,-0.3,,fcfe,,,77194595.0,,,-22627000.0,-18869000.0,,eps_dcf,0.1564849983215332,0.1389372485733032,15.0,,,,,,eps<=0_block|no_intrinsic
COF,Financial Services,196.4600067138672,16.16,-0.3,29701000000.0,fcfe,,,613484836.0,,,,-10037000000.0,,eps_dcf,0.1081399983215332,0.09441199865722658,15.0,52.60893929986261,70.46358903221001,49.30916783110294,44.653603973794226,-73.22155273236626,
COGT,Healthcare,31.65999984741211,-2.265459,-0.1960127958961737,-309240000.0,fcfe,,,173524982.0,,,-367189000.0,63089000.0,,eps_dcf,0.08,0.08,15.0,,,,,,eps<=0_block|no_intrinsic
COHU,Technology,65.97000122070312,-0.83,-0.3,34918000.0,fcfe,,,47338433.0,,,21319000.0,107336000.0,,eps_dcf,0.1394899983215332,0.12449149857330322,15.0,,,,,,eps<=0_block|no_intrinsic
COIN,Financial Services,190.02000427246094,-3.84,0.3,,fcfe,,,263836923.0,,,-901225000.0,-1945775000.0,,eps_dcf,0.23859999832153322,0.1987799986572266,15.0,,,,,,eps<=0_block|no_intrinsic
COLB,Financial Services,28.690000534057617,2.5100000000000002,-0.15109026239405732,1264000000.0,fcfe,,,282902268.0,,,,2933000000.0,,eps_dcf,0.08800999832153321,0.08,15.0,17.636611926656318,24.52696085900015,17.221682790216438,11.991050403632126,-38.52697247000721,
COLD,Real Estate,14.539999961853027,-1.59,0.3,-206634000.0,fcfe,,,285480551.0,,,69202000.0,4579440000.0,36546000.0,eps_dcf,0.1074249983215332,0.08365124890899658,15.0,,,,,,eps<=0_block|no_intrinsic
COLL,Healthcare,22.229999542236328,1.24,0.3,328279000.0,fcfe,,,30999193.0,,,387723000.0,967058000.0,,eps_dcf,0.0918049983215332,0.08395924857330322,15.0,56.36927295121319,76.44428995332278,55.302503547139366,39.49456416132506,153.5729829598659,
COO,Healthcare,56.630001068115234,2.9300000000000006,-0.3,678000000.0,fcfe,,,190155294.0,,,935600000.0,2389500000.0,200000.0,eps_dcf,0.0972499983215332,0.08858749857330321,15.0,9.887495399126717,13.278130980789967,9.261717920554883,8.374192253178967,-82.54018150691199,
COOK,Consumer Cyclical,44.560001373291016,-38.31,0.07357822325431052,61099000.0,fcfe,,,2798224.0,,,-31784000.0,364659000.0,,eps_dcf,0.1585749983215332,0.1288062487411499,15.0,,,,,,eps<=0_block|no_intrinsic
COP,Energy,125.44000244140625,7.56,-0.3,10064000000.0,fcfe,,,1218294007.0,,,27787000000.0,16716000000.0,,eps_dcf,0.08,0.08,15.0,26.780020848522366,35.16355613425924,25.30467462521709,22.822524232701312,-78.65113175437678,
COR,Healthcare,307.6000061035156,13.46,-0.3,4060102000.0,fcfe,,,190827165.0,,,5186821000.0,8907950000.0,188133000.0,eps_dcf,0.0838299983215332,0.08,15.0,47.235527817149716,62.60601396390603,44.47800523413267,40.13760941944456,-84.64384691811297,
CORT,Healthcare,114.73999786376953,0.42000000000000004,0.3,106864000.0,fcfe,,,108098397.0,,,8825000.0,-101618000.0,,eps_dcf,0.08,0.08,15.0,19.856614807665107,26.098242187500006,19.709465505369156,14.056435334718053,-82.69425206784402,
COSM,Healthcare,0.42100000381469727,-0.43000000000000005,0.3,-9951222.0,fcfe,,,100633773.0,,,-19297397.0,14175170.0,,eps_dcf,0.2816099983215332,0.24529349857330324,15.0,,,,,,eps<=0_block|no_intrinsic
COST,Consumer Defensive,924.5900268554688,19.88,-0.0008275576261296269,8806000000.0,fcfe,,,443266000.0,,,14463000000.0,-10810000000.0,0.0,eps_dcf,0.0992849983215332,0.08732799865722657,15.0,266.47673988328347,369.0943059813822,260.3175329909334,182.33679446223505,-71.17892988857223,
COTY,Consumer Defensive,2.690000057220459,-0.7,-0.12989767938060648,348200000.0,fcfe,,,880686464.0,,,72200000.0,3119800000.0,247000000.0,eps_dcf,0.10467499832153321,0.09163999865722658,15.0,,,,,,eps<=0_block|no_intrinsic
CPAY,Technology,392.70001220703125,16.43,-0.057511057805826216,1638406000.0,fcfe,,,65659599.0,,,2551576000.0,7459992000.0,360068000.0,eps_dcf,0.1002749983215332,0.09115874857330322,15.0,170.629633585212,237.11397849000946,166.53823174925296,116.4194941882917,-56.54962355966108,
CPB,Consumer Defensive,20.229999542236328,1.31,0.3,671000000.0,fcfe,,,298234693.0,,,1535000000.0,6608000000.0,2000000.0,eps_dcf,0.08,0.08,15.0,61.933727138193525,81.40166015624999,61.474761457222826,43.84269116304916,206.14794137235583,
CPBI,Financial Services,20.024999618530273,1.19,-0.3,5610000.0,fcfe,,,3888043.0,,,,-25942000.0,,eps_dcf,0.08,0.08,15.0,4.215373652082224,5.535004206318585,3.9831432280434305,3.592434369962244,-78.94944453241588,
CPNG,Consumer Cyclical,13.850000381469727,-0.43,0.3,99000000.0,fcfe,,,1797511702.0,,,32000000.0,-477000000.0,0.0,eps_dcf,0.1156199983215332,0.0965899987411499,15.0,,,,,,eps<=0_block|no_intrinsic
CPRT,Industrials,27.139999389648438,1.55,0.10601226805682429,1339233000.0,fcfe,,,926330452.0,,,1919218000.0,-3261026000.0,17181000.0,eps_dcf,0.1088549983215332,0.09151624874114989,15.0,31.312576354401333,43.000565807418624,30.644096559912406,21.630026284850825,15.37427066540161,
CPT,Real Estate,98.45999908447266,3.02,0.3,370482000.0,fcfe,,,115732578.0,,,1156484000.0,4209824000.0,75965000.0,eps_dcf,0.09526999832153321,0.08,15.0,135.26250531420737,183.37814680651087,132.70754875766465,94.81173349153217,37.37812977040596,
CR,Industrials,208.38999938964844,5.719999999999999,0.028107916495210716,361500000.0,fcfe,,,57800356.0,,,508500000.0,859500000.0,2300000.0,eps_dcf,0.11187999832153321,0.0937849987411499,15.0,82.59956820782801,113.99493731859656,80.74447310306081,56.769484411361034,-60.362988411270635,
CRBU,Healthcare,1.2400000095367432,-1.08,-0.3,-96386000.0,fcfe,,,107207513.0,,,-106885000.0,461000.0,,eps_dcf,0.1777149983215332,0.15698274857330324,15.0,,,,,,eps<=0_block|no_intrinsic
CRCT,Technology,6.409999847412109,0.43000000000000005,-0.3,147654000.0,fcfe,,,209444416.0,,,141507000.0,-256530000.0,,eps_dcf,0.08,0.08,15.0,1.5232022440297113,2.000043536736968,1.4392870487888028,1.2981065370451805,-76.2370939112476,
CRD-A,Financial Services,12.600000381469727,0.38,-0.3,72912000.0,fcfe,,,48605522.0,,,89139000.0,201254000.0,-1886000.0,eps_dcf,0.0867449983215332,0.08,15.0,1.3241561490669203,1.767480334790809,1.2435437346893665,1.1226692064756927,-89.49082453192383,
CRD-B,Financial Services,11.829999923706055,0.38,-0.3,72912000.0,fcfe,,,48605522.0,,,89139000.0,201254000.0,-1886000.0,eps_dcf,0.0867449983215332,0.08,15.0,1.3241561490669203,1.767480334790809,1.2435437346893665,1.1226692064756927,-88.8067949483799,
CRDF,Healthcare,1.1699999570846558,-0.7,-0.2939332561728393,,fcfe,,,77795249.0,,,-41328000.0,-8740000.0,,eps_dcf,0.1322849983215332,0.11836724857330322,15.0,,,,,,eps<=0_block|no_intrinsic
CREG,Utilities,0.12999999523162842,-15.1,-0.3,,fcfe,,,2745912.0,,,-1943284.0,-158731248.0,,eps_dcf,0.18178499832153322,0.1319852489089966,15.0,,,,,,eps<=0_block|no_intrinsic
CRL,Healthcare,295.9599914550781,-4.85,0.3,370605000.0,fcfe,,,47738872.0,,,220471000.0,2835668000.0,48891000.0,eps_dcf,0.1295349983215332,0.11602974857330321,15.0,,,,,,eps<=0_block|no_intrinsic
CRM,Technology,225.30999755859375,10.969999999999999,-0.3,15154000000.0,fcfe,,,823000000.0,,,16588000000.0,33433000000.0,,eps_dcf,0.1183699983215332,0.10653949857330322,15.0,34.54731116682093,46.15795383094415,32.39874918562093,29.382354446297732,-84.666765105336,
CRNC,Technology,7.670000076293945,-0.36,-0.3,78639000.0,fcfe,,,45230257.0,,,39319000.0,59445000.0,,eps_dcf,0.2179199983215332,0.1911569985733032,15.0,,,,,,eps<=0_block|no_intrinsic
CROX,Consumer Cyclical,122.62999725341797,11.57,0.3,704620000.0,fcfe,,,47945075.0,,,924336000.0,1518926000.0,,eps_dcf,0.1355299983215332,0.11152249874114989,15.0,437.7996323039678,591.4322599604637,429.70948419389157,308.4374489777007,257.00859668066687,
CRS,Industrials,391.739990234375,10.52,-0.3,362300000.0,fcfe,,,49558566.0,,,847100000.0,306200000.0,,eps_dcf,0.1216149983215332,0.10108624874114991,15.0,32.78694956971929,43.77172377050758,30.753373653618752,27.902903117232608,-91.63043079923928,
CRVO,Healthcare,2.880000114440918,-3.1799999999999997,0.09978726655948678,,fcfe,,,15119096.0,,,-31164793.0,-22462577.0,,eps_dcf,0.08,0.08,15.0,,,,,,eps<=0_block|no_intrinsic
CRWD,Technology,262.739990234375,0.039999999999999994,0.3,1522603000.0,fcfe,,,1023934842.0,,,436857000.0,-4193668000.0,37801000.0,eps_dcf,0.1212849983215332,0.10901724857330321,15.0,1.605299753479186,2.1713571713162714,1.5754044489218766,1.128928249314028,-99.38901582813976,
CRWS,Consumer Cyclical,2.5199999809265137,0.47,-0.3,7600000.0,fcfe,,,10760287.0,,,10348000.0,19194000.0,,eps_dcf,0.0884499983215332,0.08,15.0,1.6310575277349944,2.186094098293895,1.5293772845111553,1.3810616868476107,-35.275494441261344,
CRWV,Technology,85.93000030517578,-3.6500000000000004,0.3,-13655000000.0,fcfe,,,551536602.0,,,3941538000.0,46084000000.0,,eps_dcf,0.10725999832153321,0.09709599857330323,15.0,,,,,,eps<=0_block|no_intrinsic
CSCO,Technology,106.94000244140625,3.34,-0.2843758050119548,12767000000.0,fcfe,,,3942586873.0,,,20019000000.0,22315000000.0,,eps_dcf,0.1068199983215332,0.09672199857330321,15.0,11.671889406140487,15.851609418064928,11.0803821738971,9.26669109094621,-89.08557215291289,
CSGP,Real Estate,26.950000762939453,0.19,-0.3,227000000.0,fcfe,,,405197588.0,,,394000000.0,-64000000.0,13000000.0,eps_dcf,0.0933449983215332,0.08,15.0,0.6495801590306449,0.873162164882616,0.6083359361277111,0.5497308218874755,-97.58968407925272,
CSL,Industrials,325.6600036621094,17.43,0.09226263019943914,866600000.0,fcfe,,,39714133.0,,,1249500000.0,2219600000.0,,eps_dcf,0.09818499832153321,0.08351374874114992,15.0,347.77351308299944,478.6629788614174,340.22593206621497,239.52679035493486,6.790367000005958,
CSTL,Healthcare,34.880001068115234,-0.66,0.3,-489000.0,fcfe,,,30549507.0,,,-3236000.0,-25466000.0,,eps_dcf,0.10703999832153321,0.09690899857330323,15.0,,,,,,eps<=0_block|no_intrinsic
CSV,Consumer Cyclical,30.979999542236328,2.79,-0.25003210200001436,-21602000.0,fcfe,,,15882296.0,,,117466000.0,546723000.0,,eps_dcf,0.09493999832153321,0.0810799987411499,15.0,11.774804244233598,16.461957985910473,11.460024670102138,8.031989224951102,-61.992238804973134,
CSX,Industrials,46.93000030517578,1.727151,-0.21894478887938562,2796000000.0,fcfe,,,1852474917.0,,,6702000000.0,18350000000.0,6000000.0,eps_dcf,0.1186449983215332,0.09885874874114992,15.0,7.833189357451998,10.89659503818108,7.631902163158427,5.373645259603627,-83.30878051030378,
CTAS,Industrials,197.74000549316406,4.91,-0.1207760129552472,1881175000.0,fcfe,,,399517000.0,,,3124465000.0,2416939000.0,,eps_dcf,0.1024749983215332,0.0867312487411499,15.0,37.79860921380533,52.665621284017874,36.8579057966596,25.753707395029963,-80.88469294843222,
CTBI,Financial Services,74.5,5.97,-0.1772975252081186,130308000.0,fcfe,,,18167954.0,,,,-434644000.0,,eps_dcf,0.0822899983215332,0.08,15.0,37.52110832283308,51.4394609761182,36.846462548511575,25.626692992512467,-49.63609621096231,
CTEV,Healthcare,21.639999389648438,-17.01,-0.04346143169493799,-17924000.0,fcfe,,,16947463.0,,,478600000.0,4677390000.0,6725000.0,eps_dcf,0.10104499832153321,0.09181324857330322,15.0,,,,,,eps<=0_block|no_intrinsic
CTKB,Healthcare,5.760000228881836,-0.6200000000000001,0.3,-12171000.0,fcfe,,,129983253.0,,,-28603000.0,-47386000.0,0.0,eps_dcf,0.1174899983215332,0.10579149857330322,15.0,,,,,,eps<=0_block|no_intrinsic
CTO,Real Estate,20.649999618530273,1.36,0.14264492078761992,,fcfe,,,37485454.0,,,102869000.0,641451000.0,,eps_dcf,0.0870749983215332,0.08,15.0,34.70716792264442,47.21639135110155,34.09182599103509,24.043970289015313,68.07345551473982,
CTOS,Industrials,9.220000267028809,0.09,0.3,-226324000.0,fcfe,,,227505535.0,,,437982000.0,2537864000.0,,eps_dcf,0.1267849983215332,0.10496374874114989,15.0,3.5304231656483047,4.77299900871814,3.464873020806689,2.4844977571033153,-61.70907740346519,
CTRE,Real Estate,37.20000076293945,1.5899999999999999,-0.07023541379031195,431350000.0,fcfe,,,236293199.0,,,528054000.0,1157480000.0,21861000.0,eps_dcf,0.09554499832153321,0.08,15.0,15.877026602639953,22.09551572663736,15.491681793398,10.814571906368409,-57.3198218359784,
CTRN,Consumer Cyclical,50.70000076293945,0.8200000000000002,-0.3,6496000.0,fcfe,,,8339447.0,,,27966000.0,168957000.0,,eps_dcf,0.15224999832153321,0.12406249874114991,15.0,2.322370534377635,3.0777654954757345,2.181983500718304,1.988136674257527,-95.4193875750881,
CTS,Technology,59.18000030517578,2.38,-0.13281999937500055,91407000.0,fcfe,,,28556195.0,,,131093000.0,-17648000.0,,eps_dcf,0.10901999832153321,0.09859199857330322,15.0,16.895906718129,23.523370903335937,16.475073467491413,11.530942284834847,-71.44997189759846,
CTSH,Technology,56.84000015258789,4.65,-0.2774203138922978,2598000000.0,fcfe,,,450444209.0,,,4102000000.0,1056000000.0,,eps_dcf,0.0979099983215332,0.08914849857330322,15.0,17.25071058612433,23.61264330911711,16.45939982305053,13.262710152352957,-69.65040369490761,
CTVA,Basic Materials,77.87000274658203,1.51,-0.3,2046000000.0,fcfe,,,667196000.0,,,3146000000.0,1392000000.0,243000000.0,eps_dcf,0.08401499687194824,0.08,15.0,5.296698801782562,7.023408698774004,4.986646697561005,4.500145217455792,-93.19802412358968,
CTXR,Healthcare,0.5550000071525574,-2.4699999999999998,-0.3,,fcfe,,,27452570.0,,,-57316621.0,-9830405.0,9295324.0,eps_dcf,0.10722499687194825,0.09706624734115601,15.0,,,,,,eps<=0_block|no_intrinsic
CUBI,Financial Services,74.5199966430664,8.2,-0.08005588395217522,229048000.0,fcfe,,,33783799.0,,,,-1848670000.0,,eps_dcf,0.13340499687194823,0.1146239974975586,15.0,67.82341545476169,93.84413189986059,66.21990864194643,46.61321944810851,-8.986287560344103,
CURI,Communication Services,2.950000047683716,0.08,-0.3,,fcfe,,,59338028.0,,,15381000.0,-1701000.0,,eps_dcf,0.15083999687194827,0.12857199749755863,15.0,0.22755007569417882,0.3016664313807865,0.21377832316180967,0.19474897760467863,-92.28643823674354,
CURV,Consumer Cyclical,2.369999885559082,-0.09,-0.3,-13273000.0,fcfe,,,99719435.0,,,76345000.0,395485000.0,,eps_dcf,0.09836999687194825,0.08365249765396118,15.0,,,,,,eps<=0_block|no_intrinsic
CVBF,Financial Services,21.940000534057617,1.4499999999999997,0.16390383073955017,572497000.0,fcfe,,,175997435.0,,,,-566135000.0,,eps_dcf,0.08802999687194825,0.08,15.0,40.12569433063127,54.656106358041896,39.38309931866765,27.823067339111518,82.88830152188862,
CVGI,Consumer Cyclical,2.9600000381469727,-0.52,-0.3,-390000.0,fcfe,,,40632682.0,,,13973000.0,63440000.0,,eps_dcf,0.12828999687194825,0.1060924976539612,15.0,,,,,,eps<=0_block|no_intrinsic
CVLG,Industrials,33.0099983215332,0.10999999999999999,0.3,-37856000.0,fcfe,,,25377778.0,,,109092000.0,321819000.0,,eps_dcf,0.12366999687194825,0.1026274976539612,15.0,4.37102827897901,5.911088391488676,4.28973274671433,3.074854763263379,-86.75847167151267,
CVLT,Technology,146.35000610351562,1.5700000000000003,0.029018674233613373,258450000.0,fcfe,,,41444564.0,,,114163000.0,-12182000.0,,eps_dcf,0.0974149983215332,0.08872774857330322,15.0,24.11637732816685,33.345397548988075,23.56941233582765,16.528252084363224,-83.5214374291799,
CVNA,Consumer Cyclical,63.619998931884766,1.8079999999999998,-0.3,929000000.0,fcfe,,,719916415.0,,,142000000.0,2991000000.0,1110000000.0,eps_dcf,0.2445949983215332,0.1933212487411499,15.0,3.9394943449359126,5.109616381978299,3.719438365083348,3.4295402474512224,-93.80777363867334,
CVS,Healthcare,87.0999984741211,3.7799999999999994,-0.3,11758000000.0,fcfe,,,1278970369.0,,,13411000000.0,64977000000.0,197000000.0,eps_dcf,0.0841599983215332,0.08,15.0,13.254613024060705,17.58177806712962,12.477080837470542,11.26004454076228,-84.78230395377231,
CVX,Energy,204.3800048828125,10.430000000000001,-0.3,27012000000.0,fcfe,,,1961603274.0,,,55951000000.0,28548000000.0,5675000000.0,eps_dcf,0.08,0.08,15.0,36.94651024472068,48.51268392596879,34.91107888108654,31.486630654374967,-81.92263951363292,
CWD,Financial Services,0.6290000081062317,-3.79,-0.3,,fcfe,,,10384653.0,,,-16140000.0,120610000.0,36160000.0,eps_dcf,0.08,0.08,15.0,,,,,,eps<=0_block|no_intrinsic
CXAI,Technology,2.5299999713897705,-23.5,-0.07076773444436812,-10868000.0,fcfe,,,2337407.0,,,-18294000.0,-1185000.0,,eps_dcf,0.10302499832153321,0.09349624857330323,15.0,,,,,,eps<=0_block|no_intrinsic
CXM,Technology,4.820000171661377,0.09999999999999999,0.3,110382000.0,fcfe,,,232171340.0,,,65525000.0,-190063000.0,,eps_dcf,0.0877899983215332,0.08054649857330322,15.0,4.61300831145115,6.213867187499999,4.537418836352888,3.2389178606970868,-4.2944367808783745,
CXT,Industrials,47.0,2.42,0.3,224000000.0,fcfe,,,57561304.0,,,374800000.0,1235700000.0,19500000.0,eps_dcf,0.1112199983215332,0.0932899987411499,15.0,101.29783616526096,137.13881864888117,99.40100934668673,71.14733413736346,115.52731098991693,
CXW,Industrials,32.66999816894531,1.25,-0.2067175277709965,57315000.0,fcfe,,,98893489.0,,,383496000.0,1238086000.0,,eps_dcf,0.0852599983215332,0.08,15.0,6.745431580159362,9.328041265467254,6.600123653334843,4.598745675325031,-79.35282534979974,
CYH,Healthcare,2.9100000858306885,1.85,0.3,-185000000.0,fcfe,,,141009357.0,,,1760000000.0,10056000000.0,546000000.0,eps_dcf,0.15466999832153322,0.13739449857330321,15.0,64.76995703100728,87.35124273242097,63.585453323848284,45.74218245107057,2125.7716536292833,upside>300%
CYN,Technology,0.7129999995231628,-4.94,-0.3,-25813851.0,fcfe,,,15348281.0,,,-27454923.0,4594434.0,,eps_dcf,0.08,0.08,15.0,,,,,,eps<=0_block|no_intrinsic
CYRX,Industrials,17.31999969482422,-0.8999999999999999,0.3,-21348000.0,fcfe,,,50649100.0,,,-3129000.0,-37249000.0,,eps_dcf,0.1565399983215332,0.1272799987411499,15.0,,,,,,eps<=0_block|no_intrinsic
CZNC,Financial Services,25.280000686645508,1.48,-0.3,44769000.0,fcfe,,,17934867.0,,,,87115000.0,,eps_dcf,0.08,0.08,15.0,5.242649584102262,6.883870777606308,4.953825191180065,4.467901569364808,-79.26167151224898,
CZR,Consumer Cyclical,29.6200008392334,-2.28,0.022661990388580966,606000000.0,fcfe,,,203780124.0,,,3270000000.0,23891000000.0,177000000.0,eps_dcf,0.1485649983215332,0.1212987487411499,15.0,,,,,,eps<=0_block|no_intrinsic
D,Utilities,60.63999938964844,2.8650510000000002,0.3,-6342000000.0,fcfe,,,879525949.0,,,8710000000.0,53128000000.0,4689000000.0,eps_dcf,0.08646999832153321,0.08,15.0,132.71251186566528,178.03046399414063,130.7402671752092,93.31129380855812,118.85308905250416,
DAC,Industrials,154.47999572753906,30.25,-0.24604050668734312,196663000.0,fcfe,,,18203567.0,,,749192000.0,202452000.0,,eps_dcf,0.09953999977111816,0.08452999982833861,15.0,128.17899714309377,179.02421036065783,124.77841475156708,87.53553110010967,-17.025504474270665,
DAIO,Technology,2.9700000286102295,-0.93,0.3,-7600000.0,fcfe,,,10395627.0,,,-7321000.0,-2881000.0,,eps_dcf,0.12461999977111816,0.11185199980545044,15.0,,,,,,eps<=0_block|no_intrinsic
DAL,Industrials,84.87000274658203,6.030024,0.3,3410000000.0,fcfe,,,657623030.0,,,5709000000.0,15319000000.0,,eps_dcf,0.12324499977111816,0.10230874982833862,15.0,240.03598323276023,324.6208845952889,235.57058837358926,168.84726644774463,182.82782545618238,
DAN,Consumer Cyclical,27.3700008392334,10.67,-0.3,117000000.0,fcfe,,,107576679.0,,,569000000.0,1172000000.0,63000000.0,eps_dcf,0.16212999977111817,0.1314724998283386,15.0,29.329135664238105,38.777750197376335,27.570942229024386,25.155101436741038,7.157964066250208,
DAR,Consumer Defensive,60.31999969482422,3.7100000000000004,-0.3,881242000.0,fcfe,,,157802916.0,,,1490031000.0,4010457000.0,60523000.0,eps_dcf,0.10883499977111816,0.09496799981689454,15.0,12.050515769747733,16.13755962130955,11.295110922048563,10.229686461283421,-80.02235439205127,
DASH,Consumer Cyclical,187.10000610351562,1.91,0.3,2139000000.0,fcfe,,,433295654.0,,,1763000000.0,-1119000000.0,11000000.0,eps_dcf,0.15057999977111816,0.12280999982833862,15.0,67.98117373916902,91.71516394235648,66.73517746183255,47.98517236799102,-63.665862361566404,
DAVE,Technology,326.44000244140625,15.42,0.3,319193000.0,fcfe,,,12755507.0,,,222389000.0,58854000.0,,eps_dcf,0.26343999977111815,0.22984899980545043,15.0,356.9684910351473,476.77088897517314,350.81612845637903,255.62318083142617,9.351944726572132,
DB,Financial Services,36.11000061035156,3.2758830000000003,-0.19314463634554135,,fcfe,,,1879000000.0,,,,-4241000000.0,1575000000.0,eps_dcf,0.10701999977111817,0.09351599981689455,15.0,17.55336667325235,24.479713950401013,17.101481452855573,11.982675057294013,-51.38918200898516,
DBD,Technology,60.25,3.0600000000000005,0.3,212000000.0,fcfe,,,33946588.0,,,378300000.0,660500000.0,7300000.0,eps_dcf,0.11486500122070313,0.10356025103759765,15.0,126.14223743870738,170.71879098182998,123.78487910773565,88.6377588885,109.36470944183799,
DBGI,Consumer Cyclical,4.559999942779541,-135.53,-0.3,,fcfe,,,574639.0,,,-42373679.0,20236065.0,,eps_dcf,0.08,0.08,15.0,,,,,,eps<=0_block|no_intrinsic
DBI,Consumer Cyclical,6.300000190734863,0.278512,0.3,119916000.0,fcfe,,,51123404.0,,,161078000.0,1157425000.0,6232000.0,eps_dcf,0.12091500122070313,0.10056125091552734,15.0,11.194608809933865,15.142521935055377,10.98609096005166,7.872249234458961,77.69219795258562,
DD,Basic Materials,130.1199951171875,0.44999999999999984,-0.3,441000000.0,fcfe,,,135042975.0,,,934000000.0,1385000000.0,112000000.0,eps_dcf,0.11189500122070312,0.09379625091552735,15.0,1.4471512615137823,1.9365332324796187,1.3566643925452206,1.2292298974536306,-98.88783329555886,
DDOG,Technology,268.55999755859375,0.5,-0.3,1072769000.0,fcfe,,,359075024.0,,,281700000.0,842844000.0,,eps_dcf,0.1340600012207031,0.11987600103759764,15.0,1.4980479779814733,1.9939715305337034,1.4060948562693767,1.2779837905655334,-99.44219243684846,
DDS,Consumer Cyclical,677.52001953125,43.650000000000006,-0.3,635077000.0,fcfe,,,15619451.0,,,959469000.0,-306242000.0,,eps_dcf,0.11761500122070313,0.09808625091552736,15.0,137.79942674528945,184.1445128556192,129.22403413886437,117.1805184542351,-79.6612022120575,
DE,Industrials,680.5,18.0,-0.26144861826735666,3229000000.0,fcfe,,,269625412.0,,,11687000000.0,55252000000.0,51000000.0,eps_dcf,0.10232500122070312,0.08661875091552734,15.0,70.47707078963717,97.55891707695594,68.06255375341863,50.63877561097398,-89.6433400749982,
DECK,Consumer Cyclical,77.68000030517578,7.050000000000001,0.22773766315482513,1117808000.0,fcfe,,,136181857.0,,,1390224000.0,-1130255000.0,,eps_dcf,0.11547000122070313,0.09647750091552734,15.0,222.6062080033486,302.81500101243324,218.24598878968635,155.47807263525073,186.56823780743014,
DEI,Real Estate,9.600000381469727,-0.15000000000000002,-0.3,64401000.0,fcfe,,,167485267.0,,,601639000.0,5378403000.0,1676599000.0,eps_dcf,0.11690000122070313,0.08981000079345704,15.0,,,,,,eps<=0_block|no_intrinsic
DELL,Technology,539.5900268554688,17.23,-0.3,8560000000.0,fcfe,,,635812750.0,,,18411000000.0,22897000000.0,0.0,eps_dcf,0.12971500122070312,0.11618275103759765,15.0,52.33391072239296,69.73157741540297,49.10984236932829,44.60844908857694,-90.30117160849403,
DFIN,Technology,46.939998626708984,1.45,-0.3,152300000.0,fcfe,,,24585383.0,,,129800000.0,186400000.0,,eps_dcf,0.09143500122070312,0.08364475103759765,15.0,4.9891742048654475,6.709532144738205,4.6718952931635975,4.220653000098237,-89.37116670040422,
DG,Consumer Defensive,122.63999938964844,7.69,-0.3,2010656000.0,fcfe,,,220616790.0,,,3516317000.0,14183510000.0,,eps_dcf,0.08,0.08,15.0,27.24052385253135,35.76822045931927,25.739807919036956,23.214975046226602,-77.78822244936295,
DGX,Healthcare,231.97000122070312,9.42,-0.13095926512941802,1349000000.0,fcfe,,,110373360.0,,,2253000000.0,5757000000.0,383000000.0,eps_dcf,0.08241500122070312,0.08,15.0,73.98177047590539,101.24396703667709,72.70537190915812,50.548769615375534,-68.10718192585732,
DHI,Consumer Cyclical,139.39999389648438,10.510000000000002,0.1715463628781213,3202200000.0,fcfe,,,279701267.0,,,3922600000.0,5104900000.0,587000000.0,eps_dcf,0.12762500122070314,0.10559375091552736,15.0,255.00587475332915,347.84754104888196,249.8582160146499,177.60718467381412,82.9310515915025,
DHR,Healthcare,226.11000061035156,5.629999999999999,-0.3,5466000000.0,fcfe,,,702986054.0,,,7585000000.0,22210000000.0,11000000.0,eps_dcf,0.09666000122070312,0.08808600103759764,15.0,19.03619015805036,25.567769161196107,17.83080767948325,16.120758590605945,-91.5810047734886,
DIN,Consumer Cyclical,28.139999389648438,0.46999999999999986,0.3,6300000.0,fcfe,,,12659150.0,,,141748000.0,1591800000.0,,eps_dcf,0.10469000122070313,0.08839250091552733,15.0,20.223341434503357,27.394469418289177,19.843303969478427,14.192325845792322,-28.133113457199638,
DINO,Energy,105.58999633789062,10.48,-0.3,1324000000.0,fcfe,,,177783849.0,,,2694000000.0,2106000000.0,65000000.0,eps_dcf,0.09044500122070312,0.08,15.0,36.179871838365514,48.66705042267763,33.8771955724561,30.600722051781617,-65.73551179735908,
DIOD,Technology,97.18000030517578,1.85,-0.020959971638126795,142510000.0,fcfe,,,46051705.0,,,259122000.0,-341442000.0,70008000.0,eps_dcf,0.15650000122070312,0.13895000103759764,15.0,18.24271518796077,25.086126332313377,17.834074499651173,12.62522610853696,-81.22791198737096,
DIS,Communication Services,105.41000366210938,4.85,0.3,8293000000.0,fcfe,,,1726686902.0,,,20074000000.0,40856000000.0,6810000000.0,eps_dcf,0.12971500122070312,0.1116720009765625,15.0,187.9615672903123,254.0513087054244,184.4772021304379,132.32492135482346,78.31473366875223,
DKNG,Consumer Cyclical,19.59000015258789,-0.38,0.3,497373000.0,fcfe,,,496454048.0,,,109619000.0,932127000.0,,eps_dcf,0.14176000122070312,0.11619500091552734,15.0,,,,,,eps<=0_block|no_intrinsic
DLB,Industrials,57.93000030517578,2.35,-0.08214657220762012,344505000.0,fcfe,,,93668795.0,,,365138000.0,-621944000.0,9168000.0,eps_dcf,0.09633000122070312,0.08212250091552734,15.0,22.154462086602877,30.847065540960436,21.613014934669895,15.086200088044261,-61.75649582272922,
DLPN,Communication Services,1.090000033378601,-0.51,-0.18072009976908388,-4037168.0,fcfe,,,13033831.0,,,861212.0,20174555.0,,eps_dcf,0.15210000122070313,0.1295800009765625,15.0,,,,,,eps<=0_block|no_intrinsic
DLR,Real Estate,176.55999755859375,1.6025,-0.3,,fcfe,,,370998727.0,,,3819492000.0,16788511000.0,2028261000.0,eps_dcf,0.10920500007629394,0.08480825004959107,15.0,5.19882312639068,6.961429261125096,4.873026975496034,4.413605444340202,-97.05549207165944,
DLTR,Consumer Defensive,113.30000305175781,8.19,-0.3,1977100000.0,fcfe,,,187630299.0,,,2912500000.0,6612700000.0,,eps_dcf,0.08858000007629395,0.08,15.0,28.413163884869892,38.09385247878086,26.638719019547665,24.055809886925616,-74.92218612572309,
DNOW,Industrials,15.710000038146973,-1.0699999999999998,0.3,136000000.0,fcfe,,,180785891.0,,,-111000000.0,517000000.0,5000000.0,eps_dcf,0.10035000007629394,0.08513750005722046,15.0,,,,,,eps<=0_block|no_intrinsic
DNUT,Consumer Defensive,2.880000114440918,-0.56,-0.3,37342000.0,fcfe,,,173500000.0,,,98280000.0,1241387000.0,1724000.0,eps_dcf,0.12202000007629393,0.10551600006103516,15.0,,,,,,eps<=0_block|no_intrinsic
DOC,Real Estate,20.1299991607666,0.35,-0.3,,fcfe,,,689527260.0,,,1886442000.0,8693553000.0,1653690000.0,eps_dcf,0.10656500007629394,0.08309225004959106,15.0,1.1453171986172772,1.5346044609174072,1.0733860886524442,0.9718232662116468,-94.3103961929144,
DOCN,Technology,135.00999450683594,2.19,0.3,-3811000.0,fcfe,,,117579550.0,,,378084000.0,762891000.0,,eps_dcf,0.13852000007629395,0.12366700006484985,15.0,81.8598177265985,110.55688732635267,80.34957835115978,57.69346625316042,-39.36758680302464,
DORM,Consumer Cyclical,123.88999938964844,7.220000000000001,-0.19985949223741017,214171000.0,fcfe,,,29675618.0,,,378260000.0,396271000.0,,eps_dcf,0.10634500007629394,0.08963375005722046,15.0,37.53254526976586,52.35249242065828,36.56266274882567,25.622245681694004,-69.70494353485172,
DOV,Industrials,189.6999969482422,8.299999999999999,-0.023053786574226298,1171676000.0,fcfe,,,134680225.0,,,1919336000.0,1504017000.0,,eps_dcf,0.11520000007629394,0.09627500005722045,15.0,94.82128950864404,131.21150356337395,92.62412909370056,65.02255669874461,-50.01513387766943,
DOW,Basic Materials,27.610000610351562,-1.8199999999999998,-0.3,1599000000.0,fcfe,,,722340711.0,,,2651000000.0,15692000000.0,1507000000.0,eps_dcf,0.08,0.08,15.0,,,,,,eps<=0_block|no_intrinsic
DPZ,Consumer Cyclical,301.80999755859375,17.63,-0.05212079726577257,653470000.0,fcfe,,,33081735.0,,,1052394000.0,4958017000.0,,eps_dcf,0.10420000007629394,0.08802500005722047,15.0,184.74378037513313,256.49246473414274,180.34345338714093,126.19607698010017,-38.78805146629818,
DRCT,Communication Services,1.5299999713897705,-156.89999999999998,-0.3,,fcfe,,,760567.0,,,-20739000.0,17681000.0,-5360000.0,eps_dcf,0.341855000076294,0.2813840000610352,15.0,,,,,,eps<=0_block|no_intrinsic
DRI,Consumer Cyclical,195.11000061035156,10.379999999999999,-0.3,1087900000.0,fcfe,,,113541756.0,,,2146000000.0,6105400000.0,,eps_dcf,0.08462000007629394,0.08,15.0,36.35694252621846,48.280120724022616,34.20985215066722,30.875035455068037,-81.36592567654908,
DRIO,Healthcare,6.619999885559082,0.18000000000000016,-0.3,-25481000.0,fcfe,,,9799481.0,,,-28557000.0,25779000.0,,eps_dcf,0.11388000007629395,0.10272300006484986,15.0,0.5751433920444624,0.7692702747591232,0.5392403082672971,0.4887257606612977,-91.31203320261253,
DRMA,Healthcare,1.1299999952316284,-4.53,-0.3,,fcfe,,,4955207.0,,,-8601013.0,-4412764.0,,eps_dcf,0.09023000007629395,0.08262050006484985,15.0,,,,,,eps<=0_block|no_intrinsic
DRUG,Healthcare,49.7400016784668,-3.04,-0.005767829233891519,,fcfe,,,9812061.0,,,-39246267.0,-307762926.0,,eps_dcf,0.08,0.08,15.0,,,,,,eps<=0_block|no_intrinsic
DRVN,Consumer Cyclical,11.800000190734863,1.04,0.3,133780000.0,fcfe,,,164979816.0,,,386938000.0,2036496000.0,0.0,eps_dcf,0.10420000007629394,0.08802500005722047,15.0,44.842517377626756,60.74614213237035,43.99961060440788,31.467612942539795,280.02132756604743,
DSGR,Industrials,34.95000076293945,0.19,-0.0650184413580257,13259000.0,fcfe,,,46255422.0,,,149395000.0,778535000.0,,eps_dcf,0.08203500007629394,0.08,15.0,2.0307138480499862,2.764891319244536,1.9990306746119955,1.3915858971694097,-94.1896600751914,
DT,Technology,57.529998779296875,0.5,0.3,570556000.0,fcfe,,,289002128.0,,,298302000.0,-898507000.0,,eps_dcf,0.09292500007629395,0.08491125006484986,15.0,22.620551786171777,30.673476116020232,22.192727379549172,15.851100676191136,-60.68042366391957,
DTE,Utilities,122.38999938964844,5.65,0.3,-1490000000.0,fcfe,,,208088069.0,,,4316000000.0,26734000000.0,5000000.0,eps_dcf,0.08,0.08,15.0,267.1187468173996,351.0834960937501,265.1392383460374,189.09252295513568,118.25210241809356,
DTI,Energy,2.299999952316284,-0.09,-0.3,-10998000.0,fcfe,,,35282224.0,,,28781000.0,76890000.0,10000.0,eps_dcf,0.08,0.08,15.0,,,,,,eps<=0_block|no_intrinsic
DUK,Utilities,114.20999908447266,6.66,-0.10204005080462497,-4274000000.0,fcfe,,,779702193.0,,,17710000000.0,91533000000.0,2112000000.0,eps_dcf,0.08,0.08,15.0,60.34473570939972,81.890193995504,59.493194444554035,41.3539012178325,-47.163351551410834,
DUOL,Technology,142.6199951171875,8.39976,0.3,397504000.0,fcfe,,,46593117.0,,,172884000.0,-1094751000.0,,eps_dcf,0.10112000007629394,0.09187700006484985,15.0,366.94539499081736,497.2192464635742,360.03630743271935,257.39880619235464,157.28888483645434,
DUOT,Technology,8.970000267028809,0.8400000000000001,0.3,-88187297.0,fcfe,,,31472499.0,,,48674605.0,-111355370.0,,eps_dcf,0.12609000007629395,0.11310150006484986,15.0,33.045541291312354,44.67906339399502,32.43174537450184,23.253406939061257,268.4006723252668,
DVA,Healthcare,175.19000244140625,12.219999999999999,-0.3,1609804000.0,fcfe,,,63800000.0,,,2771832000.0,12737511000.0,1844534000.0,eps_dcf,0.09782000007629393,0.08907200006484985,15.0,41.1591677537848,55.26589469990745,38.555436758037445,34.86363379490422,-76.50598368616906,
DVN,Energy,46.599998474121094,4.21,-0.11561626478268772,1477000000.0,fcfe,,,1100000000.0,,,8804000000.0,10735000000.0,0.0,eps_dcf,0.08,0.08,15.0,35.79191521935642,48.61228662136804,35.27721767668092,24.51563644537129,-23.19331246494965,
DX,Real Estate,11.390000343322754,2.63,-0.2783387751433518,,fcfe,,,248166917.0,,,,-607562000.0,,eps_dcf,0.10359500007629395,0.08116175004959107,15.0,9.533702954265731,13.022149120046214,9.092178186813662,7.369831090841451,-16.297606085194317,
DXC,Technology,10.329999923706055,0.7,-0.3,819000000.0,fcfe,,,159778689.0,,,1716000000.0,2510000000.0,268000000.0,eps_dcf,0.09633500007629395,0.08780975006484985,15.0,2.3694081655303925,3.182635636082561,2.219335693310404,2.00639811163819,-77.06284430755031,
DXCM,Healthcare,86.63999938964844,2.5300000000000002,-0.12154764053101774,1405000000.0,fcfe,,,377360765.0,,,1559100000.0,293400000.0,,eps_dcf,0.13021500007629394,0.11660775006484984,15.0,17.513288522664258,24.279987269073473,17.088294740408372,12.021571123022703,-79.78613960521714,
DXPE,Industrials,182.55999755859375,5.68,-0.15095204568729426,118659000.0,fcfe,,,15517148.0,,,235679000.0,672383000.0,,eps_dcf,0.10871000007629394,0.09140750005722045,15.0,37.05279805577976,51.61721638225743,36.120439589883254,25.285455126991586,-79.70376941756507,
DY,Industrials,269.0400085449219,10.99,-0.04529890008605697,468671000.0,fcfe,,,30160957.0,,,906846000.0,2708378000.0,,eps_dcf,0.13406500007629396,0.11042375005722047,15.0,105.9155703191164,146.31356235120978,103.46405877450398,72.87211292086025,-60.63203726020119,
E,Energy,54.650001525878906,3.3600000000000003,-0.3,3220000000.0,fcfe,,,1435579298.0,,,19873000000.0,28625000000.0,4929000000.0,eps_dcf,0.08,0.08,15.0,11.902231488232163,15.62824717078189,11.246522055652038,10.143344103422805,-78.22098599101412,
EA,Communication Services,209.6999969482422,4.26,-0.3,2060000000.0,fcfe,,,252387410.0,,,1798000000.0,-740000000.0,,eps_dcf,0.08751000267028808,0.08,15.0,14.817117586889136,19.81438480581275,13.905357399662059,12.555130929646754,-92.93413552574049,
EAF,Industrials,8.550000190734863,-6.800000000000001,-0.3,-123444000.0,fcfe,,,26092164.0,,,-12051000.0,1053242000.0,,eps_dcf,0.1542250026702881,0.12554375200271609,15.0,,,,,,eps<=0_block|no_intrinsic
EBAY,Consumer Cyclical,105.20999908447266,4.83,-0.20004084466332062,2428000000.0,fcfe,,,445000000.0,,,3198000000.0,4820000000.0,,eps_dcf,0.1258450026702881,0.10425875200271606,15.0,23.423235788574573,32.536340757762105,22.83052220571686,16.088271567960177,-77.73668283204891,
EBC,Financial Services,20.979999542236328,1.76,0.2717777137159545,385404000.0,fcfe,,,228511552.0,,,,108249000.0,,eps_dcf,0.0888850026702881,0.08,15.0,73.05538445970076,98.9531282194812,71.73961196849689,51.10495817353193,248.21442351620541,
EBF,Industrials,22.459999084472656,1.69,0.1422829950127995,55314000.0,fcfe,,,25298272.0,,,70153000.0,-41028000.0,,eps_dcf,0.08,0.08,15.0,44.00819769631497,58.59061723357843,43.58202725192767,30.70428949221342,95.94033610953842,
EBMT,Financial Services,21.219999313354492,2.04,-0.1317191098010151,18721000.0,fcfe,,,7965431.0,,,,67650000.0,,eps_dcf,0.08,0.08,15.0,16.07031897076626,21.84729556408242,15.834086353535856,11.002040229141304,-24.26805141010235,
ECG,Industrials,117.80000305175781,4.97,-0.3,250372000.0,fcfe,,,51041606.0,,,381843000.0,187480000.0,,eps_dcf,0.10720000267028809,0.09027500200271607,15.0,16.22970092186408,21.742750022909135,15.210938113078683,13.77294024717522,-86.22266510915689,
ECL,Basic Materials,277.8699951171875,7.45,0.09123181728820473,1874500000.0,fcfe,,,280328603.0,,,3983500000.0,8783500000.0,28900000.0,eps_dcf,0.10117000122070313,0.08575250091552736,15.0,146.22025593181456,201.19546713557628,143.05092174333103,100.75304729350347,-47.378177384662074,
ECO,Industrials,80.25,10.72,-0.3,,fcfe,,,39044655.0,,,487142640.0,499902311.0,,eps_dcf,0.08,0.08,15.0,37.97378617674071,49.861550497256516,35.881760844223166,32.36209785377752,-52.68064027820473,
ECOR,Healthcare,10.880000114440918,-1.7599999999999998,-0.11159263434139677,-9770000.0,fcfe,,,9015885.0,,,-12467000.0,1062000.0,,eps_dcf,0.10755000122070313,0.09734250103759766,15.0,,,,,,eps<=0_block|no_intrinsic
ED,Utilities,103.33000183105469,6.09,-0.250092800499492,-862000000.0,fcfe,,,369828633.0,,,6476000000.0,26850000000.0,0.0,eps_dcf,0.08,0.08,15.0,26.80312663183706,36.59096664881082,26.34661844097355,18.38481118745384,-74.06065406283417,
EEFT,Technology,63.7599983215332,6.37,0.3,268900000.0,fcfe,,,37403595.0,,,686000000.0,622900000.0,15400000.0,eps_dcf,0.09781500122070312,0.08906775103759765,15.0,282.219809641869,382.5254613819627,276.89639733337333,197.8843948272622,342.6283203752171,upside>300%
EFSC,Financial Services,59.31999969482422,5.029999999999999,0.14153138180929048,203388000.0,fcfe,,,36192520.0,,,,-214236000.0,,eps_dcf,0.09611000122070312,0.08478800097656251,15.0,123.48171940128212,169.37909468302803,120.8879194837369,85.36574387217193,108.16203647427889,
EFX,Industrials,140.8300018310547,5.69,-0.0409082787652606,1105000000.0,fcfe,,,117484896.0,,,1910100000.0,5297000000.0,139700000.0,eps_dcf,0.12399500122070312,0.10287125091552735,15.0,58.08376000563876,80.34592038909233,56.73197459552111,39.876955852538146,-58.75611783679562,
EG,Financial Services,368.80999755859375,47.290000000000006,-0.1860616681755215,,fcfe,,,38342734.0,,,,2472000000.0,,eps_dcf,0.08,0.08,15.0,286.4789074940357,390.49057094231637,281.96071186975735,196.02183091859013,-22.323443130491036,
EGP,Real Estate,202.64999389648438,5.699999999999999,-0.23880605706361036,,fcfe,,,53773317.0,,,559439000.0,1614299000.0,403000.0,eps_dcf,0.10887000122070312,0.08459050079345704,15.0,24.244644579073206,33.79234168328914,23.610048004257315,16.600737199304966,-88.03619772549433,
EHC,Healthcare,123.55999755859375,6.14,-0.2381376670076396,413400000.0,fcfe,,,98653384.0,,,1500000000.0,2734600000.0,863400000.0,eps_dcf,0.08566000122070312,0.08,15.0,28.296117944932057,39.18392593051833,27.661953863128197,19.310802204757366,-77.0992890061254,
EIG,Financial Services,47.93000030517578,0.6900000000000003,-0.3,19700000.0,fcfe,,,17960506.0,,,,15300000.0,,eps_dcf,0.08,0.08,15.0,2.444208252047677,3.2093721868569967,2.3095536364285443,2.0830081640957556,-94.90046268206733,
EIX,Utilities,53.560001373291016,5.8,0.3,-389000000.0,fcfe,,,384813979.0,,,10123000000.0,43298000000.0,1564000000.0,eps_dcf,0.08599000122070313,0.08,15.0,269.06774713014636,360.40429687499994,265.218231669759,189.27974376645483,402.3669533816022,upside>300%
EL,Consumer Defensive,94.37000274658203,0.49,-0.3,1316000000.0,fcfe,,,361798567.0,,,1647000000.0,5748000000.0,0.0,eps_dcf,0.12229000122070313,0.10573200097656252,15.0,1.5238547330394756,2.034068593460142,1.429392442078583,1.2970277455014867,-98.38523398464703,
ELAN,Healthcare,22.610000610351562,-0.4100000000000001,-0.3,379000000.0,fcfe,,,499449583.0,,,775000000.0,3388000000.0,,eps_dcf,0.14445500122070312,0.12871175103759763,15.0,,,,,,eps<=0_block|no_intrinsic
ELDN,Healthcare,2.5,-0.9400000000000001,0.3,,fcfe,,,81261152.0,,,-84523000.0,-6336000.0,,eps_dcf,0.10370000122070314,0.09407000103759766,15.0,,,,,,eps<=0_block|no_intrinsic
ELF,Consumer Defensive,101.69999694824219,0.9800000000000002,-0.22222835644484207,280158000.0,fcfe,,,59007996.0,,,221874000.0,585059000.0,,eps_dcf,0.13992500267028807,0.11984000213623046,15.0,4.069331207157537,5.633704384613355,3.9671442265799968,2.8115189714343427,-95.99869092500708,
ELTX,Healthcare,1.840000033378601,-2.3400000000000003,-0.3,,fcfe,,,26281882.0,,,-35120000.0,-9332000.0,,eps_dcf,0.15450000267028807,0.13725000226974488,15.0,,,,,,eps<=0_block|no_intrinsic
ELUT,Healthcare,0.7889999747276306,0.95,-0.3,-46027000.0,fcfe,,,44289230.0,,,-15539000.0,-15516000.0,,eps_dcf,0.10054500267028808,0.09138825226974487,15.0,3.170979220835672,4.254976179556732,2.9708334758211765,2.687419497158098,301.89851994993035,upside>300%
ELV,Healthcare,392.7300109863281,22.5,-0.04296940868624799,6289000000.0,fcfe,,,216869290.0,,,,20812000000.0,139000000.0,eps_dcf,0.09048000267028808,0.08283300226974487,15.0,259.27219137574184,360.5390274696333,253.065421868525,176.62566380350114,-33.98207824133722,
EMBJ,Industrials,76.87000274658203,2.2567999999999997,-0.3,367800000.0,fcfe,,,177958235.0,,,842300000.0,1193500000.0,371800000.0,eps_dcf,0.08998500267028808,0.08,15.0,7.803055858690937,10.496972683041832,7.306347276566544,6.59926478071322,-89.84902357241312,
EME,Industrials,762.030029296875,32.15,-0.23138521839188098,1171382000.0,fcfe,,,44109901.0,,,2155526000.0,-382483000.0,1037000.0,eps_dcf,0.11435000267028808,0.09563750200271606,15.0,139.21196412307705,193.81299697205955,135.60067870453682,95.44478752971528,-81.73143330696195,
EMN,Basic Materials,65.75,3.84,-0.3,498000000.0,fcfe,,,114326623.0,,,1189000000.0,4555000000.0,77000000.0,eps_dcf,0.11198500267028808,0.09386375200271604,15.0,12.345412139499725,16.519890972485967,11.573541047917324,10.486546581260683,-81.22370777262398,
EMPD,Consumer Cyclical,3.1549999713897705,-12.65,-0.3,-472672022.0,fcfe,,,28160111.0,,,-270243768.0,51969510.0,,eps_dcf,0.08,0.08,15.0,,,,,,eps<=0_block|no_intrinsic
EMR,Industrials,157.24000549316406,4.57,-0.15418056963623283,3460000000.0,fcfe,,,557800000.0,,,5342000000.0,11075000000.0,15000000.0,eps_dcf,0.11998500007629395,0.09986375005722045,15.0,28.177436611917628,39.17066711392803,27.475030782914388,19.291423596916957,-82.07998242969875,
ENGN,Healthcare,1.9500000476837158,-1.9099999999999997,-0.16979287616966043,-104701000.0,fcfe,,,67016316.0,,,-127069000.0,-7754000.0,,eps_dcf,0.08,0.08,15.0,,,,,,eps<=0_block|no_intrinsic
ENOV,Healthcare,18.459999084472656,-19.259999999999998,-0.3,63659000.0,fcfe,,,57669494.0,,,-738995000.0,1356485000.0,2098000.0,eps_dcf,0.13076500007629394,0.11707525006484984,15.0,,,,,,eps<=0_block|no_intrinsic
ENPH,Technology,31.829999923706055,1.0,0.3,152627000.0,fcfe,,,132144648.0,,,248030000.0,52595000.0,,eps_dcf,0.14253500007629394,0.12707975006484984,15.0,36.77183053307981,49.645096253612415,36.09490277588843,25.929348084121347,15.525700977753448,
ENS,Industrials,182.10000610351562,9.34,-0.3,717312000.0,fcfe,,,36065224.0,,,583701000.0,508269000.0,3647000.0,eps_dcf,0.11916000007629393,0.09924500005722045,15.0,29.339410083821903,39.192318201374775,27.515937274239658,24.956920395015768,-83.88829813265147,
ENTG,Technology,154.77000427246094,1.99,-0.3,575200000.0,fcfe,,,152800000.0,,,881900000.0,3206400000.0,,eps_dcf,0.12719000007629394,0.11403650006484985,15.0,6.09288529832508,8.123307516746618,5.716735269205211,5.190913167263149,-96.06326476052878,
ENVA,Financial Services,167.9199981689453,13.49,-0.29251888370435963,1952781000.0,fcfe,,,24898371.0,,,505180000.0,4923229000.0,,eps_dcf,0.11877500007629396,0.10292000006103517,15.0,43.78736382734192,58.886645780248585,41.320782700652785,36.08782525450266,-73.92367537826722,
EOG,Energy,139.66000366210938,12.850000000000001,-0.3,6614000000.0,fcfe,,,524529176.0,,,13905000000.0,3343000000.0,,eps_dcf,0.08,0.08,15.0,45.51895078088789,59.768742900162884,43.01125250450259,38.79225349076877,-67.4073109069827,
EPAC,Industrials,35.33000183105469,1.77,-0.11403714816810206,112296000.0,fcfe,,,51137646.0,,,150295000.0,69113000.0,,eps_dcf,0.09991000007629394,0.08480750005722046,15.0,14.199525098525047,19.788221262686434,13.846720024507544,9.669244156416166,-59.8088752827524,
EPAM,Technology,107.13999938964844,7.380000000000001,-0.0927819813585612,482636000.0,fcfe,,,51586981.0,,,720483000.0,-637154000.0,582000.0,eps_dcf,0.12823500007629396,0.11492475006484987,15.0,58.72858908767853,81.37105609532554,57.32352179697962,40.30132395212826,-45.18518814425836,
EPC,Consumer Defensive,27.5,-2.01,0.3,52400000.0,fcfe,,,46088915.0,,,86700000.0,882100000.0,,eps_dcf,0.08,0.08,15.0,,,,,,eps<=0_block|no_intrinsic
EPD,Energy,36.02000045776367,2.88,-0.22168831539920264,3460000000.0,fcfe,,,2159477169.0,,,10322000000.0,33773000000.0,816000000.0,eps_dcf,0.08,0.08,15.0,14.623498540270685,19.955402710433976,14.382913484998056,10.013349535925279,-59.4017258344627,
EPRT,Real Estate,26.270000457763672,1.2900000000000003,0.012480348289079402,,fcfe,,,216273004.0,,,558765000.0,2791077000.0,43560000.0,eps_dcf,0.10013000007629394,0.08,15.0,18.25653689897116,25.261922500090172,17.838607881908366,12.504938349040524,-30.504238367549263,
EQBK,Financial Services,47.459999084472656,1.6700000000000002,-0.3,38970000.0,fcfe,,,20592490.0,,,,-62923000.0,,eps_dcf,0.09435500007629394,0.08338400006103516,15.0,5.690208641437765,7.64687302740555,5.329216647244067,4.816520238051076,-88.0105167484097,
EQH,Financial Services,52.189998626708984,-3.3099999999999996,-0.3,1298000000.0,fcfe,,,272765787.0,,,,-10216000000.0,2008000000.0,eps_dcf,0.11239500007629394,0.09781600006103516,15.0,,,,,,eps<=0_block|no_intrinsic
EQIX,Real Estate,1015.27001953125,15.530000000000001,-0.23942090468070376,-1464000000.0,fcfe,,,98671686.0,,,4459000000.0,22377000000.0,16000000.0,eps_dcf,0.10568500007629394,0.08252025004959107,15.0,66.58274126907239,92.8709508347412,64.83309160905068,45.54348068346867,-93.44186866664165,
EQT,Energy,48.880001068115234,4.31,0.032473686330304785,3758333000.0,fcfe,,,625516000.0,,,6933063000.0,5542851000.0,3604521000.0,eps_dcf,0.08385000007629395,0.08,15.0,70.50289435030022,95.81148975618862,69.38520826269632,48.547357207223534,44.23668741752495,
ERAS,Healthcare,14.210000038146973,-0.95,0.3,-252081000.0,fcfe,,,349762035.0,,,-147743000.0,2172000.0,,eps_dcf,0.08764500007629394,0.08042325006484985,15.0,,,,,,eps<=0_block|no_intrinsic
ERIE,Financial Services,222.42999267578125,11.04,0.05680425143512835,,fcfe,,,52289868.0,,,,-243294000.0,,eps_dcf,0.08,0.08,15.0,202.55945507585398,271.60356749434794,200.3077932847793,140.2703280305841,-8.933389495224683,
ES,Utilities,63.900001525878906,3.8600000000000003,0.3,236707000.0,fcfe,,,376674754.0,,,5634717000.0,30069511000.0,155568000.0,eps_dcf,0.09056000007629394,0.08,15.0,176.4133861411621,239.2664181320991,173.07255037211291,123.58286145737269,176.07728001339143,
ESE,Technology,265.69000244140625,12.137943,0.3,196602000.0,fcfe,,,25907567.0,,,305677000.0,55871000.0,,eps_dcf,0.11239500007629394,0.10146075006484985,15.0,505.57406097409466,684.3843547158287,496.11312197150767,355.1465842401217,90.28719798577708,
ESEA,Industrials,70.62000274658203,19.43,-0.1051883303085347,89324484.0,fcfe,,,7055381.0,,,174787123.0,49165123.0,5017134.0,eps_dcf,0.08247500007629395,0.08,15.0,172.28098822227696,235.46335396202176,169.3808616461793,117.79900221082505,143.95494409778294,
ESLA,Healthcare,0.46000000834465027,-0.38,-0.3,,fcfe,,,43497864.0,,,-9790659.0,-146670.0,,eps_dcf,0.10106500007629395,0.09183025006484985,15.0,,,,,,eps<=0_block|no_intrinsic
ESOA,Industrials,11.039999961853027,0.6,0.3,-1364659.0,fcfe,,,18659181.0,,,32757314.0,34030850.0,,eps_dcf,0.12675000007629394,0.10493750005722047,15.0,23.539562999249345,31.824699836451618,23.102490423160106,16.56564389031478,113.22068007777699,
ESQ,Financial Services,117.81999969482422,6.06,-4.440892098500626e-16,64315000.0,fcfe,,,8649400.0,,,,-242183000.0,,eps_dcf,0.08,0.08,15.0,87.11879812335245,117.35139004986829,86.06083543506116,60.06009426171048,-26.057716560001364,
ESRT,Real Estate,4.03000020980835,0.030000000000000013,0.3,,fcfe,,,173132649.0,,,321676000.0,2141834000.0,750688000.0,eps_dcf,0.12768500007629394,0.09682025004959106,15.0,1.1724356730689303,1.5849630508214285,1.150677458695102,0.8251829384379169,-70.90730491240627,
ESS,Real Estate,273.92999267578125,6.43,0.3,990799000.0,fcfe,,,64268439.0,,,1314137000.0,6689926000.0,189816000.0,eps_dcf,0.09100000007629394,0.08,15.0,293.31461135386684,397.8021164417124,287.76128933909536,205.48707231033575,7.0764864003150185,
ETD,Consumer Cyclical,21.010000228881836,1.56,0.23376705716596602,41436000.0,fcfe,,,25204416.0,,,68648000.0,46745000.0,-85000.0,eps_dcf,0.10838000007629395,0.09116000005722047,15.0,51.887071833678064,70.60040409044504,50.87067567150927,36.222928063417456,146.96368999725388,
ETN,Industrials,433.2699890136719,9.83,0.20354288078051974,3934000000.0,fcfe,,,388400000.0,,,6449000000.0,20843000000.0,45000000.0,eps_dcf,0.11641000007629393,0.09718250005722046,15.0,282.24391115347225,384.574247771125,276.62895302610457,196.7584489179224,-34.85726722130158,
ETON,Healthcare,59.189998626708984,0.37999999999999995,-0.3,,fcfe,,,28583135.0,,,20852000.0,2141000.0,,eps_dcf,0.10167000007629395,0.09234450006484986,15.0,1.2636817348855214,1.6952082807018072,1.1839947992380968,1.0712159960115093,-97.86504179049719,
ETR,Utilities,99.76000213623047,3.9000000000000004,0.3,-3150947000.0,fcfe,,,477777482.0,,,6243253000.0,30487390000.0,91402000.0,eps_dcf,0.08,0.08,15.0,184.38285178546164,242.3408203125,183.01646540699926,130.52404239381048,84.82643127219637,
ETS,Industrials,1.7100000381469727,-0.176437,0.3,,fcfe,,,48716672.0,,,-4966093.0,-5180497.0,,eps_dcf,0.10717000007629394,0.09025250005722046,15.0,,,,,,eps<=0_block|no_intrinsic
ETSY,Consumer Cyclical,69.27999877929688,1.6600000000000001,0.3,613513000.0,fcfe,,,91781748.0,,,601219000.0,2174526000.0,,eps_dcf,0.15188500007629394,0.12378875005722045,15.0,58.77296842909808,79.28299093387723,57.696508882291035,41.492324564740066,-15.166037146840484,
EVER,Communication Services,18.90999984741211,3.08,-0.1569589941537407,95135000.0,fcfe,,,35239751.0,,,86500000.0,-190375000.0,,eps_dcf,0.08874500007629395,0.08,15.0,20.99873293787345,29.266009058994413,20.486557583089198,14.267982881105237,11.045653661108775,
EVGO,Consumer Cyclical,1.3300000429153442,-0.4,0.3,-193337000.0,fcfe,,,314515720.0,,,-34983000.0,293733000.0,330048000.0,eps_dcf,0.20831500007629394,0.16611125005722047,15.0,,,,,,eps<=0_block|no_intrinsic
EVH,Healthcare,3.5199999809265137,-4.57,-0.14328326687920379,24338000.0,fcfe,,,113059335.0,,,-321730000.0,854731000.0,,eps_dcf,0.09859000007629394,0.08972650006484985,15.0,,,,,,eps<=0_block|no_intrinsic
EVLV,Industrials,4.710000038146973,-0.030000000000000006,-0.3,-5542000.0,fcfe,,,179871410.0,,,25360000.0,-11128000.0,,eps_dcf,0.15100500007629394,0.12312875005722046,15.0,,,,,,eps<=0_block|no_intrinsic
EVMN,Healthcare,8.350000381469727,-3.374761,0.3,,fcfe,,,36292113.0,,,-100355000.0,-51923000.0,,eps_dcf,0.10717000007629394,0.09701950006484986,15.0,,,,,,eps<=0_block|no_intrinsic
EVRG,Utilities,78.7300033569336,4.32,-0.23848522431198105,-1405800000.0,fcfe,,,230567172.0,,,2863800000.0,16476200000.0,52700000.0,eps_dcf,0.08022000007629394,0.08,15.0,20.149656264089945,27.521030044787786,19.80749251532103,13.804773729698853,-74.40663609178495,
EW,Healthcare,88.08000183105469,1.74,0.10850247676359004,1433600000.0,fcfe,,,576400000.0,,,1652200000.0,-2202100000.0,106900000.0,eps_dcf,0.09903000007629395,0.09010050006484986,15.0,36.96474279676508,50.8115947352696,36.17188489038755,25.496464577393155,-58.03276336475701,
EWTX,Healthcare,39.189998626708984,-1.85,0.3,-158834000.0,fcfe,,,108604129.0,,,-216563000.0,-68729000.0,,eps_dcf,0.08,0.08,15.0,,,,,,eps<=0_block|no_intrinsic
EXC,Utilities,40.650001525878906,2.728155,-0.0253955292543665,-1916000000.0,fcfe,,,1030253967.0,,,9336000000.0,50860000000.0,,eps_dcf,0.08,0.08,15.0,35.0625178789894,47.323426217015715,34.61999157953057,24.12918843933953,-13.745346708861412,
EXE,Energy,84.18000030517578,11.58,0.15293398848972073,2477000000.0,fcfe,,,231503789.0,,,6685000000.0,3065000000.0,,eps_dcf,0.08,0.08,15.0,314.56050258258915,418.42045599498357,311.5673189128409,219.68010017943917,273.6760530318607,
EXOZ,Healthcare,6.099999904632568,-1.1600000000000001,0.3,-7191702.0,fcfe,,,9304701.0,,,-10262264.0,-4567661.0,,eps_dcf,0.10717000007629394,0.09701950006484986,15.0,,,,,,eps<=0_block|no_intrinsic
EXP,Basic Materials,173.5800018310547,12.65,0.3,170513000.0,fcfe,,,30675325.0,,,736836000.0,1561868000.0,,eps_dcf,0.12730000007629394,0.10535000005722045,15.0,495.1646156194665,669.4134946255066,485.97336092356704,348.4895007011246,185.26593524374422,
EXPD,Industrials,188.16000366210938,6.869999999999999,-0.3,923864000.0,fcfe,,,129990622.0,,,1238286000.0,-464163000.0,2371000.0,eps_dcf,0.11039000267028809,0.09266750200271606,15.0,22.20165192874335,29.720373053540555,20.811701345424645,18.85278255390226,-88.20065290357229,
EXPE,Consumer Cyclical,266.3299865722656,16.04,-0.19728064449830507,4459000000.0,fcfe,,,120022077.0,,,3693000000.0,-997000000.0,1262000000.0,eps_dcf,0.12095000267028809,0.10058750200271607,15.0,80.18713921670637,111.50151333008803,78.14960180137206,54.985377349327585,-69.89180968739751,
EXPO,Industrials,64.52999877929688,2.23,-0.13771124923161027,108558000.0,fcfe,,,47546084.0,,,137843000.0,14092000.0,,eps_dcf,0.08987500267028808,0.08,15.0,16.620138557397013,23.21752420002735,16.19972314877404,11.283999140635602,-74.24432221943688,
EXR,Real Estate,133.49000549316406,3.2500020000000003,-0.3,1838919000.0,fcfe,,,211269558.0,,,2395280000.0,13801227000.0,880022000.0,eps_dcf,0.11688000267028809,0.08979700173568726,15.0,10.284320148564253,13.74560805742291,9.64392528921359,8.744216817757591,-92.29581262614384,
EZPW,Financial Services,30.15999984741211,1.98,-0.3,138325000.0,fcfe,,,61535978.0,,,282120000.0,499722000.0,3123000.0,eps_dcf,0.08756500267028808,0.08,15.0,6.885916556475578,9.209502797067898,6.461872164401234,5.834463492106297,-77.16871156726339,
F,Consumer Cyclical,12.300000190734863,0.8899999999999999,0.3,7280000000.0,fcfe,,,3987595667.0,,,3512000000.0,144693000000.0,36000000.0,eps_dcf,0.15312500267028809,0.12471875200271607,15.0,31.35382359434106,42.290742372747886,30.779947745798978,22.13853236156047,154.9091309604917,
FA,Industrials,17.649999618530273,0.14,-0.3,195444000.0,fcfe,,,171753691.0,,,425220000.0,1803161000.0,,eps_dcf,0.11655000267028807,0.09728750200271605,15.0,0.44348843162069773,0.5927959666548696,0.4158652443724553,0.37705045833125295,-97.48731761356476,
FANG,Energy,183.9499969482422,5.13,-0.3,3682000000.0,fcfe,,,280019792.0,,,7378000000.0,12152000000.0,6085000000.0,eps_dcf,0.08,0.08,15.0,18.17215700435446,23.860984519675917,17.171029209968736,15.486712872190179,-90.12114307918823,
FAST,Industrials,49.959999084472656,1.18,-0.11694019229805175,1155800000.0,fcfe,,,1147497573.0,,,1959700000.0,236800000.0,,eps_dcf,0.09141500267028808,0.08,15.0,9.64624929939884,13.464868756262488,9.404303635335351,6.553466834725654,-80.69205469141642,
FBK,Financial Services,51.88999938964844,3.73,-0.3,199866000.0,fcfe,,,49978138.0,,,,-511043000.0,93000.0,eps_dcf,0.10291000267028809,0.09022800213623049,15.0,12.353370122217285,16.56686633704004,11.57517265115229,10.474466320589514,-76.19315808918343,
FBLA,Financial Services,16.709999084472656,-0.010000000000000009,0.3,22751000.0,fcfe,,,14519878.0,,,,65977000.0,,eps_dcf,0.10720000267028809,0.09366000213623048,15.0,,,,,,eps<=0_block|no_intrinsic
FBNC,Financial Services,62.310001373291016,3.2199999999999998,-0.3,226976000.0,fcfe,,,41398823.0,,,,-552939000.0,,eps_dcf,0.09719000267028807,0.08565200213623046,15.0,10.868290681336447,14.595474508377997,10.180404856712807,9.204764328165819,-82.5577107337457,
FBP,Financial Services,26.350000381469727,2.32,-0.23999911597509826,441047000.0,fcfe,,,152668268.0,,,,-360626000.0,,eps_dcf,0.09581500267028809,0.08455200213623047,15.0,10.26514735879352,14.350691215164264,9.992228769949023,6.998359268956271,-61.043084591329475,
FBRT,Real Estate,6.71999979019165,0.5,0.3,,fcfe,,,83045416.0,,,27027000.0,4547784000.0,86861000.0,eps_dcf,0.11336000267028809,0.08750900173568726,15.0,20.741968053287216,28.07555397201883,20.354022223810702,14.572219622985148,208.66024852503259,
FBRX,Healthcare,76.98999786376953,-4.1708,-0.1686505204749752,,fcfe,,,21229087.0,,,-89921000.0,-49629000.0,,eps_dcf,0.1976750026702881,0.17394875226974488,15.0,,,,,,eps<=0_block|no_intrinsic
FBYD,Industrials,8.390000343322754,-0.1,0.3,-18066000.0,fcfe,,,48464498.0,,,-2736000.0,15522000.0,14847000.0,eps_dcf,0.08,0.08,15.0,,,,,,eps<=0_block|no_intrinsic
FC,Consumer Defensive,16.84000015258789,0.17,0.3,9996000.0,fcfe,,,11293873.0,,,15201000.0,-11137000.0,,eps_dcf,0.09419000007629394,0.08325200006103516,15.0,7.649398837754273,10.371432530621355,7.504825048285813,5.361086513292566,-54.57601681447283,
FCAP,Financial Services,61.68000030517578,5.529999999999999,-0.15785708703689638,21709000.0,fcfe,,,3345531.0,,,,-151037000.0,105000.0,eps_dcf,0.09248500007629394,0.08188800006103517,15.0,37.06779382593636,51.81045485574065,36.11659491511804,25.178729528587027,-39.90305829679791,
FCF,Financial Services,20.329999923706055,1.63,-0.20725621375258763,178403000.0,fcfe,,,101055925.0,,,,83395000.0,,eps_dcf,0.09226500007629394,0.08171200006103516,15.0,8.595435908837782,12.026328403819443,8.369161521516606,5.843366575819644,-57.720433147592075,
FCNCA,Financial Services,2073.4599609375,187.04000000000002,-0.2071754518286013,1608000000.0,fcfe,,,11293120.0,,,,9695000000.0,,eps_dcf,0.08495000007629394,0.08,15.0,1007.854157846096,1392.6243281749746,986.4550927779952,687.28118272152,-51.39263950916121,
FCUV,Technology,4.760000228881836,-23.0,-0.3,-11258304.0,fcfe,,,702745.0,,,-4631441.0,9516002.0,,eps_dcf,0.08,0.08,15.0,,,,,,eps<=0_block|no_intrinsic
FDS,Financial Services,259.9700012207031,15.18,0.12975953073003632,708307000.0,fcfe,,,35565543.0,,,955994000.0,1282528000.0,,eps_dcf,0.09127500007629394,0.08092000006103515,15.0,362.8077337759526,498.3680504370418,355.1011156610388,250.3672714596046,39.55753820531961,
FDX,Industrials,287.4700012207031,18.51,-0.030368652973966737,5116000000.0,fcfe,,,236670435.0,,,11132000000.0,29632000000.0,,eps_dcf,0.12719000007629394,0.10526750005722046,15.0,195.54699367292284,270.21599808871906,191.03752267004663,134.40640226575525,-31.97655656501251,
FE,Utilities,43.63999938964844,0.605,0.05296881712168178,-1964000000.0,fcfe,,,578639932.0,,,4559000000.0,28920000000.0,1491000000.0,eps_dcf,0.08,0.08,15.0,10.922211442105192,14.649759324162826,10.800061638540903,7.561112970740423,-74.9720174269847,
FEMY,Healthcare,2.0899999141693115,-6.53,-0.3,-18189660.0,fcfe,,,8375027.0,,,-9642589.0,3346743.0,,eps_dcf,0.08,0.08,15.0,,,,,,eps<=0_block|no_intrinsic
FENC,Healthcare,10.800000190734863,-0.13,-0.3,,fcfe,,,35067159.0,,,-2096000.0,-41249000.0,,eps_dcf,0.11272000122070314,0.10173700103759767,15.0,,,,,,eps<=0_block|no_intrinsic
FERG,Industrials,223.8699951171875,10.450000000000001,0.15228203208950997,1265000000.0,fcfe,,,193452717.0,,,3570000000.0,6450000000.0,,eps_dcf,0.11338000122070313,0.09491000091552734,15.0,249.24681851922367,340.9764200651547,244.10515885508764,172.94219596570076,11.335517914650579,
FFAI,Consumer Cyclical,1.2999999523162842,-457.199998,-0.3,-137957000.0,fcfe,,,6126999.0,,,-286902000.0,155830000.0,28702000.0,eps_dcf,0.3618150012207031,0.28123625091552734,15.0,,,,,,eps<=0_block|no_intrinsic
FFIN,Financial Services,31.729999542236328,1.87,-0.16029131764019056,325286000.0,fcfe,,,143327507.0,,,,-550678000.0,,eps_dcf,0.09754000122070312,0.0859320009765625,15.0,12.157730107790549,16.977546136418727,11.846881108131306,8.270461078140098,-61.683799926920294,
FFIV,Technology,438.07000732421875,12.56,-0.007568556350011635,969595000.0,fcfe,,,56627182.0,,,923304000.0,-1353402000.0,,eps_dcf,0.10887000122070312,0.09846450103759764,15.0,157.39373862705366,217.79931893998992,153.76576532151483,107.872078230734,-64.07109914042451,
FG,Financial Services,21.8799991607666,2.2700000000000005,-0.3,4325000000.0,fcfe,,,130935209.0,,,,147000000.0,85000000.0,eps_dcf,0.12040000267028808,0.10422000213623048,15.0,7.1023433511571294,9.48465279226172,6.661381616839555,6.042919113005262,-67.5395629635468,
FGBI,Financial Services,8.399999618530273,-2.5799999999999996,-0.3,38498000.0,fcfe,,,16539094.0,,,,-602231000.0,,eps_dcf,0.08,0.08,15.0,,,,,,eps<=0_block|no_intrinsic
FHI,Financial Services,57.52000045776367,5.38,-0.10843866414488657,303862000.0,fcfe,,,74660281.0,,,576088000.0,-63374000.0,58520000.0,eps_dcf,0.08696000267028808,0.08,15.0,46.40290409501476,64.22545047403243,45.395329344439006,31.603081967724325,-19.32735791772477,
FHTX,Healthcare,3.5199999809265137,-0.92,-0.3,,fcfe,,,59385315.0,,,-66353000.0,-24978000.0,,eps_dcf,0.20961000267028806,0.18409350226974486,15.0,,,,,,eps<=0_block|no_intrinsic
FIBK,Financial Services,36.0,3.25,-0.13473427812910466,243300000.0,fcfe,,,95304607.0,,,,-870300000.0,,eps_dcf,0.09207500267028809,0.08156000213623048,15.0,24.36616734521415,34.03278883996052,23.74886096812637,16.551464981731133,-32.31620181884958,
FICO,Technology,617.8699951171875,34.62,-0.3,960878000.0,fcfe,,,21597635.0,,,1267566000.0,5349566000.0,,eps_dcf,0.12469000267028808,0.11191150226974486,15.0,106.84355837284265,142.5343136312515,100.23368040174564,90.98243702772483,-82.70776065884566,
FIG,Technology,20.719999313354492,-3.64,-0.3,221293000.0,fcfe,,,533009867.0,,,-1566184000.0,-378094000.0,,eps_dcf,0.10720000267028809,0.09704500226974487,15.0,,,,,,eps<=0_block|no_intrinsic
FIP,Industrials,2.819999933242798,-5.1899999999999995,0.3,-318872000.0,fcfe,,,118181737.0,,,75536000.0,2833548000.0,-188947000.0,eps_dcf,0.15631500267028808,0.12711125200271606,15.0,,,,,,eps<=0_block|no_intrinsic
FIS,Technology,33.349998474121094,6.51,-0.3,1921000000.0,fcfe,,,515705917.0,,,4200000000.0,20512000000.0,3000000.0,eps_dcf,0.09625500267028808,0.08774175226974487,15.0,22.041370989600406,29.60697745155962,20.645232859281194,18.664178918598815,-33.90892954101916,
FITB,Financial Services,50.970001220703125,2.93,0.3,2896000000.0,fcfe,,,906892564.0,,,,17327000000.0,,eps_dcf,0.10241500267028808,0.08983200213623048,15.0,127.29536790988354,172.4684154172037,124.90026039763151,89.30764293931946,149.74566384388936,
FIVE,Consumer Cyclical,222.02999877929688,11.14,-0.3,599250000.0,fcfe,,,55054035.0,,,983975000.0,1477555000.0,,eps_dcf,0.10659500267028808,0.08982125200271607,15.0,36.45022508568759,48.83910941180085,34.161042657913114,30.928888042897782,-83.58319808760618,
FIVN,Technology,34.0099983215332,0.69,-0.1607196584756354,170246000.0,fcfe,,,74723531.0,,,150335000.0,617731000.0,,eps_dcf,0.1339850026702881,0.11981225226974487,15.0,3.923883008616351,5.4404011098296,3.8271178763661746,2.697660304153632,-88.46256041673495,
FIX,Industrials,1665.050048828125,40.66,-0.3,2159806000.0,fcfe,,,35194329.0,,,2000175000.0,-1526761000.0,,eps_dcf,0.14438000267028808,0.11816000200271606,15.0,117.97016420284821,156.63616289334703,110.7914204162863,100.84039687203514,-92.9149178256908,
FIZZ,Consumer Defensive,29.610000610351562,2.03,-4.440892098500626e-16,161897000.0,fcfe,,,93615302.0,,,241406000.0,-48327000.0,,eps_dcf,0.09372500267028808,0.08288000213623047,15.0,27.923693431278515,38.7051129171866,27.275950636817598,19.085502328753186,-5.695059589034657,
FKWL,Technology,2.4000000953674316,-0.08,0.3,-4033917.0,fcfe,,,11784280.0,,,-1528391.0,-8187432.0,2902433.0,eps_dcf,0.08,0.08,15.0,,,,,,eps<=0_block|no_intrinsic
FLG,Financial Services,11.84000015258789,0.030000000000000013,3.552713678800501e-15,68000000.0,fcfe,,,415092836.0,,,,5829000000.0,,eps_dcf,0.1068700026702881,0.09339600213623049,15.0,0.39160071484900455,0.5417916494328847,0.38260585012005255,0.26839437445198044,-96.69256157261609,
FLNT,Communication Services,3.2100000381469727,-0.77,-0.3,-10621000.0,fcfe,,,31607086.0,,,-12389000.0,27719000.0,,eps_dcf,0.09334000267028808,0.08257200213623048,15.0,,,,,,eps<=0_block|no_intrinsic
FLOC,Energy,18.040000915527344,1.24,-0.06720233895721839,207267000.0,fcfe,,,43972689.0,,,333574000.0,322952000.0,993935000.0,eps_dcf,0.10720000267028809,0.08689000186920166,15.0,11.99955137073978,16.66522410608617,11.71169548643746,8.197446288300352,-33.48364322747037,
FLR,Industrials,49.83000183105469,12.4,0.3,-330000000.0,fcfe,,,133741067.0,,,-40000000.0,-1851000000.0,99000000.0,eps_dcf,0.12161000267028808,0.10108250200271607,15.0,496.970399116435,672.1918008490275,487.71701626046973,349.5091459517383,897.3316894536349,upside>300%
FLWS,Consumer Cyclical,2.5999999046325684,-2.11,0.3,-12972000.0,fcfe,,,64185096.0,,,-64193000.0,237569000.0,,eps_dcf,0.1257900026702881,0.10421750200271607,15.0,,,,,,eps<=0_block|no_intrinsic
FLYW,Technology,17.329999923706055,0.26,0.3,153674000.0,fcfe,,,121667674.0,,,72323000.0,-280919000.0,,eps_dcf,0.12408500267028807,0.11139725226974487,15.0,10.31374164963874,13.947109129448211,10.121962573799982,7.255711397345539,-40.48619910534237,
FMAO,Financial Services,34.709999084472656,2.91,-0.3,41544000.0,fcfe,,,13773162.0,,,,47041000.0,,eps_dcf,0.09614500267028808,0.08481600213623047,15.0,9.856207204014474,13.239661530298132,9.23184159781685,8.34584969632369,-71.60412715647809,
FMC,Basic Materials,9.09000015258789,-22.0,0.17535895102910604,84800000.0,fcfe,,,155546005.0,,,-1859600000.0,3804000000.0,24300000.0,eps_dcf,0.08,0.08,15.0,,,,,,eps<=0_block|no_intrinsic
FNB,Financial Services,17.31999969482422,1.68,-0.08535844173452645,622000000.0,fcfe,,,355963949.0,,,,1658000000.0,,eps_dcf,0.09968500122070312,0.0876480009765625,15.0,15.405242239125736,21.44117600114985,15.02906410234908,10.497842887431592,-11.055181809677949,
FNKO,Consumer Cyclical,5.329999923706055,-0.039999999999999994,-0.3,27244000.0,fcfe,,,55995766.0,,,85659000.0,220647000.0,318000.0,eps_dcf,0.10441500122070313,0.08818625091552734,15.0,,,,,,eps<=0_block|no_intrinsic
FNV,Basic Materials,247.94000244140625,7.65,-0.3,891400000.0,fcfe,,,192855530.0,,,2221000000.0,-1014200000.0,,eps_dcf,0.10491000122070313,0.08855750091552733,15.0,25.169729059852624,33.73829678994787,23.586788855218145,21.349981943660822,-89.84845978381372,
FNWB,Financial Services,10.010000228881836,0.16,0.3,,fcfe,,,9511615.0,,,,230858000.0,,eps_dcf,0.08659500122070313,0.08,15.0,7.408482453939938,9.9421875,7.297315314348665,5.208278826653699,-25.989187966607062,
FNWD,Financial Services,42.16999816894531,2.27,0.26041437043454807,16550000.0,fcfe,,,4330893.0,,,,-28654000.0,,eps_dcf,0.08,0.08,15.0,92.92883688030305,122.52517866498587,92.19118148338691,65.54546128636866,120.36718263065373,
FOR,Real Estate,26.059999465942383,3.33,0.3,282100000.0,fcfe,,,51017627.0,,,216800000.0,415300000.0,1200000.0,eps_dcf,0.12971500122070312,0.09813975079345703,15.0,129.05402455190517,174.43110474001304,126.66166661739348,90.8540181673324,395.2188303785843,upside>300%
FORM,Technology,136.25,1.46,-0.3,136121000.0,fcfe,,,78120725.0,,,177702000.0,-79849000.0,,eps_dcf,0.12047500122070313,0.10832875103759766,15.0,4.566928533940995,6.098684120952945,4.2834003011375605,3.8857576453393494,-96.64812584664881,
FOSL,Consumer Cyclical,6.159999847412109,-1.28,-0.3,-41214000.0,fcfe,,,59138052.0,,,-1871000.0,262993000.0,-15893000.0,eps_dcf,0.14143000122070315,0.11594750091552736,15.0,,,,,,eps<=0_block|no_intrinsic
FOUR,Technology,37.08000183105469,0.56,0.3,289000000.0,fcfe,,,78960120.0,,,938000000.0,4211000000.0,123000000.0,eps_dcf,0.12795500122070314,0.11468675103759766,15.0,21.86105657537719,29.55227553970134,21.455415823554482,15.386759866521164,-41.04353965519913,
FOX,Communication Services,55.83000183105469,3.83,0.3,1468000000.0,fcfe,,,421673622.0,,,3089000000.0,3363000000.0,186000000.0,eps_dcf,0.08296500122070313,0.08,15.0,179.37876462966173,237.99111328125,177.43794527875855,126.58887403078305,221.29457056525604,
FOXA,Communication Services,62.47999954223633,3.83,0.3,1468000000.0,fcfe,,,421673622.0,,,3089000000.0,3363000000.0,186000000.0,eps_dcf,0.08296500122070313,0.08,15.0,179.37876462966173,237.99111328125,177.43794527875855,126.58887403078305,187.09789683721448,
FPI,Real Estate,11.09000015258789,0.22000000000000003,0.3,,fcfe,,,43630722.0,,,40107000.0,212895000.0,3108000.0,eps_dcf,0.09105000122070311,0.08,15.0,10.033491221136424,13.607663312628155,9.843532442967877,7.029195464150337,-9.526680946031602,
FRD,Basic Materials,38.7400016784668,3.84,-0.3,-7188000.0,fcfe,,,7212791.0,,,45479000.0,95053000.0,,eps_dcf,0.14132000122070315,0.11586500091552737,15.0,11.247316950280373,14.944680803637338,10.56112913230507,9.60851655084932,-70.96717485035096,
FRHC,Financial Services,169.97999572753906,3.01,0.3,-923529000.0,fcfe,,,63787666.0,,,817798000.0,1436835000.0,0.0,eps_dcf,0.09022500122070312,0.08008000097656251,15.0,137.76422401383655,186.85273918208068,135.15483063403482,96.50388898499756,-18.952684153105388,
FRMI,Real Estate,4.28000020980835,-0.9356519999999999,0.3,-1240138000.0,fcfe,,,640467348.0,,,-365095000.0,513852000.0,,eps_dcf,0.10722000122070313,0.08351800079345705,15.0,,,,,,eps<=0_block|no_intrinsic
FRPT,Consumer Defensive,57.150001525878906,3.8,0.3,61046000.0,fcfe,,,48058074.0,,,269537000.0,142848000.0,,eps_dcf,0.14346500122070313,0.12267200097656251,15.0,139.2053329227191,187.9235976146042,136.64401554496735,98.1710203640892,143.5788787506568,
FRT,Real Estate,109.38999938964844,4.949999999999999,0.1570747958252421,329221000.0,fcfe,,,86889133.0,,,1033897000.0,4744575000.0,253161000.0,eps_dcf,0.10276500122070312,0.08062225079345703,15.0,125.68254487474933,172.07458149253702,123.081266093284,87.09434460135759,14.893999063905882,
FSBW,Financial Services,43.83000183105469,4.34,0.022704866826112502,98122000.0,fcfe,,,7862148.0,,,,351237000.0,,eps_dcf,0.08802500122070313,0.08,15.0,67.2502780763874,92.58581436059956,65.85891525337928,46.08883026119963,53.43434922865745,
FSLR,Technology,176.92999267578125,16.22,-0.2847035159307071,1500119000.0,fcfe,,,107469788.0,,,2440196000.0,-1494269000.0,,eps_dcf,0.14753500122070312,0.13132975103759764,15.0,49.65005303076134,66.75472975310154,47.211141327170424,39.862111419193916,-71.93802346347036,
FSS,Industrials,114.26000213623047,4.8100000000000005,-0.3,339200000.0,fcfe,,,61041611.0,,,483500000.0,423000000.0,,eps_dcf,0.11965000122070313,0.09961250091552734,15.0,15.085720506734411,20.149502788698065,14.148510963250434,12.8335668552227,-86.79702413382773,
FTAI,Industrials,168.92999267578125,5.09,-0.07813707417370697,-891158000.0,fcfe,,,102707091.0,,,1090696000.0,3116125000.0,0.0,eps_dcf,0.13796500122070313,0.11334875091552735,15.0,41.75768664967055,57.7298939392325,40.77542037870414,28.73227817300784,-75.2810699934061,
FTCI,Technology,2.1500000953674316,-6.250000000000001,0.0354551528925906,-28598000.0,fcfe,,,16521396.0,,,-37754000.0,14194000.0,,eps_dcf,0.15364000122070315,0.13651900103759768,15.0,,,,,,eps<=0_block|no_intrinsic
FTEK,Industrials,1.6399999856948853,-0.11,0.3,-1184000.0,fcfe,,,31216789.0,,,-3831000.0,-7087000.0,,eps_dcf,0.12366500122070312,0.10262375091552733,15.0,,,,,,eps<=0_block|no_intrinsic
FTFT,Technology,3.7699999809265137,8.680000000000003,-0.3,,fcfe,,,8077492.0,,,-4554891.0,1243224.0,0.0,eps_dcf,0.1515500012207031,0.13474250103759766,15.0,24.635699671914445,32.65437536742989,23.14559438439475,21.087339838958073,553.4668381048634,upside>300%
FTLF,Consumer Defensive,9.09000015258789,0.6399999999999999,0.024022953690286508,9993000.0,fcfe,,,9391072.0,,,11858000.0,37319000.0,,eps_dcf,0.08,0.08,15.0,10.212009102451605,13.729509073650084,10.092505765561027,7.053019141924866,12.343332574579573,
FTNT,Technology,175.9600067138672,2.8400000000000003,-0.3,3117000000.0,fcfe,,,733713653.0,,,2799500000.0,-2438000000.0,,eps_dcf,0.11048499977111817,0.09983724980545045,15.0,9.175135245287658,12.282067225276062,8.600764492758376,7.791315522887101,-94.78567009820159,
FTV,Technology,55.40999984741211,1.6899999999999997,-0.2628098845804604,939600000.0,fcfe,,,302017052.0,,,1240200000.0,3135100000.0,8800000.0,eps_dcf,0.10575499977111816,0.09581674980545044,15.0,6.501919178585476,8.98393700861661,6.2738037501318304,4.704247633915279,-88.26580184715675,
FUBO,Communication Services,9.09000015258789,-1.28,-0.3,-435614000.0,fcfe,,,30204277.0,,,50584000.0,172457000.0,1825516000.0,eps_dcf,0.18561499977111817,0.15639199981689453,15.0,,,,,,eps<=0_block|no_intrinsic
FUL,Basic Materials,49.599998474121094,3.37,-0.04755381686910776,140772000.0,fcfe,,,53829119.0,,,558727000.0,1958049000.0,0.0,eps_dcf,0.10564499977111816,0.08910874982833861,15.0,35.84255610181035,49.7388616523862,34.99234531144731,24.496882922323625,-27.73677982971858,
FULC,Healthcare,3.700000047683716,-1.2100000000000002,0.08300204858785976,-66142000.0,fcfe,,,76297257.0,,,-85396000.0,-43188000.0,,eps_dcf,0.19441499977111815,0.17117774980545042,15.0,,,,,,eps<=0_block|no_intrinsic
FUN,Consumer Cyclical,10.859999656677246,-17.292469,-0.3,150144000.0,fcfe,,,102316312.0,,,-903465000.0,5022736000.0,239651000.0,eps_dcf,0.08,0.08,15.0,,,,,,eps<=0_block|no_intrinsic
FUNC,Financial Services,43.41999816894531,3.8600000000000003,0.05987675636491541,25989000.0,fcfe,,,6453836.0,,,,-53250000.0,,eps_dcf,0.08,0.08,15.0,71.74440312070914,96.17475373954576,70.95075711793727,49.69499051018809,65.23354708941905,
FUSB,Financial Services,16.549999237060547,1.32,-0.3,8737000.0,fcfe,,,5504709.0,,,,-22955000.0,,eps_dcf,0.08,0.08,15.0,4.675876656091207,6.139668531378599,4.4182765218633016,3.984885183487531,-71.7469675429321,
FWONK,Communication Services,93.08000183105469,1.81,0.3,802000000.0,fcfe,,,250708485.0,,,1119000000.0,3459000000.0,759000000.0,eps_dcf,0.08809999977111817,0.08,15.0,83.4145785379341,112.47099609375,82.01783680806479,58.54838617172616,-10.38399559839272,
G,Technology,32.2400016784668,3.37,-0.11594706469695137,548674000.0,fcfe,,,168034407.0,,,936141000.0,897229000.0,,eps_dcf,0.08441499977111816,0.08,15.0,28.257778962372328,38.85310243639091,27.717690554128342,19.282720713085688,-12.351806788999669,
GABC,Financial Services,48.81999969482422,3.7899999999999996,-0.12342699508405364,182400000.0,fcfe,,,37578808.0,,,,58769000.0,,eps_dcf,0.08358999977111817,0.08,15.0,30.747754161399918,42.19757408177643,30.18304696936253,20.992055817135594,-37.01811889880097,
GANX,Healthcare,1.6799999475479126,-0.5800000000000001,-0.3,,fcfe,,,43643619.0,,,-19187466.0,-12474270.0,,eps_dcf,0.08,0.08,15.0,,,,,,eps<=0_block|no_intrinsic
GAP,Consumer Cyclical,23.540000915527344,3.35,-0.3,957000000.0,fcfe,,,351270137.0,,,2308000000.0,3617000000.0,,eps_dcf,0.1654849997711182,0.13398874982833864,15.0,9.116259902393551,12.043546182169006,8.571319151434096,7.8237958754964545,-61.2733239259123,
GASS,Industrials,8.890000343322754,1.5899999999999999,0.10683530863743051,,fcfe,,,37628686.0,,,79807369.0,-98269201.0,,eps_dcf,0.08,0.08,15.0,35.89493585288594,47.93060555313529,35.52663524741687,24.96416796904383,303.7675418072002,upside>300%
GBFH,Financial Services,18.649999618530273,1.31,0.1292908944795117,31049000.0,fcfe,,,14516457.0,,,,-105619000.0,,eps_dcf,0.08,0.08,15.0,32.38619244310149,43.16437075415064,32.065816364327006,22.56914236837582,73.65250994923993,
GBX,Industrials,41.11000061035156,4.07,0.3,-112400000.0,fcfe,,,30939686.0,,,326100000.0,1605700000.0,155000000.0,eps_dcf,0.1294799983215332,0.10698499874114989,15.0,157.88568906165878,213.4047814468995,154.95848572464428,111.14820668746165,284.0566448979884,
GCBC,Financial Services,33.65999984741211,2.41,-0.21068570386608165,41558000.0,fcfe,,,17025485.0,,,,9015000.0,,eps_dcf,0.08,0.08,15.0,12.927207523201155,17.63549878908855,12.717207020607752,8.848917765093965,-61.59474871716305,
GCMG,Financial Services,12.800000190734863,0.38999999999999996,-0.3,186331000.0,fcfe,,,61126269.0,,,193900000.0,273345000.0,97059000.0,eps_dcf,0.09862499832153321,0.08679999865722658,15.0,1.310082191432207,1.758751150271468,1.227261334514723,1.1098758033453968,-89.76498303194951,
GCTK,Healthcare,1.7400000095367432,-17.67,-0.3,,fcfe,,,1018017.0,,,-15333000.0,835000.0,,eps_dcf,0.08641499832153321,0.08,15.0,,,,,,eps<=0_block|no_intrinsic
GD,Industrials,332.3399963378906,16.39,-0.115812942008785,6447000000.0,fcfe,,,270557195.0,,,6731000000.0,5146000000.0,,eps_dcf,0.08,0.08,15.0,139.21286158034854,189.08003565216816,137.2103993360849,95.3530742413199,-58.11131277777033,
GDC,Communication Services,1.350000023841858,-584.9,0.3,,fcfe,,,4162500.0,,,-7784164.0,-6140183.0,284331.0,eps_dcf,0.1601149983215332,0.13599199865722655,15.0,,,,,,eps<=0_block|no_intrinsic
GDDY,Technology,94.05999755859375,6.74,-0.2094214035681724,1702900000.0,fcfe,,,126647704.0,,,1403200000.0,2685900000.0,,eps_dcf,0.10400000019073485,0.09432500016212463,15.0,33.71513289377872,47.05330312445962,32.8379782770715,23.008426513219504,-64.15571574645618,
GDOT,Financial Services,12.279999732971191,-0.51,-0.3,83035000.0,fcfe,,,56985179.0,,,114738000.0,-1077884000.0,,eps_dcf,0.09734500019073486,0.08577600015258789,15.0,,,,,,eps<=0_block|no_intrinsic
GDRX,Healthcare,3.2300000190734863,0.05,0.3,131699000.0,fcfe,,,341145388.0,,,170845000.0,242837000.0,,eps_dcf,0.14019000019073488,0.12508650016212464,15.0,1.8562442145094729,2.506606304770518,1.8220292715960498,1.3085269529886978,-42.531139209035366,
GE,Industrials,317.8900146484375,8.49,-0.0982749504223297,8396000000.0,fcfe,,,1037562513.0,,,12685000000.0,9812000000.0,227000000.0,eps_dcf,0.12655000019073487,0.10478750014305116,15.0,66.29955158665494,91.90639162627284,64.70596716576911,45.47346480969456,-79.14387098318352,
GEF,Consumer Cyclical,80.45999908447266,5.640000000000001,0.018362183278103794,208300000.0,fcfe,,,56848160.0,,,700600000.0,945100000.0,130800000.0,eps_dcf,0.09388000019073486,0.08028500014305115,15.0,83.95368222263093,116.22187013562046,82.03072954842003,57.45435233227414,4.342136686442609,
GEF-B,Consumer Cyclical,104.97000122070312,8.46,0.020417922585491244,208300000.0,fcfe,,,37898773.0,,,700600000.0,945100000.0,130800000.0,eps_dcf,0.09388000019073486,0.08028500014305115,15.0,127.049753125884,175.85743711566582,124.14378983802658,86.9599589996744,21.034344716027405,
GEHC,Healthcare,66.45999908447266,4.359999999999999,-0.08220770629464824,1579000000.0,fcfe,,,451686252.0,,,3696000000.0,8462000000.0,243000000.0,eps_dcf,0.09745500019073486,0.08876175016212463,15.0,40.91340139476692,56.95586043155356,39.914413457542864,27.86790616965243,-38.43905814268104,
GEN,Technology,20.850000381469727,1.72,-0.3,1548000000.0,fcfe,,,598587032.0,,,2564000000.0,7643000000.0,,eps_dcf,0.11912500019073488,0.10718125016212465,15.0,5.403582556419911,7.218301707762812,5.067734866059309,4.596406476158811,-74.08353737382997,
GETY,Communication Services,0.08299999684095383,-0.39,0.3,-83034000.0,fcfe,,,414811306.0,,,183366000.0,2008972000.0,48244000.0,eps_dcf,0.16631500019073486,0.14095200015258788,15.0,,,,,,eps<=0_block|no_intrinsic
GEV,Industrials,962.489990234375,34.94,-0.3,12438000000.0,fcfe,,,266333581.0,,,3005000000.0,-10326000000.0,1158000000.0,eps_dcf,0.10548500019073487,0.08898875014305116,15.0,114.74125130041237,153.7813802499752,107.52853440998388,97.33927302213506,-88.07870705517968,
GEVO,Basic Materials,1.3300000429153442,-0.86,0.3,-56651000.0,fcfe,,,247237104.0,,,-162141000.0,112554000.0,7789000.0,eps_dcf,0.11016000019073487,0.09249500014305115,15.0,,,,,,eps<=0_block|no_intrinsic
GFF,Industrials,94.30999755859375,3.92,0.3,276870000.0,fcfe,,,45294716.0,,,481993000.0,1226642000.0,,eps_dcf,0.12924500019073487,0.10680875014305116,15.0,152.21433643023823,205.7434118562555,149.39191927568174,107.15251246789029,61.397879727087435,
GGB,Basic Materials,4.639999866485596,1.1349879999999999,-0.3,3528454000.0,fcfe,,,1961802300.0,,,9049028000.0,10015202000.0,190194000.0,eps_dcf,0.10147000019073486,0.08597750014305114,15.0,3.776873177371181,5.06685879936348,3.5386666937352764,3.2015070062865956,-18.601868835142003,
GIFT,Communication Services,0.6100000143051147,-0.29000000000000004,-0.3,,fcfe,,,35425176.0,,,-5557941.0,1539457.0,,eps_dcf,0.08,0.08,15.0,,,,,,eps<=0_block|no_intrinsic
GIII,Consumer Cyclical,27.25,3.04,-0.047752475960207375,274594000.0,fcfe,,,42876508.0,,,210213000.0,-188351000.0,0.0,eps_dcf,0.12215000019073485,0.10148750014305113,15.0,30.316240198199914,41.96238562147644,29.60660818271353,20.79899082138254,11.252257608073078,
GIL,Consumer Cyclical,42.790000915527344,0.52,0.3,520652000.0,fcfe,,,185191848.0,,,624436000.0,4585166000.0,,eps_dcf,0.11195499687194824,0.09384124765396118,15.0,21.69931384720109,29.375016667522928,21.293151576349256,15.242097839434749,-49.288821259812146,
GILD,Healthcare,151.27999877929688,-2.6699999999999986,0.3,12943000000.0,fcfe,,,1239955155.0,,,1803000000.0,23067000000.0,-84000000.0,eps_dcf,0.08,0.08,15.0,,,,,,eps<=0_block|no_intrinsic
GIPR,Real Estate,0.37400001287460327,-17.200000000000003,-0.3,,fcfe,,,3038140.0,,,5821570.0,57443122.0,24520357.0,eps_dcf,0.08,0.08,15.0,,,,,,eps<=0_block|no_intrinsic
GIS,Consumer Defensive,33.81999969482422,-1.66,0.3,1626300000.0,fcfe,,,534687144.0,,,477100000.0,13486600000.0,12200000.0,eps_dcf,0.08,0.08,15.0,,,,,,eps<=0_block|no_intrinsic
GL,Financial Services,166.0800018310547,15.06,0.015550944218902352,1232375000.0,fcfe,,,76849447.0,,,,2686195000.0,,eps_dcf,0.08,0.08,15.0,231.6676689841842,311.6771315350019,228.92081579097353,159.89876601299855,39.491610326358696,
GLBZ,Financial Services,4.320000171661377,0.05,-0.3,,fcfe,,,2934863.0,,,,-15054000.0,,eps_dcf,0.08,0.08,15.0,0.1771165400034548,0.2325632019461591,0.16735895916148869,0.15094262058664892,-95.90008025542879,
GLPI,Real Estate,38.27000045776367,3.41,-0.22595810632332258,627728000.0,fcfe,,,290920043.0,,,1664017000.0,8060884000.0,398111000.0,eps_dcf,0.08945999687194825,0.08,15.0,16.544554255683337,23.130324243216258,16.113265651986882,11.252650079239785,-56.768868414458005,
GLW,Technology,158.7100067138672,2.19,-0.09189040317563169,2395000000.0,fcfe,,,861388331.0,,,4199000000.0,6875000000.0,567000000.0,eps_dcf,0.11558499687194825,0.104172247341156,15.0,18.344264847617406,25.470895989374462,17.900695491933384,12.54834177291242,-88.44164572389587,
GM,Consumer Cyclical,80.47000122070312,7.49,0.3,605000000.0,fcfe,,,904451541.0,,,17516000000.0,107563000000.0,1641000000.0,eps_dcf,0.12493499687194824,0.10357624765396117,15.0,296.0694936402271,400.3400797479179,290.5667694905161,208.30707998166935,267.9253002969448,
GMED,Healthcare,75.69000244140625,3.91,0.3,745844000.0,fcfe,,,134261914.0,,,953677000.0,-396553000.0,,eps_dcf,0.10485999687194825,0.09505599734115601,15.0,168.11990501677573,227.73124183382322,164.9608850462123,117.98562811141846,122.11639528869358,
GNE,Utilities,16.149999618530273,0.91,-0.08850414937802364,11886000.0,fcfe,,,26319623.0,,,35050000.0,-177900000.0,-6402000.0,eps_dcf,0.08,0.08,15.0,8.781250991476515,11.905950551542787,8.659683149074642,6.021254958615861,-45.62692756103204,
GNRC,Industrials,212.22000122070312,4.34,-0.3,379249000.0,fcfe,,,59063935.0,,,619424000.0,1248782000.0,372000.0,eps_dcf,0.15749499687194823,0.12799624765396117,15.0,12.097344997416094,16.012226834286956,11.369295242628496,10.36661242490803,-94.29962071066281,
GNW,Financial Services,9.229999542236328,0.52,0.3,,fcfe,,,377851037.0,,,,-486000000.0,1037000000.0,eps_dcf,0.09930499687194824,0.0873439974975586,15.0,22.892466097920817,31.024762485612143,22.461004664356427,16.054554010922658,148.022396893578,
GO,Consumer Defensive,10.949999809265137,-3.87,0.3,-5050000.0,fcfe,,,99084492.0,,,-238064000.0,1776673000.0,,eps_dcf,0.09193499687194824,0.0814479974975586,15.0,,,,,,eps<=0_block|no_intrinsic
GOGO,Communication Services,2.2300000190734863,0.010000000000000004,0.3,-22879000.0,fcfe,,,135507862.0,,,153318000.0,817508000.0,,eps_dcf,0.10914999687194825,0.0952199974975586,15.0,0.42225068742690974,0.5717547443889787,0.41433501489418334,0.29649364806302003,-81.06499175715949,
GOLD,Financial Services,42.880001068115234,2.15,-0.3,1208356000.0,fcfe,,,29154756.0,,,205384000.0,-484521000.0,62653000.0,eps_dcf,0.08654499687194825,0.08,15.0,7.495556037934076,10.000217683684838,7.0405245797160845,6.355988766837292,-82.51969251113748,
GOLF,Consumer Cyclical,82.41999816894531,3.6700000000000004,-0.3,183737000.0,fcfe,,,58405044.0,,,421471000.0,892125000.0,1941000.0,eps_dcf,0.0964249983215332,0.0821937487411499,15.0,12.418743983279176,16.680736925662675,11.632229685091035,10.516293935460098,-84.93236561614196,
GOOGL,Communication Services,340.9200134277344,19.91,-0.3,53273000000.0,fcfe,,,12229934831.0,,,326758000000.0,56845000000.0,,eps_dcf,0.11963499832153321,0.10360799865722657,15.0,62.44722743781087,83.40901803100053,58.56760703707023,53.124298046843094,-81.68273349225127,
GOVX,Healthcare,0.35199999809265137,-20.09,-0.3,,fcfe,,,9093871.0,,,-20393106.0,-2820281.0,,eps_dcf,0.2532299983215332,0.22117049857330323,15.0,,,,,,eps<=0_block|no_intrinsic
GPC,Consumer Cyclical,126.94999694824219,0.25000000000000044,0.3,759354000.0,fcfe,,,137859758.0,,,742343000.0,6093667000.0,17777000.0,eps_dcf,0.0883399983215332,0.08,15.0,11.512715600416449,15.534667968750028,11.316744747543627,8.078675790701334,-90.93129903334287,
GPI,Consumer Cyclical,240.92999267578125,24.01,-0.2798975696399707,166300000.0,fcfe,,,11922225.0,,,818200000.0,5612000000.0,,eps_dcf,0.0975249983215332,0.0830187487411499,15.0,88.24199844103411,120.55462881452492,84.03056619154566,68.56366481600864,-63.3744236402393,
GPMT,Real Estate,0.8870000243186951,-2.01,0.3,,fcfe,,,48198166.0,,,,580837000.0,125000.0,eps_dcf,0.14009499832153322,0.1048867489089966,15.0,,,,,,eps<=0_block|no_intrinsic
GPN,Industrials,83.33000183105469,-2.98,0.3,822719000.0,fcfe,,,264618390.0,,,3816606000.0,18146128000.0,858943000.0,eps_dcf,0.09543499832153321,0.0814512487411499,15.0,,,,,,eps<=0_block|no_intrinsic
GRDN,Healthcare,40.68000030517578,1.03,-0.3,79785000.0,fcfe,,,63342304.0,,,119809000.0,-54569000.0,12029000.0,eps_dcf,0.08,0.08,15.0,3.6486007240711684,4.790801960090876,3.4475945587266663,3.109417984084967,-91.03097173869257,
GRMN,Technology,290.2300109863281,9.7,-0.22734877299335987,1599841000.0,fcfe,,,192852536.0,,,2311467000.0,-2156278000.0,,eps_dcf,0.0998899983215332,0.09083149857330322,15.0,45.0620622759602,62.94465617257703,43.87545916918812,30.739277699659603,-84.47367240802573,
GRND,Technology,16.1200008392334,0.48000000000000004,-0.2525122913497264,142916000.0,fcfe,,,173820627.0,,,152094000.0,383091000.0,,eps_dcf,0.08,0.08,15.0,2.090287273526237,2.8488991082191006,2.051162700593419,1.4490491576318298,-87.03295803534435,
GRNT,Energy,4.289999961853027,-0.20999999999999996,0.3,-102432000.0,fcfe,,,131900242.0,,,222222000.0,418016000.0,,eps_dcf,0.08,0.08,15.0,,,,,,eps<=0_block|no_intrinsic
GROV,Consumer Defensive,1.0499999523162842,-0.19,-0.3,-1122000.0,fcfe,,,42701046.0,,,-3718000.0,10726000.0,,eps_dcf,0.1087449983215332,0.09489599865722657,15.0,,,,,,eps<=0_block|no_intrinsic
GROW,Financial Services,2.9100000858306885,0.23,-0.3,,fcfe,,,12298196.0,,,3933000.0,-24182000.0,,eps_dcf,0.0897699983215332,0.08,15.0,0.7956520478930953,1.0697907289523318,0.745150895426756,0.6730168242328767,-72.65800603349575,
GRWG,Consumer Cyclical,1.5700000524520874,-0.26999999999999996,-0.3,-7337000.0,fcfe,,,60090905.0,,,-8915000.0,2607000.0,,eps_dcf,0.19311499832153323,0.15471124874114991,15.0,,,,,,eps<=0_block|no_intrinsic
GS,Financial Services,916.239990234375,64.78999999999999,-0.3,-41515000000.0,fcfe,,,291171408.0,,,,287753000000.0,,eps_dcf,0.12282499832153321,0.10615999865722657,15.0,201.1466980582393,268.4596247760522,188.68337081015554,171.22375308467764,-78.04650526039735,
GSBC,Financial Services,77.55000305175781,6.02,0.15274601725847936,44087000.0,fcfe,,,10897507.0,,,,291353000.0,,eps_dcf,0.08014499832153321,0.08,15.0,163.33336985229457,217.36266178868405,161.7517839584294,114.04883559750063,110.61684516412448,
GSIT,Technology,5.460000038146973,-0.45999999999999996,0.3,-18892000.0,fcfe,,,38372073.0,,,-20034000.0,-68880000.0,,eps_dcf,0.1674849983215332,0.14828724857330322,15.0,,,,,,eps<=0_block|no_intrinsic
GUTS,Healthcare,0.5199999809265137,-1.095104,-0.3,-82985000.0,fcfe,,,159179848.0,,,-84766000.0,13596000.0,,eps_dcf,0.1806299983215332,0.15946049857330324,15.0,,,,,,eps<=0_block|no_intrinsic
GVA,Industrials,116.2699966430664,-4.3100000000000005,0.3,471906000.0,fcfe,,,44426893.0,,,189252000.0,855314000.0,52588000.0,eps_dcf,0.1252999983215332,0.10384999874114992,15.0,,,,,,eps<=0_block|no_intrinsic
GWRE,Technology,142.52000427246094,1.63,0.3,358657000.0,fcfe,,,81992669.0,,,205392000.0,342100000.0,,eps_dcf,0.1054449983215332,0.09555324857330322,15.0,69.91243140877529,94.6968457937367,68.5991763181379,49.06778229572607,-50.945530933944525,
GWW,Industrials,1248.6700439453125,39.22,-0.3,1510000000.0,fcfe,,,47100942.0,,,3023000000.0,2208000000.0,382000000.0,eps_dcf,0.10912999832153321,0.0917224987411499,15.0,127.26850227636646,170.42063562700497,119.29243427948464,108.04457291637337,-89.80767554299234,
GXAI,Communication Services,0.550000011920929,-0.48,-0.3,-5483644.0,fcfe,,,13752288.0,,,-6715601.0,-1089449.0,-952760.0,eps_dcf,0.10472999832153321,0.09168399865722658,15.0,,,,,,eps<=0_block|no_intrinsic
GYRE,Healthcare,7.320000171661377,-0.21,0.3,-7148000.0,fcfe,,,106033763.0,,,-10486000.0,-39869000.0,34561000.0,eps_dcf,0.3178400001907349,0.2760890001621247,15.0,,,,,,eps<=0_block|no_intrinsic
H,Consumer Cyclical,162.00999450683594,0.8200000000000001,0.24806595556245803,252000000.0,fcfe,,,94236736.0,,,882000000.0,3972000000.0,318000000.0,eps_dcf,0.12600000019073487,0.10437500014305115,15.0,26.733965625485496,36.27749940327391,26.220387565139294,18.731166028735686,-83.49857013027831,
HAE,Healthcare,105.80000305175781,2.04,0.3,291217000.0,fcfe,,,45497051.0,,,270390000.0,950774000.0,,eps_dcf,0.08216500019073486,0.08,15.0,95.78590421256945,126.762890625,94.83772244925191,67.65346309009142,-9.46512150315291,
HAL,Energy,31.540000915527344,1.91,-0.3,1725000000.0,fcfe,,,833130367.0,,,3592000000.0,6151000000.0,42000000.0,eps_dcf,0.09459500019073486,0.08,15.0,6.502745228247188,8.738303634508512,6.090286677969322,5.5045624728194635,-79.382545848165,
HAS,Consumer Cyclical,88.26000213623047,5.56,0.3,1086400000.0,fcfe,,,141044467.0,,,1354800000.0,2688500000.0,25100000.0,eps_dcf,0.08,0.08,15.0,262.86375793004277,345.491015625,260.9157814520297,186.08042966912467,197.82885969604794,
HASI,Financial Services,35.560001373291016,0.53,0.3,,fcfe,,,128495790.0,,,-16233000.0,5174323000.0,108098000.0,eps_dcf,0.13056500019073486,0.1123520001525879,15.0,20.468271658922117,27.663109532646956,20.089013466026778,14.411208363883288,-42.44018315956602,
HAYW,Industrials,12.34000015258789,0.74,-0.04187895428000388,204258000.0,fcfe,,,212119582.0,,,313655000.0,661123000.0,,eps_dcf,0.11296500019073485,0.09459875014305114,15.0,7.846534348154841,10.872949584648195,7.662177611914646,5.373189320382073,-36.41382292439194,
HBAN,Financial Services,15.270000457763672,1.29,0.23983350944623183,2683000000.0,fcfe,,,2020414826.0,,,,5805000000.0,41000000.0,eps_dcf,0.10405500019073485,0.09114400015258789,15.0,44.689398347795844,60.8050629745662,43.81536102902539,31.195845677336848,192.6614080425556,
HBB,Consumer Cyclical,38.83000183105469,4.26,-0.3,96923000.0,fcfe,,,13442332.0,,,84861000.0,-11879000.0,,eps_dcf,0.08,0.08,15.0,15.090329208294348,19.81438480581275,14.258983320558833,12.860311273982486,-61.13744914576412,
HBNC,Financial Services,18.860000610351562,-3.16,-0.3,94075000.0,fcfe,,,51344519.0,,,,161143000.0,,eps_dcf,0.09624500019073487,0.0848960001525879,15.0,,,,,,eps<=0_block|no_intrinsic
HCA,Healthcare,431.6300048828125,29.87,-0.09302448060588198,5997000000.0,fcfe,,,216501500.0,,,15861000000.0,50539000000.0,3433000000.0,eps_dcf,0.11329500019073487,0.10222575016212464,15.0,251.06135755288255,348.75015498612584,244.9742980347234,171.6337386741167,-41.83412767584457,
HCC,Basic Materials,88.02999877929688,4.16,-0.3,6134000.0,fcfe,,,52802087.0,,,452691000.0,-33025000.0,,eps_dcf,0.09014000019073487,0.08,15.0,14.376220811390748,19.339485431428457,13.461013647337172,12.158577683513771,-83.66895261757996,
HCKT,Technology,9.869999885559082,0.6499999999999999,-0.3,31152000.0,fcfe,,,24877873.0,,,36856000.0,68863000.0,,eps_dcf,0.10345000019073486,0.09385750016212463,15.0,2.148903995156741,2.8814768587060646,2.0135947479920504,1.82225887310149,-78.22792279561392,
HCSG,Healthcare,20.899999618530273,1.7199999999999998,-0.3,148536000.0,fcfe,,,68632202.0,,,168380000.0,-105677000.0,,eps_dcf,0.09668500019073487,0.08810725016212463,15.0,5.815190266150527,7.810414770161714,5.446976669732416,4.924606551393676,-72.17612262062107,
HCWB,Healthcare,1.75,-28.429997999999998,-0.06516837575951029,,fcfe,,,1836324.0,,,-4043926.0,5820037.0,,eps_dcf,0.18309000019073488,0.16155150016212466,15.0,,,,,,eps<=0_block|no_intrinsic
HD,Consumer Cyclical,288.0400085449219,14.29,-0.010556782761063976,15099000000.0,fcfe,,,997689626.0,,,25474000000.0,60482000000.0,,eps_dcf,0.1048449987411499,0.08850874905586242,15.0,179.5778423289807,248.68736274703818,175.41757103909728,122.94913578057333,-37.65524336839677,
HDSN,Basic Materials,5.150000095367432,0.2,0.3,-34514000.0,fcfe,,,42088547.0,,,17943000.0,-20840000.0,,eps_dcf,0.0946699987411499,0.08087749905586242,15.0,8.980813838633127,12.176116218003415,8.811120772743097,6.294590656932925,74.38473150149296,
HE,Utilities,9.079999923706055,1.2999999999999998,-0.3,-565511000.0,fcfe,,,173021908.0,,,722395000.0,2561923000.0,,eps_dcf,0.08,0.08,15.0,4.605030040089824,6.046643250600135,4.351332938198704,3.9245081352528706,-49.28380970503076,
HELE,Consumer Defensive,28.149999618530273,-17.99,-0.3,80492000.0,fcfe,,,23292061.0,,,-261214000.0,749663000.0,,eps_dcf,0.1245899987411499,0.10757199899291993,15.0,,,,,,eps<=0_block|no_intrinsic
HHS,Industrials,4.630000114440918,-0.76,0.3,-1713000.0,fcfe,,,7454240.0,,,503000.0,18850000.0,,eps_dcf,0.08,0.08,15.0,,,,,,eps<=0_block|no_intrinsic
HIG,Financial Services,125.8499984741211,15.469999999999999,-0.17263247340998344,5718000000.0,fcfe,,,270872002.0,,,,4249000000.0,,eps_dcf,0.08,0.08,15.0,100.07661742528211,136.33507823233685,98.5245239014188,68.47443718981728,-20.479444863989286,
HII,Industrials,259.6400146484375,16.779999999999998,-0.2550918623999827,-85000000.0,fcfe,,,39404598.0,,,1264000000.0,2923000000.0,,eps_dcf,0.08,0.08,15.0,72.2522576211712,98.2985187315136,70.76880863515436,50.65634346887936,-72.17214083160351,
HIT,Technology,0.8529999852180481,-0.07,0.3,-7642055.0,fcfe,,,65402649.0,,,-4087577.0,-6411875.0,72408.0,eps_dcf,0.10730000019073486,0.09713000016212463,15.0,,,,,,eps<=0_block|no_intrinsic
HIW,Real Estate,28.639999389648438,1.4299999999999997,-4.440892098500626e-16,,fcfe,,,110306211.0,,,554588000.0,3671075000.0,244843000.0,eps_dcf,0.11071000019073488,0.08578650012397768,15.0,18.38569599710147,25.423339607343557,17.96460426009564,12.61132759787688,-35.80413272024459,
HLI,Financial Services,127.45999908447266,5.95,0.20392449285173542,484819000.0,fcfe,,,69886500.0,,,616936000.0,-252000000.0,110000000.0,eps_dcf,0.10548500019073487,0.09228800015258791,15.0,179.01220129552595,244.17584927568043,175.42883833600385,124.59864219393779,40.445788938761616,
HLIO,Industrials,68.55000305175781,2.14,-0.3,103600000.0,fcfe,,,33046358.0,,,170400000.0,263500000.0,,eps_dcf,0.12154500019073486,0.10103375014305113,15.0,6.671083128822344,8.906279350494332,6.257292093756634,5.677260012347489,-90.26829637952687,
HLT,Consumer Cyclical,323.44000244140625,6.81,-0.0893271146783835,1939000000.0,fcfe,,,225064910.0,,,3092000000.0,13014000000.0,33000000.0,eps_dcf,0.11038000019073486,0.09266000014305115,15.0,58.86301631991717,81.7940938720858,57.43540260560815,40.21477991067563,-81.80094735480944,
HLX,Energy,10.6,0.27,-0.3,235373000.0,fcfe,,,147382447.0,,,220967000.0,-41836000.0,,eps_dcf,0.10730000019073486,0.0869600001335144,15.0,0.8814053430112765,1.1807803831790205,0.8260827830464876,0.7479979827378991,-91.6848552546106,
HMC,Consumer Cyclical,32.09000015258789,487.91999999999996,0.0,7212000000.0,fcfe,,,1297672194.0,,,1296607000000.0,-380995000000.0,267107000000.0,eps_dcf,0.08,0.08,15.0,7014.357092466372,9448.5297414409,6929.175383741769,4835.72956966565,21758.389090411707,upside>300%
HNGE,Healthcare,95.20999908447266,1.2799999999999998,-0.3,283923000.0,fcfe,,,80694417.0,,,98393000.0,-280339000.0,,eps_dcf,0.10730000019073486,0.09713000016212463,15.0,4.1785142187201245,5.597773668404244,3.9162443048129774,3.5460645107574464,-95.61126535143347,
HNI,Consumer Cyclical,46.650001525878906,0.08999999999999997,0.3,99300000.0,fcfe,,,72181800.0,,,291800000.0,1539100000.0,0.0,eps_dcf,0.10224000019073487,0.08655500014305115,15.0,3.9130033300065064,5.301684526526221,3.8393717546682042,2.7452168595016997,-91.61199742333174,
HNRG,Utilities,14.09000015258789,0.22000000000000003,0.3,-50462000.0,fcfe,,,47143357.0,,,56112000.0,18730000.0,,eps_dcf,0.08,0.08,15.0,10.401083946872198,13.670507812499999,10.324005740907653,7.362894699138027,-26.181094150223654,
HOFT,Consumer Cyclical,12.899999618530273,-1.69,-0.3,18728000.0,fcfe,,,10692197.0,,,-5021000.0,5294000.0,,eps_dcf,0.11560500019073486,0.09657875014305115,15.0,,,,,,eps<=0_block|no_intrinsic
HOMB,Financial Services,28.40999984741211,2.42,0.03352602278343486,429871000.0,fcfe,,,200049630.0,,,,-322667000.0,,eps_dcf,0.08893000019073487,0.08,15.0,39.175599057162884,54.03500697432253,38.33219206399919,26.846412119494325,37.893696823554976,
HON,Industrials,210.1300048828125,27.049999999999997,-0.3,4010000000.0,fcfe,,,316940010.0,,,12967000000.0,25237000000.0,320000000.0,eps_dcf,0.10185500019073487,0.08626625014305114,15.0,89.89922925348783,120.59293396263894,84.23110967343794,76.20988328448641,-57.21732871817912,
HOOD,Financial Services,116.22000122070312,2.27,-0.12052845912977939,178000000.0,fcfe,,,899082273.0,,,2361000000.0,17344000000.0,61000000.0,eps_dcf,0.18100000019073484,0.15270000015258786,15.0,13.207850967701836,18.14159904562107,12.902537921667566,9.190042027885417,-88.63547510843682,
HOUR,Consumer Cyclical,1.9600000381469727,0.1,0.0,-132895.0,fcfe,,,35199820.0,,,2537663.0,-226974.0,,eps_dcf,0.12836500019073488,0.10614875014305117,15.0,1.200312867412308,1.655604740182214,1.173186267205025,0.82640079526425,-38.75954877291174,
HPE,Technology,61.4900016784668,1.9200000000000002,-0.3,4156000000.0,fcfe,,,1327464779.0,,,6774000000.0,14028000000.0,62000000.0,eps_dcf,0.13161000019073485,0.11779350016212461,15.0,5.796989632656498,7.7206016288553165,5.44042792365309,4.943062763467903,-90.57246792255896,
HPK,Energy,7.789999961853027,-0.79,0.25455556037808447,-7881000.0,fcfe,,,126452804.0,,,468071000.0,1043090000.0,,eps_dcf,0.08,0.08,15.0,,,,,,eps<=0_block|no_intrinsic
HPP,Real Estate,11.65999984741211,-8.85,-0.3,112251000.0,fcfe,,,54268741.0,,,-74491000.0,3657655000.0,221395000.0,eps_dcf,0.15746000019073486,0.11617400012397766,15.0,,,,,,eps<=0_block|no_intrinsic
HPQ,Technology,30.729999542236328,2.6199999999999997,0.3,3881000000.0,fcfe,,,901790969.0,,,4205000000.0,6170000000.0,,eps_dcf,0.11857500019073486,0.10671375016212463,15.0,106.34143122581136,143.8736768199561,104.35812351920427,74.7591087514879,246.05087149335026,
HRL,Consumer Defensive,19.850000381469727,0.63,0.10830677953767132,780869000.0,fcfe,,,550350800.0,,,872412000.0,2015484000.0,16210000.0,eps_dcf,0.08,0.08,15.0,14.308033855051185,19.103210944466294,14.161575531035666,9.952231737682627,-27.919226296801735,
HRMY,Healthcare,39.290000915527344,3.08,-0.3,354767000.0,fcfe,,,58236393.0,,,280009000.0,-395808000.0,,eps_dcf,0.10317500019073486,0.09362375016212462,15.0,10.191730508789359,13.667056040355185,9.549845627590274,8.642059620820778,-74.06024364646527,
HRTG,Financial Services,33.4900016784668,7.02,-0.12442201275954912,297746000.0,fcfe,,,29732416.0,,,,-495763000.0,,eps_dcf,0.10312000019073486,0.0903960001525879,15.0,52.997101540015436,73.8436367105961,51.6761292486007,36.11348324367895,58.24753324539604,
HSBC,Financial Services,100.72000122070312,5.35,0.0,,fcfe,,,3421317591.0,,,,-94901000000.0,399000000.0,eps_dcf,0.08370500019073486,0.08,15.0,76.08037141941993,103.60229979650109,74.84356031447561,52.268876357171784,-24.46349235768127,
HSCS,Healthcare,4.050000190734863,-3.92,-0.3,-7116758.0,fcfe,,,4843910.0,,,-9320408.0,3974617.0,,eps_dcf,0.15460000019073486,0.13733500016212463,15.0,,,,,,eps<=0_block|no_intrinsic
HSIC,Healthcare,84.97000122070312,3.4299999999999997,-0.1461888530876263,513000000.0,fcfe,,,111446542.0,,,1027000000.0,3656000000.0,1566000000.0,eps_dcf,0.09696000019073486,0.08834100016212464,15.0,23.908007025163798,33.375827507775085,23.301122915433325,16.260838871743925,-71.86300261069249,
HST,Real Estate,22.440000534057617,1.4999999999999998,-0.3,1017000000.0,fcfe,,,685124399.0,,,2117000000.0,3692000000.0,230000000.0,eps_dcf,0.11285500019073486,0.08718075012397766,15.0,4.80881960608549,6.433522166526227,4.508375342736455,4.085449835691855,-78.5703231210398,
HSTM,Healthcare,29.739999771118164,0.72,-0.20438004877305294,41597000.0,fcfe,,,30595887.0,,,70301000.0,-32740000.0,,eps_dcf,0.08,0.08,15.0,3.9848861627404277,5.435205606986826,3.9206306610053843,2.7273332236991603,-86.60092066775896,
HSY,Consumer Defensive,161.41000366210938,7.32,-0.3,2228157000.0,fcfe,,,200925657.0,,,2679242000.0,5132099000.0,,eps_dcf,0.08,0.08,15.0,25.929861456505783,34.04725276491769,24.501351621241938,22.0979996538854,-83.93540619032105,
HTB,Financial Services,45.790000915527344,3.86,-0.0784325936457223,93718000.0,fcfe,,,16533706.0,,,,-273928000.0,,eps_dcf,0.09542000019073486,0.0842360001525879,15.0,37.14572684757407,51.71815613025957,36.23933706991224,25.292466897874064,-18.878082321728044,
HTLD,Industrials,11.649999618530273,-0.27999999999999997,-0.3,-85772000.0,fcfe,,,77332611.0,,,127754000.0,84018000.0,,eps_dcf,0.12523000019073488,0.10379750014305117,15.0,,,,,,eps<=0_block|no_intrinsic
HTO,Utilities,61.650001525878906,2.2699999999999996,-0.028671966656021897,-271077000.0,fcfe,,,41856804.0,,,298343000.0,1787389000.0,,eps_dcf,0.08,0.08,15.0,28.751612240903096,38.81536718674909,28.386945841326295,19.78185649378749,-53.363160536445406,
HUBB,Industrials,459.0899963378906,16.89,0.14117851444135754,901400000.0,fcfe,,,52832571.0,,,1468300000.0,5178000000.0,11100000.0,eps_dcf,0.10119500019073487,0.08577125014305115,15.0,405.405559815031,555.7952517540177,396.91482104815583,280.48808417666964,-11.693662887689639,
HUBS,Technology,197.6699981689453,2.83,-0.3,657892000.0,fcfe,,,49866201.0,,,333203000.0,-721400000.0,,eps_dcf,0.11725500019073487,0.10559175016212463,15.0,8.944444034435016,11.95370223450908,8.387655764395799,7.605550644478604,-95.47506241853134,
HUM,Healthcare,386.8699951171875,21.689999999999998,0.26107766071963145,1949000000.0,fcfe,,,120080308.0,,,,7354000000.0,64000000.0,eps_dcf,0.09327500019073487,0.08520875016212463,15.0,850.7366148100178,1156.8807526669061,834.2310962489724,594.109032636266,119.90245445432377,
HUN,Basic Materials,8.380000114440918,-1.04,-0.3,-9000000.0,fcfe,,,175378616.0,,,296000000.0,2155000000.0,237000000.0,eps_dcf,0.09140500019073486,0.08,15.0,,,,,,eps<=0_block|no_intrinsic
HURA,Healthcare,2.069999933242798,-0.62,-0.2355183154709144,-29908353.0,fcfe,,,63726617.0,,,-29407364.0,8183390.0,,eps_dcf,0.10730000019073486,0.09713000016212463,15.0,,,,,,eps<=0_block|no_intrinsic
HURN,Industrials,156.36000061035156,6.68,-0.28896359915598635,103641000.0,fcfe,,,15910072.0,,,226083000.0,860974000.0,,eps_dcf,0.08,0.08,15.0,24.817915659912174,32.899391012777116,23.674751058802485,20.16593411037629,-84.12770813313163,
HUT,Financial Services,92.86000061035156,-5.360445,0.3,-1309425000.0,fcfe,,,123259468.0,,,-597806000.0,7435264000.0,311410000.0,eps_dcf,0.3809800001907349,0.31268400015258796,15.0,,,,,,eps<=0_block|no_intrinsic
HVT,Consumer Cyclical,27.5,1.37,-0.3,39512000.0,fcfe,,,15593626.0,,,50359000.0,126418000.0,,eps_dcf,0.11758500019073487,0.09806375014305116,15.0,4.325394261197971,5.7801647029837575,4.0562140397191735,3.678164483848574,-84.27129359564374,
HWM,Industrials,230.94000244140625,4.64,-0.3,1791000000.0,fcfe,,,398801399.0,,,2753000000.0,4101000000.0,,eps_dcf,0.11753000019073487,0.09802250014305114,15.0,14.652106277290361,19.58034479772614,13.740226913121653,12.45950584936071,-93.655448981383,
HYFM,Industrials,0.9399999976158142,-60.699999999999996,-0.09698908980390097,-5298000.0,fcfe,,,4819323.0,,,-258425000.0,151999000.0,,eps_dcf,0.18661000019073487,0.14983250014305113,15.0,,,,,,eps<=0_block|no_intrinsic
HYPR,Healthcare,0.8050000071525574,-0.38,-0.3,-27530000.0,fcfe,,,106048669.0,,,-32777000.0,-30045000.0,,eps_dcf,0.12996000019073486,0.11639100016212463,15.0,,,,,,eps<=0_block|no_intrinsic
HZO,Consumer Cyclical,52.2400016784668,0.14000000000000004,-0.3,178021000.0,fcfe,,,22086735.0,,,117644000.0,935031000.0,11418000.0,eps_dcf,0.14397000205993654,0.11785250154495241,15.0,0.4067080496466985,0.5400639496384191,0.3819504301181704,0.3476250082405622,-99.22146241083614,
IART,Healthcare,16.639999389648438,-0.094661,-0.3,11600000.0,fcfe,,,77772506.0,,,245195000.0,1834464000.0,,eps_dcf,0.11905500205993653,0.10712175175094606,15.0,,,,,,eps<=0_block|no_intrinsic
IBAC,Financial Services,11.100000381469727,-0.18,0.3,,fcfe,,,5008229.0,,,-1789378.0,469839.0,,eps_dcf,0.08,0.08,15.0,,,,,,eps<=0_block|no_intrinsic
IBKR,Financial Services,86.18000030517578,2.4999999999999996,-0.21858856964516582,15834000000.0,fcfe,,,453078171.0,,,9921000000.0,-7698000000.0,16346000000.0,eps_dcf,0.1265350020599365,0.10912800164794921,15.0,11.054503221905588,15.350853441021133,10.772991749725483,7.602687419330353,-87.17277421355303,
IBM,Technology,219.99000549316406,11.27,0.09764049563972543,13144000000.0,fcfe,,,942134390.0,,,17570000000.0,58100000000.0,89000000.0,eps_dcf,0.09128000205993653,0.08351300175094604,15.0,236.51449799656078,325.668411336403,231.37727230900578,162.7722617193835,7.511474199181379,
IBOC,Financial Services,68.94000244140625,6.53,0.002474480723110739,452820000.0,fcfe,,,62191514.0,,,,-332064000.0,,eps_dcf,0.08979500205993653,0.08,15.0,92.22490762685257,127.80342238100035,90.10433356691786,63.00811505250887,33.775608298297804,
IBTA,Technology,39.27000045776367,-0.47000000000000003,0.3,58564000.0,fcfe,,,20148602.0,,,-2030000.0,-123039000.0,,eps_dcf,0.08,0.08,15.0,,,,,,eps<=0_block|no_intrinsic
ICE,Financial Services,152.19000244140625,7.08,-0.3,4641000000.0,fcfe,,,561394487.0,,,7684000000.0,19460000000.0,101000000.0,eps_dcf,0.10371000205993652,0.09086800164794923,15.0,23.386486442975656,31.357090534766993,21.91423473678821,19.832637469746658,-84.6333622000042,
IDCC,Technology,324.29998779296875,8.67,0.3,496615000.0,fcfe,,,25806007.0,,,466098000.0,-214050000.0,0.0,eps_dcf,0.1303300020599365,0.11670550175094602,15.0,335.1544994054906,452.9746297689101,328.9436018134353,235.96706181823689,3.3470589025896884,
IDN,Technology,2.3299999237060547,0.05999999999999999,-0.3,2807000.0,fcfe,,,20266743.0,,,3606000.0,-11837000.0,,eps_dcf,0.09513000205993652,0.08678550175094604,15.0,0.20391002359315957,0.2739760394820767,0.19098203890669302,0.17262796176364217,-91.24849655493448,
IDT,Communication Services,75.55999755859375,3.46,-0.05515892474803252,55332000.0,fcfe,,,24838326.0,,,135067000.0,-214336000.0,30559000.0,eps_dcf,0.08660500205993651,0.08,15.0,38.17592476558144,52.623131746115234,37.396347899033366,26.067448384691897,-49.476011118214316,
IDXX,Healthcare,533.4400024414062,14.22,-0.14289485686314418,1237090000.0,fcfe,,,78781116.0,,,1616289000.0,899148000.0,,eps_dcf,0.13693000205993652,0.12231550175094603,15.0,87.010082190026,120.53727974337443,84.88889605586073,59.84644303917339,-83.68887188965863,
IESC,Industrials,324.44000244140625,11.255000000000003,-0.3,228397000.0,fcfe,,,39848712.0,,,639053000.0,-335000.0,5271000.0,eps_dcf,0.15024000205993654,0.12255500154495241,15.0,32.072234046360244,42.524709918375905,30.130180296660143,27.445919423444895,-90.11458704074185,
IEX,Industrials,230.42999267578125,6.95,-0.06509138350503929,641500000.0,fcfe,,,73719896.0,,,957800000.0,1264200000.0,-1400000.0,eps_dcf,0.10580000205993653,0.08922500154495239,15.0,68.26848100346457,94.82375066488012,66.63106361373634,46.625463511233676,-70.3734395810534,
IFF,Basic Materials,85.25,1.09,0.3,536000000.0,fcfe,,,255149963.0,,,1486000000.0,5674000000.0,33000000.0,eps_dcf,0.10475500205993651,0.08844125154495239,15.0,46.88803037078843,63.51400270015031,46.00694073499995,32.90532694879198,-44.999377864177795,
IIIN,Industrials,29.09000015258789,1.86,0.3,-9761000.0,fcfe,,,19358247.0,,,65424000.0,-20368000.0,,eps_dcf,0.08,0.08,15.0,87.93643700537402,115.57792968749999,87.28477580949195,62.24992791089423,202.29094721249447,
IMAX,Communication Services,56.33000183105469,0.73,0.3,100005000.0,fcfe,,,54842114.0,,,132371000.0,122720000.0,94543000.0,eps_dcf,0.08,0.08,15.0,34.51268764189411,45.36123046875,34.25692814028448,24.43142331986709,-38.731250630161895,
IMRX,Healthcare,4.130000114440918,-1.04,-0.3,-56991132.0,fcfe,,,64697402.0,,,-63116894.0,-37691075.0,,eps_dcf,0.08,0.08,15.0,,,,,,eps<=0_block|no_intrinsic
IMSR,Utilities,3.9700000286102295,-0.396922,-0.11751207590770596,-22412000.0,fcfe,,,105935266.0,,,-29001000.0,-126858000.0,,eps_dcf,0.10734000205993652,0.08359600133895874,15.0,,,,,,eps<=0_block|no_intrinsic
IMXI,Technology,11.649999618530273,0.7,0.3,8842000.0,fcfe,,,30211627.0,,,56380000.0,-15211000.0,,eps_dcf,0.09491000205993652,0.08659850175094604,15.0,31.40057206506456,42.57174728873148,30.807333963741897,22.009111145365626,169.5328162510786,
INBK,Financial Services,26.110000610351562,-3.5999999999999996,-0.3,159910000.0,fcfe,,,8733574.0,,,,-65842000.0,,eps_dcf,0.09804500205993652,0.08633600164794923,15.0,,,,,,eps<=0_block|no_intrinsic
INCY,Healthcare,123.19999694824219,7.85,-0.16995275814099964,1890466000.0,fcfe,,,202697746.0,,,2067971000.0,-3944108000.0,,eps_dcf,0.09469000205993652,0.08641150175094604,15.0,49.23246616912738,68.80603275398735,47.96356517456877,33.46560256794323,-60.038581665054316,
INDP,Healthcare,2.8499999046325684,-12.32,-0.3,,fcfe,,,133242324.0,,,-14772645.0,-7553820.0,,eps_dcf,0.11674500205993653,0.10515825175094605,15.0,,,,,,eps<=0_block|no_intrinsic
INGM,Technology,26.950000762939453,1.8299999999999998,-0.3,-231593000.0,fcfe,,,230036904.0,,,1300534000.0,3433189000.0,,eps_dcf,0.10730000019073486,0.09713000016212463,15.0,5.973969547076428,8.003067041546691,5.599005529537304,5.069764105223538,-77.83313774413102,
INGN,Healthcare,5.369999885559082,-0.8999999999999999,0.16131168391770956,-9690000.0,fcfe,,,26538337.0,,,-10999000.0,-71482000.0,,eps_dcf,0.13903500019073486,0.12410475016212463,15.0,,,,,,eps<=0_block|no_intrinsic
INGR,Consumer Defensive,96.45999908447266,9.17,0.3,355000000.0,fcfe,,,63063979.0,,,1121000000.0,835000000.0,0.0,eps_dcf,0.08585000019073485,0.08,15.0,425.5924442492001,569.8116210937499,419.57232359729335,299.4336293603707,341.21132934751245,upside>300%
INMB,Healthcare,1.9600000381469727,-1.54,-0.3,,fcfe,,,27753789.0,,,-19993000.0,-17006000.0,,eps_dcf,0.10389000019073485,0.09423150016212463,15.0,,,,,,eps<=0_block|no_intrinsic
INOD,Technology,66.94000244140625,1.32,-0.3,183848000.0,fcfe,,,34382651.0,,,63650000.0,-236446000.0,-83000.0,eps_dcf,0.21086500019073487,0.18516025016212462,15.0,3.1515773729948013,4.119475239140814,2.9703440438235953,2.727379494362408,-95.29193717052307,
INSM,Healthcare,115.62999725341797,-4.11,-0.3,-807669000.0,fcfe,,,218381503.0,,,-773467000.0,35116000.0,,eps_dcf,0.09723500019073486,0.08857475016212463,15.0,,,,,,eps<=0_block|no_intrinsic
INTA,Technology,35.20000076293945,-0.52,0.3,136364000.0,fcfe,,,76511148.0,,,-16152000.0,-146950000.0,,eps_dcf,0.08,0.08,15.0,,,,,,eps<=0_block|no_intrinsic
INTC,Technology,115.93000030517578,-2.1100000000000003,0.3,2831000000.0,fcfe,,,5254526315.0,,,3676000000.0,37663000000.0,15601000000.0,eps_dcf,0.17500500019073487,0.15467925016212464,15.0,,,,,,eps<=0_block|no_intrinsic
INTU,Technology,268.0299987792969,16.5,-0.3,8617000000.0,fcfe,,,267236000.0,,,7119000000.0,3716000000.0,,eps_dcf,0.1059999987411499,0.09602499892997741,15.0,54.09367022698166,72.48973228147767,50.69475286807173,45.89436024921544,-79.81805377258394,
INVA,Healthcare,21.110000610351562,4.1000000000000005,0.3,186563000.0,fcfe,,,72245485.0,,,464064000.0,-300731000.0,0.0,eps_dcf,0.08,0.08,15.0,193.83838264625456,254.7685546875,192.40192517146076,137.2175830293905,818.2301138883123,upside>300%
INVE,Industrials,2.369999885559082,-0.66,-0.23644118445831686,-9194000.0,fcfe,,,24235753.0,,,-16591000.0,-118701000.0,,eps_dcf,0.12002499874114991,0.09989374905586243,15.0,,,,,,eps<=0_block|no_intrinsic
INVH,Real Estate,26.56999969482422,1.09,-0.3,956722000.0,fcfe,,,590623226.0,,,1799708000.0,8450905000.0,38194000.0,eps_dcf,0.0980249987411499,0.08,15.0,3.6688162858043025,4.926006687190097,3.436766018163296,3.107776687341527,-86.19188435098484,
IONQ,Technology,43.90999984741211,-4.66,0.3,-483868000.0,fcfe,,,405135656.0,,,-852151000.0,-1181231000.0,12371000.0,eps_dcf,0.2335449987411499,0.20443824892997742,15.0,,,,,,eps<=0_block|no_intrinsic
IOVA,Healthcare,14.449999809265137,-0.73,-0.3,-296395000.0,fcfe,,,452971432.0,,,-251187000.0,-64765000.0,,eps_dcf,0.0981349987411499,0.08933974892997741,15.0,,,,,,eps<=0_block|no_intrinsic
IP,Consumer Cyclical,33.31999969482422,-6.52,-0.3,492000000.0,fcfe,,,529569895.0,,,168000000.0,8962000000.0,,eps_dcf,0.10088499874114991,0.08553874905586242,15.0,,,,,,eps<=0_block|no_intrinsic
IPI,Basic Materials,32.349998474121094,1.98,-0.3,29706000.0,fcfe,,,13456674.0,,,53563000.0,-181751000.0,,eps_dcf,0.1218399987411499,0.10125499905586241,15.0,6.166486106696694,8.232028320994814,5.784088071397841,5.2481379982951335,-80.93821824557527,
IQV,Healthcare,268.989990234375,8.06,0.07273715436134753,2184000000.0,fcfe,,,164600000.0,,,3528000000.0,14332000000.0,130000000.0,eps_dcf,0.11757000205993652,0.10585950175094604,15.0,137.19891453868777,188.64846370090845,134.22050084277933,94.68460646419243,-48.99478808890089,
IR,Industrials,76.4800033569336,2.4299999999999997,-0.3,1219300000.0,fcfe,,,387999429.0,,,2003200000.0,3659200000.0,65700000.0,eps_dcf,0.11542500205993653,0.09644375154495238,15.0,7.725709666837765,10.329498209502242,7.244054470871242,6.566886712072856,-89.89839261541121,
IRM,Real Estate,111.5,1.4000000000000001,-0.3,-596682000.0,fcfe,,,297702812.0,,,2515305000.0,19410150000.0,389151000.0,eps_dcf,0.11856000205993653,0.09088900133895875,15.0,4.4062610214743945,5.886845259196401,4.1322707479435365,3.7476476043449614,-96.04819639329651,
ISBA,Financial Services,38.03,2.6900000000000004,-0.18442816551442676,23034000.0,fcfe,,,7628873.0,,,,-12215000.0,,eps_dcf,0.08,0.08,15.0,16.426911815960693,22.389574645076234,16.16835732998421,11.239912444774593,-56.80538570612492,
ISPC,Healthcare,1.23,-43.620000000000005,-0.3,,fcfe,,,2518590.0,,,-10214679.0,-4173461.0,,eps_dcf,0.14127500205993654,0.12600875175094606,15.0,,,,,,eps<=0_block|no_intrinsic
ISRG,Healthcare,412.18,8.73,-0.2232151429700514,3222600000.0,fcfe,,,358278038.0,,,4245400000.0,-2760400000.0,129300000.0,eps_dcf,0.13291500205993653,0.11890275175094604,15.0,36.93518786561271,51.2134740892326,35.99990678333705,25.462744888819792,-91.03906354854367,
IT,Technology,185.85,11.15,-0.3,1288944000.0,fcfe,,,63148976.0,,,1363153000.0,1744001000.0,,eps_dcf,0.10475500205993651,0.09496675175094603,15.0,36.70398836729753,49.201026825533454,34.3953552169763,31.132849360025283,-80.25074610314904,
ITGR,Healthcare,126.33,3.66,0.3,111976000.0,fcfe,,,33997068.0,,,305670000.0,1343156000.0,,eps_dcf,0.0861449987411499,0.08,15.0,169.708434811841,227.42753906250005,167.2500746295337,119.36441110810378,34.33739793543971,
ITRI,Technology,87.39,5.99,0.2292195182449719,394557000.0,fcfe,,,43786753.0,,,405835000.0,889263000.0,21727000.0,eps_dcf,0.12513999874114992,0.11229399892997743,15.0,182.7570058340013,248.34801627278813,179.20071033256593,127.83488189952055,109.12805336308648,
ITT,Industrials,206.11000061035156,5.1,0.3,508800000.0,fcfe,,,89839824.0,,,927700000.0,3243900000.0,9100000.0,eps_dcf,0.12249999874114992,0.10174999905586243,15.0,203.64405857744555,275.42310331053324,199.85412705643805,143.2348084073804,-1.1964203704835494,
ITW,Industrials,266.8800048828125,11.030000000000001,-0.05327318834406036,2921000000.0,fcfe,,,284800000.0,,,4822000000.0,8855000000.0,1000000.0,eps_dcf,0.1071549987411499,0.09024124905586242,15.0,113.67544177238415,157.7601797996935,110.97238096484378,77.69988616769587,-57.40578548688979,
IVF,Healthcare,0.94,-398.06,-0.3,-4812764.0,fcfe,,,2295035.0,,,-3687541.0,188753.0,,eps_dcf,0.1073199987411499,0.09714699892997741,15.0,,,,,,eps<=0_block|no_intrinsic
IVT,Real Estate,30.53,0.2,0.3,120266000.0,fcfe,,,77978431.0,,,196694000.0,1019892000.0,,eps_dcf,0.08,0.08,15.0,9.455530860792905,12.427734374999998,9.3854597644615,6.693540635580025,-69.02872302393415,
IVZ,Financial Services,30.42,-0.6999999999999998,-0.3,1920700000.0,fcfe,,,441499780.0,,,1760800000.0,7655200000.0,998300000.0,eps_dcf,0.14059499874114992,0.12037599899291994,15.0,,,,,,eps<=0_block|no_intrinsic
IZEA,Communication Services,2.55,-0.14,0.3,-2581906.0,fcfe,,,17416286.0,,,-1811969.0,-46600679.0,,eps_dcf,0.11973000019073488,0.10368400015258791,15.0,,,,,,eps<=0_block|no_intrinsic
J,Industrials,136.48,2.85,0.3,644544000.0,fcfe,,,117038611.0,,,904246000.0,2881749000.0,-13841000.0,eps_dcf,0.08964500019073487,0.08,15.0,130.71189997937782,177.09521484375003,128.2895135352095,91.59574444751053,-4.226333543832189,
JAKK,Consumer Cyclical,25.33,1.3900000000000001,0.3,35375000.0,fcfe,,,11445012.0,,,35448000.0,-12889000.0,0.0,eps_dcf,0.12836500019073488,0.10614875014305117,15.0,54.170424959987585,73.22617032787639,53.16549498556336,38.129469515371476,113.85876415312906,
JBHT,Industrials,229.28,7.06,-0.20438004877305294,1099722000.0,fcfe,,,93914939.0,,,1678212000.0,1141175000.0,,eps_dcf,0.12319500019073487,0.10227125014305116,15.0,33.83590417547378,47.02623463763146,32.975716840906486,23.226135717017975,-85.24254004907807,
JBI,Industrials,4.21999979019165,0.24,0.3,82500000.0,fcfe,,,136435790.0,,,137400000.0,425600000.0,,eps_dcf,0.13227000019073487,0.10907750014305115,15.0,9.20381014747859,12.437187086742105,9.033430116717291,6.481573300498972,118.09977737133018,
JBL,Technology,305.70001220703125,8.01,-0.22011105042354295,1306000000.0,fcfe,,,104787089.0,,,2025000000.0,2532000000.0,4000000.0,eps_dcf,0.12336000019073487,0.11078100016212464,15.0,35.54047401827983,49.38722263817746,34.63165317974669,24.420187913981607,-88.3740684988228,
JBLU,Industrials,4.284999847412109,-2.39,0.3,-1129000000.0,fcfe,,,377312181.0,,,274000000.0,7730000000.0,,eps_dcf,0.14602000019073486,0.11939000014305115,15.0,,,,,,eps<=0_block|no_intrinsic
JBTM,Industrials,110.32,2.48,0.3,310100000.0,fcfe,,,51876817.0,,,558600000.0,1586000000.0,,eps_dcf,0.10290000019073486,0.08705000014305114,15.0,107.52329781455235,145.67365046721827,105.5007440011721,75.44060660202722,-2.5350817489554416,
JJSF,Consumer Defensive,77.56999969482422,2.6,0.3,92000000.0,fcfe,,,18681608.0,,,139203000.0,128807000.0,,eps_dcf,0.08,0.08,15.0,122.92190119030778,161.560546875,122.01097693799954,87.01602826254032,58.46577500825957,
JKHY,Technology,147.48800659179688,6.97,0.14996616250321892,506506000.0,fcfe,,,70112608.0,,,871419000.0,27944000.0,,eps_dcf,0.08329999687194824,0.08,15.0,185.2341038663942,248.96875282647176,182.76760670458236,128.89894639175225,25.5926553940534,
JNJ,Healthcare,268.4800109863281,8.629999999999999,0.0036680383339380285,22228000000.0,fcfe,,,2409898597.0,,,33959000000.0,28614000000.0,,eps_dcf,0.08,0.08,15.0,126.07012861878964,169.77067613614406,124.54772615121578,86.93678850415688,-53.04301122618417,
JOE,Real Estate,66.01229858398438,2.14,0.022834475122618825,191238000.0,fcfe,,,56930451.0,,,240860000.0,434166000.0,8506000.0,eps_dcf,0.12344999687194824,0.09406749796676636,15.0,28.871399563768485,39.796025133946955,28.226162828666126,19.882484198897085,-56.2636051416438,
JPM,Financial Services,335.2449951171875,23.34,-0.3,,fcfe,,,2658186195.0,,,,223142000000.0,,eps_dcf,0.10590499687194824,0.0926239974975586,15.0,76.54181299978276,102.57435050010335,71.73201254848405,64.93867685335833,-77.1683950201771,
JRSH,Consumer Cyclical,5.75,0.37999999999999995,-0.3,6658131.0,fcfe,,,12699940.0,,,11752866.0,-3450067.0,144346.0,eps_dcf,0.10799499687194825,0.09087124765396118,15.0,1.2376781788019287,1.6577848957675712,1.1600384090811957,1.0504907709984839,-78.47516210779254,
JSPR,Healthcare,0.6200000047683716,-1.5899999999999999,-0.3,,fcfe,,,33274561.0,,,-54603000.0,-7044000.0,,eps_dcf,0.10727999687194825,0.09711299734115601,15.0,,,,,,eps<=0_block|no_intrinsic
JYNT,Healthcare,7.75,0.27,-0.3,4228466.0,fcfe,,,14143154.0,,,3378231.0,-20120025.0,25000.0,eps_dcf,0.11046999687194825,0.099824497341156,15.0,0.8723266208067665,1.1677226287916138,0.8177176018875831,0.7407576695794691,-88.74417263475141,
KBR,Industrials,35.244998931884766,3.312569,-0.1416562518342387,355000000.0,fcfe,,,126067755.0,,,897000000.0,2546000000.0,6000000.0,eps_dcf,0.08,0.08,15.0,24.886723932086934,33.85168192526639,24.51598211931637,17.03399137721918,-29.38934689660923,
KD,Technology,11.260000228881836,0.37,0.3,148000000.0,fcfe,,,217818263.0,,,1421000000.0,2826000000.0,97000000.0,eps_dcf,0.14638499687194825,0.13035224734115602,15.0,13.394477891899381,18.077536174631106,13.148416188894124,9.44960471818343,18.956284366163885,
KDP,Consumer Defensive,31.264999389648438,0.99,0.3,1965000000.0,fcfe,,,1360826038.0,,,4283000000.0,28463000000.0,4196000000.0,eps_dcf,0.08,0.08,15.0,46.80487776092488,61.51728515625,46.458025834084424,33.133026146121125,49.70375395696172,
KELYA,Industrials,16.420000076293945,-7.81,-0.3,20500000.0,fcfe,,,34731943.0,,,-38300000.0,104500000.0,,eps_dcf,0.09979999687194824,0.08472499765396119,15.0,,,,,,eps<=0_block|no_intrinsic
KEY,Financial Services,20.164600372314453,1.72,-0.18797605295793884,1199000000.0,fcfe,,,1067128554.0,,,,12936000000.0,,eps_dcf,0.10854499687194824,0.09473599749755861,15.0,9.399064331687551,13.102988254853866,9.158069395209742,6.418125217954675,-53.38829355332895,
KEYS,Technology,363.2099914550781,7.28,-0.3,1469000000.0,fcfe,,,170244745.0,,,1916000000.0,141000000.0,0.0,eps_dcf,0.11871999687194824,0.10683699734115601,15.0,22.900771336994737,30.594668795114863,21.476944503497194,19.478354379367254,-93.69489499855152,
KFFB,Financial Services,6.079999923706055,0.23000000000000004,-0.3,681000.0,fcfe,,,8086716.0,,,,32714000.0,,eps_dcf,0.08,0.08,15.0,0.8147360840158921,1.0697907289523318,0.769851212142848,0.694336054698585,-86.59973529211378,
KFRC,Industrials,51.959999084472656,2.0764549999999997,-0.13635464968917677,22559000.0,fcfe,,,17909000.0,,,59610000.0,121736000.0,,eps_dcf,0.10070000019073486,0.08540000014305113,15.0,14.954256305428757,20.85475862548731,14.578102620761973,10.182215039370558,-71.21967557944477,
KFY,Industrials,71.6500015258789,5.3,-0.044953397010701335,318706000.0,fcfe,,,55958851.0,,,509088000.0,-207752000.0,6890000.0,eps_dcf,0.11852000019073486,0.09876500014305115,15.0,54.263198492822454,75.14035415563552,52.99149857405351,37.2011425863162,-24.26629820346424,
KGC,Basic Materials,24.420000076293945,2.32,-0.3,3081800000.0,fcfe,,,1186240789.0,,,5601700000.0,-1917600000.0,121300000.0,eps_dcf,0.13353500019073486,0.11002625014305115,15.0,6.9624088342225825,9.268457455558607,6.534854442929623,5.939023386765438,-71.48890740184135,
KGEI,Energy,6.190000057220459,0.53,-0.3,-12328000.0,fcfe,,,35936495.0,,,49604000.0,43735000.0,,eps_dcf,0.13392000019073486,0.10559400013351439,15.0,1.5886287422028103,2.114609769749551,1.4911041521205912,1.3552214849027266,-74.33556175254441,
KHC,Consumer Defensive,23.59000015258789,-2.86,-0.3,3816000000.0,fcfe,,,1185823758.0,,,5351000000.0,16582000000.0,124000000.0,eps_dcf,0.08,0.08,15.0,,,,,,eps<=0_block|no_intrinsic
KIDS,Healthcare,23.06999969482422,-1.68,-0.049556541683883126,-1835000.0,fcfe,,,26109788.0,,,-4543000.0,82628000.0,,eps_dcf,0.10647500019073486,0.09642875016212463,15.0,,,,,,eps<=0_block|no_intrinsic
KIDZ,Consumer Defensive,2.4200000762939453,4549898457.725051,0.16399033709313904,,fcfe,,,860677.0,,,-4995699.0,-3997997.0,,eps_dcf,0.08,0.08,15.0,129094525584.94319,171560256831.0309,127888402689.06975,90247163026.47572,5334484360026.224,upside>300%
KIM,Real Estate,22.395000457763672,0.8500000000000001,-0.03652580172352127,,fcfe,,,670789373.0,,,1466145000.0,8159580000.0,157440000.0,eps_dcf,0.10488000019073486,0.08199700012397766,15.0,9.524616430770223,13.210623026192703,9.300158555679857,6.511983460618838,-57.46989847696866,
KINS,Financial Services,17.98,2.42,0.3,83076430.0,fcfe,,,14476133.0,,,,-13123708.0,,eps_dcf,0.08,0.08,15.0,114.41192341559413,150.37558593749995,113.56406314998415,80.9918416905183,536.3288287852844,upside>300%
KITT,Industrials,1.8600000143051147,-61.09,-0.3,-24121185.0,fcfe,,,1245326.0,,,-35383757.0,20664499.0,,eps_dcf,0.08,0.08,15.0,,,,,,eps<=0_block|no_intrinsic
KKR,Financial Services,92.66000366210938,3.14,0.06758229235449331,2339924000.0,fcfe,,,897635601.0,,,9735275000.0,33880806000.0,49402855000.0,eps_dcf,0.15080500019073487,0.1285440001525879,15.0,45.943903745878835,62.93045373858959,44.965777790391094,31.89173161963129,-50.416682570598404,
KLAC,Technology,195.9600067138672,3.667,-0.13258452593612347,3767134000.0,fcfe,,,1305006492.0,,,6284343000.0,4501871000.0,0.0,eps_dcf,0.13172000019073488,0.11788700016212464,15.0,23.985324562467625,33.252953734681654,23.400705475558958,16.471552650979607,-87.76009198780544,
KLIC,Technology,93.87999725341797,2.17,-0.3,39973000.0,fcfe,,,52329115.0,,,160633000.0,-330455000.0,,eps_dcf,0.14148999687194824,0.126191497341156,15.0,6.352554985483938,8.440505847521528,5.9650471942036365,5.427127497287252,-93.23332427424774,
KLRS,Healthcare,2.949899911880493,-2.19,-0.3,,fcfe,,,23804981.0,,,-44230000.0,-41773000.0,,eps_dcf,0.10727999687194825,0.09711299734115601,15.0,,,,,,eps<=0_block|no_intrinsic
KMB,Consumer Defensive,99.76000213623047,5.88,0.0892076579176202,1820000000.0,fcfe,,,332579038.0,,,3200000000.0,5561000000.0,124000000.0,eps_dcf,0.08,0.08,15.0,123.48861223157957,165.13707538174074,122.18501306341045,85.75094658592576,23.785695255845855,
KMI,Energy,30.639999389648438,1.560016,-0.28294409687718314,3158000000.0,fcfe,,,2226802089.0,,,7697000000.0,32050000000.0,1248000000.0,eps_dcf,0.08258499687194824,0.08,15.0,5.911191450853337,7.925559395506943,5.653289301801138,4.670529953356329,-80.70759931917492,
KMT,Industrials,30.899999618530273,4.4,-0.3,-80913000.0,fcfe,,,76390031.0,,,633045000.0,667915000.0,43593000.0,eps_dcf,0.12564999687194825,0.10411249765396119,15.0,13.537766665950423,18.05584372256465,12.70092373791528,11.530218393441626,-56.18845685087963,
KNF,Basic Materials,52.68,2.45,0.3,43061000.0,fcfe,,,56763420.0,,,493772000.0,1627958000.0,,eps_dcf,0.08082499687194825,0.08,15.0,115.52687880922251,152.23974609375003,114.56127632859015,81.71081896659203,119.29931436830392,
KO,Consumer Defensive,87.19000244140625,3.3299999999999996,-0.15618785307203653,14297000000.0,fcfe,,,4302549243.0,,,19831000000.0,30636000000.0,2165000000.0,eps_dcf,0.08,0.08,15.0,23.3301310739221,31.758290040753486,22.975862484325948,15.964777875879165,-73.24219472341396,
KOD,Healthcare,93.94149780273438,-4.19,-0.06720233895721794,-159902000.0,fcfe,,,62849457.0,,,-216417000.0,-73147000.0,,eps_dcf,0.17217999687194824,0.152277997341156,15.0,,,,,,eps<=0_block|no_intrinsic
KOPN,Technology,4.7600998878479,-0.03,-0.3,-15173227.0,fcfe,,,185872614.0,,,-16175965.0,-32825594.0,7556481.0,eps_dcf,0.24879499687194823,0.217400747341156,15.0,,,,,,eps<=0_block|no_intrinsic
KR,Consumer Defensive,60.724998474121094,1.8399999999999999,-0.3,2384000000.0,fcfe,,,590588700.0,,,5816000000.0,22482000000.0,6000000.0,eps_dcf,0.08,0.08,15.0,6.517888672127136,8.558325831618653,6.158809697142783,5.55468843758868,-89.26654782065604,
KRMD,Healthcare,3.0199999809265137,-0.03,-0.3,242898.0,fcfe,,,46171902.0,,,-861497.0,-4978265.0,,eps_dcf,0.08,0.08,15.0,,,,,,eps<=0_block|no_intrinsic
KRNY,Financial Services,9.149999618530273,0.5700000000000001,-0.029088957488050182,35274000.0,fcfe,,,63173275.0,,,,1035177000.0,,eps_dcf,0.08571999687194824,0.08,15.0,7.087930258310146,9.728791314907873,6.953277334216277,4.851027973994024,-22.53627810042848,
KRO,Basic Materials,7.92,-0.95,-0.3,41500000.0,fcfe,,,115097516.0,,,27900000.0,562000000.0,,eps_dcf,0.11041499687194825,0.09268624765396119,15.0,,,,,,eps<=0_block|no_intrinsic
KRRO,Healthcare,9.619999885559082,-7.42,-0.3,-68265000.0,fcfe,,,14725646.0,,,-73093000.0,17308000.0,,eps_dcf,0.17591999687194826,0.15545699734115603,15.0,,,,,,eps<=0_block|no_intrinsic
KRYS,Healthcare,336.9549865722656,7.98,-0.03617606745668167,257782000.0,fcfe,,,29598836.0,,,204416000.0,-418887000.0,,eps_dcf,0.08183500019073486,0.08,15.0,97.22200929991254,132.02632431137522,95.77885191453679,66.74716644457716,-71.1468851406769,
KSS,Consumer Cyclical,18.540000915527344,2.2899999999999996,0.20031260851035992,1034000000.0,fcfe,,,113376445.0,,,1289000000.0,5600000000.0,,eps_dcf,0.12952000019073487,0.10701500014305115,15.0,61.56029146843457,83.78786380304196,60.34245844373535,42.986218207924814,232.04039066080907,
KT,Communication Services,19.209999084472656,3863.0,0.3,1086283000000.0,fcfe,,,476263616.0,,,6125969000000.0,8221010000000.0,1846874000000.0,eps_dcf,0.08,0.08,15.0,182633.578576215,240041.689453125,181280.1553505739,129285.73737622818,950621.4330053601,upside>300%
KTOS,Industrials,43.029998779296875,0.17,-0.1944813192041196,-128900000.0,fcfe,,,187721327.0,,,116000000.0,-1244000000.0,0.0,eps_dcf,0.11351500019073486,0.09501125014305115,15.0,0.8843230061347832,1.2315920632928545,0.8617003058425597,0.6049220498533825,-97.94486862370012,
KTTA,Healthcare,0.489300012588501,-1.35,-0.3,,fcfe,,,33414448.0,,,-23301928.0,-45663782.0,,eps_dcf,0.08,0.08,15.0,,,,,,eps<=0_block|no_intrinsic
KURA,Healthcare,10.795000076293945,-3.37,0.00974414244173083,-117429000.0,fcfe,,,88960619.0,,,-293980000.0,-45787000.0,,eps_dcf,0.08,0.08,15.0,,,,,,eps<=0_block|no_intrinsic
KVHI,Communication Services,7.340000152587891,-0.3,-0.3,-1409000.0,fcfe,,,18140962.0,,,3347000.0,-53065000.0,,eps_dcf,0.08,0.08,15.0,,,,,,eps<=0_block|no_intrinsic
KVUE,Consumer Defensive,18.010000228881836,0.87,-0.1389047282926844,1914000000.0,fcfe,,,1920773467.0,,,3215000000.0,7503000000.0,,eps_dcf,0.08,0.08,15.0,6.622711932642613,9.007065539048185,6.524413821180845,4.533252660622346,-63.22758551650619,
L,Financial Services,105.46499633789062,8.09,-0.11659972274676322,1766000000.0,fcfe,,,204427720.0,,,,8428000000.0,917000000.0,eps_dcf,0.08018500019073486,0.08,15.0,68.4249788939457,92.98773020552679,67.42613468937783,46.85876019606821,-35.12067390139137,
LAD,Consumer Cyclical,291.9100036621094,30.15,0.0504007804705513,-504300000.0,fcfe,,,21983116.0,,,2208500000.0,16199400000.0,25300000.0,eps_dcf,0.11995000019073487,0.09983750014305115,15.0,463.29390686790634,637.7815532090297,453.1015668050362,319.3832807153933,58.71121272163617,
LARK,Financial Services,31.85,3.289524,-0.16821039937500015,22700000.0,fcfe,,,6100582.0,,,,72854000.0,,eps_dcf,0.08,0.08,15.0,21.74300806724505,29.614775050010785,21.40768387186017,14.877213670633969,-31.733098689968447,
LASE,Industrials,0.8479999899864197,-0.63,-0.10247534617283927,,fcfe,,,60670338.0,,,-15905033.0,2737794.0,,eps_dcf,0.18650000019073484,0.14975000014305112,15.0,,,,,,eps<=0_block|no_intrinsic
LAW,Technology,4.105000019073486,-0.63,-0.3,-16389000.0,fcfe,,,64919765.0,,,-39611000.0,-5227000.0,,eps_dcf,0.15603000019073485,0.1385505001621246,15.0,,,,,,eps<=0_block|no_intrinsic
LAZ,Financial Services,35.83000183105469,2.04,0.3,497277000.0,fcfe,,,97450572.0,,,485423000.0,1140718000.0,72585000.0,eps_dcf,0.13034500019073486,0.1121760001525879,15.0,78.85500685834211,106.57553562614505,77.3937214587944,55.51833428918229,120.08094565598559,
LBRDK,Communication Services,36.02000045776367,-11.85,0.3,,fcfe,,,143497730.0,,,-6330000000.0,1180000000.0,0.0,eps_dcf,0.08678500019073487,0.08,15.0,,,,,,eps<=0_block|no_intrinsic
LBRT,Energy,18.15999984741211,1.09,0.01663166016667117,-316580000.0,fcfe,,,163191416.0,,,659441000.0,1057742000.0,,eps_dcf,0.08612500019073487,0.08,15.0,16.54504568223746,22.66213908691926,16.236219084737474,11.354432070055612,-8.892919486476687,
LBRX,Healthcare,37.61,-3.44,0.3,-82851000.0,fcfe,,,32259175.0,,,-94790000.0,-277894000.0,,eps_dcf,0.10730000019073486,0.09713000016212463,15.0,,,,,,eps<=0_block|no_intrinsic
LCNB,Financial Services,18.649999618530273,1.7300000000000002,-0.054906605471739534,36257000.0,fcfe,,,14254988.0,,,,82172000.0,,eps_dcf,0.08332000019073486,0.08,15.0,19.28916989273928,26.341211260549567,18.964753426438165,13.210377923832333,3.4271865269849147,
LCUT,Consumer Cyclical,8.78,1.43,0.3,20775000.0,fcfe,,,22988836.0,,,77921000.0,253892000.0,,eps_dcf,0.10532000019073487,0.08886500014305115,15.0,61.366676460604886,83.12247969146351,60.21386869634014,43.06929652254048,598.9370895285294,upside>300%
LDI,Financial Services,0.6266000270843506,-0.30000000000000004,0.3,-282362000.0,fcfe,,,338155268.0,,,,4303556000.0,132015000.0,eps_dcf,0.22324000019073487,0.1864920001525879,15.0,,,,,,eps<=0_block|no_intrinsic
LDOS,Technology,122.63999938964844,10.72,0.0996617872719916,2163000000.0,fcfe,,,125492209.0,,,2318000000.0,5830000000.0,52000000.0,eps_dcf,0.08376000019073486,0.08,15.0,232.3538492072408,314.0091123780095,228.9542854784932,160.8972772227149,89.46008672832144,
LEE,Communication Services,7.2,-1.9300000000000002,-0.3,-3190000.0,fcfe,,,22292044.0,,,40485000.0,415868000.0,2279000.0,eps_dcf,0.08,0.08,15.0,,,,,,eps<=0_block|no_intrinsic
LEN,Consumer Cyclical,83.30999755859375,5.29,0.3,716773000.0,fcfe,,,240895142.0,,,2177897000.0,3919538000.0,145088000.0,eps_dcf,0.12919000019073487,0.10676750014305114,15.0,205.45832484161548,277.7130115129978,201.64852305252373,144.63304353750834,146.61905036920945,
LENZ,Healthcare,3.890000104904175,-4.09,0.3,-114419000.0,fcfe,,,31420343.0,,,-135204000.0,-23639000.0,,eps_dcf,0.14173000019073487,0.12639550016212464,15.0,,,,,,eps<=0_block|no_intrinsic
LESL,Consumer Cyclical,0.16840000450611115,-27.08,-0.3,-6345000.0,fcfe,,,9365475.0,,,-163715000.0,975548000.0,,eps_dcf,0.14475500019073487,0.11844125014305115,15.0,,,,,,eps<=0_block|no_intrinsic
LEVI,Consumer Cyclical,19.584999084472656,1.62,0.0,559300000.0,fcfe,,,384850562.0,,,976700000.0,1446300000.0,,eps_dcf,0.12429500019073486,0.10309625014305115,15.0,19.753028321983052,27.26137771784162,19.30523788772085,13.588050228911094,0.8579486615529772,
LFMD,Healthcare,2.869999885559082,-0.05000000000000002,0.3,-21756798.0,fcfe,,,48255837.0,,,-16377179.0,-19124491.0,0.0,eps_dcf,0.16439000019073485,0.1456565001621246,15.0,,,,,,eps<=0_block|no_intrinsic
LFST,Healthcare,11.920000076293945,0.09000000000000001,-0.3,173905000.0,fcfe,,,380154147.0,,,131664000.0,233707000.0,,eps_dcf,0.11940000019073485,0.10741500016212462,15.0,0.2824959066665762,0.3773432691937928,0.2649420215045781,0.2403101996253541,-97.63006791226123,
LFT,Real Estate,5.650000095367432,-1.4,0.3,,fcfe,,,5256406.0,,,,625868849.0,99500.0,eps_dcf,0.0875749987411499,0.08,15.0,,,,,,eps<=0_block|no_intrinsic
LFVN,Consumer Defensive,6.32,0.4,0.3,6670000.0,fcfe,,,12589444.0,,,8873000.0,-5052000.0,,eps_dcf,0.0940099987411499,0.08310799899291993,15.0,18.012469332113795,24.422582018442824,17.671999832470377,12.62376514471503,185.00742614104107,
LGIH,Consumer Cyclical,48.36000061035156,2.85,0.3,130953000.0,fcfe,,,23248272.0,,,73361000.0,1524430000.0,,eps_dcf,0.1535749987411499,0.12505624905586243,15.0,100.2210421356681,135.1750181273675,98.38712313197009,70.76882315506276,107.23953860789565,
LGND,Healthcare,306.9800109863281,9.35,0.3,119755000.0,fcfe,,,19935609.0,,,277066000.0,124751000.0,,eps_dcf,0.1059999987411499,0.09602499892997741,15.0,400.09084584339485,541.8991848992065,392.5776991622898,280.82194683089836,30.331237059345067,
LH,Healthcare,307.69000244140625,12.09,-0.22351480875740048,1155200000.0,fcfe,,,81100000.0,,,2157200000.0,6624300000.0,16400000.0,eps_dcf,0.09912499874114991,0.09018124892997742,15.0,57.398484951166154,80.1918240163354,55.8880869949636,39.13633975460455,-81.34535262903233,
LHAI,Real Estate,0.999,-0.019099,0.3,,fcfe,,,16530000.0,,,-200849.0,-4749280.0,,eps_dcf,0.1073199987411499,0.08358299918174744,15.0,,,,,,eps<=0_block|no_intrinsic
LHX,Industrials,235.3800048828125,9.899999999999999,-0.24046240069907654,2808000000.0,fcfe,,,186214616.0,,,3998000000.0,9478000000.0,0.0,eps_dcf,0.0801499987411499,0.08,15.0,45.726229556458705,62.444974395697976,44.95131964135554,31.332214462528924,-80.57344353475386,
LIF,Technology,40.290000915527344,0.28,0.1945948022676045,98474000.0,fcfe,,,81480369.0,,,25474000.0,44414000.0,,eps_dcf,0.11083999874114991,0.10013899892997742,15.0,7.950815589405403,10.846583997235832,7.791166017702585,5.533995896683426,-80.26603274079042,
LII,Industrials,357.6400146484375,22.12,0.28145468630232795,738700000.0,fcfe,,,34560675.0,,,1173600000.0,1973200000.0,,eps_dcf,0.11743999874114991,0.09795499905586244,15.0,843.9530590976939,1143.432089706033,828.0130506711635,592.2940537689458,135.97836498449573,
LILA,Communication Services,8.430999755859375,-2.3400000000000003,-0.3,415000000.0,fcfe,,,195900000.0,,,1636700000.0,7830400000.0,465100000.0,eps_dcf,0.09312999874114991,0.08240399899291993,15.0,,,,,,eps<=0_block|no_intrinsic
LILAK,Communication Services,8.305000305175781,-2.3400000000000003,-0.3,415000000.0,fcfe,,,195900000.0,,,1636700000.0,7830400000.0,465100000.0,eps_dcf,0.09312999874114991,0.08240399899291993,15.0,,,,,,eps<=0_block|no_intrinsic
LIN,Basic Materials,477.19500732421875,15.48,-0.07386327147887439,4975000000.0,fcfe,,,460980163.0,,,13633000000.0,23115000000.0,1549000000.0,eps_dcf,0.0923049987411499,0.08,15.0,153.9743378749005,214.43611531962603,150.21836500955266,104.78047902621854,-67.73345581751104,
LIND,Consumer Cyclical,31.225000381469727,-0.38,-0.3,109027000.0,fcfe,,,65619689.0,,,105457000.0,346678000.0,33372000.0,eps_dcf,0.1745849987411499,0.14081374905586244,15.0,,,,,,eps<=0_block|no_intrinsic
LINE,Real Estate,34.869998931884766,-0.72,-0.1506534399999997,244000000.0,fcfe,,,227674365.0,,,1079000000.0,7933000000.0,981000000.0,eps_dcf,0.1004449987411499,0.08,15.0,,,,,,eps<=0_block|no_intrinsic
LITS,Healthcare,1.3899999856948853,-1.9900000000000002,0.3,,fcfe,,,30407268.0,,,-12102000.0,-7544000.0,,eps_dcf,0.08,0.08,15.0,,,,,,eps<=0_block|no_intrinsic
LKFN,Financial Services,57.755001068115234,4.36,-0.06853505827713635,111658000.0,fcfe,,,24857840.0,,,,-122926000.0,89000.0,eps_dcf,0.09111500205993653,0.08079200164794922,15.0,44.64306073824159,62.166895048702685,43.556735275307055,30.378202816584064,-22.702692558882745,
LKQ,Consumer Cyclical,23.155000686645508,1.8,0.3,625000000.0,fcfe,,,253002086.0,,,1307000000.0,5012000000.0,24000000.0,eps_dcf,0.09870500205993651,0.08390375154495239,15.0,79.44601961332955,107.67403020102486,77.94818533057929,55.711511873885,243.1052354023445,
LLY,Healthcare,1184.6650390625,29.8,-0.26511677560551405,13560000000.0,fcfe,,,891741406.0,,,43304800000.0,45958000000.0,57500000.0,eps_dcf,0.08,0.08,15.0,122.81241104415774,165.88845326553889,119.40393336186904,89.96180186964276,-89.63315308592657,
LLYVA,Communication Services,95.91999816894531,-8.4,0.3,,fcfe,,,92005376.0,,,-649781000.0,1602672000.0,21946000.0,eps_dcf,0.10563500205993653,0.09240800164794924,15.0,,,,,,eps<=0_block|no_intrinsic
LMAT,Healthcare,82.25,2.85,-0.11629338052679927,73825000.0,fcfe,,,22869257.0,,,100434000.0,163629000.0,,eps_dcf,0.08,0.08,15.0,24.152495235764086,32.80507331932629,23.80485129460761,16.542848975671305,-70.63526415104671,
LMB,Industrials,48.459999084472656,2.5,0.3,50608000.0,fcfe,,,11924993.0,,,59561000.0,42057000.0,,eps_dcf,0.1296700020599365,0.10712750154495237,15.0,96.90539175355667,130.979112619714,95.10894984688139,68.2209966074252,99.9698588203372,
LMNR,Consumer Defensive,12.180000305175781,-2.3899999999999997,0.3,-31043000.0,fcfe,,,18132007.0,,,-43489000.0,101826000.0,18399000.0,eps_dcf,0.08,0.08,15.0,,,,,,eps<=0_block|no_intrinsic
LMT,Industrials,508.45001220703125,27.13,-0.3,8729000000.0,fcfe,,,230790753.0,,,10221000000.0,16747000000.0,,eps_dcf,0.08,0.08,15.0,96.10343460587457,126.1887933759859,90.80897124102376,81.90146593031571,-81.09874475393994,
LNAI,Healthcare,1.75,-0.3999999999999999,-0.3,,fcfe,,,4533890.0,,,-126532829.0,-1743905.0,,eps_dcf,0.08,0.08,15.0,,,,,,eps<=0_block|no_intrinsic
LNG,Energy,268.760009765625,13.430000000000001,0.3,2791000000.0,fcfe,,,206534158.0,,,7890000000.0,25457000000.0,5299000000.0,eps_dcf,0.08,0.08,15.0,634.9388973022436,834.5223632812501,630.2336231835898,449.47125367919864,136.24753468938655,
LNT,Utilities,64.52999877929688,3.19,0.02510863415728659,,fcfe,,,259284699.0,,,2025000000.0,11725000000.0,,eps_dcf,0.08160000205993653,0.08,15.0,50.89662639030587,68.74761321594687,50.211184540155,35.10196511511745,-21.127185257850947,
LOAN,Real Estate,3.680000066757202,0.44,0.19088919884658995,,fcfe,,,11425509.0,,,,19514879.0,,eps_dcf,0.08,0.08,15.0,13.860940920927046,18.37945183577346,13.737118458622934,9.713897392992976,276.65599645331633,
LOCL,Consumer Defensive,1.03,-2.7699999999999996,-0.3,-34766000.0,fcfe,,,23381516.0,,,-27758000.0,486100000.0,,eps_dcf,0.20260000205993653,0.1699800016479492,15.0,,,,,,eps<=0_block|no_intrinsic
LOVE,Consumer Cyclical,15.649999618530273,1.22,-0.3,44083000.0,fcfe,,,14423433.0,,,38855000.0,122220000.0,,eps_dcf,0.16410000205993652,0.1329500015449524,15.0,3.333726998338563,4.4056536445015375,3.134213385574184,2.8603411904687244,-78.69822952333311,
LOW,Consumer Cyclical,187.31500244140625,11.829999999999998,-0.0024821582825074184,7000000000.0,fcfe,,,560707041.0,,,12837000000.0,38851000000.0,,eps_dcf,0.09887000205993653,0.0840275015449524,15.0,157.6943667336608,218.45717493117556,154.04429202195774,107.88178267125518,-15.813274602503371,
LPG,Energy,55.1150016784668,7.550000000000001,-0.3,148832301.0,fcfe,,,42782681.0,,,420578201.0,304096544.0,,eps_dcf,0.09425000205993653,0.08,15.0,25.734226114695833,34.5842106616819,24.10148236762955,21.78247280890862,-53.308127858136146,
LPSN,Technology,3.1,-10.000005,0.3,-16270000.0,fcfe,,,12337297.0,,,-62014000.0,301894000.0,,eps_dcf,0.13154000205993652,0.11773400175094603,15.0,,,,,,eps<=0_block|no_intrinsic
LQDA,Healthcare,70.87000274658203,1.3699999999999999,-0.3,147694000.0,fcfe,,,88928099.0,,,177828000.0,-101285000.0,,eps_dcf,0.08176500205993653,0.08,15.0,4.832049204676853,6.372231733324758,4.55852503070262,4.112439197951641,-93.18181315449449,
LRCX,Technology,326.0899963378906,5.76,-0.28194088310371235,4891252000.0,fcfe,,,1251424362.0,,,8860890000.0,-1844608000.0,,eps_dcf,0.15458500205993653,0.13732225175094603,15.0,17.44853927692981,23.47399429242305,16.63200138578328,13.872697934876172,-94.64916450278045,
LTC,Real Estate,43.1,2.71,-0.3,,fcfe,,,53905563.0,,,225349000.0,739067000.0,73075000.0,eps_dcf,0.08407500205993652,0.08,15.0,9.504609251709837,12.60492554548182,8.947750018151082,8.074870658614127,-77.94754233942032,
LTH,Consumer Cyclical,40.095001220703125,1.83,-0.17346432272600865,-150951000.0,fcfe,,,223461948.0,,,866200000.0,4051924000.0,,eps_dcf,0.13379500205993652,0.11022125154495238,15.0,9.804119476195723,13.595355249022056,9.560884910518322,6.742587400401584,-75.54777608752548,
LTM,Industrials,51.04999923706055,5.426,0.009650111069036349,,fcfe,,,292743939.0,,,2320754000.0,6374391000.0,-14993000.0,eps_dcf,0.10085000205993652,0.08551250154495238,15.0,75.63957558056418,104.67304897573308,73.90563264583909,51.807930989570515,48.16763312633402,
LUCD,Healthcare,0.8037999868392944,-0.44999999999999996,0.29148781455782014,-47184000.0,fcfe,,,190948730.0,,,-51366000.0,-8495000.0,,eps_dcf,0.11278500205993652,0.10179225175094604,15.0,,,,,,eps<=0_block|no_intrinsic
LUCK,Consumer Cyclical,5.43,-0.304075,-0.3,-261242000.0,fcfe,,,136328020.0,,,295158000.0,2771452000.0,,eps_dcf,0.08589000205993652,0.08,15.0,,,,,,eps<=0_block|no_intrinsic
LULU,Consumer Cyclical,96.88999938964844,12.209999999999999,0.17503960659670503,1354336000.0,fcfe,,,110710025.0,,,2518426000.0,751390000.0,,eps_dcf,0.09986000205993653,0.0847700015449524,15.0,336.5709386839387,460.3354527294366,329.67744682350985,233.48690021972735,247.37428094142126,
LUMN,Communication Services,5.585000038146973,-1.02,-0.3,837000000.0,fcfe,,,1031445404.0,,,2305000000.0,11619000000.0,,eps_dcf,0.15150500205993653,0.12910400164794922,15.0,,,,,,eps<=0_block|no_intrinsic
LUNG,Healthcare,1.9500000476837158,-1.1600000000000001,-0.3,-30669000.0,fcfe,,,42948269.0,,,-42832000.0,368000.0,,eps_dcf,0.08,0.08,15.0,,,,,,eps<=0_block|no_intrinsic
LUNR,Industrials,15.0,-0.930099,0.3,-187814000.0,fcfe,,,160452309.0,,,-137368000.0,62446000.0,1195220000.0,eps_dcf,0.15414500205993653,0.1254837515449524,15.0,,,,,,eps<=0_block|no_intrinsic
LUV,Industrials,41.779998779296875,1.63,-0.3,-455000000.0,fcfe,,,489208201.0,,,2779000000.0,3098000000.0,,eps_dcf,0.11394000205993654,0.09533000154495241,15.0,5.207230479385988,6.9647146149857715,4.882187518826288,4.424875225465303,-87.53654707628591,
LVS,Consumer Cyclical,38.30500030517578,2.57,0.012441530096961584,2700000000.0,fcfe,,,647701184.0,,,4618000000.0,11886000000.0,316000000.0,eps_dcf,0.09738500205993653,0.0829137515449524,15.0,36.767976243843385,50.89595629678166,35.92455968653478,25.170245862830914,-4.012593784328238,
LW,Consumer Defensive,43.143001556396484,2.08,0.13613786595967015,540200000.0,fcfe,,,137483158.0,,,987800000.0,3874700000.0,,eps_dcf,0.08,0.08,15.0,52.8523929706635,70.40149726534135,52.33538648837876,36.8543081228399,22.50513655517202,
LWAY,Consumer Defensive,21.049999237060547,0.7,0.3,-31115000.0,fcfe,,,15281888.0,,,20072000.0,15379000.0,,eps_dcf,0.08,0.08,15.0,33.09435801277516,43.497070312499986,32.84910917561524,23.427392224530088,57.21785849050941,
LXU,Basic Materials,9.699999809265137,0.5,0.3,86501000.0,fcfe,,,71997504.0,,,152755000.0,461114000.0,,eps_dcf,0.08,0.08,15.0,23.638827151982262,31.0693359375,23.463649411153757,16.73385158895006,143.6992537814608,
LYFT,Technology,15.114999771118164,0.38,-0.3,1112326000.0,fcfe,,,378540249.0,,,161298000.0,123662000.0,,eps_dcf,0.15337500205993654,0.13629375175094605,15.0,1.0725381214481418,1.4210204525068695,1.0077648638552028,0.9183755631682313,-92.90414728621064,
LYTS,Technology,20.815000534057617,0.67,0.3,39006000.0,fcfe,,,37261336.0,,,53967000.0,292477000.0,,eps_dcf,0.08066500205993653,0.08,15.0,31.609125380299744,41.632910156250006,31.350739360796855,22.360498662858163,51.85743247318548,
LYV,Communication Services,170.65499877929688,0.3399999999999999,0.3,1374870000.0,fcfe,,,232959505.0,,,1690167000.0,2210763000.0,1736835000.0,eps_dcf,0.11372000205993653,0.09887600164794923,15.0,14.083248965498884,19.061955793649602,13.819895638650056,9.894602117894646,-91.74753211670505,
MA,Financial Services,559.7050170898438,18.18,-0.23120748390475954,15975000000.0,fcfe,,,876009940.0,,,22116000000.0,13352000000.0,-5000000.0,eps_dcf,0.09276500205993653,0.08211200164794923,15.0,84.96497250048985,118.87225574855373,82.70593023975205,57.834816034639374,-84.81968717338631,
MAC,Real Estate,22.790000915527344,-0.6500000000000001,-0.3,,fcfe,,,283559375.0,,,431834000.0,4684484000.0,80275000.0,eps_dcf,0.16536500205993654,0.12131225133895876,15.0,,,,,,eps<=0_block|no_intrinsic
MAGN,Consumer Defensive,11.5,-4.473596000000001,-0.3,,fcfe,,,35600000.0,,,,1771000000.0,,eps_dcf,0.10734000205993652,0.09377200164794923,15.0,,,,,,eps<=0_block|no_intrinsic
MAIN,Financial Services,56.23749923706055,4.96,0.13945231012947734,,fcfe,,,93508461.0,,,,2475547000.0,,eps_dcf,0.09254500205993652,0.08193600164794922,15.0,122.57028364310828,168.22118258943365,119.98616901500552,84.67172858109116,117.95116302457203,
MAMA,Consumer Defensive,13.039999961853027,0.15,-0.3,17293000.0,fcfe,,,47147469.0,,,16666000.0,-125701000.0,,eps_dcf,0.08303000205993652,0.08,15.0,0.5274252487714455,0.6976896058384772,0.49699715240156245,0.4484451808140629,-95.95532783501254,
MAMO,Consumer Cyclical,1.03,0.05,0.0,,fcfe,,,41640950.0,,,5176238.0,3882302.0,,eps_dcf,0.08,0.08,15.0,0.7188019647141306,0.9682457924906646,0.7100728996292189,0.49554533219233166,-30.213401484064995,
MAN,Industrials,56.040000915527344,2.1999999999999997,0.3,68900000.0,fcfe,,,46505570.0,,,407000000.0,1239400000.0,100000.0,eps_dcf,0.09012500205993654,0.08,15.0,100.73478440811147,136.6300736966906,98.82666168315153,70.56386329441213,79.75514411563877,
MAR,Consumer Cyclical,360.20001220703125,9.65,-4.440892098500626e-16,3132000000.0,fcfe,,,260766288.0,,,5031000000.0,17312000000.0,,eps_dcf,0.11306000205993652,0.09467000154495239,15.0,122.93084830430689,169.92944499265963,120.12031503728323,84.36385141702519,-65.87150357072996,
MARA,Financial Services,11.994999885559082,-9.16,0.3,-1239178000.0,fcfe,,,386299297.0,,,-2774489000.0,2044685000.0,98846000.0,eps_dcf,0.3457999987411499,0.28453999899292,15.0,,,,,,eps<=0_block|no_intrinsic
MAS,Industrials,68.31500244140625,4.3500000000000005,-0.2524621886990428,1126000000.0,fcfe,,,197187430.0,,,1337000000.0,2945000000.0,247000000.0,eps_dcf,0.12348999874114991,0.10249249905586244,15.0,16.48326603824966,22.850558049277243,16.030901304707516,11.473068227848508,-75.87167467001505,
MATW,Industrials,19.589000701904297,-0.950945,0.3,-81967000.0,fcfe,,,31213173.0,,,109189000.0,590551000.0,0.0,eps_dcf,0.1094099987411499,0.09193249905586243,15.0,,,,,,eps<=0_block|no_intrinsic
MATX,Industrials,224.5850067138672,13.61,-0.12307006205270199,199500000.0,fcfe,,,29903458.0,,,817000000.0,597100000.0,,eps_dcf,0.1218399987411499,0.10125499905586241,15.0,96.45290193774827,133.92985079794656,94.09197865623591,66.05872292208701,-57.052831197839396,
MBC,Consumer Cyclical,6.988999843597412,-0.6900000000000001,0.3,74400000.0,fcfe,,,203490490.0,,,74000000.0,1448200000.0,,eps_dcf,0.1310249987411499,0.10814374905586241,15.0,,,,,,eps<=0_block|no_intrinsic
MBI,Financial Services,4.302499771118164,-3.0,-0.3,,fcfe,,,51016444.0,,,,3273000000.0,8000000.0,eps_dcf,0.12563499874114992,0.10840799899291995,15.0,,,,,,eps<=0_block|no_intrinsic
MBIN,Financial Services,49.630001068115234,4.9799999999999995,-0.3,-779852000.0,fcfe,,,45938075.0,,,,3967894000.0,,eps_dcf,0.1152399987411499,0.10009199899291993,15.0,15.842408075789582,21.18270552651383,14.854569754503213,13.465625588924436,-68.07896890018903,
MBIO,Healthcare,0.4796,-0.56,0.3,,fcfe,,,7577506.0,,,-3522000.0,-15150000.0,,eps_dcf,0.16495999874114992,0.14614099892997745,15.0,,,,,,eps<=0_block|no_intrinsic
MBRX,Healthcare,0.5400000214576721,-50.62,-0.3,,fcfe,,,20385780.0,,,-28827000.0,-6970000.0,,eps_dcf,0.1576449987411499,0.13992324892997743,15.0,,,,,,eps<=0_block|no_intrinsic
MBX,Healthcare,58.20000076293945,-2.4,0.19389778832523108,-85197000.0,fcfe,,,48160096.0,,,-117664000.0,-50783000.0,,eps_dcf,0.08,0.08,15.0,,,,,,eps<=0_block|no_intrinsic
MCB,Financial Services,87.5,7.9,-0.3,99669000.0,fcfe,,,12397778.0,,,,-223326000.0,,eps_dcf,0.1058349987411499,0.09256799899291994,15.0,25.913421114743688,34.72738965877959,24.284956848107434,21.984845370616544,-70.38466158315008,
MCD,Consumer Cyclical,233.6300048828125,12.309999999999999,0.005188056563578902,7761000000.0,fcfe,,,707641531.0,,,15075000000.0,53770000000.0,,eps_dcf,0.08,0.08,15.0,181.0254372600717,243.7461598904004,178.8444979025891,124.84753270219068,-22.51618650144144,
MCHB,Financial Services,14.930000305175781,1.24,-0.04102013434892848,183743000.0,fcfe,,,221426509.0,,,,-265321000.0,,eps_dcf,0.08,0.08,15.0,14.861095543788213,20.08149041164079,14.669099304997447,10.216689392307924,-0.46151882102561476,
MCHP,Technology,79.27999877929688,0.6699999999999999,-0.3,1110900000.0,fcfe,,,543008691.0,,,1460000000.0,5126400000.0,,eps_dcf,0.1477999987411499,0.1315549989299774,15.0,1.9235625047192009,2.551945089940449,1.8068461464300427,1.6453289943654272,-97.5737102240956,
MCHX,Communication Services,1.33,-0.12000000000000001,0.3,-2467000.0,fcfe,,,44337890.0,,,-1504000.0,-7663000.0,,eps_dcf,0.1548949987411499,0.13181599899291993,15.0,,,,,,eps<=0_block|no_intrinsic
MCK,Healthcare,857.8699951171875,37.37,-0.11356841525732564,6145000000.0,fcfe,,,116590363.0,,,7500000000.0,6537000000.0,2939000000.0,eps_dcf,0.08,0.08,15.0,320.78445891074057,435.63224443215745,316.1845205535191,219.736488460988,-62.606868087638325,
MCO,Financial Services,455.9599914550781,15.77,-0.3,2967000000.0,fcfe,,,173180984.0,,,4357000000.0,6055000000.0,141000000.0,eps_dcf,0.12568999874114992,0.10845199899291995,15.0,48.5144143788416,64.70493070504023,45.51557497822297,41.32041625449884,-89.35994050179262,
MCRB,Healthcare,3.48,-2.9400000000000004,0.3,-51510000.0,fcfe,,,10044781.0,,,24889000.0,41050000.0,,eps_dcf,0.08,0.08,15.0,,,,,,eps<=0_block|no_intrinsic
MCS,Communication Services,28.739999771118164,0.71,0.3,66686000.0,fcfe,,,30832159.0,,,104781000.0,293636000.0,,eps_dcf,0.0803699987411499,0.08,15.0,33.527656816131945,44.11845703125,33.264950314297785,23.72497610651636,16.65851455512211,
MDAI,Healthcare,1.590000033378601,-0.35,-0.3,,fcfe,,,31823985.0,,,-7063000.0,2276000.0,,eps_dcf,0.11727499874114991,0.10560874892997742,15.0,,,,,,eps<=0_block|no_intrinsic
MDB,Technology,358.5199890136719,0.71,0.3,659020000.0,fcfe,,,80431927.0,,,115359000.0,-973806000.0,,eps_dcf,0.1394949987411499,0.12449574892997742,15.0,26.4335402574004,35.69710438761001,25.946123861410122,18.632225315161605,-92.62703864012659,
MDLZ,Consumer Defensive,58.89500045776367,2.720109,-0.3,2575000000.0,fcfe,,,1276308057.0,,,5231000000.0,20098000000.0,54000000.0,eps_dcf,0.08,0.08,15.0,9.635525890245146,12.651945173651292,9.104692220915954,8.211607614826578,-83.63948414066958,
MDRR,Real Estate,11.0,3.92,-0.3,-1134480.0,fcfe,,,1628500.0,,,15835781.0,2659239.0,13247627.0,eps_dcf,0.0830649987411499,0.08,15.0,13.782204260087918,18.232955032578868,12.986670641282267,11.718054344013922,25.29276600079925,
MDT,Healthcare,86.78500366210938,4.06,-0.20745082536839776,6132000000.0,fcfe,,,1279137890.0,,,10267000000.0,26462000000.0,618000000.0,eps_dcf,0.08388999874114991,0.08,15.0,21.90733886254317,30.188079258541947,21.465806884225863,14.951194401496315,-74.75676909822153,
MDU,Utilities,18.6299991607666,0.95,-0.3,-386131000.0,fcfe,,,210349456.0,,,546027000.0,2530888000.0,,eps_dcf,0.08,0.08,15.0,3.365214260065641,4.418700836977021,3.1798202240682842,2.867909791146329,-81.93658394170767,
MDV,Real Estate,18.049999237060547,0.36000000000000004,0.3,,fcfe,,,10323670.0,,,38988000.0,251713000.0,38866000.0,eps_dcf,0.08,0.08,15.0,17.01995554942723,22.369921875,16.893827576030702,12.048373144044046,-5.706613469093198,
MEC,Industrials,16.44499969482422,-0.84,0.3,-4573000.0,fcfe,,,25500331.0,,,31452000.0,152543000.0,,eps_dcf,0.1213999987411499,0.10092499905586241,15.0,,,,,,eps<=0_block|no_intrinsic
MED,Consumer Cyclical,11.619999885559082,-2.33,0.3,4013000.0,fcfe,,,11180703.0,,,-5660000.0,-44292000.0,,eps_dcf,0.0926899987411499,0.08,15.0,,,,,,eps<=0_block|no_intrinsic
MEI,Technology,14.545000076293945,-1.04,-0.3,-13300000.0,fcfe,,,35645053.0,,,68700000.0,217000000.0,,eps_dcf,0.13720500205993652,0.12254925175094604,15.0,,,,,,eps<=0_block|no_intrinsic
MELI,Consumer Cyclical,1713.1099853515625,36.77,0.10271536572275863,12409000000.0,fcfe,,,50696802.0,,,3802000000.0,9527000000.0,,eps_dcf,0.12450000205993653,0.1032500015449524,15.0,688.1659516765687,943.5146146818597,673.5921067803341,476.5388233599815,-59.82943549679071,
MEOH,Basic Materials,59.65599822998047,1.03,-0.3,936292000.0,fcfe,,,77364263.0,,,1007776000.0,2750157000.0,310762000.0,eps_dcf,0.10030000205993653,0.0851000015449524,15.0,3.4407986640359023,4.617307338140203,3.2235785280855334,2.9159503977827064,-94.23226705423444,
MET,Financial Services,94.83499908447266,5.225706,-0.19476723026419018,,fcfe,,,635476927.0,,,,2044000000.0,520000000.0,eps_dcf,0.09408500205993653,0.08316800164794923,15.0,29.10940044297453,40.70698405788869,28.349123178518873,19.792648621427322,-69.30521355618316,
META,Communication Services,723.7249755859375,26.55,-0.3,40976000000.0,fcfe,,,2547506225.0,,,112282000000.0,96856000000.0,,eps_dcf,0.12070500205993653,0.10446400164794924,15.0,82.98806758984064,110.8162643941774,77.83691404115066,70.61333143157377,-88.5332038565268,
MFIN,Financial Services,12.039999961853027,1.33,0.3,,fcfe,,,22960249.0,,,,173842000.0,99429000.0,eps_dcf,0.09595500205993653,0.08466400164794922,15.0,59.39498676921849,80.51814372721472,58.273501874903815,41.63628449416629,393.31384516115276,upside>300%
MG,Industrials,21.200000762939453,0.8300000000000001,0.18346424869575562,23443000.0,fcfe,,,31860352.0,,,81069000.0,188617000.0,213000.0,eps_dcf,0.10316000205993653,0.0872450015449524,15.0,23.314046622310652,31.856298315422013,22.840209258323082,16.19330702116199,9.97191407212987,
MGM,Consumer Cyclical,31.520000457763672,1.6500000000000001,-0.3,1494547000.0,fcfe,,,255851235.0,,,1990430000.0,27299577000.0,862283000.0,eps_dcf,0.12285000205993653,0.1020125015449524,15.0,5.122172297468051,6.836245321686849,4.804802047198237,4.360210024058697,-83.74945360698301,
MGRX,Healthcare,0.4345000088214874,-1.5699999999999998,-0.3,,fcfe,,,21567422.0,,,-13392608.0,95463.0,-2118.0,eps_dcf,0.16503500205993654,0.14620475175094605,15.0,,,,,,eps<=0_block|no_intrinsic
MGYR,Financial Services,19.344999313354492,1.87,-0.21013719237665873,14129000.0,fcfe,,,6455383.0,,,,37583000.0,,eps_dcf,0.08,0.08,15.0,10.058048174205021,13.721128212242734,9.894761384414851,6.884828505537819,-48.00698614002214,
MH,Consumer Defensive,12.58,0.49999999999999994,0.3,205345000.0,fcfe,,,191308814.0,,,691377000.0,2450605000.0,,eps_dcf,0.10734000205993652,0.09377200164794923,15.0,21.274397572358914,28.81150254720883,20.875185903956805,14.934927602715334,69.11285828584192,
MHK,Consumer Cyclical,125.62999725341797,7.55,-0.3,811500000.0,fcfe,,,67738145.0,,,1255900000.0,1509100000.0,4000000.0,eps_dcf,0.11746000205993652,0.09797000154495239,15.0,23.846627667973586,31.86798310729126,22.36243732854409,20.2778432469444,-81.0183648895011,
MIDD,Industrials,105.4749984741211,-9.26,-0.3,463302000.0,fcfe,,,45222349.0,,,678327000.0,1841170000.0,,eps_dcf,0.12538000205993655,0.10391000154495242,15.0,,,,,,eps<=0_block|no_intrinsic
MIND,Technology,4.32,-0.26,0.3,-3859000.0,fcfe,,,9089055.0,,,-46000.0,-14919000.0,,eps_dcf,0.08,0.08,15.0,,,,,,eps<=0_block|no_intrinsic
MIRM,Healthcare,88.01000213623047,-14.550412,0.3,-263741000.0,fcfe,,,64932203.0,,,-818154000.0,432221000.0,,eps_dcf,0.08,0.08,15.0,,,,,,eps<=0_block|no_intrinsic
MITK,Technology,16.736000061035156,0.48,-0.23956998546305042,48613000.0,fcfe,,,45122374.0,,,53495000.0,-38370000.0,,eps_dcf,0.10686500061035156,0.09676025051879883,15.0,2.048036970932459,2.855856400502149,1.9942902100921285,1.40145782388376,-87.76268544775697,
MITT,Real Estate,5.739999771118164,0.74,0.18558753006171358,,fcfe,,,31803475.0,,,,7281474000.0,,eps_dcf,0.14575000061035157,0.10856250039672853,15.0,17.621567457757852,23.968457767894172,17.27297588803326,12.32045185679532,206.9959609828544,
MKC,Consumer Defensive,48.44499969482422,5.82,-0.3,1019900000.0,fcfe,,,268851552.0,,,1390700000.0,4602300000.0,577700000.0,eps_dcf,0.08723000061035156,0.08,15.0,20.256774147865414,27.07035670653292,19.01515170708197,17.168058911548226,-58.18603720616885,
MKC-V,Consumer Defensive,50.03,5.58,-0.3,1019900000.0,fcfe,,,268851552.0,,,1390700000.0,4602300000.0,577700000.0,eps_dcf,0.08723000061035156,0.08,15.0,19.42144325516993,25.954053337191354,18.23102173977962,16.46009771931943,-61.18040524651224,
MKL,Financial Services,1736.510009765625,181.86,-0.0675811337192399,2118316000.0,fcfe,,,12389958.0,,,,944516000.0,465937000.0,eps_dcf,0.08811000061035157,0.08,15.0,1888.4010877556211,2616.1109049855127,1846.333903507541,1286.89282326997,8.746916351521447,
MKTX,Financial Services,164.02999877929688,8.48,-0.07480229715879516,142585000.0,fcfe,,,35197197.0,,,458547000.0,-66881000.0,14441000.0,eps_dcf,0.09773500061035156,0.08608800048828126,15.0,82.22819703017238,114.42130302414442,80.23030266799475,56.02877412273321,-49.870025213613026,
MLI,Industrials,60.4900016784668,3.84,-0.07076773444436901,666374000.0,fcfe,,,221181388.0,,,1191484000.0,-1364064000.0,26266000.0,eps_dcf,0.11324500061035156,0.09480875045776366,15.0,35.72805040994551,49.57995769450442,34.87341975071179,24.440035103087737,-40.93561015280321,
MLM,Basic Materials,481.32000732421875,40.699999999999996,-0.3,810000000.0,fcfe,,,71019382.0,,,2085000000.0,6233000000.0,2000000.0,eps_dcf,0.11291500061035156,0.09456125045776367,15.0,130.4538999821183,174.5263835480708,122.30383907047876,110.83159915108436,-72.89663882718175,
MLR,Consumer Cyclical,53.48,1.24,0.3,112729000.0,fcfe,,,11352184.0,,,37288000.0,-49922000.0,,eps_dcf,0.11489500061035157,0.09604625045776369,15.0,51.110037454789115,69.1712856791107,50.15490374030583,35.914190373917386,-4.431493166063729,
MLYS,Healthcare,24.639999389648438,-4.24,0.3,,fcfe,,,88406885.0,,,-370752000.0,-138268000.0,,eps_dcf,0.08948500061035157,0.08198725051879883,15.0,,,,,,eps<=0_block|no_intrinsic
MMI,Real Estate,29.225000381469727,0.37000000000000005,0.3,84518000.0,fcfe,,,37871003.0,,,36299000.0,-77613000.0,,eps_dcf,0.12061500061035157,0.09222475039672853,15.0,14.8904990140517,20.142344681320523,14.613093879539745,10.470868750318749,-49.04876366231597,
MMM,Industrials,168.5800018310547,5.63,-0.15126256346094802,3985000000.0,fcfe,,,515722417.0,,,6162000000.0,9596000000.0,53000000.0,eps_dcf,0.11143000061035158,0.09344750045776368,15.0,36.30849580483695,50.55426848837543,35.39713814985624,24.79679608624061,-78.46215718918776,
MMS,Industrials,52.970001220703125,6.7700000000000005,-0.14440313097455926,433230000.0,fcfe,,,52357763.0,,,715712000.0,1674865000.0,,eps_dcf,0.08442500061035156,0.08,15.0,49.59519947210236,68.28959815268092,48.62168430950618,33.82134627931232,-6.371156637394485,
MNKD,Healthcare,3.315000057220459,-0.13,0.3,-18135000.0,fcfe,,,321544484.0,,,20266000.0,277919000.0,,eps_dcf,0.11280500061035156,0.10180925051879883,15.0,,,,,,eps<=0_block|no_intrinsic
MNOV,Healthcare,1.7799999713897705,-0.23,-0.24861405862733454,,fcfe,,,49221246.0,,,-11831257.0,-25298883.0,,eps_dcf,0.08701000061035156,0.08,15.0,,,,,,eps<=0_block|no_intrinsic
MNSB,Financial Services,24.8700008392334,2.04,-0.04588137605566833,23220000.0,fcfe,,,7121076.0,,,,39224000.0,,eps_dcf,0.08178500061035157,0.08,15.0,23.79685429942793,32.33381718706502,23.440617839725597,16.328600790897838,-4.315024139896837,
MNST,Consumer Defensive,41.875,1.08,-0.18161899964909323,2081494000.0,fcfe,,,1959051764.0,,,2858003000.0,-1993365000.0,,eps_dcf,0.08068500061035157,0.08,15.0,6.67438204126347,9.112677918055143,6.5649550746649945,4.564367064267221,-84.0611772148932,
MO,Consumer Defensive,68.86000061035156,5.49,-0.3,9112000000.0,fcfe,,,1669743926.0,,,11805000000.0,22210000000.0,50000000.0,eps_dcf,0.08,0.08,15.0,19.447396092379336,25.535439573688258,18.376013715931457,16.57349974041405,-71.75806575660144,
MOD,Consumer Cyclical,182.8916015625,2.6600000000000006,-0.3,100200000.0,fcfe,,,53112708.0,,,303000000.0,432900000.0,8300000.0,eps_dcf,0.14767500061035158,0.12063125045776368,15.0,7.639762425644639,10.1357954329753,7.17615431555699,6.534553748576925,-95.82279210178282,
MOG-A,Industrials,391.85589599609375,11.76,-0.3,350162000.0,fcfe,,,31671169.0,,,621434000.0,841168000.0,,eps_dcf,0.10563500205993653,0.08910125154495241,15.0,38.600248416863394,51.731909193007276,36.17411052354788,32.74700132066607,-90.14937664297689,
MOH,Healthcare,189.3000030517578,-0.21692299999999998,0.3,228000000.0,fcfe,,,52200000.0,,,371000000.0,-1032000000.0,,eps_dcf,0.09386500205993653,0.08571025175094604,15.0,,,,,,eps<=0_block|no_intrinsic
MOS,Basic Materials,22.55500030517578,-2.0199999999999996,0.3,-947100000.0,fcfe,,,317895646.0,,,1168700000.0,5785100000.0,171000000.0,eps_dcf,0.09804500205993652,0.08340875154495239,15.0,,,,,,eps<=0_block|no_intrinsic
MOVE,Technology,11.604999542236328,-15.367094999999999,-0.006235366815328214,,fcfe,,,31552275.0,,,-17993000.0,-6733000.0,,eps_dcf,0.11966000205993653,0.10763600175094605,15.0,,,,,,eps<=0_block|no_intrinsic
MPC,Energy,398.7200012207031,29.090000000000003,-0.3,12899000000.0,fcfe,,,280824763.0,,,17612000000.0,26524000000.0,6643000000.0,eps_dcf,0.08132500205993652,0.08,15.0,102.71218726707693,135.30527089227536,96.93682240357226,87.44519823239244,-74.23951972496539,
MPWR,Technology,1361.0400390625,16.310000000000002,-0.3,582609000.0,fcfe,,,49143000.0,,,1000282000.0,-986653000.0,,eps_dcf,0.14386000205993651,0.12820600175094604,15.0,47.39759373650146,62.94049237904779,44.512083566961756,40.51122560257426,-96.51754596660143,
MRAM,Technology,18.579999923706055,-0.11,0.3,-7215000.0,fcfe,,,24350009.0,,,-6790000.0,-41063000.0,,eps_dcf,0.15805000205993652,0.14026750175094604,15.0,,,,,,eps<=0_block|no_intrinsic
MRBK,Financial Services,18.959999084472656,1.8399999999999999,0.3,18621000.0,fcfe,,,11929048.0,,,,121530000.0,,eps_dcf,0.08721000205993652,0.08,15.0,85.03353538544265,114.33515624999998,83.69716352443051,59.74103010392177,348.4891323390469,upside>300%
MRCY,Industrials,83.98999786376953,-0.5,0.3,68087000.0,fcfe,,,60863586.0,,,73384000.0,273414000.0,,eps_dcf,0.10624000205993653,0.08955500154495238,15.0,,,,,,eps<=0_block|no_intrinsic
MRK,Healthcare,148.39500427246094,1.2492169999999998,0.3,16063000000.0,fcfe,,,2467171638.0,,,14405000000.0,47057000000.0,51000000.0,eps_dcf,0.08,0.08,15.0,59.06004947663565,77.62468526367185,58.62237945290651,41.80842376078685,-60.20078319604458,
MRKR,Healthcare,1.12,-0.6599999999999999,-0.3,,fcfe,,,16673127.0,,,-9280351.0,-11331023.0,,eps_dcf,0.13671000205993653,0.12212850175094604,15.0,,,,,,eps<=0_block|no_intrinsic
MRNA,Healthcare,189.3094940185547,-7.99,0.3,-1244000000.0,fcfe,,,399235889.0,,,-2804000000.0,-436000000.0,,eps_dcf,0.11317000205993652,0.10211950175094604,15.0,,,,,,eps<=0_block|no_intrinsic
MRTN,Industrials,13.015000343322754,0.17,0.3,1085000.0,fcfe,,,81661669.0,,,107898000.0,-103861000.0,,eps_dcf,0.10569000205993653,0.0891425015449524,15.0,7.28392493192859,9.8659111333535,7.147119883007662,5.112353877266464,-44.03438540310487,
MRVI,Healthcare,7.659999847412109,-0.52,-0.3,-35842000.0,fcfe,,,148989545.0,,,-55970000.0,106605000.0,150966000.0,eps_dcf,0.08561500205993652,0.08,15.0,,,,,,eps<=0_block|no_intrinsic
MRVL,Technology,260.2669982910156,3.0300000000000002,0.3,1722800000.0,fcfe,,,898704613.0,,,4759600000.0,1353300000.0,,eps_dcf,0.17625500205993655,0.15574175175094607,15.0,97.36221607331825,131.05569632301757,95.60243283138469,68.94808554941963,-62.591409317114646,
MS,Financial Services,191.5500030517578,12.370000000000001,-0.3,-18582000000.0,fcfe,,,1570566292.0,,,,299338000000.0,1111000000.0,eps_dcf,0.11872500205993652,0.10288000164794923,15.0,38.91181076306633,51.98482218421989,36.49252764985421,33.09664868154909,-79.68582085976152,
MSA,Industrials,180.41000366210938,8.040000000000001,-0.2505772198948454,354299000.0,fcfe,,,38578289.0,,,517499000.0,443451000.0,,eps_dcf,0.10382000205993652,0.0877400015449524,15.0,32.826976653841385,45.78062493276454,31.946704695170247,22.514144250931636,-81.80423702261925,
MSCI,Financial Services,541.228271484375,18.28,-0.23085882829370086,1492485000.0,fcfe,,,72700000.0,,,2070029000.0,6166600000.0,,eps_dcf,0.11938500205993653,0.10340800164794924,15.0,78.00163788882892,108.4715730731094,75.9902912888807,53.56574250439307,-85.58803336808307,
MSDL,Financial Services,13.829999923706055,0.77,0.3,,fcfe,,,84105122.0,,,,1910324000.0,,eps_dcf,0.08732000205993654,0.08,15.0,35.57243356143124,47.84677734374999,35.00886199548707,24.98880447694498,157.21210236925887,
MSEX,Utilities,53.20000076293945,2.59,-0.10816596329859696,-40546000.0,fcfe,,,18843946.0,,,100609000.0,436944000.0,,eps_dcf,0.09254500205993652,0.08,15.0,21.965186222448374,30.642198706215265,21.41776461097822,14.930438573091948,-58.712056564950444,
MSFT,Technology,513.9401245117188,17.959999999999997,-0.2403122804346577,66987000000.0,fcfe,,,7425545491.0,,,212433000000.0,35891000000.0,,eps_dcf,0.11328000205993653,0.10221300175094605,15.0,74.68441765136907,103.98658607064404,72.73863421641423,51.21959953695861,-85.46826486405887,
MSGS,Communication Services,413.9150085449219,0.29999999999999993,0.3,61256000.0,fcfe,,,24079941.0,,,42247000.0,995798000.0,,eps_dcf,0.08382000061035155,0.08,15.0,14.012670981656951,18.641601562499996,13.847260047071924,9.87997320456899,-96.61460186454289,
MSI,Technology,448.3599853515625,12.7,0.07441791366675288,2677000000.0,fcfe,,,165493788.0,,,3757000000.0,8909000000.0,16000000.0,eps_dcf,0.10081500061035156,0.09161775051879882,15.0,232.91255137832303,320.88235651143793,227.80424772926352,160.2676571923866,-48.05233317248538,
MSIF,Financial Services,12.06,2.14,-0.23985850526612618,,fcfe,,,45345229.0,,,,633125000.0,,eps_dcf,0.09245500061035156,0.08186400048828125,15.0,9.588110374284566,13.414648381832766,9.332211154314553,6.529270026646409,-20.496597228154513,
MSPR,Healthcare,0.0001,-572.66,0.0,,fcfe,,,13774399.0,,,-617814000.0,889989000.0,-280548000.0,eps_dcf,0.08,0.08,15.0,,,,,,eps<=0_block|no_intrinsic
MSTR,Technology,156.55999755859375,-97.21,0.3,-21749505000.0,fcfe,,,398750825.0,,,-21745782000.0,5058940000.0,,eps_dcf,0.2501950006103516,0.21859075051879884,15.0,,,,,,eps<=0_block|no_intrinsic
MTB,Financial Services,218.02499389648438,18.939999999999998,-0.12092746317002456,3595000000.0,fcfe,,,144416262.0,,,,680000000.0,,eps_dcf,0.08332500061035156,0.08,15.0,155.59645255094364,213.35284858382676,152.78994784513085,106.25957063549882,-28.633662696113205,
MTCH,Communication Services,40.02000045776367,2.83,-0.25928603753175383,1141454000.0,fcfe,,,233266526.0,,,1127642000.0,2971298000.0,0.0,eps_dcf,0.12512500061035156,0.10800000048828126,15.0,10.359607659943222,14.285424020136084,10.02831668879933,7.42766421318203,-74.11392418429243,
MTEX,Consumer Defensive,7.599999904632568,-3.91,-0.3,1596000.0,fcfe,,,1929670.0,,,5098000.0,577000.0,,eps_dcf,0.0934099991607666,0.08262799932861328,15.0,,,,,,eps<=0_block|no_intrinsic
MTG,Financial Services,28.020000457763672,3.2,-0.014878847981992793,706480000.0,fcfe,,,205124840.0,,,,439597000.0,,eps_dcf,0.08785499916076661,0.08,15.0,42.11874625191564,58.11082511936149,41.22924752701289,28.795163559178057,50.316722212063844,
MTH,Consumer Cyclical,64.1500015258789,4.779999999999999,0.3,414705000.0,fcfe,,,65174093.0,,,451367000.0,1099911000.0,,eps_dcf,0.12701499916076658,0.10513624937057495,15.0,187.3263637863193,253.25304532926847,183.84866914981967,131.83276615286894,192.01303091278885,
MTR,Energy,2.41,0.22319999999999998,0.3,,fcfe,,,1863590.0,,,288863.0,,,eps_dcf,0.08,0.08,15.0,10.55237244064488,13.869351562499997,10.474173097139035,7.469991349307306,337.8577776201195,upside>300%
MTSI,Technology,283.63751220703125,3.11,-0.3,123767000.0,fcfe,,,76370931.0,,,357224000.0,287889000.0,,eps_dcf,0.1463199991607666,0.13029699928665162,15.0,8.969494225114664,11.90382335633349,8.424571551305647,7.669933115322893,-96.83769112367348,
MTVA,Healthcare,1.6492999792099,-6.1,-0.3,,fcfe,,,6588101.0,,,-14912000.0,-12457000.0,,eps_dcf,0.1041349991607666,0.09443974928665161,15.0,,,,,,eps<=0_block|no_intrinsic
MTW,Industrials,21.9950008392334,0.55,-0.3,69400000.0,fcfe,,,36061969.0,,,131700000.0,422600000.0,,eps_dcf,0.1498949991607666,0.12229624937057496,15.0,1.5689346823175994,2.0804282942704293,1.4739041272368039,1.3425327356071564,-92.86685782016872,
MTX,Basic Materials,65.83000183105469,-2.1700000000000004,0.3,120300000.0,fcfe,,,31128762.0,,,64000000.0,622700000.0,31900000.0,eps_dcf,0.11489500061035157,0.09604625045776369,15.0,,,,,,eps<=0_block|no_intrinsic
MTZ,Industrials,209.89999389648438,6.2700000000000005,0.04138815616128344,244804000.0,fcfe,,,80304948.0,,,1312673000.0,2919810000.0,123015000.0,eps_dcf,0.1523500006103516,0.1241375004577637,15.0,81.83443940360443,112.23879899898806,80.06484058458399,56.73887626528213,-61.0126527950437,
MU,Technology,1068.22998046875,44.17,-0.3,26172000000.0,fcfe,,,1129393151.0,,,68305000000.0,-18619000000.0,,eps_dcf,0.17457000061035155,0.15430950051879883,15.0,117.00368961505143,154.2423760838068,110.06333471134086,100.58606785742782,-89.04695695175032,
MUSA,Consumer Cyclical,506.1199951171875,32.84,-0.3,541500000.0,fcfe,,,18380347.0,,,1211500000.0,2560100000.0,,eps_dcf,0.08,0.08,15.0,116.33014347426912,152.7475110382373,109.92136437726577,99.139113201311,-77.01530376263165,
MUX,Basic Materials,18.1299991607666,0.6599999999999999,-0.3,6338000.0,fcfe,,,61358566.0,,,35262000.0,49515000.0,0.0,eps_dcf,0.12188000061035156,0.10128500045776367,15.0,2.055232314300512,2.743631835750361,1.9277868665597695,1.7491691360728903,-88.66391390272072,
MVBF,Financial Services,29.5,2.96,-0.3,-37594000.0,fcfe,,,12967507.0,,,,-258524000.0,0.0,eps_dcf,0.09625000061035158,0.08490000048828127,15.0,10.02205003446303,13.462092243881449,9.387233630615178,8.48645703658817,-66.02694903571856,
MX,Technology,3.859999895095825,-0.84,0.12603551782837052,-20695000.0,fcfe,,,36510111.0,,,-35451000.0,-44953000.0,,eps_dcf,0.14305500061035156,0.12752175051879883,15.0,,,,,,eps<=0_block|no_intrinsic
MXL,Technology,93.70330047607422,-1.19,-0.3,653000.0,fcfe,,,90693191.0,,,-33347000.0,83383000.0,,eps_dcf,0.26933500061035154,0.23485975051879882,15.0,,,,,,eps<=0_block|no_intrinsic
MYPS,Communication Services,0.4585,-0.36,0.3,2355000.0,fcfe,,,128722026.0,,,9715000.0,-97218000.0,,eps_dcf,0.10554500061035156,0.09233600048828126,15.0,,,,,,eps<=0_block|no_intrinsic
MYSE,Technology,1.840000033378601,-1.85,0.3,-4922975.0,fcfe,,,5196430.0,,,-6173665.0,-1679420.0,0.0,eps_dcf,0.15972000061035158,0.14168700051879884,15.0,,,,,,eps<=0_block|no_intrinsic
MYSZ,Consumer Cyclical,1.6799999475479126,-9.920000000000002,-0.15569780057892524,,fcfe,,,674347.0,,,-6674000.0,616000.0,,eps_dcf,0.08,0.08,15.0,,,,,,eps<=0_block|no_intrinsic
MZTI,Consumer Defensive,99.5250015258789,6.4399999999999995,-0.16739732966770438,226148000.0,fcfe,,,27291000.0,,,299196000.0,228685000.0,,eps_dcf,0.08,0.08,15.0,42.73542139183758,58.205045695321175,42.07703247438589,29.240963840709064,-57.06061719504185,
NAII,Consumer Defensive,1.5399999618530273,-1.56,0.3,-9024000.0,fcfe,,,6264847.0,,,-3972000.0,55972000.0,,eps_dcf,0.08,0.08,15.0,,,,,,eps<=0_block|no_intrinsic
NAT,Energy,8.120100021362305,0.588611,-0.3,-17926000.0,fcfe,,,211750663.0,,,158488000.0,273272000.0,,eps_dcf,0.08,0.08,15.0,2.0850548745594706,2.737785177214613,1.9701864862200602,1.7769297369225598,-74.32230059883348,
NATR,Consumer Defensive,12.539999961853027,1.01,0.3,18085000.0,fcfe,,,17595520.0,,,42190000.0,-61075000.0,0.0,eps_dcf,0.09889000061035157,0.08701200048828127,15.0,44.54290748713678,60.368490178470694,43.7032032739026,31.236437435505415,255.2065998615418,
NAVI,Financial Services,9.045000076293945,-0.49999999999999994,-0.3,,fcfe,,,93989417.0,,,,43137000000.0,,eps_dcf,0.11845000205993653,0.10266000164794924,15.0,,,,,,eps<=0_block|no_intrinsic
NBHC,Financial Services,39.310001373291016,2.38,0.3,145208000.0,fcfe,,,44539547.0,,,,-53693000.0,,eps_dcf,0.09436000205993653,0.08338800164794923,15.0,107.01363705503816,145.0922001779104,104.99126498981744,75.00219012782813,172.23005168284743,
NBN,Financial Services,124.19000244140625,12.72,-0.3,-63989000.0,fcfe,,,8601215.0,,,,421844000.0,,eps_dcf,0.08451500205993652,0.08,15.0,44.564375389853474,59.16407857510288,41.936601863966764,37.8479927822642,-64.11597188680364,
NCDL,Financial Services,11.289999961853027,0.9500000000000001,0.3,,fcfe,,,49387065.0,,,,1042748000.0,,eps_dcf,0.10734000205993652,0.09377200164794923,15.0,40.421355387481945,54.74185483969677,39.66285321751794,28.37636244515914,258.02794972594126,
NCMI,Communication Services,2.315000057220459,-0.08999999999999998,0.3,19300000.0,fcfe,,,93780289.0,,,30200000.0,-22700000.0,0.0,eps_dcf,0.12879000205993651,0.11093200164794922,15.0,,,,,,eps<=0_block|no_intrinsic
NCNO,Technology,17.910999298095703,0.3,-0.3,132169000.0,fcfe,,,105736174.0,,,92506000.0,255337000.0,15404000.0,eps_dcf,0.09045500205993652,0.08281175175094604,15.0,1.0356485150186108,1.393090508430433,0.9697349686112124,0.8759471608289839,-94.21780718215582,
NDAQ,Financial Services,92.19999694824219,3.43,-0.17690662304726612,1951000000.0,fcfe,,,558977372.0,,,3425000000.0,8723000000.0,5000000.0,eps_dcf,0.10591000205993653,0.09262800164794924,15.0,19.963102761686052,27.840916283779436,19.45257948031142,13.616859083716573,-78.34804401035649,
NDSN,Industrials,330.1700134277344,9.89,-0.067580659930218,724013000.0,fcfe,,,55699366.0,,,912691000.0,1704781000.0,,eps_dcf,0.10583999916076661,0.08925499937057496,15.0,96.04395840012972,133.41975627027568,93.73679824402328,65.58964099830308,-70.91075673316674,
NECB,Financial Services,26.3700008392334,3.12,0.17833223477105076,48411000.0,fcfe,,,13766059.0,,,,121407000.0,,eps_dcf,0.08,0.08,15.0,93.62363329173375,124.27303833007379,92.76953025849973,65.53653735309582,255.03841604904358,
NEE,Utilities,75.91999816894531,4.45,-0.29251367030489284,3048000000.0,fcfe,,,2085978209.0,,,17698000000.0,107331000000.0,11033000000.0,eps_dcf,0.08779999916076661,0.08,15.0,15.973725079771361,21.5177160105357,15.082628982641818,13.103022440395648,-78.95979259084686,
NEM,Basic Materials,117.16999816894531,7.93,-0.3,9733000000.0,fcfe,,,1053692271.0,,,16038000000.0,-3411000000.0,171000000.0,eps_dcf,0.08224499916076661,0.08,15.0,27.93666665014876,36.88452382866083,26.343769061985668,23.767502236125956,-76.15715022042811,
NEON,Technology,0.8999999761581421,0.53,-0.3,-11129000.0,fcfe,,,16782923.0,,,7429000.0,-22975000.0,,eps_dcf,0.11375999916076661,0.10262099928665161,15.0,1.6941364444141076,2.266020245431764,1.5883701454433554,1.4395515403087078,88.23738769926646,
NEPH,Healthcare,3.89,0.16999999999999998,-0.3,,fcfe,,,10860120.0,,,1834000.0,-3825000.0,0.0,eps_dcf,0.13795999916076662,0.12319099928665163,15.0,0.5031595529303806,0.6691028134530632,0.472375510224063,0.4295684205266508,-87.06530712261232,
NFBK,Financial Services,15.3100004196167,0.12000000000000005,0.3,62972000.0,fcfe,,,41763997.0,,,,652647000.0,,eps_dcf,0.09076999916076661,0.0805159993286133,15.0,5.479404323317149,7.431483746263394,5.375649786519823,3.838588510762882,-64.21029279465996,
NFE,Energy,5.920000076293945,-288.0,0.2406208784859316,-1112640000.0,fcfe,,,5712693.0,,,-862917000.0,8952477000.0,121212000.0,eps_dcf,0.1249799991607666,0.09933599941253661,15.0,,,,,,eps<=0_block|no_intrinsic
NFLX,Communication Services,69.94999694824219,3.1770000000000005,-0.3,11152005000.0,fcfe,,,4163939676.0,,,35008877000.0,5210074000.0,,eps_dcf,0.1363099991607666,0.1169479993286133,15.0,9.45174241028909,12.573921773395043,8.872669568793604,8.066781571669594,-86.4878587238786,
NGNE,Healthcare,28.405000686645508,-4.96,0.3,-87707000.0,fcfe,,,20011382.0,,,-107871000.0,-103733000.0,,eps_dcf,0.15995999916076659,0.1418909992866516,15.0,,,,,,eps<=0_block|no_intrinsic
NGVC,Consumer Defensive,30.790000915527344,2.06,-0.023232309831655584,22240000.0,fcfe,,,23045851.0,,,95729000.0,305213000.0,,eps_dcf,0.12101999916076661,0.1047159993286133,15.0,22.9923362630284,31.789071627182146,22.461927994912266,15.786825703223062,-25.32531477959975,
NHI,Real Estate,65.93499755859375,3.4599999999999995,-0.3,,fcfe,,,49110434.0,,,312896000.0,1247878000.0,17831000.0,eps_dcf,0.0824649991607666,0.08,15.0,12.182719179208446,16.093373574674203,11.48578288427554,10.362873668541404,-81.52313698293207,
NI,Utilities,39.43000030517578,1.57,0.3,-1460000000.0,fcfe,,,479560100.0,,,3202400000.0,17333000000.0,2319800000.0,eps_dcf,0.08207999916076661,0.08,15.0,73.73742927482253,97.55771484375002,73.01471529983479,52.08528563085822,87.00844205964509,
NINE,Energy,7.820000171661377,-1.13,0.3,-26247000.0,fcfe,,,13949990.0,,,46086000.0,112021000.0,,eps_dcf,0.1073799991607666,0.08701599941253661,15.0,,,,,,eps<=0_block|no_intrinsic
NKE,Consumer Cyclical,35.709999084472656,2.09,-0.3,2184000000.0,fcfe,,,1483498703.0,,,4594000000.0,3470000000.0,,eps_dcf,0.11342999916076661,0.09494749937057495,15.0,6.68780191601467,8.946093011542445,6.270162578913274,5.682428831791081,-81.27190678388271,
NKSH,Financial Services,42.470001220703125,3.18,-0.3,18418000.0,fcfe,,,6370620.0,,,,-54563000.0,,eps_dcf,0.08163999916076661,0.08,15.0,11.21942648160778,14.79101964377572,10.585540462592412,9.549491376485943,-73.58270270983988,
NKTR,Healthcare,59.04280090332031,-6.7,-0.3,-234032000.0,fcfe,,,34142994.0,,,-121457000.0,39289000.0,,eps_dcf,0.1157949991607666,0.10435074928665161,15.0,,,,,,eps<=0_block|no_intrinsic
NL,Industrials,7.07,-0.52,-0.3,8105000.0,fcfe,,,48898734.0,,,-31183000.0,-105580000.0,18806000.0,eps_dcf,0.08,0.08,15.0,,,,,,eps<=0_block|no_intrinsic
NNBR,Industrials,3.9700000286102295,-0.96,-0.3,7696000.0,fcfe,,,82580446.0,,,23669000.0,189937000.0,,eps_dcf,0.1965349991607666,0.15727624937057497,15.0,,,,,,eps<=0_block|no_intrinsic
NNI,Financial Services,123.63999938964844,8.36,0.3,364026000.0,fcfe,,,35779438.0,,,,6870726000.0,-135103000.0,eps_dcf,0.09434499916076661,0.0833759993286133,15.0,375.9207939062228,509.6850141268355,368.8164849315644,263.46950060958534,204.04464231799096,
NNN,Real Estate,41.185001373291016,2.04,0.039326705650250204,,fcfe,,,190248177.0,,,875123000.0,4997050000.0,,eps_dcf,0.0949499991607666,0.08,15.0,33.071151011140955,45.709271772731796,32.32507120941224,22.67126965473624,-19.700983590137728,
NOC,Industrials,485.5450134277344,29.64,-0.3,3646000000.0,fcfe,,,142063026.0,,,7444000000.0,13982000000.0,,eps_dcf,0.08,0.08,15.0,104.99468491404798,137.8634661136831,99.21039099093046,89.47878548376546,-78.3759111904308,
NOEM,Financial Services,10.68,0.15,0.3,,fcfe,,,3716465.0,,,2004414.0,302378.0,,eps_dcf,0.1073799991607666,0.09380399932861329,15.0,6.381241194234312,8.641960306127794,6.261500534754247,4.479744060781027,-40.250550615783595,
NOG,Energy,22.979999542236328,-5.18,0.3,-294156000.0,fcfe,,,106549128.0,,,321352000.0,2677211000.0,,eps_dcf,0.09384999916076661,0.08,15.0,,,,,,eps<=0_block|no_intrinsic
NOMA,Consumer Cyclical,1.7799999713897705,-0.200961,0.3,,fcfe,,,17783529.0,,,-3618023.0,1350248.0,,eps_dcf,0.1073799991607666,0.09040999937057495,15.0,,,,,,eps<=0_block|no_intrinsic
NOTE,Technology,0.03,-6.630000000000001,0.2466093202284294,-14705000.0,fcfe,,,26652750.0,,,-90196000.0,122242000.0,,eps_dcf,0.0906049991607666,0.08293924928665161,15.0,,,,,,eps<=0_block|no_intrinsic
NOW,Technology,131.49000549316406,1.6,0.20730032995053604,4571000000.0,fcfe,,,1033862000.0,,,3500000000.0,5950000000.0,,eps_dcf,0.10583999916076661,0.09588899928665162,15.0,48.68705272882222,66.39118632202872,47.71487679926991,33.89944692427265,-62.97281109220626,
NPB,Financial Services,14.720000267028809,2.25,-0.21997830465240487,101843000.0,fcfe,,,34581842.0,,,,1091096000.0,,eps_dcf,0.1073799991607666,0.09380399932861329,15.0,10.558756941912712,14.72477820849699,10.283867671046632,7.217403487926685,-28.269315554544022,
NPK,Industrials,147.2550048828125,4.6,-0.3,26431000.0,fcfe,,,7136067.0,,,56470000.0,-6613000.0,,eps_dcf,0.08,0.08,15.0,16.29472168031784,21.39581457904663,15.397024242856958,13.886721093971698,-88.93435120029679,
NPKI,Industrials,11.34000015258789,0.53,-0.22752380371093828,25310000.0,fcfe,,,84909894.0,,,85610000.0,10845000.0,,eps_dcf,0.12395000205993653,0.10283750154495239,15.0,2.2633545527950356,3.1444127282121497,2.205364484157194,1.5562665832914453,-80.04096541146414,
NPWR,Industrials,1.5190999507904053,-6.670000000000001,-0.3,-167335000.0,fcfe,,,88480681.0,,,-154762000.0,-114629000.0,229270000.0,eps_dcf,0.11311500205993652,0.09471125154495239,15.0,,,,,,eps<=0_block|no_intrinsic
NRC,Healthcare,21.18000030517578,0.25,0.3,21641000.0,fcfe,,,22119566.0,,,23419000.0,86701000.0,,eps_dcf,0.08,0.08,15.0,11.819413575991131,15.53466796875,11.731824705576878,8.36692579447503,-44.19540412800274,
NRG,Utilities,94.00499725341797,2.9,0.3,316000000.0,fcfe,,,210210483.0,,,3735000000.0,23305000000.0,,eps_dcf,0.11685500205993653,0.08978075133895876,15.0,118.55494744081656,160.42215264148953,116.34178115157148,83.32724110787882,26.115579920945077,
NRGV,Utilities,3.961400032043457,-0.67,-0.08690285704012324,-146116000.0,fcfe,,,181839570.0,,,-79152000.0,151925000.0,25720000.0,eps_dcf,0.12037500205993654,0.09206875133895875,15.0,,,,,,eps<=0_block|no_intrinsic
NRIX,Healthcare,23.559999465942383,-3.45,0.18260398317841964,-304527000.0,fcfe,,,103781683.0,,,-343922000.0,-9542000.0,,eps_dcf,0.15145000205993653,0.13465750175094604,15.0,,,,,,eps<=0_block|no_intrinsic
NRXP,Healthcare,2.9930999279022217,-1.73,-0.3,,fcfe,,,43295767.0,,,-21855000.0,-25440000.0,,eps_dcf,0.17268000205993655,0.1527030017509461,15.0,,,,,,eps<=0_block|no_intrinsic
NSC,Industrials,312.54998779296875,11.719611,0.14326407775426175,1631000000.0,fcfe,,,224608373.0,,,5560000000.0,15547000000.0,,eps_dcf,0.1221199991607666,0.10146499937057496,15.0,260.36184101723103,356.0688992717825,254.9875808058036,180.77756339696182,-16.697536014721216,
NSP,Industrials,46.54710006713867,-0.43000000000000005,-0.3,194000000.0,fcfe,,,38195270.0,,,66000000.0,-141000000.0,,eps_dcf,0.08158499916076661,0.08,15.0,,,,,,eps<=0_block|no_intrinsic
NSSC,Industrials,35.439998626708984,1.21,-0.11544199983212744,59228000.0,fcfe,,,35768437.0,,,63847000.0,-121749000.0,,eps_dcf,0.1306999991607666,0.10789999937057496,15.0,8.600420027556872,11.920252328704086,8.3924952038593,5.90436219750238,-75.73244819181438,
NTAP,Technology,215.375,7.09,-0.3,1650000000.0,fcfe,,,196419005.0,,,2119000000.0,961000000.0,,eps_dcf,0.1311399991607666,0.1173939992866516,15.0,21.438323545659227,28.555413850237457,20.11917438422009,18.278680725398416,-90.04604826667013,
NTGR,Technology,22.049999237060547,-0.93,0.3,-17251000.0,fcfe,,,27179021.0,,,-13430000.0,-128486000.0,,eps_dcf,0.1170599991607666,0.10542599928665161,15.0,,,,,,eps<=0_block|no_intrinsic
NTLA,Healthcare,11.920000076293945,-3.36,-0.1996246075668503,-348686000.0,fcfe,,,140126693.0,,,-408244000.0,-32718000.0,,eps_dcf,0.1524249991607666,0.1354862492866516,15.0,,,,,,eps<=0_block|no_intrinsic
NTNX,Technology,71.0,5.16,-0.3,840675000.0,fcfe,,,270570179.0,,,409732000.0,741426000.0,,eps_dcf,0.0865899991607666,0.08,15.0,17.987378896859894,24.000522440843614,16.894727995162228,15.252188057969171,-74.66566352554945,
NTRS,Financial Services,171.44000244140625,11.649999999999999,-0.3,-217900000.0,fcfe,,,182955653.0,,,,-43886300000.0,,eps_dcf,0.12151499916076659,0.10511199932861329,15.0,36.3203657283306,48.49012595645584,34.06744556693832,30.90936598438222,-78.81453265801022,
NTST,Real Estate,17.809999465942383,0.17,-0.3,119786000.0,fcfe,,,101527998.0,,,161115000.0,1398781000.0,7172000.0,eps_dcf,0.09659999916076661,0.08,15.0,0.5749199136186461,0.7721940923431274,0.5385138547214019,0.4868639115858976,-96.77192627255239,
NUAI,Technology,6.909999847412109,-0.81,-0.14389250569464362,-25488283.0,fcfe,,,120797079.0,,,-48434099.0,-54648461.0,,eps_dcf,0.12112999916076661,0.10888549928665162,15.0,,,,,,eps<=0_block|no_intrinsic
NUE,Basic Materials,236.77999877929688,12.54,-0.3,1583000000.0,fcfe,,,226875676.0,,,5763000000.0,4621000000.0,1157000000.0,eps_dcf,0.1558349991607666,0.12675124937057494,15.0,35.13022824650617,46.51726426835248,33.01303043326513,30.094785664382997,-85.16334638583594,
NUS,Consumer Defensive,4.590000152587891,-4.47,0.3,10781000.0,fcfe,,,48676634.0,,,39323000.0,74096000.0,,eps_dcf,0.1050699991607666,0.0919559993286133,15.0,,,,,,eps<=0_block|no_intrinsic
NUTR,Consumer Cyclical,9.0,-0.15000000000000002,0.0,,fcfe,,,19379168.0,,,-783470.0,-4899023.0,-1879545.0,eps_dcf,0.1073799991607666,0.09040999937057495,15.0,,,,,,eps<=0_block|no_intrinsic
NUVB,Healthcare,5.679999828338623,-0.43999999999999995,-0.3,-128925000.0,fcfe,,,351123233.0,,,-121008000.0,-6462000.0,,eps_dcf,0.1363099991607666,0.12178849928665161,15.0,,,,,,eps<=0_block|no_intrinsic
NUVL,Healthcare,123.95999908447266,-6.060213999999999,0.17945862790321332,,fcfe,,,79128241.0,,,-438902000.0,-159733000.0,,eps_dcf,0.1149699991607666,0.10364949928665161,15.0,,,,,,eps<=0_block|no_intrinsic
NVDA,Technology,230.61000061035156,7.909999999999999,-0.3,127006000000.0,fcfe,,,24147000000.0,,,233894000000.0,15908000000.0,,eps_dcf,0.1743149991607666,0.15409274928665162,15.0,20.96885737802262,27.64426629942198,19.724769493905125,18.02571210897576,-90.90722114282784,
NVEC,Technology,111.95999908447266,3.4400000000000004,-0.3,15586208.0,fcfe,,,4837167.0,,,20010056.0,-1990323.0,,eps_dcf,0.1248149991607666,0.1120177492866516,15.0,10.61223440845922,14.156792132392379,9.955776920177064,9.037049149372528,-90.52140541690036,
NVO,Healthcare,38.02000045776367,26.19,-0.2250219364790249,47789000000.0,fcfe,,,4415580124.0,,,160757000000.0,95645000000.0,,eps_dcf,0.08,0.08,15.0,130.78210313730258,178.48055687778896,128.6223622021472,89.56287220228236,243.9823818060921,
NVR,Consumer Cyclical,6280.0,385.59,0.3,1046421000.0,fcfe,,,2664860.0,,,1537919000.0,-93972000.0,,eps_dcf,0.10259499916076661,0.08682124937057495,15.0,16739.360711098634,22679.264075713916,16424.434625118254,11744.235604424492,166.55032979456422,
NVST,Healthcare,23.549999237060547,0.5800000000000001,-0.3,248100000.0,fcfe,,,160617709.0,,,420800000.0,462400000.0,,eps_dcf,0.09956999916076661,0.09055949928665162,15.0,1.9422288257959317,2.606794263363703,1.8195405890923853,1.6457280983387996,-91.75274357232482,
NVTS,Technology,12.382399559020996,-1.3299999999999998,0.3,-67847000.0,fcfe,,,262555476.0,,,-75808000.0,-552273000.0,0.0,eps_dcf,0.26550499916076664,0.23160424928665163,15.0,,,,,,eps<=0_block|no_intrinsic
NVVE,Consumer Cyclical,1.4,-331.050006,-0.3,,fcfe,,,993794.0,,,-22067407.0,5867240.0,-1272922.0,eps_dcf,0.1403249991607666,0.11511874937057495,15.0,,,,,,eps<=0_block|no_intrinsic
NWL,Consumer Defensive,5.360000133514404,-0.53,-0.3,118000000.0,fcfe,,,425900000.0,,,469000000.0,5333000000.0,,eps_dcf,0.1011649991607666,0.08883199932861328,15.0,,,,,,eps<=0_block|no_intrinsic
NWPX,Basic Materials,101.75,4.99,-0.3,79651000.0,fcfe,,,9637202.0,,,85470000.0,81263000.0,,eps_dcf,0.1126599991607666,0.09436999937057494,15.0,16.00746923599943,21.416744056592083,15.007196477023694,13.599012692333995,-84.26784350270327,
NWS,Communication Services,31.600000381469727,1.03,0.3,811000000.0,fcfe,,,539529565.0,,,1627000000.0,820000000.0,710000000.0,eps_dcf,0.10314499916076661,0.0904159993286133,15.0,44.610454101029916,60.437390301202065,43.771426760905086,31.300599921232273,41.172321400317244,
NWSA,Communication Services,28.604999542236328,1.03,0.3,811000000.0,fcfe,,,539529565.0,,,1627000000.0,820000000.0,710000000.0,eps_dcf,0.10314499916076661,0.0904159993286133,15.0,44.610454101029916,60.437390301202065,43.771426760905086,31.300599921232273,55.95334666990974,
NXDT,Real Estate,5.25,-1.74,-0.3,,fcfe,,,53106027.0,,,,268434000.0,294000.0,eps_dcf,0.1019349991607666,0.0800827494544983,15.0,,,,,,eps<=0_block|no_intrinsic
NXPI,Technology,236.43499755859375,11.719999999999999,-0.3,2649000000.0,fcfe,,,252164174.0,,,5064000000.0,8113000000.0,362000000.0,eps_dcf,0.1523149991607666,0.13539274928665163,15.0,33.18632759241988,43.98012726146144,31.180327942677202,28.410526872606365,-85.96386832106123,
NXST,Communication Services,161.61000061035156,5.209999999999999,-0.3,743000000.0,fcfe,,,30808301.0,,,1528000000.0,11580000000.0,-1000000.0,eps_dcf,0.10118500247955323,0.0888480019836426,15.0,17.353537349444505,23.282220734232737,16.25879622360678,14.709077342169444,-89.2620894227427,
NXTC,Healthcare,5.139999866485596,-19.18,-0.3,,fcfe,,,4577359.0,,,-37371000.0,-11657000.0,,eps_dcf,0.12615500247955322,0.11315675210762023,15.0,,,,,,eps<=0_block|no_intrinsic
NXXT,Utilities,0.8550000190734863,-0.521613,-0.3,,fcfe,,,17000000.0,,,-42376291.0,22805246.0,-2495597.0,eps_dcf,0.08,0.08,15.0,,,,,,eps<=0_block|no_intrinsic
NYC,Real Estate,6.11,4.9,-0.3,-2741000.0,fcfe,,,3163632.0,,,50008000.0,347971000.0,0.0,eps_dcf,0.08,0.08,15.0,17.35742092033857,22.79119379072359,16.40117799782589,14.792376817491593,184.08217545562306,
NYT,Communication Services,62.94499969482422,2.4,-0.11847773077461454,623018000.0,fcfe,,,161283586.0,,,588484000.0,-196061000.0,0.0,eps_dcf,0.10245000247955323,0.08986000198364259,15.0,18.677517520286344,26.021567689511283,18.213301231075075,12.726116218695214,-70.3272418606078,
O,Real Estate,54.41999816894531,1.37,-0.3,,fcfe,,,946218033.0,,,5103703000.0,30627542000.0,2384520000.0,eps_dcf,0.09156000247955323,0.08,15.0,4.71193113844027,6.336498264321176,4.412313863780278,3.986215836539338,-91.34154484200418,
OBDC,Financial Services,10.545000076293945,0.6000000000000001,0.3,,fcfe,,,493142569.0,,,,7685883000.0,,eps_dcf,0.08969000247955322,0.08,15.0,27.5144387640207,37.28320312500001,27.003100489071286,19.27968922788963,160.92402622049752,
OBK,Financial Services,52.81999969482422,3.1999999999999997,-0.3,175383000.0,fcfe,,,30849678.0,,,,-399588000.0,,eps_dcf,0.09131500030517578,0.08095200024414063,15.0,11.01503000639018,14.813644269750778,10.314476904756809,9.318075047929694,-79.14609982955088,
OC,Industrials,118.98500061035156,-8.07,-0.3,897000000.0,fcfe,,,79048683.0,,,762000000.0,5458000000.0,39000000.0,eps_dcf,0.12497500030517578,0.10360625022888184,15.0,,,,,,eps<=0_block|no_intrinsic
OCC,Technology,16.049999237060547,0.29,-0.3,408928.0,fcfe,,,8842024.0,,,4260723.0,8671795.0,,eps_dcf,0.08389000030517577,0.08,15.0,1.0175560264745767,1.3488665712877224,0.9581006111023422,0.8646117277781342,-93.66008676109485,
OCFC,Financial Services,16.75,0.8500000000000001,0.3,112682000.0,fcfe,,,96645219.0,,,,1951532000.0,0.0,eps_dcf,0.10484500030517577,0.09177600024414062,15.0,36.550126602574615,49.5100012741089,35.863333898522875,25.65063004319554,118.20971106014694,
OCUL,Healthcare,7.909999847412109,-1.42,-0.06466817901257149,-255100000.0,fcfe,,,219615868.0,,,-284594000.0,-519258000.0,,eps_dcf,0.10567000030517577,0.0957445002593994,15.0,,,,,,eps<=0_block|no_intrinsic
ODFL,Industrials,177.8000030517578,5.19,-0.19448131920411926,1114770000.0,fcfe,,,207356622.0,,,1820165000.0,-263942000.0,,eps_dcf,0.11650500030517578,0.09725375022888183,15.0,26.713831000614935,37.18074764009206,26.03261673421224,18.290557160345898,-84.97534840151914,
OFG,Financial Services,50.59000015258789,5.08,-0.17359374951857698,202661000.0,fcfe,,,42265494.0,,,,-267800000.0,,eps_dcf,0.09087500030517578,0.08060000024414063,15.0,31.74904786103109,44.40954052913736,30.926021635423247,21.55763386974834,-37.24244363457075,
OGN,Healthcare,13.744999885559082,0.77,0.3,434000000.0,fcfe,,,262609433.0,,,1313000000.0,7421000000.0,,eps_dcf,0.1358900024795532,0.12143150210762023,15.0,29.09322669579549,39.30137213649273,28.5557149575159,20.49761646993703,111.66407375791778,
OGS,Utilities,72.7300033569336,4.640000000000001,-0.3,-175457000.0,fcfe,,,62856270.0,,,793473000.0,3385067000.0,,eps_dcf,0.08870000247955323,0.08,15.0,16.092681930313375,21.58186514060356,15.086014416672288,13.623501260946458,-77.8733931148936,
OHI,Real Estate,46.29499816894531,2.8,-0.3,,fcfe,,,303013000.0,,,1440895000.0,3985572000.0,251760000.0,eps_dcf,0.08358500247955322,0.08,15.0,9.831971957157558,13.023539308984907,9.260066239577345,8.356121758070845,-78.76234507823602,
OKE,Energy,87.33999633789062,5.8,-0.03319211516339948,2906000000.0,fcfe,,,630409203.0,,,8083000000.0,32861000000.0,144000000.0,eps_dcf,0.09194500247955323,0.08,15.0,69.41590318958994,96.44874079730064,67.76688316978878,47.3301256412827,-20.522205060506387,
OKLO,Utilities,36.880001068115234,-0.8500000000000001,0.3,-275816000.0,fcfe,,,186017650.0,,,-217071000.0,-1640745000.0,,eps_dcf,0.11812500247955324,0.09060625161170961,15.0,,,,,,eps<=0_block|no_intrinsic
OKTA,Technology,211.1999969482422,1.66,-0.3,959000000.0,fcfe,,,174820928.0,,,412000000.0,-710000000.0,,eps_dcf,0.09579500247955322,0.08735075210762024,15.0,5.629006105896174,7.561982256676556,5.272320078692989,4.766088036725346,-97.33475085831765,
OLED,Technology,76.12999725341797,4.13,0.3,170016000.0,fcfe,,,45966835.0,,,257538000.0,-103700000.0,,eps_dcf,0.13842000247955322,0.12358200210762023,15.0,154.4380141131428,208.5801958243747,151.58861794365214,108.84402091038287,102.86092169300463,
OLMA,Healthcare,8.550000190734863,-2.13,0.3,,fcfe,,,87497607.0,,,-220675000.0,-44939000.0,,eps_dcf,0.16174000247955322,0.14340400210762022,15.0,,,,,,eps<=0_block|no_intrinsic
OLN,Basic Materials,15.399999618530273,-1.23,0.3,100600000.0,fcfe,,,113982490.0,,,408400000.0,3230100000.0,400000.0,eps_dcf,0.11801500247955324,0.09838625185966493,15.0,,,,,,eps<=0_block|no_intrinsic
OLP,Real Estate,22.135000228881836,1.57,-0.3,,fcfe,,,21900454.0,,,91472000.0,515233000.0,187000.0,eps_dcf,0.10179000247955322,0.08,15.0,5.218931446327513,7.000907242123264,4.889861703934759,4.424164877710024,-76.4222661289254,
OMC,Communication Services,74.13999938964844,1.1600000000000006,-0.3,2389200000.0,fcfe,,,274345967.0,,,1735900000.0,8075000000.0,929200000.0,eps_dcf,0.08941500247955322,0.08,15.0,4.016270598179206,5.395466285150892,3.762574120308715,3.3981643448189933,-94.58285590606579,
OMCC,Communication Services,4.15,-0.41,0.3,-13567000.0,fcfe,,,6817537.0,,,-936000.0,-12643000.0,12113000.0,eps_dcf,0.09739000247955322,0.08581200198364258,15.0,,,,,,eps<=0_block|no_intrinsic
OMDA,Healthcare,19.75,0.05,-0.3,17131000.0,fcfe,,,61216703.0,,,10598000.0,-221712000.0,,eps_dcf,0.10740000247955322,0.09721500210762024,15.0,0.16316977756860887,0.21858616289441882,0.15292906135102435,0.13847554089555253,-99.17382391104502,
OMER,Healthcare,19.239999771118164,1.28,-0.3,-68763000.0,fcfe,,,72388316.0,,,16885000.0,137001000.0,,eps_dcf,0.19556500247955325,0.17215525210762023,15.0,3.190602062281532,4.185372615299025,3.004702940671172,2.753528874095119,-83.41682900084513,
OMF,Financial Services,56.08000183105469,6.64,-0.02464453374247888,,fcfe,,,115041469.0,,,,22373000000.0,,eps_dcf,0.1178299991607666,0.1021639993286133,15.0,74.56546934727044,103.15090228395472,72.83945433928696,51.15808143453666,32.962672811432206,
ON,Technology,76.3499984741211,1.56,0.3,1500400000.0,fcfe,,,389318613.0,,,1567200000.0,968200000.0,19800000.0,eps_dcf,0.1622149991607666,0.14380774928665158,15.0,52.99192852066267,71.41926080041108,52.026784802954836,37.460027394037745,-30.593412469255867,
ONCO,Healthcare,0.8047000169754028,-618.79,-0.3,,fcfe,,,4380522.0,,,-9869966.0,-5755121.0,0.0,eps_dcf,0.19950499916076658,0.1755042492866516,15.0,,,,,,eps<=0_block|no_intrinsic
ONEW,Consumer Cyclical,9.5600004196167,-7.460000000000001,-0.3,56258000.0,fcfe,,,16665619.0,,,-73896000.0,805190000.0,0.0,eps_dcf,0.1366399991607666,0.11235499937057494,15.0,,,,,,eps<=0_block|no_intrinsic
ONTO,Technology,306.7099914550781,2.6599999999999997,-0.3,252471000.0,fcfe,,,61123436.0,,,238978000.0,218526000.0,,eps_dcf,0.1394449991607666,0.12445324928665161,15.0,7.836630124187925,10.417463767139491,7.357771081889255,6.692373608132369,-97.44493810357798,
OPBK,Financial Services,15.210000038146973,1.93,-0.19638393114222064,27008000.0,fcfe,,,14932615.0,,,,-65666000.0,,eps_dcf,0.0845549991607666,0.08,15.0,10.980408073640703,15.153077528455942,10.753623041035395,7.488093716641394,-27.807968138713818,
OPCH,Healthcare,22.53499984741211,1.3299999999999998,-0.05959546569034302,303849000.0,fcfe,,,149785243.0,,,411078000.0,1074312000.0,,eps_dcf,0.0857649991607666,0.08,15.0,14.41659647094656,19.83076509318705,14.13435277348067,9.849158941103742,-36.02575296843348,
OPRT,Financial Services,8.258899688720703,0.4,-4.440892098500626e-16,395856000.0,fcfe,,,45987253.0,,,,2522694000.0,,eps_dcf,0.12085499916076661,0.1045839993286133,15.0,4.9428000852764615,6.824955390927672,4.83045735100587,3.397672982437026,-40.15183291271943,
OPRX,Healthcare,8.329999923706055,0.23,0.3,18324000.0,fcfe,,,18835951.0,,,15744000.0,-4616000.0,,eps_dcf,0.11236500061035157,0.10143525051879883,15.0,9.581251952652307,12.96996180806728,9.401952560215374,6.730440274548135,15.021032898035907,
OPTX,Technology,8.019499778747559,-0.07,0.0,-407994.0,fcfe,,,40279878.0,,,1034117.0,-9710421.0,,eps_dcf,0.08,0.08,15.0,,,,,,eps<=0_block|no_intrinsic
OPY,Financial Services,119.13999938964844,8.86,0.3,-9777000.0,fcfe,,,10708005.0,,,269246000.0,853210000.0,13215000.0,eps_dcf,0.11220000061035157,0.09766000048828126,15.0,369.3424475394657,499.97923896292133,362.4301118050415,259.44266331928276,210.00709201913614,
ORBS,Consumer Cyclical,1.2496999502182007,-1.24,-0.3,,fcfe,,,429777400.0,,,-336685038.0,-2528483.0,-414514.0,eps_dcf,0.19855000061035155,0.15878750045776366,15.0,,,,,,eps<=0_block|no_intrinsic
ORC,Real Estate,5.651500225067139,1.48,-0.3,,fcfe,,,197407315.0,,,,-682598000.0,,eps_dcf,0.13755500061035156,0.10323575039672853,15.0,4.385986263003334,5.8330613803062175,4.117553916847597,3.744208184167661,-22.392531392826246,
ORCL,Technology,136.31500244140625,6.379999999999999,-0.11633627890637788,-28720000000.0,fcfe,,,3031501149.0,,,37719000000.0,119562000000.0,424000000.0,eps_dcf,0.14762000061035158,0.13140200051879886,15.0,42.49266602797713,58.71732840325199,41.4808983031549,29.303306827168946,-68.82759397943583,
ORIC,Healthcare,13.569999694824219,-1.35,-0.1741287181861283,-112258000.0,fcfe,,,103652656.0,,,-154995000.0,-34158000.0,,eps_dcf,0.10686500061035156,0.09676025051879883,15.0,,,,,,eps<=0_block|no_intrinsic
ORKA,Healthcare,85.18000030517578,-2.04,0.28924093523824257,-101188000.0,fcfe,,,66209699.0,,,-146267000.0,-265924000.0,,eps_dcf,0.08,0.08,15.0,,,,,,eps<=0_block|no_intrinsic
ORLY,Consumer Cyclical,86.27999877929688,3.14,-0.0152184923328188,2156259000.0,fcfe,,,808960792.0,,,4189022000.0,9325252000.0,,eps_dcf,0.08068500061035157,0.08,15.0,42.13399923219257,56.93722305085939,41.57843367949116,28.997472071629982,-51.16597145536499,
ORRF,Financial Services,41.02000045776367,4.45,-0.05382327699892964,85691000.0,fcfe,,,19669626.0,,,,137976000.0,,eps_dcf,0.08932000061035156,0.08,15.0,49.019248045704366,68.08452324908667,47.87339739568817,33.3915247923706,19.500847144497563,
OSRH,Healthcare,0.208,-0.19000000000000003,-0.3,,fcfe,,,35118692.0,,,-7666569.81,3963182.0,20641249.0,eps_dcf,0.08,0.08,15.0,,,,,,eps<=0_block|no_intrinsic
OTIS,Industrials,65.4800033569336,3.8900000000000006,-0.07175468564934873,1712000000.0,fcfe,,,380669339.0,,,2547000000.0,8033000000.0,294000000.0,eps_dcf,0.10048500061035157,0.08523875045776366,15.0,37.84223394502286,52.625765390800524,36.926685144263665,25.805348901522777,-42.207953566001464,
OTLK,Healthcare,0.6122999787330627,-1.1300000000000001,-0.3,,fcfe,,,243447554.0,,,-52800371.0,7189076.0,,eps_dcf,0.09372000061035157,0.08558700051879883,15.0,,,,,,eps<=0_block|no_intrinsic
OVBC,Financial Services,44.400001525878906,3.0100000000000002,0.1458182313732006,19714000.0,fcfe,,,4711002.0,,,,-26354000.0,,eps_dcf,0.08,0.08,15.0,79.49100843488696,105.79969183959707,78.72569024549898,55.47827959834078,79.03379662848654,
OVID,Healthcare,2.515000104904175,-0.31000000000000005,-0.05296820150456649,,fcfe,,,195297857.0,,,-58276000.0,1388000.0,,eps_dcf,0.08,0.08,15.0,,,,,,eps<=0_block|no_intrinsic
OWLT,Healthcare,5.264999866485596,-0.75,-0.3,-9863000.0,fcfe,,,29221677.0,,,-5416000.0,-13885000.0,,eps_dcf,0.15708000061035154,0.13944300051879882,15.0,,,,,,eps<=0_block|no_intrinsic
OXM,Consumer Cyclical,25.24799919128418,-0.5100000000000002,0.3,52126000.0,fcfe,,,14978274.0,,,64206000.0,515066000.0,,eps_dcf,0.10950500061035157,0.09200375045776368,15.0,,,,,,eps<=0_block|no_intrinsic
OXY,Energy,55.09579849243164,6.46,-0.3,4793000000.0,fcfe,,,999637371.0,,,13859000000.0,10476000000.0,635000000.0,eps_dcf,0.08,0.08,15.0,22.88345696844636,30.04716569144375,21.62277752366434,19.501786579795038,-58.466058039634724,
PAAS,Basic Materials,46.00130081176758,3.31,-0.3,1300200000.0,fcfe,,,414618000.0,,,2480300000.0,-725000000.0,2000000.0,eps_dcf,0.13959000061035157,0.11456750045776368,15.0,9.747197894110668,12.95678799567986,9.151665723373725,8.324204304752302,-78.81103855302882,
PACK,Consumer Cyclical,4.360000133514404,-0.44,8.881784197001252e-16,7200000.0,fcfe,,,85758289.0,,,53300000.0,385000000.0,,eps_dcf,0.22297000061035155,0.17710250045776366,15.0,,,,,,eps<=0_block|no_intrinsic
PACS,Healthcare,41.790000915527344,1.6,-0.3,121470000.0,fcfe,,,158335612.0,,,480230000.0,3086618000.0,5000000.0,eps_dcf,0.08,0.08,15.0,5.667729280110554,7.442022462277091,5.355486693167638,4.8301638587727656,-86.43759474529067,
PANL,Industrials,8.1899995803833,0.75,-0.3,60223000.0,fcfe,,,65473772.0,,,119182541.0,48452000.0,46053000.0,eps_dcf,0.09515000061035156,0.08123750045776368,15.0,2.5487051226899413,3.424455230091212,2.387118764336927,2.1577140903477123,-68.88027773780838,
PANW,Technology,395.7528991699219,0.51,0.3,4113000000.0,fcfe,,,818000000.0,,,1391000000.0,-14000000.0,,eps_dcf,0.10230000061035158,0.09288000051879884,15.0,22.168036539715917,30.035066553737693,21.750910898108675,15.552383450515858,-94.39851569345099,
PAR,Technology,13.614999771118164,-1.76,-0.22390353482346192,-24359000.0,fcfe,,,41362708.0,,,-10595000.0,354163000.0,,eps_dcf,0.12512500061035156,0.11228125051879882,15.0,,,,,,eps<=0_block|no_intrinsic
PARR,Energy,81.01689910888672,17.32,-0.3,412424000.0,fcfe,,,50099627.0,,,1316868000.0,946737000.0,36614000.0,eps_dcf,0.09487500061035156,0.08,15.0,58.91217026344965,79.16002161343349,55.17632851079654,49.87184417142517,-27.28409639046825,
PATH,Technology,12.5649995803833,0.67,0.3,362957000.0,fcfe,,,521155409.0,,,178948000.0,-527654000.0,,eps_dcf,0.10862500061035156,0.09825625051879883,15.0,28.353494441114943,38.39424065273857,27.821816889213068,19.907780885196956,125.65455939513855,
PAYC,Technology,220.50999450683594,9.41,-0.3,570600000.0,fcfe,,,45071619.0,,,896000000.0,784800000.0,,eps_dcf,0.09559000061035157,0.08717650051879883,15.0,31.930831408968167,42.89787326464774,29.90716956432678,27.034775087212743,-85.51955366903866,
PAYX,Technology,99.28009796142578,4.890000000000001,-0.3,2321800000.0,fcfe,,,355980473.0,,,3023000000.0,3520100000.0,,eps_dcf,0.09680000061035157,0.08820500051879883,15.0,16.526391141386977,22.19606978673163,15.48005131448057,13.995731976761544,-83.35377232624394,
PB,Financial Services,67.20999908447266,5.7700000000000005,-0.0571472832228781,590089000.0,fcfe,,,120176771.0,,,,786938000.0,,eps_dcf,0.08778000061035157,0.08,15.0,62.88330965600419,86.9800385719803,61.516116724489684,42.8881595345716,-6.437568051489608,
PBF,Energy,77.6050033569336,11.299999999999999,-0.3,742800000.0,fcfe,,,118536849.0,,,2654700000.0,1620900000.0,138400000.0,eps_dcf,0.08,0.08,15.0,40.02833804078078,52.559283639831946,37.823124770496435,34.11303225258264,-48.42041581175389,
PBH,Healthcare,46.55500030517578,3.57,0.1941352322600245,235359000.0,fcfe,,,47374522.0,,,312701000.0,1978311000.0,,eps_dcf,0.08,0.08,15.0,113.87718324891176,150.95937071623223,112.86541962457156,79.83028665461194,144.60784556423124,
PBHC,Financial Services,17.2033,-0.22000000000000006,0.3,11010000.0,fcfe,,,6278643.0,,,,154939000.0,0.0,eps_dcf,0.08,0.08,15.0,,,,,,eps<=0_block|no_intrinsic
PBI,Industrials,16.469999313354492,1.22,-0.3,415241000.0,fcfe,,,137090212.0,,,463128000.0,1890821000.0,,eps_dcf,0.14190000061035157,0.11630000045776367,15.0,3.566945258273578,4.738860010386304,3.3494355003835485,3.047559779830941,-78.34277227090493,
PBT,Energy,32.08539962768555,0.34,-0.22752380371093828,,fcfe,,,46608796.0,,,16204058.0,,,eps_dcf,0.08002500061035156,0.08,15.0,1.6765549303292406,2.2882943263102096,1.6487482534188191,1.1482355650795362,-94.77471077255156,
PCAR,Industrials,111.93000030517578,4.76,-0.04804878644747068,2963100000.0,fcfe,,,526364953.0,,,3622000000.0,9121700000.0,,eps_dcf,0.10582000061035157,0.08924000045776367,15.0,50.47988692399613,70.05116828877574,49.28225583440615,34.50149882798647,-54.90048531549778,
PCB,Financial Services,27.809999465942383,2.8899999999999997,-0.09868632915211628,40862000.0,fcfe,,,14044602.0,,,,-157496000.0,,eps_dcf,0.08,0.08,15.0,26.598724491535766,36.087726055333384,26.22514656765064,18.230456699393528,-4.355537568024801,
PCG,Utilities,12.119999885559082,1.3299999999999998,-0.276227112399153,-4263000000.0,fcfe,,,3002366906.0,,,10553000000.0,63731000000.0,252000000.0,eps_dcf,0.08,0.08,15.0,5.222130750723766,6.9944707622584055,5.033703094585187,4.015073707604861,-56.91311221095054,
PCRX,Healthcare,25.364999771118164,0.35,-0.3,179515000.0,fcfe,,,39861886.0,,,116111000.0,206242000.0,,eps_dcf,0.08,0.08,15.0,1.2398157800241834,1.6279424136231133,1.1715127141304205,1.056598344106542,-95.11210017263276,
PCSA,Healthcare,1.83,-10.49,-0.3,,fcfe,,,2793386.0,,,-12856880.0,-196325.0,,eps_dcf,0.10552500205993652,0.09562125175094605,15.0,,,,,,eps<=0_block|no_intrinsic
PCT,Industrials,4.380000114440918,-2.13,0.3,-212248000.0,fcfe,,,200904810.0,,,-125387000.0,336861000.0,,eps_dcf,0.19396500205993653,0.1553487515449524,15.0,,,,,,eps<=0_block|no_intrinsic
PCTY,Technology,142.8000030517578,4.95,-0.06250355639200122,427798000.0,fcfe,,,55366000.0,,,497790000.0,-138945000.0,,eps_dcf,0.08,0.08,15.0,53.8278496166846,72.8506214572956,53.11006877157099,36.95842031141445,-62.30542824486165,
PCYO,Utilities,10.949999809265137,0.44999999999999996,-0.3,-1009000.0,fcfe,,,24097370.0,,,22505000.0,5687000.0,,eps_dcf,0.12015500205993652,0.09192575133895875,15.0,1.409060391846955,1.881806754624595,1.3215584852038351,1.1988197489986756,-87.13186834346148,
PD,Technology,15.210000038146973,2.0,0.3,117465000.0,fcfe,,,78649873.0,,,60214000.0,179166000.0,14943000.0,eps_dcf,0.10541500205993652,0.09552775175094604,15.0,85.79301531556152,116.20750754382527,84.18142843752338,60.21328372141222,464.05664102821163,upside>300%
PDFS,Technology,50.63999938964844,0.25,-0.3,-1995000.0,fcfe,,,42227216.0,,,35706000.0,-43328000.0,,eps_dcf,0.1422100020599365,0.126803501750946,15.0,0.7302295964917548,0.9700735326976782,0.6857123263815478,0.6239374706164524,-98.55799840976889,
PDLB,Financial Services,20.06,1.4,-0.3,57348000.0,fcfe,,,24187901.0,,,,509715000.0,,eps_dcf,0.08165500205993653,0.08,15.0,4.9391889112093645,6.511769654492453,4.660066238178313,4.203976187019428,-75.37792167891642,
PDSB,Healthcare,0.7206000089645386,-0.71,-0.2713408992740517,,fcfe,,,72474208.0,,,-26989920.0,-1232582.0,,eps_dcf,0.13231000205993654,0.11838850175094605,15.0,,,,,,eps<=0_block|no_intrinsic
PEBO,Financial Services,36.345001220703125,3.31,-0.17222304541157585,136421000.0,fcfe,,,35942315.0,,,,540750000.0,,eps_dcf,0.08424000205993652,0.08,15.0,21.213330984093417,29.228301299621755,20.79075568203079,14.466086574752948,-41.63342888537389,
PECO,Real Estate,37.470001220703125,1.1500000000000001,-0.3,237810000.0,fcfe,,,128700000.0,,,535531000.0,2577643000.0,293863000.0,eps_dcf,0.08,0.08,15.0,4.0736804200794605,5.348953644761659,3.8492560607142394,3.4716802734929253,-89.12815509109551,
PEG,Utilities,67.62000274658203,4.018743,0.3,276000000.0,fcfe,,,498420030.0,,,4778000000.0,24486000000.0,,eps_dcf,0.08088500205993653,0.08,15.0,189.46300873119375,249.71935262695308,187.86636539799812,133.99659483502137,180.187815787645,
PEGA,Technology,33.29999923706055,1.77,0.27134073301691,492500000.0,fcfe,,,164404945.0,,,214112000.0,-113094000.0,,eps_dcf,0.10129000205993652,0.09202150175094603,15.0,69.66750091671958,94.59655639531803,68.33101302769539,48.74790910519366,109.21171925789285,
PEN,Healthcare,318.54998779296875,4.07,0.3,215906000.0,fcfe,,,39389422.0,,,222269000.0,7439000.0,,eps_dcf,0.09073000205993653,0.08304550175094605,15.0,185.8750894967784,252.09538996834507,182.3553993565516,130.21385944589213,-41.649632202283456,
PEP,Consumer Defensive,129.27000427246094,7.630000000000001,-0.3,9282000000.0,fcfe,,,1364891558.0,,,18639000000.0,42963000000.0,172000000.0,eps_dcf,0.08,0.08,15.0,27.0279840045272,35.48914461698387,25.53897716804317,23.033843901522623,-79.09183638026296,
PEPG,Healthcare,2.359999895095825,-1.31,-0.3,-69829000.0,fcfe,,,69259517.0,,,-71245000.0,-6671000.0,,eps_dcf,0.16052500205993653,0.14237125175094606,15.0,,,,,,eps<=0_block|no_intrinsic
PEW,Industrials,2.09,-0.22999999999999998,0.3,-20944000.0,fcfe,,,29513438.0,,,-9865000.0,-89650000.0,,eps_dcf,0.08,0.08,15.0,,,,,,eps<=0_block|no_intrinsic
PFBC,Financial Services,106.26000213623047,10.17,-0.17175033390696803,166806000.0,fcfe,,,11853116.0,,,,-422012000.0,,eps_dcf,0.08182000205993653,0.08,15.0,65.75170689516867,90.00926182135102,64.60835745719086,44.92420028291971,-38.1218656377667,
PFE,Healthcare,28.639999389648438,0.76,0.3,10985000000.0,fcfe,,,5699673589.0,,,13491000000.0,62218000000.0,302000000.0,eps_dcf,0.08,0.08,15.0,35.93101727101305,47.225390625,35.664747104953705,25.43545441520409,25.45746521209723,
PFG,Financial Services,114.4000015258789,6.51,-0.3,4852200000.0,fcfe,,,214104641.0,,,,-918900000.0,746700000.0,eps_dcf,0.10030000205993653,0.08814000164794923,15.0,21.747183789197788,29.18317550610945,20.374268172657107,18.42993892190817,-80.99022421404578,
PFGC,Consumer Defensive,91.91999816894531,2.29,-0.03156814177737999,1020000000.0,fcfe,,,157072459.0,,,1713400000.0,7690100000.0,,eps_dcf,0.10090500205993652,0.08862400164794923,15.0,26.6441028813309,36.96671347558407,26.01627516301687,18.204975442019823,-71.01381265003934,
PFLT,Financial Services,6.989999771118164,0.51,0.3,,fcfe,,,99217896.0,,,,1473709000.0,,eps_dcf,0.09458000205993652,0.08356400164794923,15.0,22.909900996690062,31.061308255338034,22.476995638354687,16.057209813048214,227.75252856732573,
PG,Consumer Defensive,148.2100067138672,6.62,0.20127747434235488,15147000000.0,fcfe,,,2322672312.0,,,24413000000.0,25084000000.0,230000000.0,eps_dcf,0.08,0.08,15.0,217.03511497370948,287.53947493760046,215.12983225951294,152.24660315240806,46.437558290322045,
PGC,Financial Services,43.61000061035156,2.79,-0.3,102010000.0,fcfe,,,17727952.0,,,,-136444000.0,,eps_dcf,0.09111500205993653,0.08079200164794922,15.0,9.610184224030514,12.924954881587293,8.998878480515302,8.129330797019364,-77.96334765070063,
PGNY,Healthcare,24.94499969482422,0.92,-0.3,178384000.0,fcfe,,,76726798.0,,,117872000.0,-130137000.0,,eps_dcf,0.10684500205993652,0.09674325175094604,15.0,3.0077865246670337,4.029844263529231,2.8189277015895535,2.5523052550372762,-87.94232687326465,
PGR,Financial Services,209.14999389648438,20.32,-0.15242940117242854,15951000000.0,fcfe,,,580400000.0,,,,8209000000.0,,eps_dcf,0.08,0.08,15.0,144.96588425664245,197.2984861890809,142.77535202238346,99.20487902698103,-30.688076267221348,
PHIN,Consumer Cyclical,60.33000183105469,3.4899999999999998,-0.1806684342254513,250000000.0,fcfe,,,36638088.0,,,441000000.0,692000000.0,0.0,eps_dcf,0.11190500205993653,0.09380375154495241,15.0,19.52028585416739,27.191565711683896,19.023251348520624,13.34010951359118,-67.6441484141985,
PHIO,Healthcare,1.0499000549316406,-1.5899999999999999,-0.19403371558593707,,fcfe,,,11617251.0,,,-13469000.0,-12996000.0,,eps_dcf,0.09645000205993653,0.08790750175094605,15.0,,,,,,eps<=0_block|no_intrinsic
PHM,Consumer Cyclical,118.59249877929688,9.79,0.3,1512443000.0,fcfe,,,190486353.0,,,2608197000.0,962472000.0,,eps_dcf,0.11839500205993653,0.0986712515449524,15.0,397.6584303027506,538.0169068075058,390.2412240274005,279.55157262404595,235.31499411510106,
PHR,Healthcare,10.130000114440918,0.17,-0.20438004877305294,67522000.0,fcfe,,,62070944.0,,,50034000.0,-4998000.0,,eps_dcf,0.09980500205993653,0.09075925175094605,15.0,0.884855668375938,1.2360103785413943,0.8617813483461536,0.6029239182998345,-91.2649984365299,
PHUN,Technology,2.0,-0.7000000000000001,0.3,,fcfe,,,20462675.0,,,-12960000.0,-91680000.0,,eps_dcf,0.19770500205993652,0.17397425175094605,15.0,,,,,,eps<=0_block|no_intrinsic
PII,Consumer Cyclical,52.970001220703125,-4.63,-0.3,66900000.0,fcfe,,,56903524.0,,,103600000.0,1757500000.0,4500000.0,eps_dcf,0.12263000205993653,0.1018475015449524,15.0,,,,,,eps<=0_block|no_intrinsic
PIII,Healthcare,6.66,-33.0,-0.3,,fcfe,,,3911962.0,,,-82307000.0,109417000.0,65453000.0,eps_dcf,0.14144000205993654,0.12614900175094607,15.0,,,,,,eps<=0_block|no_intrinsic
PJT,Financial Services,143.83999633789062,7.31,-0.3,661825000.0,fcfe,,,25564818.0,,,448412000.0,183809000.0,671111000.0,eps_dcf,0.09815500205993652,0.08642400164794922,15.0,24.59400387941281,33.020570990653354,23.038615745944337,20.833601168577676,-82.9018322402903,
PK,Real Estate,15.489999771118164,-0.83,-0.3,81000000.0,fcfe,,,201338330.0,,,363000000.0,3838000000.0,-57000000.0,eps_dcf,0.12571000205993654,0.09553650133895876,15.0,,,,,,eps<=0_block|no_intrinsic
PKE,Industrials,29.44659996032715,0.63,-0.3,10959000.0,fcfe,,,21751211.0,,,16969000.0,-80174000.0,,eps_dcf,0.08,0.08,15.0,2.23166840404353,2.930296344521604,2.108722885434757,1.901877019391776,-92.42130362401699,
PKG,Consumer Cyclical,232.9250030517578,7.699999999999999,0.3,742400000.0,fcfe,,,89098299.0,,,1813300000.0,3961500000.0,,eps_dcf,0.09617500205993654,0.08200625154495239,15.0,343.5424757245087,465.7104620534159,337.05655093668133,240.83226375908322,47.49059621056258,
PKX,Basic Materials,56.36,6199.0,-0.3,-2557737000000.0,fcfe,,,302483116.0,,,7465222000000.0,25478677000000.0,6697607000000.0,eps_dcf,0.14358500205993652,0.11756375154495238,15.0,18029.89025400446,23943.93262210224,16931.997578093557,15409.52591363938,31890.578875096624,upside>300%
PLAB,Technology,31.0,2.84,0.2205315921402633,110381000.0,fcfe,,,58997167.0,,,338447000.0,-545620000.0,463008000.0,eps_dcf,0.12670000205993653,0.11362000175094605,15.0,83.34644691491036,113.3113986422322,81.71676749943478,58.270533434015256,168.85950617713019,
PLBY,Consumer Cyclical,1.0199999809265137,0.0,-0.3,1670000.0,fcfe,,,119807688.0,,,16522000.0,145583000.0,593000.0,eps_dcf,0.15821500205993652,0.12853625154495238,15.0,,,,,,eps<=0_block|no_intrinsic
PLD,Real Estate,131.55999755859375,3.6099999999999994,-0.3,,fcfe,,,950333372.0,,,8522234000.0,34677042000.0,4393793000.0,eps_dcf,0.12472000205993652,0.09489300133895874,15.0,11.140046029350989,14.86123613860634,10.450884215362574,9.486341362060882,-91.53234551833322,
PLMR,Financial Services,122.30000305175781,7.44,-0.04737974679291501,406789000.0,fcfe,,,26317683.0,,,,233084000.0,,eps_dcf,0.08,0.08,15.0,86.64880992409337,117.14190959184472,85.51875742832596,59.54586774364432,-29.150606899475484,
PLNT,Consumer Cyclical,41.105098724365234,2.95,-0.1597556610541624,261682000.0,fcfe,,,75533093.0,,,615836000.0,2666335000.0,-2001000.0,eps_dcf,0.10797999874114991,0.09085999905586242,15.0,18.50297947577168,25.785184777251857,18.034886253917634,12.625053839853656,-54.98616947779289,
PLOW,Consumer Cyclical,39.779998779296875,2.2,0.06856488068558697,48908000.0,fcfe,,,23077046.0,,,95014000.0,288326000.0,,eps_dcf,0.1187599987411499,0.09894499905586243,15.0,36.634048108483924,50.37845376839667,35.83718632217144,25.280227807508627,-7.908372969710173,
PLSE,Healthcare,50.06999969482422,-1.18,0.20601941727658502,-61388000.0,fcfe,,,71322607.0,,,-82018000.0,-94848000.0,,eps_dcf,0.1416949987411499,0.12636574892997743,15.0,,,,,,eps<=0_block|no_intrinsic
PLTK,Communication Services,2.134999990463257,-0.73,0.3,377000000.0,fcfe,,,381418186.0,,,83400000.0,2071600000.0,,eps_dcf,0.10737499874114989,0.09379999899291992,15.0,,,,,,eps<=0_block|no_intrinsic
PLTR,Technology,189.0800018310547,1.170263,-0.3,3358272000.0,fcfe,,,2403058480.0,,,2662630000.0,-1818647000.0,110690000.0,eps_dcf,0.1414749987411499,0.12617874892997744,15.0,3.4260395770084853,4.552122875957666,3.217047482984896,2.9269325601300706,-98.1880476286066,
PLUG,Industrials,1.9450000524520874,-0.8300000000000001,-0.273975000875319,-560499000.0,fcfe,,,1397195278.0,,,-1601351000.0,875057000.0,5537000.0,eps_dcf,0.1745299987411499,0.14077249905586242,15.0,,,,,,eps<=0_block|no_intrinsic
PM,Consumer Defensive,194.0749969482422,6.960000000000001,0.23616465419450505,12722000000.0,fcfe,,,1558613439.0,,,18716000000.0,43114000000.0,1926000000.0,eps_dcf,0.08,0.08,15.0,260.3942753347708,343.9997811437402,258.239571003359,183.25288252003688,34.17198476330017,
PNBK,Financial Services,0.9509,-0.11,-0.3,-18502000.0,fcfe,,,126008760.0,,,,-100428000.0,,eps_dcf,0.08,0.08,15.0,,,,,,eps<=0_block|no_intrinsic
PNC,Financial Services,224.09750366210938,18.17,-0.14569258957016118,,fcfe,,,398943667.0,,,,56978000000.0,53000000.0,eps_dcf,0.1012149987411499,0.08887199899291993,15.0,124.94758332753575,174.28446731199034,121.78970137317219,85.08434520617178,-44.244098534926245,
PNFP,Financial Services,95.06500244140625,7.15,0.1193473468113202,1435182000.0,fcfe,,,151112640.0,,,,2602000000.0,,eps_dcf,0.1080349987411499,0.09432799899291992,15.0,152.93480604037686,209.84007613397645,149.69768968809265,105.74088500362984,60.87393058727256,
PNTG,Healthcare,40.61000061035156,0.9,-0.27507441388907894,34684000.0,fcfe,,,34929074.0,,,73431000.0,478643000.0,45239000.0,eps_dcf,0.1221149987411499,0.10972274892997741,15.0,3.1112720984715603,4.24189749717506,2.9769717173542714,2.383547843119928,-92.33865537623633,
PNW,Utilities,93.93000030517578,5.220000000000001,0.3,-878537000.0,fcfe,,,121197234.0,,,2219247000.0,16496171000.0,40333000.0,eps_dcf,0.08,0.08,15.0,246.78935546669487,324.3638671875,244.96049985244522,174.70141058863865,162.73752226645757,
PODD,Healthcare,131.00999450683594,5.35,-0.3,265600000.0,fcfe,,,69354199.0,,,652700000.0,413500000.0,,eps_dcf,0.1116649987411499,0.10084024892997742,15.0,17.217890739846816,23.041731269670777,16.141092086395332,14.624446170377304,-86.85757464179696,
POOL,Industrials,162.4949951171875,10.87,0.26622346661356167,301133000.0,fcfe,,,36340747.0,,,634971000.0,1666404000.0,,eps_dcf,0.1103449987411499,0.09263374905586244,15.0,404.21588158839745,548.60443613399,396.4745403841049,283.0513506556826,148.75589632584476,
POR,Utilities,44.84000015258789,2.4699999999999998,0.3,-189000000.0,fcfe,,,117607740.0,,,1123000000.0,5176000000.0,,eps_dcf,0.08138000205993652,0.08,15.0,116.26496377754968,153.48251953124998,115.21902491863526,82.18522460059259,159.2884999596495,
POST,Consumer Defensive,73.5999984741211,5.44,0.09150207183256742,553100000.0,fcfe,,,45322586.0,,,1382900000.0,7367000000.0,11200000.0,eps_dcf,0.08,0.08,15.0,115.33328320764494,154.20178787393263,114.12025695891379,80.10385728755078,56.70283369394079,
POWI,Technology,51.73500061035156,0.44999999999999996,-0.3,79041000.0,fcfe,,,55873298.0,,,47714000.0,-70612000.0,,eps_dcf,0.13671000205993653,0.12212850175094604,15.0,1.3371007240710295,1.7786125677543017,1.255209061622466,1.1412638677334475,-97.4154813795373,
PPCB,Healthcare,0.5001999735832214,-336.75,-0.3,,fcfe,,,6331116.0,,,-17681958.0,130171.0,,eps_dcf,0.23543500205993653,0.20604475175094605,15.0,,,,,,eps<=0_block|no_intrinsic
PPG,Basic Materials,106.20999908447266,6.98,0.08281121262407698,1407000000.0,fcfe,,,222300000.0,,,2824000000.0,5939000000.0,147000000.0,eps_dcf,0.11080500205993651,0.09297875154495239,15.0,127.26043180739242,175.00787142939078,124.50392247317977,87.78252018803198,19.819633654433606,
PPIH,Industrials,31.30500030517578,1.9,0.1364759281640624,13648000.0,fcfe,,,8195179.0,,,33803000.0,21265000.0,17513000.0,eps_dcf,0.08523000205993653,0.08,15.0,47.57678204410708,64.39418930484064,46.828858518921606,33.003145358929956,51.978219390852445,
PPL,Utilities,32.66999816894531,1.6899999999999997,-0.25062033284889973,-1992000000.0,fcfe,,,752544841.0,,,3946000000.0,19991000000.0,0.0,eps_dcf,0.08440500205993652,0.08,15.0,7.33920019611675,10.127069917733222,7.179539235560046,5.030313356170391,-77.5353516759818,
PR,Energy,21.25,1.5100000000000002,-0.3,1076851000.0,fcfe,,,837557029.0,,,3997693000.0,3002645000.0,0.0,eps_dcf,0.08,0.08,15.0,5.348919508104336,7.023408698774006,5.054240566676959,4.558467141716798,-74.82861407950901,
PRDO,Consumer Defensive,30.295000076293945,2.74,-0.2707283877174541,217980000.0,fcfe,,,62577055.0,,,276982000.0,-49116000.0,,eps_dcf,0.09199500205993652,0.08149600164794922,15.0,10.67707390262898,14.712957812833501,10.236972364139874,7.961494607891773,-64.7563166339654,
PRI,Financial Services,277.0899963378906,24.9,-0.10878865032593399,842157000.0,fcfe,,,30777350.0,,,,1115676000.0,,eps_dcf,0.09925500205993652,0.08730400164794923,15.0,205.21751066658499,285.9568105175123,200.13167431560612,139.7357198685944,-25.938318460137584,
PRIM,Industrials,72.94000244140625,2.55,0.3,88000000.0,fcfe,,,54254935.0,,,317191000.0,1060900000.0,,eps_dcf,0.13159500205993652,0.1085712515449524,15.0,98.06250285178476,132.52058533756693,96.2465128292855,69.05239043350035,34.44269203385313,
PRKS,Consumer Cyclical,32.32500076293945,2.54,0.3,164768000.0,fcfe,,,45341309.0,,,493008000.0,2387583000.0,,eps_dcf,0.11504000205993652,0.09615500154495238,15.0,104.6295597882835,141.60171040712942,102.67441883552922,73.52283202770035,223.67999170549461,
PRLB,Industrials,95.98999786376953,1.25,-0.3,56664000.0,fcfe,,,23921897.0,,,73781000.0,-125677000.0,,eps_dcf,0.1303300020599365,0.10762250154495237,15.0,3.7893469176443677,5.048315618953306,3.5560215751694555,3.230354243760166,-96.05235232630982,
PRLD,Healthcare,3.8919999599456787,-0.94,-0.3,,fcfe,,,79645307.0,,,-65810000.0,-8679000.0,,eps_dcf,0.10530500205993652,0.09543425175094604,15.0,,,,,,eps<=0_block|no_intrinsic
PRM,Basic Materials,26.760000228881836,-2.23,0.3,97100000.0,fcfe,,,163686923.0,,,-284396000.0,1176751000.0,,eps_dcf,0.1568749987411499,0.12753124905586244,15.0,,,,,,eps<=0_block|no_intrinsic
PRMB,Consumer Defensive,19.329999923706055,0.26,-0.3,299900000.0,fcfe,,,361943705.0,,,1125300000.0,5330300000.0,,eps_dcf,0.0915349987411499,0.08112799899291992,15.0,0.8943101865303328,1.202655384635696,0.8374425710321494,0.75656783491952,-95.37345995830262,
PRME,Healthcare,3.0311999320983887,-1.25,-0.3,-156848000.0,fcfe,,,181376856.0,,,-189122000.0,65027000.0,,eps_dcf,0.1815149987411499,0.1602127489299774,15.0,,,,,,eps<=0_block|no_intrinsic
PRPH,Healthcare,0.01,-3.3200000000000003,0.3,,fcfe,,,15592556.0,,,-7627096.0,9100000.0,,eps_dcf,0.08,0.08,15.0,,,,,,eps<=0_block|no_intrinsic
PRPO,Healthcare,23.58,-0.93,-0.10118045057972269,789000.0,fcfe,,,1790188.0,,,673000.0,513000.0,0.0,eps_dcf,0.1254149987411499,0.1125277489299774,15.0,,,,,,eps<=0_block|no_intrinsic
PRSU,Consumer Cyclical,50.150001525878906,-1.07,-0.3,-88959000.0,fcfe,,,27449264.0,,,30803000.0,209448000.0,72710000.0,eps_dcf,0.1279449987411499,0.10583374905586243,15.0,,,,,,eps<=0_block|no_intrinsic
PRTH,Technology,7.795000076293945,0.69,0.3,103720000.0,fcfe,,,82472221.0,,,210814000.0,927536000.0,8115000.0,eps_dcf,0.13756999874114992,0.12285949892997743,15.0,25.89183182608165,34.97149658606113,25.41390422106128,18.245949881163284,232.1594813683653,
PRU,Financial Services,115.62999725341797,11.035174,-0.048608718409207,,fcfe,,,345000000.0,,,,9473000000.0,3010000000.0,eps_dcf,0.0973649987411499,0.08579199899291994,15.0,120.65569104433011,167.65987053963607,117.77246440368943,82.3011914709462,4.346358133951773,
PSA,Real Estate,283.5400085449219,10.48,-0.2462011210823466,2861325000.0,fcfe,,,186852295.0,,,3539599000.0,9920279000.0,95532000.0,eps_dcf,0.10374499874114991,0.08125924918174744,15.0,43.73030048949828,61.01654155940261,42.57581588550539,29.907513231572626,-84.5770264613045,
PSKY,Communication Services,10.265000343322754,-0.25,0.3,591000000.0,fcfe,,,1121945779.0,,,2944000000.0,14575000000.0,1039000000.0,eps_dcf,0.1359199987411499,0.11663599899291993,15.0,,,,,,eps<=0_block|no_intrinsic
PSMT,Consumer Defensive,169.63999938964844,5.210000000000001,-0.2496653154673294,73735000.0,fcfe,,,30860524.0,,,335413000.0,117011000.0,,eps_dcf,0.0944499987411499,0.08345999899291993,15.0,22.065880738699565,30.85399425607872,21.476187098196824,15.046848142828624,-86.99252486554415,
PSQH,Technology,4.96,-10.990005,-0.3,-18795231.0,fcfe,,,3727168.0,,,-18087738.0,29583929.0,,eps_dcf,0.0802049987411499,0.08,15.0,,,,,,eps<=0_block|no_intrinsic
PSX,Energy,258.5400085449219,17.55,-0.3,6394000000.0,fcfe,,,399020916.0,,,12874000000.0,16466000000.0,1197000000.0,eps_dcf,0.0910399987411499,0.08,15.0,60.46639638492988,81.32411036125802,56.619879707262626,51.1482324416035,-76.61236389476497,
PTC,Technology,139.0,10.34,-0.27250206724887704,935484000.0,fcfe,,,108506261.0,,,1729689000.0,1256240000.0,,eps_dcf,0.1074299987411499,0.09724049892997741,15.0,37.94172450524277,52.01795753382359,36.35218836364295,28.634099901461394,-72.70379531996922,
PTRN,Consumer Cyclical,17.299999237060547,-1.72,-0.3,106131000.0,fcfe,,,177399089.0,,,34754000.0,-294520000.0,,eps_dcf,0.10734000205993652,0.09038000154495238,15.0,,,,,,eps<=0_block|no_intrinsic
PULM,Healthcare,1.54,-1.27,-0.3,,fcfe,,,3652285.0,,,-4112000.0,-2168000.0,,eps_dcf,0.1566750020599365,0.13909875175094605,15.0,,,,,,eps<=0_block|no_intrinsic
PUMP,Energy,8.670999526977539,-0.19,0.3,-21511000.0,fcfe,,,122823917.0,,,167744000.0,73933000.0,,eps_dcf,0.09507500205993652,0.08,15.0,,,,,,eps<=0_block|no_intrinsic
PVH,Consumer Cyclical,76.29000091552734,-3.7021040000000003,0.3,715000000.0,fcfe,,,46137833.0,,,642400000.0,3196800000.0,,eps_dcf,0.1470500020599365,0.1201625015449524,15.0,,,,,,eps<=0_block|no_intrinsic
PVLA,Healthcare,139.7899932861328,-4.61,0.3,,fcfe,,,14408407.0,,,-54100000.0,-187268000.0,,eps_dcf,0.10734000205993652,0.09716400175094604,15.0,,,,,,eps<=0_block|no_intrinsic
PWR,Industrials,642.9299926757812,8.73,-0.3,2391158000.0,fcfe,,,150343393.0,,,3080445000.0,6096704000.0,104001000.0,eps_dcf,0.11834000205993653,0.09863000154495238,15.0,27.49563668132826,36.736621912285585,25.785588833600787,23.384794993553353,-95.72338559492373,
PXED,Consumer Defensive,25.38,2.181512,0.3,131219000.0,fcfe,,,36047376.0,,,143433000.0,-89319000.0,2177000.0,eps_dcf,0.10734000205993652,0.09377200164794923,15.0,92.82070719374371,125.70527708953327,91.07893710342526,65.16144756890948,265.72382661049534,
PYPL,Financial Services,53.880001068115234,5.29,0.052681620964441844,6586000000.0,fcfe,,,855460874.0,,,7287000000.0,5094000000.0,,eps_dcf,0.12304999874114991,0.10633999899291995,15.0,81.06779043216324,111.5386439491087,79.29090158768818,55.927603448642934,50.459890172750974,
PYXS,Healthcare,2.279099941253662,-1.4200000000000002,0.20637572702148588,,fcfe,,,83408050.0,,,-87922000.0,-1023000.0,,eps_dcf,0.1261299987411499,0.11313549892997742,15.0,,,,,,eps<=0_block|no_intrinsic
Q,Technology,126.2300033569336,2.797479,0.3,825000000.0,fcfe,,,209208543.0,,,1450000000.0,3059000000.0,285000000.0,eps_dcf,0.1073199987411499,0.09714699892997741,15.0,119.03941788177592,161.2130506318886,116.80563228547155,83.56714192057632,-5.6964154986396185,
QCLS,Technology,0.9592000246047974,-91.125721,0.3,,fcfe,,,8189838.0,,,-10706413.0,63559.0,,eps_dcf,0.1682049987411499,0.1488992489299774,15.0,,,,,,eps<=0_block|no_intrinsic
QCOM,Technology,187.42230224609375,8.639999999999999,-0.3,10416000000.0,fcfe,,,1068060487.0,,,13474000000.0,10737000000.0,,eps_dcf,0.1446649987411499,0.1288902489299774,15.0,25.045892036474378,33.25268895992087,23.522159996728583,21.410291232265273,-86.63665330309088,
QETA,Financial Services,11.81,0.06599999999999998,0.3,,fcfe,,,3747748.0,,,545646.0,565425.0,,eps_dcf,0.08,0.08,15.0,3.1203251840616573,4.101152343749997,3.097201722272294,2.2088684097414073,-73.57895695121374,
QRHC,Industrials,1.350000023841858,-0.8199999999999998,0.3,9784000.0,fcfe,,,21092856.0,,,-3356000.0,61153000.0,,eps_dcf,0.08,0.08,15.0,,,,,,eps<=0_block|no_intrinsic
QS,Consumer Cyclical,4.590000152587891,-0.6699999999999999,-0.21081576863272278,-272597000.0,fcfe,,,615145076.0,,,-336702000.0,-65754000.0,0.0,eps_dcf,0.2003799987411499,0.16015999905586242,15.0,,,,,,eps<=0_block|no_intrinsic
QTRX,Healthcare,3.6700000762939453,-2.63,0.11016118708169254,-82556000.0,fcfe,,,47293065.0,,,-70817000.0,-10782000.0,,eps_dcf,0.1093549987411499,0.09887674892997741,15.0,,,,,,eps<=0_block|no_intrinsic
QTTB,Healthcare,9.614899635314941,-2.3600000000000003,-0.3,,fcfe,,,29769466.0,,,34357000.0,-100974000.0,,eps_dcf,0.08,0.08,15.0,,,,,,eps<=0_block|no_intrinsic
QUIK,Technology,11.170000076293945,-0.77,-0.3,-4049000.0,fcfe,,,18317741.0,,,-4039000.0,-10599000.0,,eps_dcf,0.1180999987411499,0.10630999892997742,15.0,,,,,,eps<=0_block|no_intrinsic
QXO,Industrials,11.755000114440918,-0.9,0.1827672219908374,141200000.0,fcfe,,,1037490709.0,,,480200000.0,4263000000.0,,eps_dcf,0.1783249987411499,0.14361874905586242,15.0,,,,,,eps<=0_block|no_intrinsic
RAPP,Healthcare,32.974998474121094,-3.04,0.3,-97149000.0,fcfe,,,47978286.0,,,-152556000.0,-53507000.0,,eps_dcf,0.1087499987411499,0.09836249892997742,15.0,,,,,,eps<=0_block|no_intrinsic
RARE,Healthcare,15.111000061035156,-5.84,-0.1377576665515613,-494000000.0,fcfe,,,98588873.0,,,-472609000.0,-89000000.0,7000000.0,eps_dcf,0.08,0.08,15.0,,,,,,eps<=0_block|no_intrinsic
RBA,Industrials,81.61499786376953,2.33,-0.3,501600000.0,fcfe,,,185200000.0,,,1461200000.0,3990900000.0,500000.0,eps_dcf,0.08080999874114991,0.08,15.0,8.237245222598297,10.837445210691012,7.777717358930341,7.015628825509452,-89.9071917684201,
RBBN,Technology,1.7860000133514404,0.08000000000000002,0.3,6799000.0,fcfe,,,178823352.0,,,28062000.0,353501000.0,,eps_dcf,0.1270649987411499,0.11393024892997741,15.0,3.134520909114438,4.237649471385596,3.076330434562568,2.205963770498891,75.50508878398549,
RBNE,Energy,2.34,-2.39,-0.3,,fcfe,,,1332297.0,,,4015796.0,-23651666.0,,eps_dcf,0.1073199987411499,0.08697399911880493,15.0,,,,,,eps<=0_block|no_intrinsic
RBOT,Healthcare,0.09,-6.6899999999999995,-0.3,-39774000.0,fcfe,,,7131355.0,,,-41484000.0,5788000.0,,eps_dcf,0.1548399987411499,0.1375389989299774,15.0,,,,,,eps<=0_block|no_intrinsic
RCAT,Industrials,6.494999885559082,-0.81,0.3,-157702718.0,fcfe,,,152714362.0,,,-103981645.0,-310680000.0,,eps_dcf,0.1268449987411499,0.10500874905586244,15.0,,,,,,eps<=0_block|no_intrinsic
RCL,Consumer Cyclical,264.7550048828125,16.18,0.286853595277905,-416000000.0,fcfe,,,267452084.0,,,7394000000.0,22643000000.0,225000000.0,eps_dcf,0.1485699987411499,0.12130249905586243,15.0,553.9826544329422,748.184551765124,543.7328319669502,390.5302244987363,109.2435059643724,
RCMT,Industrials,41.36000061035156,2.3,-0.3,22827000.0,fcfe,,,7110759.0,,,28054000.0,22635000.0,,eps_dcf,0.08,0.08,15.0,8.14736084015892,10.697907289523314,7.698512121428479,6.943360546985849,-80.30135222454567,
RCUS,Healthcare,25.78499984741211,-3.9,0.3,,fcfe,,,125773162.0,,,-439000000.0,-36000000.0,,eps_dcf,0.0969799987411499,0.08835799892997742,15.0,,,,,,eps<=0_block|no_intrinsic
RDDT,Communication Services,147.8800048828125,4.3,-0.3,1018649000.0,fcfe,,,192396510.0,,,801517000.0,-1465971000.0,,eps_dcf,0.1635299987411499,0.13872399899291993,15.0,11.770093117215216,15.556752576249902,11.065347816177912,10.097669561292442,-92.0407812222197,
RDI,Communication Services,1.9299999475479126,-0.56,-0.3,,fcfe,,,22890127.0,,,14908000.0,356729000.0,158000.0,eps_dcf,0.0985199987411499,0.08671599899291993,15.0,,,,,,eps<=0_block|no_intrinsic
RDIB,Communication Services,15.92,-0.56,-0.3,,fcfe,,,22890127.0,,,14908000.0,356729000.0,158000.0,eps_dcf,0.0985199987411499,0.08671599899291993,15.0,,,,,,eps<=0_block|no_intrinsic
RDNT,Healthcare,70.05999755859375,-0.06999999999999995,-0.3,72372000.0,fcfe,,,78697757.0,,,337288000.0,1456433000.0,297959000.0,eps_dcf,0.1295399987411499,0.11603399892997741,15.0,,,,,,eps<=0_block|no_intrinsic
RDY,Healthcare,12.529999732971191,39.74,0.3,9219000000.0,fcfe,,,832988625.0,,,66677000000.0,60748000000.0,3307000000.0,eps_dcf,0.08,0.08,15.0,1878.8139820395509,2469.3908203125006,1864.8908551985005,1330.006524289751,14894.525315875924,upside>300%
REAL,Consumer Cyclical,8.770000457763672,-1.12,-0.3,22971000.0,fcfe,,,121671115.0,,,-19566000.0,344176000.0,,eps_dcf,0.2014799987411499,0.16098499905586242,15.0,,,,,,eps<=0_block|no_intrinsic
REBN,Consumer Cyclical,1.5199999809265137,-2.372509,-0.3,,fcfe,,,8620122.0,,,-3578435.0,6754526.0,368975.0,eps_dcf,0.1591500020599365,0.1292375015449524,15.0,,,,,,eps<=0_block|no_intrinsic
REFI,Real Estate,10.239999771118164,1.37,0.3,,fcfe,,,25621146.0,,,,127150852.0,,eps_dcf,0.08,0.08,15.0,64.7703863964314,85.12998046875002,64.29039938656129,45.850753353723164,532.5233187906483,upside>300%
REFR,Technology,0.6740000247955322,-0.07,0.3,-1561320.0,fcfe,,,34867786.0,,,-2096077.0,6589.0,,eps_dcf,0.08435000205993652,0.08,15.0,,,,,,eps<=0_block|no_intrinsic
REG,Real Estate,72.47000122070312,2.958385,-0.10888496681881954,,fcfe,,,183120547.0,,,1188000000.0,5456050000.0,272072000.0,eps_dcf,0.09672500205993653,0.08,15.0,24.607628506626618,34.304461947114106,23.996367471298502,16.744578172123468,-66.04439341502764,
REGN,Healthcare,743.9099731445312,40.46,0.3,3575200000.0,fcfe,,,102954988.0,,,5750000000.0,250800000.0,,eps_dcf,0.08,0.08,15.0,1912.8538931384048,2514.1306640624994,1898.6785103505617,1354.1032705778389,157.13513223283059,
RELY,Technology,21.540000915527344,1.3900000000000001,-0.3,375096000.0,fcfe,,,211684054.0,,,229251000.0,-638130000.0,,eps_dcf,0.08,0.08,15.0,4.923839812096043,6.465257014103222,4.652579064689385,4.196204852308839,-77.1409489191496,
RENT,Consumer Cyclical,1.659999966621399,12.66,0.3,-66400000.0,fcfe,,,33929820.0,,,118000000.0,167000000.0,,eps_dcf,0.11729500205993652,0.09784625154495238,15.0,516.6025999807492,699.0116419762519,506.9610492977524,363.11821003423677,31020.639178818266,upside>300%
RES,Energy,5.610099792480469,0.09,0.3,39074000.0,fcfe,,,221657012.0,,,216050000.0,-127589000.0,,eps_dcf,0.09078500205993653,0.08,15.0,4.109288190534651,5.573245970860318,4.031477944773902,2.878761147491232,-26.75195909986199,
REXR,Real Estate,36.97999954223633,-1.8099999999999996,0.3,227152000.0,fcfe,,,222988124.0,,,6560000.0,3231498000.0,351561000.0,eps_dcf,0.11845000205993653,0.09081750133895874,15.0,,,,,,eps<=0_block|no_intrinsic
REYN,Consumer Cyclical,22.149999618530273,1.6400000000000001,-0.03959901012575251,320000000.0,fcfe,,,210790982.0,,,686000000.0,1582000000.0,,eps_dcf,0.08160000205993653,0.08,15.0,19.68954253880211,26.726667970367615,19.40110280619338,13.51773630506281,-11.108158564796495,
REZI,Industrials,17.948999404907227,2.2600000000000002,-0.3,-1399000000.0,fcfe,,,151847378.0,,,866000000.0,3070000000.0,,eps_dcf,0.13847000205993654,0.1137275015449524,15.0,6.678435170370358,8.879914482802853,6.270013591439989,5.702220594728972,-62.792158940378116,
RF,Financial Services,27.065000534057617,2.4499999999999997,-0.07042805621513215,1750000000.0,fcfe,,,851929506.0,,,,-2498000000.0,71000000.0,eps_dcf,0.10750500205993652,0.09390400164794922,15.0,23.337345475959886,32.41508931879917,22.776517250816344,15.942086308551225,-13.772972416560588,
RFIL,Industrials,7.820000171661377,0.22,-0.3,3220000.0,fcfe,,,10847761.0,,,6394000.0,18739000.0,,eps_dcf,0.12367500205993652,0.1026312515449524,15.0,0.6811599799713219,0.9089213674571844,0.6389842907483168,0.5799256601544749,-91.2895145138263,
RGA,Financial Services,253.8699951171875,22.77,-0.3,,fcfe,,,65301665.0,,,,421000000.0,90000000.0,eps_dcf,0.08,0.08,15.0,80.6588723175733,105.90928216628083,76.21527000214192,68.7392694151599,-68.22827672866941,
RGEN,Healthcare,195.22000122070312,0.73,0.3,110153000.0,fcfe,,,56435621.0,,,171612000.0,84159000.0,,eps_dcf,0.10998000205993652,0.09940800175094604,15.0,30.71668432466535,41.58933728411317,30.141118070270554,21.570730128401934,-84.26560591507268,
RGLD,Basic Materials,242.55499267578125,9.16,-0.3,-120363000.0,fcfe,,,84727857.0,,,1259375000.0,213424000.0,46640000.0,eps_dcf,0.08,0.08,15.0,32.44775012863292,42.60557859653634,30.660161318384723,27.652688091474083,-86.62251814704749,
RGNX,Healthcare,7.46999979019165,-3.79,-0.3,-249668000.0,fcfe,,,66013192.0,,,-139117000.0,32464000.0,,eps_dcf,0.10363499874114991,0.09401474892997742,15.0,,,,,,eps<=0_block|no_intrinsic
RGTI,Technology,16.079999923706055,-0.9,-0.3,-87582000.0,fcfe,,,333768747.0,,,-263258000.0,-20062000.0,,eps_dcf,0.1628699987411499,0.14436449892997744,15.0,,,,,,eps<=0_block|no_intrinsic
RHLD,Industrials,117.9000015258789,5.2,-0.3,72822000.0,fcfe,,,7819595.0,,,227339000.0,2127300000.0,3084900000.0,eps_dcf,0.1073199987411499,0.09036499905586243,15.0,16.97410247388292,22.73935644205821,15.908718366478784,14.405000827920034,-85.60296670551176,
RICK,Consumer Cyclical,27.48,-0.41000000000000003,0.3,34747000.0,fcfe,,,7644500.0,,,33909000.0,241852000.0,2604000.0,eps_dcf,0.09549499874114992,0.08149624905586245,15.0,,,,,,eps<=0_block|no_intrinsic
RITM,Real Estate,9.125,0.6,0.3,,fcfe,,,558407031.0,,,,34494503000.0,931858000.0,eps_dcf,0.1135349987411499,0.08762274918174745,15.0,24.872090274201746,33.665414343324954,24.406941363744707,17.474212936449653,172.57085232001913,
RIVN,Consumer Cyclical,15.029999732971191,-2.58,-0.3,-3489000000.0,fcfe,,,1447860630.0,,,-2139000000.0,1761000000.0,21000000.0,eps_dcf,0.1413099987411499,0.11585749905586243,15.0,,,,,,eps<=0_block|no_intrinsic
RJF,Financial Services,159.91000366210938,11.469999999999999,-0.20932753444843744,1442000000.0,fcfe,,,192361711.0,,,,-5505000000.0,84000000.0,eps_dcf,0.10277500205993653,0.09012000164794924,15.0,57.65291824990041,80.48261926714102,56.151034963715745,39.328867091213745,-63.9466469078937,
RKDA,Consumer Defensive,0.2551000118255615,-6.844923,0.3,,fcfe,,,2409211.0,,,-4047000.0,-4178000.0,0.0,eps_dcf,0.08154500205993653,0.08,15.0,,,,,,eps<=0_block|no_intrinsic
RKLB,Industrials,72.07499694824219,-0.27,-0.26790585937499956,-371139000.0,fcfe,,,639301732.0,,,-105947000.0,-1995794000.0,,eps_dcf,0.19600000205993653,0.1568750015449524,15.0,,,,,,eps<=0_block|no_intrinsic
RL,Consumer Cyclical,357.4800109863281,15.870000000000001,-0.0653779946440598,1002000000.0,fcfe,,,59582239.0,,,1534000000.0,1284900000.0,,eps_dcf,0.1267550020599365,0.10494125154495237,15.0,143.7494076652774,198.99371457897928,140.36098654851946,98.67036410184934,-59.78812709872745,
RLMD,Healthcare,3.7300000190734863,-0.9299999999999999,-0.3,,fcfe,,,106669846.0,,,-65133239.0,-11334370.0,,eps_dcf,0.08,0.08,15.0,,,,,,eps<=0_block|no_intrinsic
RMAX,Real Estate,12.359999656677246,-0.4199999999999999,0.3,25844000.0,fcfe,,,21317742.0,,,49358000.0,341510000.0,-490815000.0,eps_dcf,0.1534300020599365,0.11355450133895874,15.0,,,,,,eps<=0_block|no_intrinsic
RMBS,Technology,103.31999969482422,2.18,-0.1848608165670017,299535000.0,fcfe,,,108461603.0,,,340423000.0,-65917000.0,,eps_dcf,0.15530000205993655,0.13793000175094605,15.0,10.278872062537049,14.190838958069444,10.028400588836849,7.118319588105254,-90.0514207385814,
RMCF,Consumer Defensive,0.812,-0.61,0.3,-3165000.0,fcfe,,,9439587.0,,,-2932000.0,7659000.0,,eps_dcf,0.09309500205993652,0.08237600164794923,15.0,,,,,,eps<=0_block|no_intrinsic
RMCO,Financial Services,2.5799,-0.03,-4.440892098500626e-16,,fcfe,,,15172708.0,,,-797887.0,206960.0,,eps_dcf,0.08,0.08,15.0,,,,,,eps<=0_block|no_intrinsic
RMD,Healthcare,223.11500549316406,10.43,-0.07322546894811865,1628656000.0,fcfe,,,144252306.0,,,2152616000.0,-643315000.0,,eps_dcf,0.09447000205993653,0.08622450175094605,15.0,103.170243886354,143.6268655501685,100.65916170490712,70.24686876688011,-53.75916395299778,
RNAC,Healthcare,7.150000095367432,-1.88,-0.22752380371093717,-78612000.0,fcfe,,,30255352.0,,,-50275000.0,-83753000.0,,eps_dcf,0.08638500205993652,0.08,15.0,,,,,,eps<=0_block|no_intrinsic
RNG,Technology,75.87999725341797,1.25,-0.3,576490000.0,fcfe,,,83506162.0,,,409086000.0,1053190000.0,,eps_dcf,0.11559000205993653,0.10417650175094605,15.0,3.9720117837149918,5.310483645066582,3.724412829535017,3.3763367849033274,-94.7654033638805,
RNR,Financial Services,324.17498779296875,58.199999999999996,0.3,,fcfe,,,41551893.0,,,,1028747000.0,7343353000.0,eps_dcf,0.08,0.08,15.0,2751.5594804907355,3616.4707031249995,2731.168791458297,1947.8203249537871,748.7883347274135,upside>300%
RNST,Financial Services,39.59000015258789,3.34,-0.3,403348000.0,fcfe,,,91404465.0,,,,225266000.0,,eps_dcf,0.10651500205993653,0.09311200164794924,15.0,10.931390049459187,14.647088934128586,10.244820793487657,9.275398932704373,-72.38850718027938,
RNTX,Healthcare,0.7994999885559082,-0.78,-0.3,,fcfe,,,86267032.0,,,-20757000.0,-3619000.0,,eps_dcf,0.12785500205993652,0.11460175175094604,15.0,,,,,,eps<=0_block|no_intrinsic
RNXT,Healthcare,1.565000057220459,-0.31,-0.1451958089702745,,fcfe,,,45129508.0,,,-13534000.0,-9089000.0,,eps_dcf,0.11399500205993653,0.10282075175094604,15.0,,,,,,eps<=0_block|no_intrinsic
ROK,Industrials,435.1600036621094,10.667382,-0.3,1504000000.0,fcfe,,,111048676.0,,,1775000000.0,3134000000.0,2000000.0,eps_dcf,0.13568500061035155,0.11163875045776367,15.0,31.798139414206698,42.30830884020524,29.848964901566887,27.135493526127576,-92.69277067133746,
ROKU,Communication Services,153.30999755859375,2.34,-0.3,709906000.0,fcfe,,,148510633.0,,,730817000.0,-1527697000.0,,eps_dcf,0.16511000061035155,0.13998800048828125,15.0,6.374913104723684,8.422685116718906,5.993720081858868,5.470720161322911,-95.84181514171166,
ROL,Consumer Cyclical,29.84000015258789,1.1,0.15183631647038354,619169000.0,fcfe,,,481145404.0,,,862519000.0,1006218000.0,,eps_dcf,0.09284000061035157,0.08,15.0,28.51469422252116,39.09716408099831,27.918752815576532,19.72004858487791,-4.441373737566122,
ROP,Technology,351.0150146484375,24.139999999999997,-0.3,2561000000.0,fcfe,,,98900874.0,,,4291900000.0,10954500000.0,,eps_dcf,0.09344500061035158,0.08535325051879884,15.0,82.50324247014335,110.89772373462483,77.26524050890492,69.82276708937712,-76.49580814861288,
ROST,Consumer Cyclical,233.86000061035156,8.26,-0.3,2790186000.0,fcfe,,,319453110.0,,,4074467000.0,451027000.0,,eps_dcf,0.09971500061035157,0.08466125045776368,15.0,27.646726505396,37.10520315008065,25.900525357277182,23.42685330506781,-88.1780867043356,
RPAY,Technology,3.7699999809265137,-2.04,-0.3,44806000.0,fcfe,,,82898508.0,,,-57176000.0,689185000.0,-3280000.0,eps_dcf,0.15306500061035155,0.1360302505187988,15.0,,,,,,eps<=0_block|no_intrinsic
RPID,Healthcare,1.090000033378601,-1.12,0.07390671611467647,-40982000.0,fcfe,,,50159556.0,,,-45800000.0,8791000.0,,eps_dcf,0.1312850006103516,0.11751725051879884,15.0,,,,,,eps<=0_block|no_intrinsic
RPM,Basic Materials,99.62999725341797,5.16,0.3,675201000.0,fcfe,,,127643000.0,,,1195374000.0,2559619000.0,1572000.0,eps_dcf,0.1095799991607666,0.09205999937057496,15.0,217.4868509829787,294.4801124061322,213.41071490969796,152.72199777966733,118.29454680178408,
RR,Industrials,1.5791000127792358,-0.09999999999999999,0.3,-24184000.0,fcfe,,,225101943.0,,,-22058000.0,-301333000.0,0.0,eps_dcf,0.08,0.08,15.0,,,,,,eps<=0_block|no_intrinsic
RRC,Energy,37.400001525878906,3.62,-0.20721883009678355,689935000.0,fcfe,,,233679515.0,,,1554474000.0,1016310000.0,,eps_dcf,0.08,0.08,15.0,19.754988021740203,26.94729120226236,19.435372889110702,13.52153023910655,-47.17917856749082,
RSG,Industrials,210.72999572753906,7.06,-0.026964739318246167,2653000000.0,fcfe,,,306212978.0,,,5138000000.0,14188000000.0,1000000.0,eps_dcf,0.08,0.08,15.0,90.10420892743343,121.62704311399867,88.96431229506439,62.001064637975276,-57.24186838406591,
RSSS,Technology,2.1649999618530273,0.08,0.3,5234649.0,fcfe,,,33762669.0,,,3654632.0,-12630283.0,,eps_dcf,0.09379499916076661,0.08565074928665162,15.0,3.6058140385883215,4.889110657795149,3.537649376509765,2.5270114056171624,66.55030494790857,
RSVR,Communication Services,9.59000015258789,0.13,-0.3,-66147272.0,fcfe,,,65930743.0,,,70147550.0,455601750.0,429765.0,eps_dcf,0.0931349991607666,0.08240799932861329,15.0,0.4447622387671024,0.5978774942599288,0.41651777613807595,0.3763803711613557,-95.36222907517804,
RTX,Industrials,184.66000366210938,5.68,-0.21248821144952645,10985000000.0,fcfe,,,1347758144.0,,,16084000000.0,30551000000.0,1767000000.0,eps_dcf,0.08,0.08,15.0,30.19544337251817,41.1952130211904,29.703892066968166,20.670327640495966,-83.64808687658766,
RVLV,Consumer Cyclical,21.440000534057617,1.01,-0.23644118445831763,27625000.0,fcfe,,,71085420.0,,,86573000.0,-280703000.0,1219000.0,eps_dcf,0.1413699991607666,0.11590249937057495,15.0,3.8957715792691454,5.389709825450744,3.797694011136617,2.696066037485135,-81.82942405677332,
RVMD,Healthcare,203.84500122070312,-8.82,0.3,-1587834000.0,fcfe,,,214336418.0,,,-1686333000.0,-173507000.0,,eps_dcf,0.1297099991607666,0.1161784992866516,15.0,,,,,,eps<=0_block|no_intrinsic
RVPH,Healthcare,0.477,-4.25,-0.3,,fcfe,,,13110377.0,,,-13003997.0,-19745867.0,,eps_dcf,0.08,0.08,15.0,,,,,,eps<=0_block|no_intrinsic
RVSB,Financial Services,6.0,-0.19,0.3,13900000.0,fcfe,,,19953186.0,,,,-56914000.0,,eps_dcf,0.08,0.08,15.0,,,,,,eps<=0_block|no_intrinsic
RVTY,Healthcare,155.58999633789062,2.0945039999999997,0.03174357149181506,558113000.0,fcfe,,,111586401.0,,,738746000.0,2318573000.0,,eps_dcf,0.11227499916076661,0.10135874928665162,15.0,30.668710116306116,42.313365539134765,29.981796491847447,21.08479556685346,-80.28876480612307,
RWT,Real Estate,3.8299999237060547,-0.94,-0.3,,fcfe,,,125612432.0,,,,27025614000.0,,eps_dcf,0.1310849991607666,0.0990302494544983,15.0,,,,,,eps<=0_block|no_intrinsic
RXO,Industrials,20.8700008392334,-0.61,0.3,-76000000.0,fcfe,,,164926128.0,,,19000000.0,713000000.0,,eps_dcf,0.16182999916076662,0.13124749937057498,15.0,,,,,,eps<=0_block|no_intrinsic
RXST,Healthcare,4.71999979019165,-1.13,0.2122486136395314,-27165000.0,fcfe,,,41593256.0,,,-43287000.0,-2772000.0,,eps_dcf,0.11605000061035156,0.10456750051879883,15.0,,,,,,eps<=0_block|no_intrinsic
RXT,Technology,3.9100000858306885,-0.65,-0.3,41000000.0,fcfe,,,254872850.0,,,311700000.0,3160600000.0,,eps_dcf,0.22049500061035157,0.19334575051879882,15.0,,,,,,eps<=0_block|no_intrinsic
RY,Financial Services,198.6300048828125,15.87,-0.10281368892714249,77142000000.0,fcfe,,,1384429799.0,,,,480751000000.0,58000000.0,eps_dcf,0.10268500061035157,0.09004800048828127,15.0,132.7318077705943,184.79380066637654,129.4642267709567,90.47255787372474,-33.17635578325478,
RYM,Consumer Defensive,21.2,-10.530000000000001,-0.3,,fcfe,,,2179128.0,,,-11330000.0,38708000.0,0.0,eps_dcf,0.5710650006103515,0.46475200048828125,15.0,,,,,,eps<=0_block|no_intrinsic
RYN,Real Estate,18.559999465942383,0.45,0.3,249830000.0,fcfe,,,300747223.0,,,261980000.0,1443510000.0,38527000.0,eps_dcf,0.10164000061035157,0.08,15.0,19.61494786773037,26.577477830519168,19.245729587169052,13.760072746625521,5.683989397326314,
SABS,Healthcare,3.2049999237060547,-1.9300000000000002,-0.3,,fcfe,,,90986368.0,,,-9427074.0,-3135000.0,,eps_dcf,0.08195000061035157,0.08,15.0,,,,,,eps<=0_block|no_intrinsic
SAFE,Real Estate,11.880000114440918,1.62,-0.029230662709934796,,fcfe,,,70816280.0,,,343839000.0,4543329000.0,193901000.0,eps_dcf,0.15064500061035158,0.11174425039672853,15.0,15.74882317211442,21.68401523033181,15.392637290638918,10.88218875832354,32.56585034010811,
SAFT,Financial Services,103.6146011352539,4.64,0.3,175651000.0,fcfe,,,14680482.0,,,,-8145000.0,,eps_dcf,0.08,0.08,15.0,219.36831597039537,288.32343749999995,217.74266653550677,155.29014274545656,111.7156400419297,
SAFX,Utilities,0.35839998722076416,0.63835,0.3,-26997466.0,fcfe,,,415296896.0,,,94135728.0,124272448.0,,eps_dcf,0.08,0.08,15.0,30.17969062493576,39.66622119140625,29.956041203219996,21.36410832361254,8320.67290765441,upside>300%
SAH,Consumer Cyclical,58.93000030517578,6.2700000000000005,-0.3,-55200000.0,fcfe,,,31614802.0,,,665900000.0,4652600000.0,,eps_dcf,0.09995499916076661,0.08484124937057497,15.0,20.96939171239414,28.141786723786236,19.64520157366009,17.769567117204183,-64.41644051620273,
SAIC,Technology,128.1999969482422,8.55,-0.045387547434817654,619000000.0,fcfe,,,41897635.0,,,747000000.0,2579000000.0,0.0,eps_dcf,0.08,0.08,15.0,100.47500742897195,135.81380321481126,99.16849415660579,69.05575146023112,-21.62635739411411,
SANA,Healthcare,2.880000114440918,-0.76,-0.3,-135062000.0,fcfe,,,299360637.0,,,-207879000.0,16666000.0,,eps_dcf,0.16958499916076658,0.15007224928665158,15.0,,,,,,eps<=0_block|no_intrinsic
SANM,Technology,221.6199951171875,5.59,-0.3,594148000.0,fcfe,,,53597356.0,,,716793000.0,327368000.0,200074000.0,eps_dcf,0.1403799991607666,0.1252479992866516,15.0,16.42090000532019,21.82390084258708,15.418285142274925,14.025743757189094,-92.59051513080433,
SARO,Industrials,21.545000076293945,0.97,-0.3,217915000.0,fcfe,,,330919431.0,,,788102000.0,2383982000.0,,eps_dcf,0.1073799991607666,0.09040999937057495,15.0,3.1657009984320172,4.24086980253315,2.967014800019017,2.6865907895698857,-85.30656306696768,
SB,Industrials,8.550000190734863,0.78,-0.3,,fcfe,,,113833473.0,,,114702000.0,467706000.0,,eps_dcf,0.1073799991607666,0.09040999937057495,15.0,2.54561523585255,3.4101839649235632,2.385846952592612,2.160351356561351,-70.22672305187683,
SBAC,Real Estate,162.3699951171875,9.280000000000001,0.16796020978638304,1050721000.0,fcfe,,,106088110.0,,,2012722000.0,14882015000.0,85202000.0,eps_dcf,0.1064999991607666,0.0830499994544983,15.0,242.0900374290741,331.0534649806585,237.12779764698928,168.0133292237441,49.09776726565161,
SBCF,Financial Services,32.31999969482422,1.57,0.02930209189336308,206943000.0,fcfe,,,96822799.0,,,,517219000.0,,eps_dcf,0.0994599991607666,0.0874679993286133,15.0,23.94725449184356,33.101861223726544,23.40502752311607,16.419328666143038,-25.90577129343688,
SBDS,Consumer Cyclical,2.8,-48.15,-0.3,28390000.0,fcfe,,,2568010.0,,,-67882000.0,230151000.0,0.0,eps_dcf,0.3088999991607666,0.24154999937057495,15.0,,,,,,eps<=0_block|no_intrinsic
SBET,Financial Services,9.489700317382812,-8.78,-0.16561574164892667,,fcfe,,,217223604.0,,,-1119905827.0,-56195000.0,,eps_dcf,0.6326849991607666,0.5140479993286133,15.0,,,,,,eps<=0_block|no_intrinsic
SBGI,Communication Services,12.8100004196167,0.75,7.105427357601002e-15,95000000.0,fcfe,,,72318060.0,,,634000000.0,3588000000.0,-76000000.0,eps_dcf,0.1096349991607666,0.09560799932861329,15.0,9.683753637576864,13.392524211220541,9.461784910736005,6.640889244455755,-24.404735984648617,
SBR,Energy,69.79499816894531,5.239999999999999,-0.015343022113602611,,fcfe,,,14579345.0,,,70976802.0,,,eps_dcf,0.08,0.08,15.0,70.4150999127719,94.96489033868008,69.53977026311776,48.49129843582605,0.8884615804782552,
SBSI,Financial Services,30.375,2.54,-0.3,126736000.0,fcfe,,,29807980.0,,,,1260988000.0,,eps_dcf,0.08365500061035155,0.08,15.0,8.917483885235356,11.81421065886488,8.398236533245004,7.57849916757689,-70.64202836136508,
SBUX,Consumer Cyclical,95.23500061035156,1.732912,-0.3,3642100000.0,fcfe,,,1140000000.0,,,5299300000.0,18984300000.0,7200000.0,eps_dcf,0.10543500061035156,0.08895125045776367,15.0,5.691732764942004,7.628408287384238,5.333931576910551,4.828460806594127,-94.02348639842047,
SCCO,Basic Materials,203.92999267578125,6.6766049999999995,-0.3,5100400000.0,fcfe,,,844343686.0,,,10056600000.0,2959400000.0,76400000.0,eps_dcf,0.11566500061035156,0.09662375045776367,15.0,21.210502155531167,28.35741489902195,19.888408742464833,18.029869651239387,-89.5991257209268,
SCHW,Financial Services,98.46499633789062,5.5,-0.2781953985041262,10789000000.0,fcfe,,,1729335714.0,,,,-3235000000.0,,eps_dcf,0.09377500061035157,0.08292000048828127,15.0,20.62389879398009,28.240410556223154,19.66244656853904,15.891743708060162,-79.05458837046262,
SCI,Consumer Cyclical,76.56999969482422,3.83,-0.09056735171492791,605137000.0,fcfe,,,136291587.0,,,1323779000.0,5042754000.0,509000.0,eps_dcf,0.09696500061035157,0.08259875045776369,15.0,34.65000707695025,48.260708307388356,33.79913926166236,23.591909292375817,-54.74728063856524,
SCKT,Technology,0.44999998807907104,-1.8499999999999999,0.08461063913019684,-1177271.0,fcfe,,,8291681.0,,,-1865120.0,6242326.0,,eps_dcf,0.12699500061035157,0.11387075051879883,15.0,,,,,,eps<=0_block|no_intrinsic
SCL,Basic Materials,62.650001525878906,-0.1200000000000001,0.3,36583000.0,fcfe,,,22732540.0,,,227362000.0,578677000.0,,eps_dcf,0.10395000061035156,0.08783750045776367,15.0,,,,,,eps<=0_block|no_intrinsic
SCNX,Healthcare,0.26429998874664307,-0.8200000000000001,-0.3,,fcfe,,,41064146.0,,,-35490589.0,2501341.0,,eps_dcf,0.27135000205993653,0.23657250175094607,15.0,,,,,,eps<=0_block|no_intrinsic
SCOR,Technology,4.744999885559082,-4.97,-0.3,-3492000.0,fcfe,,,15184326.0,,,19660000.0,-16392000.0,,eps_dcf,0.11108000205993653,0.10034300175094604,15.0,,,,,,eps<=0_block|no_intrinsic
SD,Energy,13.475000381469727,2.1799999999999997,-0.3,42495000.0,fcfe,,,37075296.0,,,127288000.0,-113345000.0,,eps_dcf,0.08,0.08,15.0,7.722281144150629,10.139755604852535,7.296850619440905,6.581098257577892,-42.691792760392076,
SDGR,Healthcare,30.479999542236328,-1.77,-0.3,-130271000.0,fcfe,,,74805628.0,,,-147579000.0,-179871000.0,,eps_dcf,0.14545500205993653,0.12956175175094603,15.0,,,,,,eps<=0_block|no_intrinsic
SDHC,Real Estate,10.25,0.72,0.3,33853000.0,fcfe,,,8392484.0,,,46837000.0,76077000.0,353493000.0,eps_dcf,0.09821000205993652,0.08,15.0,31.845550463776718,43.162492047390856,31.244988633405548,22.330294371276093,210.68829720757773,
SDOT,Consumer Defensive,10.336199760437012,-320.82,-0.052038676291148556,,fcfe,,,1457589.0,,,-52565000.0,9237000.0,2667000.0,eps_dcf,0.08,0.08,15.0,,,,,,eps<=0_block|no_intrinsic
SEAT,Communication Services,3.85,-30.081974,-0.3,-7035000.0,fcfe,,,11241195.0,,,-411546000.0,264350000.0,0.0,eps_dcf,0.11306000205993652,0.09834800164794923,15.0,,,,,,eps<=0_block|no_intrinsic
SEG,Real Estate,23.170000076293945,-9.79,0.03328426720514166,-68169000.0,fcfe,,,12809536.0,,,-65805000.0,-23734000.0,9900000.0,eps_dcf,0.12076000205993652,0.09231900133895875,15.0,,,,,,eps<=0_block|no_intrinsic
SEI,Energy,68.77999877929688,0.8500000000000001,0.12741040841048945,-727796000.0,fcfe,,,65831540.0,,,246905000.0,1690537000.0,258591000.0,eps_dcf,0.12175000205993652,0.09707500144195556,15.0,17.76032858133923,24.316815005408706,17.389720221281586,12.315667237442696,-74.17806208701884,
SENEB,Consumer Defensive,179.84,15.760000000000002,-0.3,229472000.0,fcfe,,,6770457.0,,,196007000.0,139410000.0,,eps_dcf,0.08,0.08,15.0,55.827133409088944,73.30392125342934,52.75154392770122,47.577114008911735,-68.95733240152973,
SEPN,Healthcare,39.09000015258789,-0.54,-0.2750744138890783,105039000.0,fcfe,,,46676947.0,,,-54395000.0,-62117000.0,,eps_dcf,0.10734000205993652,0.09716400175094604,15.0,,,,,,eps<=0_block|no_intrinsic
SERA,Healthcare,2.1191999912261963,-0.67,0.12603551782837052,-28184000.0,fcfe,,,39449466.0,,,-32355000.0,-1397000.0,,eps_dcf,0.10640500205993653,0.09636925175094604,15.0,,,,,,eps<=0_block|no_intrinsic
SF,Financial Services,69.58000183105469,5.586667,-0.3,360973000.0,fcfe,,,151001734.0,,,,-665468000.0,,eps_dcf,0.10646000205993653,0.09306800164794923,15.0,18.287739380577825,24.504267843627538,17.139086607644096,15.517169236329305,-73.71696047812446,
SFBS,Financial Services,40.2400016784668,2.935,-0.3,464254000.0,fcfe,,,109345020.0,,,,-1170284000.0,500000.0,eps_dcf,0.09903500205993652,0.08712800164794923,15.0,9.845801280521755,13.216417493827326,9.223579320629122,8.34185094689408,-75.53230400139263,
SFM,Consumer Defensive,65.12000274658203,5.22,-0.1518378546409459,356801000.0,fcfe,,,93247625.0,,,1001176000.0,1882365000.0,,eps_dcf,0.08902500205993652,0.08,15.0,36.448223699748,50.82699647987293,35.5512923630319,24.760244929771375,-44.0291428709114,
SFNC,Financial Services,22.645000457763672,-2.54,-0.3,481969000.0,fcfe,,,144513789.0,,,,663700000.0,,eps_dcf,0.10235500061035158,0.08978400048828127,15.0,,,,,,eps<=0_block|no_intrinsic
SGI,Consumer Cyclical,62.35749816894531,2.5,0.17167758171304426,769000000.0,fcfe,,,210365491.0,,,1222400000.0,6300100000.0,7600000.0,eps_dcf,0.11775500061035157,0.09819125045776367,15.0,63.17376254825437,86.26297677059017,61.89093096073158,43.933043088486926,1.3090075825325032,
SGLY,Industrials,0.8199999928474426,-28.000000000000004,-0.3,,fcfe,,,5403788.0,,,-6432188.0,3380547.0,-1076781.0,eps_dcf,0.13409000061035156,0.11044250045776366,15.0,,,,,,eps<=0_block|no_intrinsic
SGRP,Industrials,0.699,-1.05,-0.3,-18299000.0,fcfe,,,28398560.0,,,-16438000.0,32318000.0,0.0,eps_dcf,0.08,0.08,15.0,,,,,,eps<=0_block|no_intrinsic
SGU,Energy,12.829999923706055,2.2300000000000004,0.3,56826000.0,fcfe,,,32811216.0,,,174938000.0,242875000.0,,eps_dcf,0.08,0.08,15.0,105.42916909784091,138.56923828125002,104.64787637374575,74.63297808671729,721.7394366701352,upside>300%
SHBI,Financial Services,22.530000686645508,1.98,-0.21050017384281738,87174000.0,fcfe,,,33372276.0,,,,-158319000.0,,eps_dcf,0.09619500061035158,0.08485600048828128,15.0,10.130608721554408,14.162505327525817,9.864661659526782,6.896553301665875,-55.03502701817825,
SHFS,Financial Services,1.4700000286102295,-1.062297,0.3,,fcfe,,,6455796.0,,,,-5107502.0,,eps_dcf,0.09597500061035157,0.08468000048828127,15.0,,,,,,eps<=0_block|no_intrinsic
SHLS,Technology,7.78000020980835,0.19,0.3,-51586000.0,fcfe,,,168299950.0,,,72288000.0,218087000.0,,eps_dcf,0.15621999916076662,0.13871199928665162,15.0,6.610776358763599,8.914324136880667,6.48998121204761,4.669614020794497,-15.028583798374385,
SI,Unknown,19.09000015258789,-1.92,-0.3,-47077000.0,fcfe,,,20818957.0,,,-31938000.0,-9610000.0,,eps_dcf,0.1073799991607666,0.09380399932861329,15.0,,,,,,eps<=0_block|no_intrinsic
SIBN,Healthcare,18.940000534057617,-0.34,-0.3,-4387000.0,fcfe,,,44818575.0,,,-5722000.0,9667000.0,,eps_dcf,0.09115499916076661,0.08340674928665162,15.0,,,,,,eps<=0_block|no_intrinsic
SID,Basic Materials,1.0399999618530273,-1.710242,0.3,-6226896000.0,fcfe,,,1326093947.0,,,5996098000.0,40775265000.0,3074044000.0,eps_dcf,0.1313049991607666,0.10835374937057496,15.0,,,,,,eps<=0_block|no_intrinsic
SILO,Healthcare,1.5299999713897705,-7.24,-0.3,,fcfe,,,1753250.0,,,-4420338.0,-3277095.0,,eps_dcf,0.09346499916076662,0.08537024928665161,15.0,,,,,,eps<=0_block|no_intrinsic
SINT,Healthcare,2.0399999618530273,-5.82,-0.3,-10336000.0,fcfe,,,6664534.0,,,-10613000.0,-439000.0,,eps_dcf,0.08741499916076662,0.08022774928665162,15.0,,,,,,eps<=0_block|no_intrinsic
SIRI,Communication Services,26.075000762939453,2.5,-0.08813296247496782,1549000000.0,fcfe,,,337066891.0,,,2250000000.0,9281000000.0,0.0,eps_dcf,0.10495999916076659,0.09186799932861328,15.0,22.180731479710143,30.84815547070894,21.64063461808067,15.133598073599774,-14.934876967536878,
SITC,Real Estate,3.140000104904175,2.41,0.3,,fcfe,,,52475339.0,,,159266000.0,9776000.0,,eps_dcf,0.1086449991607666,0.0844442494544983,15.0,101.97934028859268,138.09276471988665,100.06707035485476,71.60272565851247,3147.7495822155342,upside>300%
SITM,Technology,653.1699829101562,0.49000000000000005,0.3,83572000.0,fcfe,,,30071036.0,,,51357000.0,-594529000.0,,eps_dcf,0.2097899991607666,0.1842464992866516,15.0,13.831804155524091,18.563037892623733,13.586319222425022,9.837025217721656,-97.88235765307257,
SJM,Consumer Defensive,121.44000244140625,2.1399999999999997,0.3,1588400000.0,fcfe,,,106823183.0,,,1334600000.0,6853900000.0,,eps_dcf,0.08,0.08,15.0,101.17418021048407,132.97675781249995,100.42441947973805,71.62088480070626,-16.68792969655964,
SKIL,Consumer Defensive,5.860000133514404,-18.53,0.3,-2053000.0,fcfe,,,9100444.0,,,59533000.0,484259000.0,,eps_dcf,0.17480999916076662,0.1477479993286133,15.0,,,,,,eps<=0_block|no_intrinsic
SKM,Communication Services,35.369998931884766,1833.7199999999998,-0.3,1250554000000.0,fcfe,,,383890040.0,,,4895788000000.0,8945255000000.0,58370000000.0,eps_dcf,0.0915399991607666,0.08113199932861329,15.0,6307.257463689253,8481.898175253418,5906.191677605957,5335.814110374977,17732.2240716934,upside>300%
SKT,Real Estate,34.790000915527344,1.1,-0.029088957488049294,,fcfe,,,114878989.0,,,364029000.0,1774862000.0,27445000.0,eps_dcf,0.11166999916076661,0.0864104994544983,15.0,12.406026807429095,17.18214671745551,12.116633912124833,8.498085583315465,-64.34025156379894,
SKWD,Financial Services,53.0,4.290000000000001,-0.09950393986795913,399849000.0,fcfe,,,44396493.0,,,,217984000.0,,eps_dcf,0.08,0.08,15.0,39.333655659165565,53.368621201807144,38.78058044600914,26.957915755993263,-25.785555360064972,
SKYT,Technology,32.459999084472656,2.41,0.3,-101950000.0,fcfe,,,49204602.0,,,172508000.0,268996000.0,8447000.0,eps_dcf,0.1073799991607666,0.09719799928665161,15.0,102.52527518736461,138.84749558511984,100.60144192505159,71.97455457654848,215.8511339466054,
SKYX,Industrials,1.1649999618530273,-0.28,-0.3,-18280823.0,fcfe,,,135430994.0,,,-24803721.0,8979363.0,0.0,eps_dcf,0.08,0.08,15.0,,,,,,eps<=0_block|no_intrinsic
SLB,Energy,49.43000030517578,2.0700000000000003,0.3,4554000000.0,fcfe,,,1484143231.0,,,6663000000.0,10055000000.0,1180000000.0,eps_dcf,0.0949499991607666,0.08,15.0,92.84008303925431,125.86874625750758,91.08613182429858,65.07327346586828,87.82132807216084,
SLDB,Healthcare,7.255000114440918,-1.7999999999999998,-0.24207217980087425,-187809000.0,fcfe,,,107225238.0,,,-207368000.0,-139239000.0,,eps_dcf,0.1865799991607666,0.16451799928665162,15.0,,,,,,eps<=0_block|no_intrinsic
SLG,Real Estate,48.560001373291016,-2.7300000000000004,0.3,,fcfe,,,70849907.0,,,376690000.0,5085301000.0,1000435000.0,eps_dcf,0.14019500061035156,0.10495175039672852,15.0,,,,,,eps<=0_block|no_intrinsic
SLGN,Consumer Cyclical,35.11000061035156,2.55,0.3,342755000.0,fcfe,,,105682020.0,,,908924000.0,4482227000.0,,eps_dcf,0.08970500061035157,0.08,15.0,116.93090396058449,158.45361328124997,114.75578718691293,81.93354496093366,233.04158908533162,
SLM,Financial Services,22.989999771118164,3.58,-0.3,,fcfe,,,188000000.0,,,,1255987000.0,,eps_dcf,0.10560000061035156,0.09238000048828125,15.0,11.752106329307907,15.750262555818754,11.013430860912635,9.96997650798287,-48.88165965068072,
SLVM,Basic Materials,34.27000045776367,1.88,0.3,-11000000.0,fcfe,,,39760243.0,,,366000000.0,964000000.0,,eps_dcf,0.09405000061035157,0.08041250045776369,15.0,84.64409896352265,114.76606188583449,83.04420148026365,59.32182849098782,146.99182326490754,
SMA,Real Estate,32.400001525878906,0.51,-0.3,,fcfe,,,55368903.0,,,163799000.0,1081460000.0,102559000.0,eps_dcf,0.10736000061035156,0.08360900039672851,15.0,1.6645497156938194,2.2298924555780055,1.5600772672195604,1.412624321232411,-94.86250111943887,
SMBK,Financial Services,49.48500061035156,3.39,-0.23956998546305008,65356000.0,fcfe,,,17098473.0,,,,-274867000.0,113000.0,eps_dcf,0.08970500061035157,0.08,15.0,15.354522912523338,21.478891497221678,14.94812223133145,10.449356371400668,-68.97135955715964,
SMCI,Technology,40.869998931884766,3.2,-0.3,-6971885000.0,fcfe,,,656965384.0,,,3074105000.0,1239439000.0,164000.0,eps_dcf,0.16214000061035155,0.14374400051879882,15.0,8.795727857254503,11.629313996203965,8.268454903842382,7.543960578541407,-78.478766608451,
SMHI,Industrials,8.300000190734863,-0.7100000000000001,0.3,-81461000.0,fcfe,,,27132826.0,,,71708000.0,265928000.0,321000.0,eps_dcf,0.11212500205993653,0.0939687515449524,15.0,,,,,,eps<=0_block|no_intrinsic
SMMT,Healthcare,16.530000686645508,-1.124274,-0.3,-459822000.0,fcfe,,,797749602.0,,,-866449000.0,-398981000.0,,eps_dcf,0.08,0.08,15.0,,,,,,eps<=0_block|no_intrinsic
SMP,Consumer Cyclical,37.790000915527344,2.23,-0.3,87231000.0,fcfe,,,22340293.0,,,200463000.0,597446000.0,14608000.0,eps_dcf,0.09672500205993653,0.0824187515449524,15.0,7.538457501169509,10.124846450030589,7.0611436197267405,6.384010196636733,-80.05171389643425,
SMR,Industrials,7.885000228881836,-2.25,0.04305094678002863,-778750000.0,fcfe,,,410389522.0,,,-731483000.0,-765704000.0,-47652000.0,eps_dcf,0.17933500205993652,0.1443762515449524,15.0,,,,,,eps<=0_block|no_intrinsic
SMRT,Technology,1.184999942779541,-0.1,-0.3,-6427000.0,fcfe,,,192838069.0,,,-33182000.0,-87433000.0,,eps_dcf,0.13814000205993654,0.12334400175094605,15.0,,,,,,eps<=0_block|no_intrinsic
SMSI,Technology,2.690000057220459,-3.52,-0.3,-9086000.0,fcfe,,,5589880.0,,,390000.0,1669000.0,,eps_dcf,0.09276500205993653,0.08477525175094605,15.0,,,,,,eps<=0_block|no_intrinsic
SMXT,Technology,2.25,-0.12,-0.3,,fcfe,,,4742215.0,,,-3635006.0,31962022.0,,eps_dcf,0.08,0.08,15.0,,,,,,eps<=0_block|no_intrinsic
SNAP,Communication Services,5.494999885559082,-0.18000000000000002,-0.3,705545000.0,fcfe,,,1691197712.0,,,9906000.0,3266899000.0,,eps_dcf,0.11009000205993652,0.09597200164794922,15.0,,,,,,eps<=0_block|no_intrinsic
SND,Energy,5.070000171661377,0.26,0.3,34633000.0,fcfe,,,42399061.0,,,39256000.0,33167000.0,,eps_dcf,0.08,0.08,15.0,12.292190119030778,16.1560546875,12.201097693799952,8.701602826254032,142.44950104218196,
SNDK,Technology,1724.9100341796875,72.9,-0.3,11494000000.0,fcfe,,,146419001.0,,,13239000000.0,-4585000000.0,,eps_dcf,0.10734000205993652,0.09716400175094604,15.0,237.94827455255552,318.76586445691987,223.01363458670684,201.93460454573722,-86.20517767086233,
SNDR,Industrials,32.03499984741211,0.64,-0.3,207800000.0,fcfe,,,175300899.0,,,624400000.0,103400000.0,,eps_dcf,0.11713000205993652,0.0977225015449524,15.0,2.0235869401894537,2.704481687390717,1.8976063116704647,1.7206340785451584,-93.68319978202551,
SNES,Basic Materials,0.6955000162124634,-1.3699999999999999,-0.3,-6819000.0,fcfe,,,5423542.0,,,-6854000.0,-2501000.0,,eps_dcf,0.08,0.08,15.0,,,,,,eps<=0_block|no_intrinsic
SNFCA,Financial Services,8.737199783325195,1.192381,-0.1686941737573412,79265040.0,fcfe,,,26038589.0,,,,-41211734.0,,eps_dcf,0.08963000205993653,0.08,15.0,7.663637098845601,10.709738644984549,7.468285233726386,5.203591148064295,-12.287262636805806,
SNPS,Technology,423.8699951171875,5.66,-0.10199444506307287,2747706000.0,fcfe,,,191636646.0,,,3733984000.0,7235503000.0,-1160000.0,eps_dcf,0.11982500205993653,0.10777625175094604,15.0,44.54934487399209,61.83639516542857,43.46978894292092,30.500962375769124,-89.4898564684496,
SNTI,Healthcare,0.3100000023841858,-1.77,-0.3,,fcfe,,,31145390.0,,,-53367000.0,13763000.0,,eps_dcf,0.16918000061035157,0.1497280005187988,15.0,,,,,,eps<=0_block|no_intrinsic
SNX,Technology,259.2650146484375,13.97,-0.3,374559000.0,fcfe,,,79059000.0,,,2240623000.0,3625788000.0,,eps_dcf,0.13095500061035156,0.11723675051879882,15.0,42.266309702484165,56.30037203309658,39.66516401438938,36.035684436156075,-83.69764244520336,
SO,Utilities,83.72000122070312,4.15,-0.05548676215485859,-3269000000.0,fcfe,,,1150362966.0,,,14818000000.0,74103000000.0,2772000000.0,eps_dcf,0.08,0.08,15.0,46.591445211277716,63.02504230620609,45.97650904218877,32.00265662361615,-44.34848957006929,
SOC,Energy,3.4200000762939453,-4.300000000000001,-0.3,-558762000.0,fcfe,,,191869572.0,,,-245699000.0,968868000.0,,eps_dcf,0.08,0.08,15.0,,,,,,eps<=0_block|no_intrinsic
SOLS,Basic Materials,55.27000045776367,1.319484,-0.3,179000000.0,fcfe,,,158847369.0,,,869000000.0,1676000000.0,2000000.0,eps_dcf,0.10736000061035156,0.09039500045776366,15.0,4.306562190318713,5.769230229129196,4.036268613450851,3.6547748821118162,-92.20813795069586,
SOLV,Healthcare,89.26000213623047,8.18,0.3,-118000000.0,fcfe,,,170223729.0,,,2468000000.0,4883000000.0,,eps_dcf,0.09014500061035158,0.08254825051879884,15.0,374.51802093929024,507.9708565910447,367.423961626145,262.34736322697165,319.58101274487206,upside>300%
SOTK,Technology,6.149899959564209,0.13,-0.3,5854840.0,fcfe,,,15716723.0,,,2872986.0,-8982075.0,,eps_dcf,0.08,0.08,15.0,0.4605030040089825,0.6046643250600136,0.43513329381987054,0.39245081352528716,-92.51202447134416,
SPB,Consumer Defensive,81.16500091552734,3.2800000000000002,0.3,291600000.0,fcfe,,,22995596.0,,,212100000.0,489300000.0,61800000.0,eps_dcf,0.08750500061035157,0.08,15.0,151.44161966932762,203.81484375000005,149.0099628488729,106.36336605001924,86.58488013440771,
SPFI,Financial Services,41.849998474121094,3.67,-0.039146931360194204,75504000.0,fcfe,,,18839105.0,,,,-727264000.0,,eps_dcf,0.08,0.08,15.0,44.35570269277074,59.92856520757397,43.78424846791714,30.49720285252831,5.987346021527593,
SPG,Real Estate,202.60000610351562,14.18,0.10462688688402255,3217536000.0,fcfe,,,323559515.0,,,8317888000.0,28408418000.0,1412111000.0,eps_dcf,0.12452000061035157,0.09476300039672853,15.0,267.42124986993275,366.60120982117206,261.7651690897855,185.20953225913524,31.994689937619064,
SPGI,Financial Services,397.7200012207031,16.42,-0.19218740477735063,5573000000.0,fcfe,,,294800000.0,,,8388000000.0,11488000000.0,5139000000.0,eps_dcf,0.11159500061035156,0.09717600048828126,15.0,86.96185132531227,121.15852659872527,84.73495289476479,59.44587134354171,-78.13490620074313,
SPRY,Healthcare,4.369999885559082,-2.22,0.3,-197046000.0,fcfe,,,99447343.0,,,-202025000.0,88513000.0,,eps_dcf,0.10725000061035156,0.09708750051879882,15.0,,,,,,eps<=0_block|no_intrinsic
SPSC,Technology,83.45999908447266,2.07,0.3,198696000.0,fcfe,,,36000174.0,,,183201000.0,-166861000.0,,eps_dcf,0.08035500061035156,0.08,15.0,97.75430839674875,128.62705078124998,96.9900369574878,69.17438033003037,17.127138112963973,
SPXC,Industrials,169.00999450683594,5.5600000000000005,-0.2219413426027701,303400000.0,fcfe,,,50085860.0,,,534200000.0,448300000.0,,eps_dcf,0.12215500061035156,0.10149125045776367,15.0,24.55132535520081,34.12502715780211,23.922237335988285,16.864887610237087,-85.47344763436,
SQFT,Real Estate,1.2699999809265137,-10.09,0.3,,fcfe,,,1309511.0,,,2835654.0,74266655.0,7570650.0,eps_dcf,0.1524249991607666,0.1129012494544983,15.0,,,,,,eps<=0_block|no_intrinsic
SRBK,Financial Services,18.702199935913086,0.44999999999999996,-0.28925345946315173,7681000.0,fcfe,,,7303873.0,,,,-10682000.0,,eps_dcf,0.0835099991607666,0.08,15.0,1.6554142601017847,2.212958568533333,1.5736141105998134,1.3432704001761504,-91.14855864136625,
SRE,Utilities,78.34500122070312,3.45,-0.3,-5243000000.0,fcfe,,,653900348.0,,,5630000000.0,36616000000.0,10601000000.0,eps_dcf,0.0833999991607666,0.08,15.0,12.119851353047745,16.04686093428498,11.416788107847616,10.302031507410899,-84.53015359728528,
SRFM,Industrials,1.184999942779541,-2.5300000000000002,-0.3,-68250000.0,fcfe,,,123644243.0,,,-95123000.0,67787000.0,,eps_dcf,0.20758999916076662,0.16556749937057497,15.0,,,,,,eps<=0_block|no_intrinsic
SRG,Real Estate,1.7200000286102295,-1.46,-0.3,,fcfe,,,56324608.0,,,-34196000.0,1234000.0,0.0,eps_dcf,0.1730499991607666,0.1263074994544983,15.0,,,,,,eps<=0_block|no_intrinsic
SRRK,Healthcare,48.86000061035156,-3.4499999999999997,-0.14889458666983957,-297012000.0,fcfe,,,121785282.0,,,-396423000.0,-233258000.0,,eps_dcf,0.0899999991607666,0.08242499928665162,15.0,,,,,,eps<=0_block|no_intrinsic
SRTA,Healthcare,5.130000114440918,0.508123,0.3,-49517000.0,fcfe,,,88466806.0,,,-4122000.0,-12062000.0,,eps_dcf,0.1764599991607666,0.15591599928665162,15.0,16.31423935191563,21.95959803590966,16.019398831604292,11.553402228855639,218.01635454141902,
SRZN,Healthcare,33.209999084472656,-17.87,0.012708339471962038,-34984000.0,fcfe,,,11753558.0,,,-44128000.0,-95723000.0,,eps_dcf,0.0829049991607666,0.08,15.0,,,,,,eps<=0_block|no_intrinsic
SSD,Basic Materials,173.99000549316406,9.15,-0.12919505520044705,468370000.0,fcfe,,,40984682.0,,,579295000.0,-26765000.0,,eps_dcf,0.1242649991607666,0.10307374937057495,15.0,62.46566483992308,86.71378716108711,60.93505417863854,42.809374502612684,-64.09813042831514,
SSNC,Technology,77.23999786376953,3.48,-0.248879062704069,1503600000.0,fcfe,,,234654996.0,,,2247700000.0,7342500000.0,69800000.0,eps_dcf,0.1125499991607666,0.10159249928665161,15.0,13.903121132682724,19.35765412049233,13.539579585582423,9.539212786174026,-82.00010160900824,
SST,Industrials,2.7200000286102295,-11.302654,0.3,-48336000.0,fcfe,,,8708922.0,,,-25939000.0,260161000.0,-26331000.0,eps_dcf,0.1393349991607666,0.11437624937057495,15.0,,,,,,eps<=0_block|no_intrinsic
SSTI,Technology,8.475000381469727,-1.29,0.3,-1072000.0,fcfe,,,13240512.0,,,-6005000.0,-899000.0,,eps_dcf,0.1158499991607666,0.10439749928665161,15.0,,,,,,eps<=0_block|no_intrinsic
STI,Industrials,6.789999961853027,-2.56,-0.26291196196539346,-5500722.0,fcfe,,,8512771.0,,,-51920445.0,-25522154.0,,eps_dcf,0.08,0.08,15.0,,,,,,eps<=0_block|no_intrinsic
STIM,Healthcare,2.3959999084472656,-0.44000000000000006,-0.3,-11250000.0,fcfe,,,76197222.0,,,-19709000.0,67326000.0,3790000.0,eps_dcf,0.11667499916076661,0.10509874928665161,15.0,,,,,,eps<=0_block|no_intrinsic
STLD,Basic Materials,222.36000061035156,11.03,-0.3,955563000.0,fcfe,,,143328088.0,,,2751991000.0,3614434000.0,-56461000.0,eps_dcf,0.13570499916076662,0.11165374937057496,15.0,32.877000524397225,43.74355378220481,30.861727375187108,28.056266714219994,-85.21451680421218,
STM,Technology,53.0,0.51,-0.3,216000000.0,fcfe,,,891928108.0,,,2305000000.0,486000000.0,406000000.0,eps_dcf,0.13559499916076662,0.12118074928665162,15.0,1.5206749568065907,2.023343988931935,1.4274530047792462,1.29767178076328,-97.13080196828946,
STRS,Real Estate,18.21,-0.13000000000000003,0.3,-35656000.0,fcfe,,,7982723.0,,,36037000.0,86206000.0,138713000.0,eps_dcf,0.1152999991607666,0.08876999945449829,15.0,,,,,,eps<=0_block|no_intrinsic
STT,Financial Services,177.27499389648438,11.34,-0.3,2019000000.0,fcfe,,,274701765.0,,,,-119437000000.0,,eps_dcf,0.13036999916076658,0.11219599932861328,15.0,34.372615155265365,45.792097286490744,32.25622573151542,29.30230129528982,-80.61056757089133,
STTK,Healthcare,6.840000152587891,-0.51,-0.3,,fcfe,,,100363253.0,,,-52222000.0,-60625000.0,,eps_dcf,0.1128799991607666,0.10187299928665161,15.0,,,,,,eps<=0_block|no_intrinsic
STZ,Consumer Defensive,113.05000305175781,10.48,-0.04264870558643674,1834200000.0,fcfe,,,170778434.0,,,3286200000.0,10437200000.0,294200000.0,eps_dcf,0.08,0.08,15.0,124.68373134076839,168.50295386694023,123.06899314441546,85.70872340365537,10.290781048174138,
SU,Energy,68.43499755859375,7.51,-0.3,10327000000.0,fcfe,,,1180745189.0,,,19816000000.0,9308000000.0,,eps_dcf,0.0829599991607666,0.08,15.0,26.410930274667134,34.930992932313096,24.88882332326031,22.45718847124165,-61.4072752000112,
SUNE,Technology,2.3350000381469727,-4.98,-0.3,,fcfe,,,6513108.0,,,-1657309.0,5177730.0,,eps_dcf,0.21693999916076662,0.1903239992866516,15.0,,,,,,eps<=0_block|no_intrinsic
SUPN,Healthcare,43.53499984741211,-1.9200000000000002,0.3,18573000.0,fcfe,,,58224143.0,,,-18148000.0,-139783000.0,,eps_dcf,0.0829599991607666,0.08,15.0,,,,,,eps<=0_block|no_intrinsic
SVCO,Technology,8.449999809265137,-0.72,-0.3,-34435000.0,fcfe,,,33885758.0,,,-20784000.0,-11251000.0,,eps_dcf,0.0840599991607666,0.08,15.0,,,,,,eps<=0_block|no_intrinsic
SVRA,Healthcare,5.079999923706055,-0.5900000000000001,0.27865803377982035,-110660000.0,fcfe,,,204927212.0,,,-142547000.0,-11393000.0,,eps_dcf,0.08,0.08,15.0,,,,,,eps<=0_block|no_intrinsic
SVV,Consumer Cyclical,9.390000343322754,0.16,-0.3,81809000.0,fcfe,,,153234555.0,,,185328000.0,1345399000.0,,eps_dcf,0.11953499916076661,0.09952624937057497,15.0,0.5019972480017605,0.6705198695918919,0.47080737621669966,0.4270442417668114,-94.65391661717317,
SWK,Industrials,89.61499786376953,4.1000000000000005,-0.3,1289100000.0,fcfe,,,151016641.0,,,1814000000.0,4165500000.0,0.0,eps_dcf,0.11689499916076661,0.09754624937057496,15.0,12.973430008709101,17.33970124788052,12.16559690985121,11.030658066111364,-85.52314867157506,
SWKS,Technology,88.94000244140625,1.93,0.3,408600000.0,fcfe,,,150472782.0,,,815900000.0,-108900000.0,,eps_dcf,0.13586999916076659,0.1214144992866516,15.0,72.92796209262951,98.51688387899685,71.58056730316059,51.38122467466894,-18.003193061890777,
SWX,Utilities,81.99500274658203,7.66,-0.12086126587193291,-527836000.0,fcfe,,,72445853.0,,,899982000.0,3239341000.0,0.0,eps_dcf,0.0833449991607666,0.08,15.0,62.944857595007726,86.31403198192712,61.80824790567368,42.98551227609048,-23.23330021763846,
SXC,Basic Materials,9.489999771118164,-0.64,0.1713106728555711,29100000.0,fcfe,,,84874850.0,,,130000000.0,618000000.0,27900000.0,eps_dcf,0.1078749991607666,0.09078124937057494,15.0,,,,,,eps<=0_block|no_intrinsic
SXI,Industrials,272.9700012207031,8.67,-0.3,64364000.0,fcfe,,,12281465.0,,,232304000.0,387560000.0,0.0,eps_dcf,0.1098549991607666,0.09226624937057495,15.0,28.067584781723074,37.577697954981645,26.309613199433805,23.831386355332306,-89.71770353657664,
SXTP,Healthcare,1.2100000381469727,-9.710892,-0.3,-9063150.0,fcfe,,,3516988.0,,,-8002739.0,-871427.0,-85762.0,eps_dcf,0.1919149991607666,0.1690527492866516,15.0,,,,,,eps<=0_block|no_intrinsic
SYF,Financial Services,71.76000213623047,9.760038,0.06858051460746517,,fcfe,,,325370840.0,,,,239000000.0,,eps_dcf,0.12431999916076661,0.1073559993286133,15.0,158.98437669187655,218.4797201308955,155.53937527796538,109.8240374945911,121.55012814807024,
SYK,Healthcare,273.7200012207031,9.65,-0.25978542465450005,4702000000.0,fcfe,,,383573046.0,,,7005000000.0,11551000000.0,,eps_dcf,0.0946199991607666,0.08635199928665162,15.0,39.0779957886433,54.26008086325646,37.773690849180454,27.80882553241867,-85.7233685465556,
SYRE,Healthcare,92.77999877929688,-2.049429,0.1766649918553771,,fcfe,,,88173762.0,,,-271340000.0,-162007000.0,,eps_dcf,0.2173799991607666,0.1906979992866516,15.0,,,,,,eps<=0_block|no_intrinsic
SYY,Consumer Defensive,78.6500015258789,3.66,0.07780239304953396,1938000000.0,fcfe,,,479568281.0,,,4122000000.0,13181000000.0,0.0,eps_dcf,0.0868649991607666,0.08,15.0,71.82462956702163,98.14204478494531,70.49627525074733,49.49227729792087,-8.678158711302075,
TACT,Technology,4.670000076293945,-0.039999999999999994,-0.3,1755000.0,fcfe,,,10324471.0,,,869000.0,-13157000.0,,eps_dcf,0.11931499916076661,0.10734274928665162,15.0,,,,,,eps<=0_block|no_intrinsic
TAIT,Technology,2.11,-0.11000000000000001,0.0,,fcfe,,,6021180.0,,,87000.0,-3960000.0,,eps_dcf,0.08,0.08,15.0,,,,,,eps<=0_block|no_intrinsic
TALK,Healthcare,5.25,-3.469446951953614e-18,0.3,4610000.0,fcfe,,,165823816.0,,,1412000.0,-39159000.0,,eps_dcf,0.11411000247955323,0.10291850210762024,15.0,,,,,,eps<=0_block|no_intrinsic
TALO,Energy,16.31999969482422,-2.38,-0.3,,fcfe,,,166965468.0,,,760057000.0,665100000.0,522000.0,eps_dcf,0.08,0.08,15.0,,,,,,eps<=0_block|no_intrinsic
TAP,Consumer Defensive,36.349998474121094,-11.54,-0.3,1326000000.0,fcfe,,,186453933.0,,,-1671000000.0,5581500000.0,289200000.0,eps_dcf,0.08,0.08,15.0,,,,,,eps<=0_block|no_intrinsic
TAP-A,Consumer Defensive,39.52,5.38,0.016855929002122405,1326000000.0,fcfe,,,186453933.0,,,-1671000000.0,5581500000.0,289200000.0,eps_dcf,0.08,0.08,15.0,83.22930629052453,111.96192965032756,82.24445652222316,57.45123223562556,110.60047138290618,
TASK,Technology,8.010000228881836,1.1600000000000001,0.05924347428153687,120586000.0,fcfe,,,91687021.0,,,233162000.0,366052000.0,,eps_dcf,0.15816500247955323,0.14036525210762024,15.0,15.94678926559588,21.832776098611493,15.607235851981848,11.079462673422366,99.08600262077631,
TAYD,Industrials,63.345001220703125,2.77,-0.2069450928739821,4886768.0,fcfe,,,3225015.0,,,9269551.0,-904823.0,,eps_dcf,0.10542000247955322,0.08894000185966491,15.0,13.954979736517789,19.469646951212077,13.592870821118908,9.526639268020137,-77.96988007325689,
TBCH,Technology,12.805000305175781,-0.21000000000000013,0.3,32253000.0,fcfe,,,17909711.0,,,21227000.0,61124000.0,,eps_dcf,0.1793749991607666,0.15839374928665162,15.0,,,,,,eps<=0_block|no_intrinsic
TBI,Industrials,9.479999542236328,-1.8800000000000001,0.3,-67435000.0,fcfe,,,30444344.0,,,4689000.0,115187000.0,,eps_dcf,0.1441749991607666,0.11800624937057494,15.0,,,,,,eps<=0_block|no_intrinsic
TCBS,Financial Services,17.35,1.109735,-0.3,2320000.0,fcfe,,,2872727.0,,,,34654000.0,,eps_dcf,0.08,0.08,15.0,3.9310484704146775,5.161670498234417,3.7144818909014914,3.350126181134496,-77.3426601128837,
TCBX,Financial Services,42.76499938964844,4.01,-0.03572838131521905,15783000.0,fcfe,,,16654970.0,,,,-244984000.0,,eps_dcf,0.08763499916076661,0.08,15.0,48.14432912766396,66.47501101501754,47.12253838387729,32.87901947167038,12.578814017983184,
TCI,Real Estate,44.18000030517578,0.94,0.3,,fcfe,,,8773965.0,,,34655000.0,203783000.0,18966000.0,eps_dcf,0.08,0.08,15.0,44.44099504572666,58.4103515625,44.111660892969056,31.45964098722611,0.590753143386243,
TD,Financial Services,118.93000030517578,9.4,0.3,5030000000.0,fcfe,,,1638397000.0,,,,343559000000.0,,eps_dcf,0.10000999916076661,0.0879079993286133,15.0,412.58483508341516,559.1163488701649,404.8117115864288,289.3726917876244,246.91401162424756,
TDC,Technology,28.979999542236328,4.75,-0.3,734000000.0,fcfe,,,93000000.0,,,711000000.0,-315000000.0,,eps_dcf,0.0841699991607666,0.08,15.0,16.655524237802553,22.093504184885113,15.678347449303702,14.14907465621654,-42.52752070086031,
TDG,Industrials,1091.5999755859375,32.96,-0.1496108383510888,1927000000.0,fcfe,,,55276525.0,,,5051000000.0,30712000000.0,90000000.0,eps_dcf,0.1014949991607666,0.08599624937057496,15.0,222.23292015236242,310.0040464549544,216.60563321930334,151.3436546489477,-79.64154222034729,
TDOC,Healthcare,5.824999809265137,-0.99,0.21943515588914164,118132000.0,fcfe,,,181684021.0,,,215325000.0,261858000.0,,eps_dcf,0.1692549991607666,0.14979174928665162,15.0,,,,,,eps<=0_block|no_intrinsic
TDUP,Consumer Cyclical,2.194999933242798,-0.17,0.3,1613000.0,fcfe,,,131333650.0,,,-6620000.0,8440000.0,,eps_dcf,0.1611699991607666,0.13075249937057495,15.0,,,,,,eps<=0_block|no_intrinsic
TDY,Technology,606.010009765625,20.71,-0.15548556562157467,1142100000.0,fcfe,,,46355673.0,,,1586000000.0,1686900000.0,0.0,eps_dcf,0.10231999916076662,0.09289699928665163,15.0,135.36290671861465,188.82581785839338,131.9270927041914,92.20743762210556,-77.6632556331922,
TE,Industrials,3.7799999713897705,-1.98,-0.3,-184810000.0,fcfe,,,294476525.0,,,-196817000.0,699392000.0,0.0,eps_dcf,0.1759649991607666,0.14184874937057496,15.0,,,,,,eps<=0_block|no_intrinsic
TEAM,Technology,178.4250030517578,-0.18999999999999997,-0.13538467044980895,1319076000.0,fcfe,,,253138815.0,,,212084000.0,-6602000.0,,eps_dcf,0.1161249991607666,0.10463124928665161,15.0,,,,,,eps<=0_block|no_intrinsic
TECH,Healthcare,72.375,1.15,-0.3,263223000.0,fcfe,,,156818238.0,,,347669000.0,24375000.0,0.0,eps_dcf,0.1225049991607666,0.11005424928665161,15.0,3.573936582516025,4.7703075571985085,3.352431413576097,3.042081114653323,-95.06191836612639,
TECX,Healthcare,22.68000030517578,-4.57,0.20568402758423243,-72446000.0,fcfe,,,19549366.0,,,-84152000.0,-222669000.0,,eps_dcf,0.08,0.08,15.0,,,,,,eps<=0_block|no_intrinsic
TELA,Healthcare,1.2300000190734863,-0.77,-0.03979597000408097,-31620000.0,fcfe,,,45143410.0,,,-32944000.0,26187000.0,,eps_dcf,0.1273449991607666,0.11416824928665162,15.0,,,,,,eps<=0_block|no_intrinsic
TENX,Healthcare,1.8163000345230103,-1.37,0.2945382716049383,,fcfe,,,37423917.0,,,-66701000.0,-117976000.0,,eps_dcf,0.0976449991607666,0.08892324928665161,15.0,,,,,,eps<=0_block|no_intrinsic
TER,Technology,401.8500061035156,7.29,-0.3,799932000.0,fcfe,,,156340750.0,,,1490927000.0,-249411000.0,36151000.0,eps_dcf,0.15016999916076662,0.13356949928665163,15.0,20.77802408876243,27.550129482003904,19.519788627661605,17.780625078823427,-94.82940804450055,
TFC,Financial Services,46.755001068115234,4.36,-0.24384109639005136,,fcfe,,,1221626188.0,,,,32866000000.0,0.0,eps_dcf,0.09978999916076661,0.0877319993286133,15.0,18.663009399721375,26.06550279345044,18.16841328187327,12.744304359536608,-60.083394346345784,
TFIN,Financial Services,59.96500015258789,1.48,-0.3,78075000.0,fcfe,,,23894537.0,,,,-783511000.0,,eps_dcf,0.1276199991607666,0.1099959993286133,15.0,4.525216760457642,6.032597847417231,4.245948626349522,3.8556400758224125,-92.45357000092937,
TFSL,Financial Services,16.270000457763672,0.36,-0.20862617646399684,86272000.0,fcfe,,,280442755.0,,,,5286663000.0,,eps_dcf,0.0923099991607666,0.08174799932861329,15.0,1.8852704490666552,2.637785563436429,1.835611655141054,1.281731716473684,-88.412597443001,
TFX,Healthcare,126.61000061035156,-23.29,-0.3,327057000.0,fcfe,,,42372397.0,,,174339000.0,2572390000.0,,eps_dcf,0.09714999916076661,0.08850249928665162,15.0,,,,,,eps<=0_block|no_intrinsic
TG,Industrials,7.070000171661377,0.96,-0.3,22637000.0,fcfe,,,34825622.0,,,64085000.0,43509000.0,,eps_dcf,0.09515000061035156,0.08123750045776368,15.0,3.2623425570431244,4.383302694516752,3.0555120183512665,2.7618740356450715,-53.85654203914244,
TGT,Consumer Defensive,159.3350067138672,9.63,-0.3,4456000000.0,fcfe,,,454296736.0,,,9261000000.0,13278000000.0,,eps_dcf,0.10659000061035157,0.09317200048828127,15.0,31.51000209243457,42.21982987983038,29.531072148357936,26.736964137268657,-80.22405575378671,
TH,Industrials,19.510000228881836,-0.38,8.881784197001252e-16,9823000.0,fcfe,,,97929824.0,,,40195000.0,42212000.0,-322000.0,eps_dcf,0.13546500061035155,0.11147375045776367,15.0,,,,,,eps<=0_block|no_intrinsic
THC,Healthcare,257.6499938964844,25.93,-0.3,3023000000.0,fcfe,,,80519000.0,,,5578000000.0,11078000000.0,4042000000.0,eps_dcf,0.12001000061035157,0.10793350051879883,15.0,81.23097395334918,108.48813750635662,76.1859638206906,69.10884079831744,-68.47235556854497,
THO,Consumer Cyclical,70.08000183105469,4.970000000000001,0.3,199647000.0,fcfe,,,51614361.0,,,636712000.0,502365000.0,-1887000.0,eps_dcf,0.12556500061035156,0.10404875045776366,15.0,195.94505997776952,264.9388272803553,192.3044889277471,137.873005825251,179.6019618409028,
TIL,Healthcare,7.164999961853027,-6.5,-0.3,,fcfe,,,6781977.0,,,-24698000.0,81879000.0,,eps_dcf,0.15768500061035157,0.13995725051879881,15.0,,,,,,eps<=0_block|no_intrinsic
TITN,Industrials,23.565000534057617,-2.49,0.3,49687000.0,fcfe,,,23532897.0,,,32924000.0,854877000.0,,eps_dcf,0.13145000061035156,0.10846250045776368,15.0,,,,,,eps<=0_block|no_intrinsic
TJX,Consumer Cyclical,132.8000030517578,5.41,-0.12570300942405555,5876000000.0,fcfe,,,1099974061.0,,,9439000000.0,8313000000.0,,eps_dcf,0.08497500061035157,0.08,15.0,43.25584030373984,59.59658642496081,42.39572105507316,29.495451928518904,-67.42783184509327,
TKO,Communication Services,176.02999877929688,2.8499999999999996,-0.3,1672370000.0,fcfe,,,73111098.0,,,1548113000.0,4361092000.0,4969376000.0,eps_dcf,0.08772500061035157,0.08,15.0,9.907726667367298,13.256102510931065,9.296235937147395,8.393823014463235,-94.37156920066255,
TKR,Industrials,117.16999816894531,3.6899999999999995,0.3,385500000.0,fcfe,,,69296839.0,,,723000000.0,1804500000.0,168600000.0,eps_dcf,0.11863500061035157,0.09885125045776366,15.0,149.7334474108307,202.57944134166712,146.9409535068375,105.2649351919739,27.79162733700204,
TLPH,Healthcare,1.184999942779541,-0.27,-0.3,,fcfe,,,51905796.0,,,-16080000.0,-742000.0,,eps_dcf,0.09031000061035156,0.08268850051879882,15.0,,,,,,eps<=0_block|no_intrinsic
TLS,Technology,4.059999942779541,-0.21,-0.3,25865000.0,fcfe,,,74736789.0,,,-2520000.0,-43681000.0,,eps_dcf,0.10604000061035157,0.09605900051879883,15.0,,,,,,eps<=0_block|no_intrinsic
TLYS,Consumer Cyclical,4.775000095367432,0.06000000000000001,-0.3,11271000.0,fcfe,,,30587265.0,,,10153000.0,117079000.0,,eps_dcf,0.08,0.08,15.0,0.2125398480041458,0.27907584233539096,0.20083075099378644,0.18113114470397873,-95.54890379561782,
TMC,Basic Materials,3.869999885559082,-0.75,0.3,-43750000.0,fcfe,,,441135482.0,,,-302379000.0,-96177000.0,,eps_dcf,0.16808000061035155,0.13593500045776366,15.0,,,,,,eps<=0_block|no_intrinsic
TMDX,Healthcare,82.02999877929688,3.89,0.3,79041000.0,fcfe,,,34675145.0,,,130217000.0,395045000.0,,eps_dcf,0.1559999991607666,0.13852499928665163,15.0,135.46648260494797,182.6737986190345,132.99088078311618,95.6859720563568,65.14261199664634,
TMO,Healthcare,674.717529296875,18.59,-0.08134653831791061,7318000000.0,fcfe,,,369747286.0,,,12046000000.0,38485000000.0,128000000.0,eps_dcf,0.0993499991607666,0.09037249928665161,15.0,173.8564537313018,241.94016025419947,169.6205390673502,118.4804912002589,-74.23270536449851,
TMUS,Communication Services,164.13999938964844,9.55,-0.02557821193100196,16236000000.0,fcfe,,,1072671613.0,,,32262000000.0,116614000000.0,,eps_dcf,0.08,0.08,15.0,122.63781893972107,165.52498488997009,121.08957380682197,84.39538838816935,-25.284623251037196,
TNC,Industrials,68.29499816894531,1.02,0.3,-3100000.0,fcfe,,,17049303.0,,,96700000.0,314900000.0,1800000.0,eps_dcf,0.11331999916076661,0.09486499937057497,15.0,42.32071936466921,57.283948392514276,41.52915974259958,29.73216920303301,-38.032476024118225,
TNDM,Healthcare,16.124000549316406,-0.9299999999999999,-0.3,-61742000.0,fcfe,,,69578707.0,,,-36676000.0,676435000.0,,eps_dcf,0.13795999916076662,0.12319099928665163,15.0,,,,,,eps<=0_block|no_intrinsic
TNGX,Healthcare,24.25,-0.85,0.3,-144944000.0,fcfe,,,168610367.0,,,-134424000.0,-313566000.0,,eps_dcf,0.11397999916076662,0.10280799928665163,15.0,,,,,,eps<=0_block|no_intrinsic
TNYA,Healthcare,0.611299991607666,-0.53,0.2969551452001111,-52588000.0,fcfe,,,224230012.0,,,-75523000.0,-74136000.0,,eps_dcf,0.2050599991607666,0.18022599928665162,15.0,,,,,,eps<=0_block|no_intrinsic
TOL,Consumer Cyclical,136.02499389648438,12.46,0.3,1090227000.0,fcfe,,,92147000.0,,,1565164000.0,1854884000.0,10771000.0,eps_dcf,0.12563999916076662,0.10410499937057496,15.0,491.0899384703856,664.0021043435844,481.9660807365324,345.5493457987468,261.0291935349082,
TOMZ,Industrials,1.350000023841858,-0.42,-0.12681358024691358,-2119995.0,fcfe,,,8142577.0,,,-2441031.0,3071450.0,,eps_dcf,0.16098500061035156,0.13061375045776366,15.0,,,,,,eps<=0_block|no_intrinsic
TORO,Energy,5.25,0.026099999999999998,0.3,-51097379.0,fcfe,,,34559330.0,,,10709827.0,-81639618.0,,eps_dcf,0.19761500061035156,0.1501805004272461,15.0,0.7718415867976901,1.036977958974657,0.7580519568561283,0.5480741044454092,-85.29825548956781,
TOST,Technology,30.010000228881836,0.78,-0.3,576000000.0,fcfe,,,578000000.0,,,486000000.0,-998000000.0,,eps_dcf,0.14740000061035158,0.13121500051879886,15.0,2.242124464090203,2.974857839802712,2.106032800541404,1.9176660790240923,-92.52874226261297,
TPC,Industrials,83.5199966430664,2.32,-0.3,621333000.0,fcfe,,,52614703.0,,,346497000.0,-541870000.0,68869000.0,eps_dcf,0.16582500061035158,0.13424375045776368,15.0,6.306944504692545,8.33147107712623,5.930044290822742,5.4131185738682674,-92.448581467686,
TPG,Financial Services,43.71699905395508,0.32,-0.3,917482000.0,fcfe,,,166715021.0,,,,2043979000.0,2506194000.0,eps_dcf,0.13211000061035155,0.11358800048828126,15.0,0.9646448449254035,1.2845882068143963,0.9053362307852788,0.8226273254567853,-97.79343306768415,
TPL,Energy,327.8500061035156,7.846667,-0.2646615866357015,75998000.0,fcfe,,,68974683.0,,,763997000.0,-233099000.0,,eps_dcf,0.08635000061035156,0.08,15.0,31.89492936618204,43.78181425728805,30.82717689756062,23.21130188094029,-90.27148733493952,
TPR,Consumer Cyclical,114.29000091552734,7.29,-0.3,1812500000.0,fcfe,,,199391678.0,,,2133000000.0,2978300000.0,,eps_dcf,0.13112000061035156,0.10821500045776367,15.0,22.04446162086647,29.36291854660105,20.687992684136784,18.795411505320956,-80.71181954302396,
TRAK,Technology,8.125,0.38,-0.1241923845817805,,fcfe,,,18201204.0,,,9821869.0,-26060096.0,,eps_dcf,0.09790000061035156,0.08914000051879882,15.0,2.9290232108391674,4.084994825545611,2.855673734593337,1.9931000248702129,-63.95048355890256,
TRC,Industrials,16.375,0.22999999999999998,-0.3,-30370000.0,fcfe,,,27021444.0,,,6253000.0,92072000.0,15356000.0,eps_dcf,0.08382000061035155,0.08,15.0,0.8071646065016458,1.0697907289523316,0.7600507557300296,0.6858800363658086,-95.07075049464643,
TRDA,Healthcare,6.164999961853027,-3.96,-0.06628556847899969,-136148000.0,fcfe,,,38936669.0,,,-172763000.0,-50736000.0,,eps_dcf,0.08,0.08,15.0,,,,,,eps<=0_block|no_intrinsic
TRGP,Energy,274.30999755859375,10.538240000000002,-0.18345350050963116,740900000.0,fcfe,,,214431021.0,,,5491900000.0,19445700000.0,139200000.0,eps_dcf,0.09207000061035156,0.08,15.0,62.50050106096782,87.42155204549333,60.873918754603146,42.45919699553631,-77.21537617395171,
TRIN,Financial Services,17.738300323486328,1.75,0.2870755089928452,-593924000.0,fcfe,,,94693574.0,,,,1476086000.0,,eps_dcf,0.08921000061035156,0.08,15.0,76.71539937301736,103.89677264209817,75.31987158239201,53.72060947581259,332.4844994953808,upside>300%
TRMB,Technology,57.814998626708984,-0.49000000000000005,0.3,773100000.0,fcfe,,,233111519.0,,,278100000.0,1244900000.0,,eps_dcf,0.12727000061035157,0.11410450051879883,15.0,,,,,,eps<=0_block|no_intrinsic
TRN,Industrials,26.950000762939453,4.1499999999999995,-0.3,-351300000.0,fcfe,,,79669486.0,,,1051900000.0,5070800000.0,2600000.0,eps_dcf,0.12606000061035155,0.10442000045776367,15.0,12.751942357990348,17.00608190300446,11.963945433385376,10.861793586791148,-52.682961050129904,
TRNO,Real Estate,65.51499938964844,3.1,0.05721037798763762,216922000.0,fcfe,,,108970310.0,,,549080000.0,891262000.0,,eps_dcf,0.10961500061035157,0.08507475039672853,15.0,51.072828190995544,70.36955623295285,49.94626612186644,35.15578635642558,-22.044068279324136,
TRNS,Industrials,88.51499938964844,0.37,0.3,25362000.0,fcfe,,,9359813.0,,,38804000.0,136540000.0,,eps_dcf,0.0893949991607666,0.08,15.0,16.982835165676732,22.99130859375,16.67302015062148,11.903806782769225,-80.81360754360145,
TROW,Financial Services,104.61499786376953,9.969999999999999,-0.10078247427462461,1673800000.0,fcfe,,,213315850.0,,,3222600000.0,-2804900000.0,1170300000.0,eps_dcf,0.1337799991607666,0.11492399932861329,15.0,74.95057881151435,103.77730455352747,73.1581658283707,51.50109201893224,-28.35579951058683,
TRP,Energy,58.44499969482422,3.33,-0.25264887803467184,4059000000.0,fcfe,,,1041766896.0,,,11496000000.0,61669000000.0,9716000000.0,eps_dcf,0.1046299991607666,0.08509099941253662,15.0,13.437502670910185,18.709224903808302,13.058908269005414,9.301563643726375,-77.00829371019711,
TRST,Financial Services,54.810001373291016,3.6,-0.18197262333765385,59754000.0,fcfe,,,17027740.0,,,,100240000.0,,eps_dcf,0.08768999916076661,0.08,15.0,21.801928077363574,30.323479147489202,21.285989563936127,14.828192547520281,-60.22271933751916,
TRTX,Real Estate,6.309999942779541,0.75,0.04677581042797452,82892000.0,fcfe,,,76769009.0,,,,3439543000.0,,eps_dcf,0.1332849991607666,0.1004602494544983,15.0,10.772660879206938,14.807584673765954,10.537326303127125,7.443740812887359,70.72362879391098,
TRUP,Financial Services,23.665000915527344,0.53,0.3,82180000.0,fcfe,,,43620472.0,,,52256000.0,-42451000.0,,eps_dcf,0.13223999916076662,0.1136919993286133,15.0,20.3275894295021,27.46891751586862,19.951280947385925,14.315186789484123,-14.10273127788245,
TRV,Financial Services,361.3699951171875,37.34,-0.2829252007168477,,fcfe,,,208575022.0,,,,8586000000.0,,eps_dcf,0.08,0.08,15.0,142.40669395820362,189.7218998637493,136.5292069577198,112.72394905410941,-60.59255171087932,
TSBK,Financial Services,44.650001525878906,3.99,0.004096256802021525,29077000.0,fcfe,,,7775668.0,,,,-239723000.0,,eps_dcf,0.08,0.08,15.0,58.39638759591793,78.63605860593671,57.691665483128254,40.27088292426818,30.786977828145627,
TSCO,Consumer Cyclical,31.280000686645508,1.92,0.3,306981000.0,fcfe,,,521040137.0,,,1850267000.0,6313364000.0,,eps_dcf,0.08,0.08,15.0,90.7730962636119,119.30625000000002,90.10041373883043,64.25799010156823,190.19531416559724,
TSLA,Consumer Cyclical,346.7049865722656,1.08,0.3,5755000000.0,fcfe,,,3949547394.0,,,12028000000.0,861000000.0,661000000.0,eps_dcf,0.15385499916076661,0.12526624937057496,15.0,37.935747338942136,51.16528717476105,37.241676497368076,26.78842002784541,-89.05820544607744,
TSN,Consumer Defensive,51.224998474121094,1.62,-0.3,1161000000.0,fcfe,,,351801512.0,,,2612000000.0,7266000000.0,106000000.0,eps_dcf,0.08,0.08,15.0,5.738575896111936,7.535047743055555,5.422430276832232,4.890540907007425,-88.79731368071964,
TSSI,Technology,9.989999771118164,0.48000000000000004,-0.3,-20978000.0,fcfe,,,28219070.0,,,12410000.0,-28914000.0,,eps_dcf,0.16276499916076662,0.14427524928665164,15.0,1.3168870969080837,1.7408703420758318,1.2379861295863868,1.1296067537054248,-86.8179466758818,
TTD,Communication Services,12.210000038146973,0.8400000000000001,0.3,848637000.0,fcfe,,,472795104.0,,,725666000.0,-688869000.0,,eps_dcf,0.1076549991607666,0.09402399932861329,15.0,35.69347624231695,48.33763927190064,35.02380720053155,25.05832033808945,192.32986184112985,
TTEK,Industrials,33.52000045776367,1.6600000000000001,0.14085345024133544,548208000.0,fcfe,,,256044428.0,,,691688000.0,792662000.0,505000.0,eps_dcf,0.10165999916076661,0.08611999937057496,15.0,39.71665512618442,54.4484999233802,38.884894144114895,27.480093275197202,18.4864396891305,
TTI,Energy,5.849999904632568,0.04000000000000001,-0.15653633777006237,-15089000.0,fcfe,,,148072779.0,,,81872000.0,69252000.0,-1268000.0,eps_dcf,0.12052499916076662,0.09621749941253663,15.0,0.24341826041589631,0.3383662527950636,0.23734637023274885,0.16668593858617126,-95.83900402762168,
TTWO,Communication Services,207.9199981689453,-1.73,-0.19497843786913172,337500000.0,fcfe,,,186980443.0,,,1254100000.0,1579800000.0,,eps_dcf,0.10556000030517577,0.09234800024414062,15.0,,,,,,eps<=0_block|no_intrinsic
TUSK,Industrials,2.8399999141693115,0.020000000000000018,0.10381289062499865,-117668000.0,fcfe,,,48127585.0,,,19160000.0,-46893000.0,,eps_dcf,0.11744000030517578,0.09795500022888184,15.0,0.3867718173955628,0.5306882386454809,0.37854880147688946,0.2675244439016649,-86.38127362378137,
TWI,Industrials,6.860000133514404,-1.21,0.03161812201142311,-8574000.0,fcfe,,,64542352.0,,,78426000.0,534009000.0,8656000.0,eps_dcf,0.1328950003051758,0.10954625022888184,15.0,,,,,,eps<=0_block|no_intrinsic
TWIN,Industrials,26.229999542236328,2.38,-0.3,9186000.0,fcfe,,,14538916.0,,,30419000.0,28999000.0,282000.0,eps_dcf,0.08906000030517577,0.08,15.0,8.24730199317759,11.07000841263717,7.72885247772364,6.979944120079855,-68.55775014445754,
TWST,Healthcare,188.69000244140625,-2.22,0.3,-93223000.0,fcfe,,,66301174.0,,,-112582000.0,-23846000.0,,eps_dcf,0.1745300003051758,0.1542755002593994,15.0,,,,,,eps<=0_block|no_intrinsic
TXN,Technology,282.19000244140625,6.57,-0.3,5355000000.0,fcfe,,,913247686.0,,,9676000000.0,10392000000.0,,eps_dcf,0.12470000030517578,0.11192000025939941,15.0,20.275558231113372,27.048479726198885,19.021221057755476,17.265648256101535,-92.81492680261647,
TXT,Industrials,77.06999969482422,5.305491,-0.023808456671154943,759000000.0,fcfe,,,171986917.0,,,1698000000.0,2199000000.0,,eps_dcf,0.10182000030517578,0.08624000022888184,15.0,63.656450092159936,88.26514642368842,62.1652268207219,43.52142357494557,-17.40437220160661,
TYL,Technology,322.2051086425781,7.539999999999999,-0.11119391695207459,705783000.0,fcfe,,,40952274.0,,,580809000.0,559677000.0,,eps_dcf,0.09835500030517577,0.0895267502593994,15.0,61.66037989355611,85.94216940309961,60.128815291854224,41.97328418911829,-80.8630036459304,
TYRA,Healthcare,22.31999969482422,-2.4,0.3,-109901000.0,fcfe,,,68755939.0,,,-159922000.0,-68253000.0,,eps_dcf,0.09280000030517577,0.0848050002593994,15.0,,,,,,eps<=0_block|no_intrinsic
TZOO,Communication Services,5.574999809265137,0.03000000000000002,0.3,3220000.0,fcfe,,,10202337.0,,,1956000.0,-738000.0,5114000.0,eps_dcf,0.1255800003051758,0.10836400024414065,15.0,1.1826934640926676,1.5991268425312741,1.1607197310302602,0.8321812848412838,-78.78576673442858,
UA,Consumer Cyclical,4.215000152587891,-1.1500000000000001,0.07076969761664809,-81116000.0,fcfe,,,429545541.0,,,105263000.0,980096000.0,,eps_dcf,0.1413650003051758,0.11589875022888185,15.0,,,,,,eps<=0_block|no_intrinsic
UAA,Consumer Cyclical,4.269999980926514,-1.1500000000000001,0.07076969761664809,-81116000.0,fcfe,,,429545541.0,,,105263000.0,980096000.0,,eps_dcf,0.1413650003051758,0.11589875022888185,15.0,,,,,,eps<=0_block|no_intrinsic
UAL,Industrials,111.52999877929688,10.69,0.287209320910756,2544000000.0,fcfe,,,324569728.0,,,5582000000.0,23502000000.0,,eps_dcf,0.12239000030517579,0.10166750022888185,15.0,407.9241947436591,552.2068712413022,400.26917988404176,286.606562824868,265.7528908889232,
UBER,Technology,69.0,4.55,0.3,10116000000.0,fcfe,,,2042560121.0,,,7920000000.0,9861000000.0,1083000000.0,eps_dcf,0.11617500030517577,0.1046737502593994,15.0,186.53843522382155,252.4288595236259,183.0548733559622,131.09869652759528,170.34555829539354,
UCB,Financial Services,33.77000045776367,3.04,-0.3,361193000.0,fcfe,,,119763827.0,,,,725505000.0,,eps_dcf,0.0979199991607666,0.0862359993286133,15.0,10.235866277595916,13.743732475954403,9.588398263574419,8.670404121301912,-69.68946953258714,
UCFI,Consumer Defensive,5.51,0.18113200000000002,-0.09631210937500012,-18653158.0,fcfe,,,52234983.0,,,13317003.0,-19354749.0,,eps_dcf,0.08,0.08,15.0,1.6856290859750063,2.2866183734357084,1.66203357518331,1.1554263308893926,-69.40782058121584,
UDR,Real Estate,33.810001373291016,1.5699999999999998,-0.3,629417000.0,fcfe,,,321264222.0,,,1424916000.0,5993655000.0,900616000.0,eps_dcf,0.0900549991607666,0.08,15.0,5.427193390664563,7.301035252912351,5.08166773749079,4.589928487938098,-83.94796459561253,
UFI,Consumer Cyclical,6.690000057220459,-1.33,0.3,21532000.0,fcfe,,,18588837.0,,,10827000.0,73883000.0,,eps_dcf,0.0915949991607666,0.08,15.0,,,,,,eps<=0_block|no_intrinsic
UFPI,Basic Materials,78.69000244140625,4.36,0.3,267043000.0,fcfe,,,55161491.0,,,516168000.0,-188867000.0,22412000.0,eps_dcf,0.11991999916076661,0.09981499937057495,15.0,175.97521802689545,238.05586291496837,172.69561652507207,123.73337764429264,123.63097289001766,
UG,Consumer Defensive,7.22,0.54,-0.3,3399249.0,fcfe,,,4594319.0,,,2449937.0,-2390738.0,,eps_dcf,0.1052899991607666,0.0921319993286133,15.0,1.774469706385779,2.3783362689224776,1.6629072708436232,1.5052904504755475,-75.42285725227453,
UGI,Utilities,36.15999984741211,2.9899999999999998,-0.3,187000000.0,fcfe,,,214494967.0,,,1761000000.0,6573000000.0,9000000.0,eps_dcf,0.10495999916076659,0.0820489994544983,15.0,9.835963885637566,13.1842759191659,9.21739947834028,8.343345074001089,-72.79877232537791,
UHS,Healthcare,175.34500122070312,24.55,-0.058064019210933515,810741000.0,fcfe,,,58936515.0,,,2820938000.0,5123375000.0,141426000.0,eps_dcf,0.1107349991607666,0.1000497492866516,15.0,244.2279003077019,338.8368679455244,238.41986879560625,167.0430272061664,39.284210332461825,
UIS,Technology,2.2950000762939453,-5.890000000000001,-0.3,31200000.0,fcfe,,,72915955.0,,,-185300000.0,434500000.0,15500000.0,eps_dcf,0.1561099991607666,0.1386184992866516,15.0,,,,,,eps<=0_block|no_intrinsic
ULS,Industrials,64.06999969482422,2.4699999999999998,-0.3,436000000.0,fcfe,,,201898173.0,,,940000000.0,42000000.0,25000000.0,eps_dcf,0.0865899991607666,0.08,15.0,8.610237572721694,11.488622176140257,8.087205067451686,7.300950485113149,-86.56120241340152,
ULTA,Consumer Cyclical,545.385009765625,27.439999999999998,-0.22690352776401956,1149452000.0,fcfe,,,42989311.0,,,1942782000.0,2365580000.0,,eps_dcf,0.0993499991607666,0.08438749937057496,15.0,128.00026142176813,178.81855789124157,124.62822085887713,87.29808664096763,-76.53029343861591,
UMBF,Financial Services,132.0399932861328,12.01,-0.2937601104191059,1040681000.0,fcfe,,,75950030.0,,,,-5473105000.0,,eps_dcf,0.0952799991607666,0.0841239993286133,15.0,41.90093723015274,56.60957357157562,39.452336684594584,34.53810252540432,-68.26648033876165,
UMH,Real Estate,15.420000076293945,0.12000000000000001,-0.24116543209876573,,fcfe,,,85166195.0,,,136623000.0,760864000.0,1525000.0,eps_dcf,0.1046299991607666,0.08183449945449829,15.0,0.5118998572155604,0.7141636259486027,0.4984233211956205,0.3500656965423383,-96.68028628610364,
UNCY,Healthcare,4.619999885559082,-1.4500000000000002,-0.3,-27871000.0,fcfe,,,27855257.0,,,-34521000.0,-43447000.0,,eps_dcf,0.1502249991607666,0.1336162492866516,15.0,,,,,,eps<=0_block|no_intrinsic
UNF,Industrials,252.94000244140625,6.34,0.3,88254000.0,fcfe,,,18084173.0,,,286145000.0,-78177000.0,,eps_dcf,0.0862049991607666,0.08,15.0,293.9204624959837,393.95917968749995,289.64243392306565,206.71583102322157,16.201652431022893,
UNFI,Consumer Defensive,44.98500061035156,1.3399999999999999,0.3,323000000.0,fcfe,,,60317084.0,,,524000000.0,2998000000.0,1000000.0,eps_dcf,0.09676499916076661,0.0853119993286133,15.0,59.634784059609835,80.83745791221058,58.50926925016152,41.80865463535402,32.5659291997146,
UNH,Healthcare,368.42999267578125,15.540000000000001,-0.3,23617000000.0,fcfe,,,897594847.0,,,25619000000.0,44743000000.0,7502000000.0,eps_dcf,0.08661000247955322,0.08,15.0,54.16867481153167,72.28064316486625,50.87724672462127,45.930990718928314,-85.29743074983578,
UNIT,Real Estate,8.380000114440918,2.71,0.3,-891600000.0,fcfe,,,242725135.0,,,2776800000.0,10484200000.0,0.0,eps_dcf,0.12923500247955322,0.0978277516117096,15.0,105.23415097534341,142.2418732779437,103.28284799476907,74.08033761446612,1155.7774407902168,upside>300%
UNP,Industrials,275.7452087402344,12.35,-0.0356424829553853,6504000000.0,fcfe,,,594075498.0,,,13308000000.0,29555000000.0,,eps_dcf,0.10553000247955321,0.0890225018596649,15.0,138.5788469084004,192.17977607954583,135.31665138098145,94.76450431951173,-49.74387858214844,
UNTY,Financial Services,54.540000915527344,5.75,0.11026491824702589,26722000.0,fcfe,,,10042578.0,,,,76112000.0,,eps_dcf,0.08672000247955322,0.08,15.0,128.97910586528047,175.72077717272944,126.68078165745047,89.13240718132155,136.48533865088473,
UONEK,Communication Services,3.609999895095825,-15.11,-0.3,-765000.0,fcfe,,,4614964.0,,,14202000.0,444431000.0,2915000.0,eps_dcf,0.08,0.08,15.0,,,,,,eps<=0_block|no_intrinsic
UP,Industrials,3.3949999809265137,-8.459999999999999,0.22603493564919908,-446049000.0,fcfe,,,36270053.0,,,-141888000.0,628103000.0,0.0,eps_dcf,0.16768000247955323,0.1356350018596649,15.0,,,,,,eps<=0_block|no_intrinsic
UPS,Industrials,94.08999633789062,5.38,0.3,5457000000.0,fcfe,,,850781582.0,,,10822000000.0,24020000000.0,32000000.0,eps_dcf,0.10949000247955323,0.09199250185966493,15.0,226.8455563309802,307.1543594221815,222.5938109613591,159.29198934864215,141.09423441398104,
URI,Industrials,1030.0,41.638754,-0.09119831903381492,632000000.0,fcfe,,,62242489.0,,,7447000000.0,15273000000.0,,eps_dcf,0.15068500247955322,0.12288875185966491,15.0,307.50864063943123,424.405566681093,300.30335715172635,212.22756506088407,-70.14479217092901,
USB,Financial Services,57.96500015258789,5.01,-0.13622156362947035,,fcfe,,,1558051446.0,,,,29517000000.0,463000000.0,eps_dcf,0.10583500030517579,0.09256800024414064,15.0,35.418021689629406,49.34546236834237,34.53150860629813,24.150120260910263,-38.897573369456566,
USGO,Basic Materials,6.739999771118164,-0.79,0.3,,fcfe,,,13877296.0,,,-10930022.0,-7350841.0,,eps_dcf,0.15572000030517577,0.12666500022888183,15.0,,,,,,eps<=0_block|no_intrinsic
UTHR,Healthcare,477.5350036621094,27.95,-0.02193595358090239,1087500000.0,fcfe,,,42890692.0,,,1676500000.0,-1603200000.0,,eps_dcf,0.08312000030517577,0.08,15.0,361.48518538543425,492.21085167248555,355.70152134686396,248.1105112140937,-24.301845390749364,
UTI,Consumer Defensive,18.5049991607666,0.6200000000000001,0.3,-27369000.0,fcfe,,,55095231.0,,,111997000.0,229411000.0,,eps_dcf,0.11661500030517578,0.10119200024414064,15.0,25.371681121449736,34.332314713317174,24.89798440681232,17.832137673494554,37.10717250526301,
UVE,Financial Services,42.53499984741211,7.579999999999999,-0.3,339684000.0,fcfe,,,27830355.0,,,,-434308000.0,,eps_dcf,0.09236000030517577,0.08178800024414062,15.0,26.000502498529983,34.95809493353675,24.348297258407875,21.999525783889545,-38.87268698294849,
UVV,Consumer Defensive,41.810001373291016,0.7500000000000002,0.3,164382000.0,fcfe,,,24899257.0,,,195464000.0,1043616000.0,34065000.0,eps_dcf,0.08345000030517577,0.08,15.0,35.07261068490203,46.604003906250014,34.673548912164634,24.73840278176622,-16.11430391555297,
V,Financial Services,362.5899963378906,11.760000000000002,-0.14130856393439828,21013000000.0,fcfe,,,1877355259.0,,,29074000000.0,11499000000.0,,eps_dcf,0.09428500030517578,0.08332800024414064,15.0,84.74510518517984,118.34529001028933,82.59440105152395,57.59703276103801,-76.62784245536452,
VABK,Financial Services,48.17,4.5600000000000005,-0.3,22564000.0,fcfe,,,5425282.0,,,,-16347000.0,,eps_dcf,0.08,0.08,15.0,16.153028448315084,21.20976401748971,15.26313707552777,13.765966997502382,-66.46662144838056,
VANI,Healthcare,1.24,-0.38,-0.3,-26500000.0,fcfe,,,90203356.0,,,-26748000.0,-2038000.0,,eps_dcf,0.23302000247955323,0.20399200210762025,15.0,,,,,,eps<=0_block|no_intrinsic
VC,Consumer Cyclical,88.0199966430664,7.6499999999999995,0.3,160000000.0,fcfe,,,26695429.0,,,397000000.0,-214000000.0,78000000.0,eps_dcf,0.12423000247955324,0.10304750185966494,15.0,303.2795009562309,410.1148135467596,297.6406091891184,213.3608636670395,244.55750116200568,
VECO,Technology,52.189998626708984,0.38,0.3,42888000.0,fcfe,,,61129640.0,,,51673000.0,81958000.0,,eps_dcf,0.12742000247955323,0.11423200210762025,15.0,14.867130949563636,20.098675210830677,14.591185008965553,10.463424510090846,-71.51344828364266,
VEEV,Healthcare,285.18499755859375,6.08,-0.27214239415298813,,fcfe,,,161908850.0,,,1075341000.0,-1660317000.0,,eps_dcf,0.10597000247955322,0.09599950210762023,15.0,22.454380544376576,30.80434231484051,21.518206671068555,16.91294039383671,-92.12638086273695,
VERU,Healthcare,2.575000047683716,-1.18,-0.3,,fcfe,,,17050320.0,,,-27702873.0,-21197250.0,,eps_dcf,0.08,0.08,15.0,,,,,,eps<=0_block|no_intrinsic
VFC,Consumer Cyclical,14.524999618530273,0.69,0.3,580560000.0,fcfe,,,393134570.0,,,788423000.0,4283619000.0,,eps_dcf,0.14029000247955323,0.11509250185966491,15.0,25.60572171970119,34.576752581105936,25.13377375543869,18.050534751083944,76.28724538508546,
VG,Energy,12.585000038146973,1.2699999999999998,-0.3,-6990000000.0,fcfe,,,2500092851.0,,,7363000000.0,39384000000.0,3507000000.0,eps_dcf,0.10740000247955322,0.08703000173568726,15.0,4.144512350242666,5.552088537518237,3.8843981583160185,3.5172787387470343,-67.06783998665043,
VGAS,Utilities,1.13,-0.326007,-0.3,-12573000.0,fcfe,,,44549622.0,,,-11081000.0,-53095000.0,25917000.0,eps_dcf,0.08,0.08,15.0,,,,,,eps<=0_block|no_intrinsic
VHI,Basic Materials,15.710000038146973,-1.79,-0.3,62700000.0,fcfe,,,28321193.0,,,100500000.0,397700000.0,355100000.0,eps_dcf,0.10866500247955321,0.0913737518596649,15.0,,,,,,eps<=0_block|no_intrinsic
VICI,Real Estate,23.15999984741211,2.5799999999999996,0.3,2636974000.0,fcfe,,,1101077562.0,,,3655736000.0,17555611000.0,431962000.0,eps_dcf,0.08991000247955322,0.08,15.0,118.23108724261937,160.31777343749997,116.00371856277602,82.8265070872688,410.49692582718416,upside>300%
VIR,Healthcare,10.710000038146973,-1.8599999999999999,-0.3,-203593000.0,fcfe,,,169215958.0,,,-268678000.0,-185455000.0,,eps_dcf,0.1417750024795532,0.12643375210762023,15.0,,,,,,eps<=0_block|no_intrinsic
VIRC,Consumer Cyclical,6.494999885559082,0.9400000000000001,-0.3,8833000.0,fcfe,,,15763815.0,,,2108000.0,27828000.0,,eps_dcf,0.08,0.08,15.0,3.329790952064951,4.372188196587791,3.1463484322359876,2.837721267029,-48.733009842411626,
VIRT,Financial Services,54.2400016784668,6.0200000000000005,-0.25534001212689994,478408000.0,fcfe,,,88300678.0,,,2264705000.0,9708225000.0,457250000.0,eps_dcf,0.08644500247955322,0.08,15.0,25.479686298343545,35.22123578080919,24.791587005007457,17.802434695886156,-53.02417863224561,
VITL,Consumer Defensive,9.125,-0.040000000000000036,0.3,-126126000.0,fcfe,,,42931522.0,,,19552000.0,87009000.0,0.0,eps_dcf,0.1099649991607666,0.09587199932861329,15.0,,,,,,eps<=0_block|no_intrinsic
VKTX,Healthcare,31.75,-4.66,0.3,,fcfe,,,125688651.0,,,-559571000.0,-121664000.0,,eps_dcf,0.08972499916076661,0.08219124928665161,15.0,,,,,,eps<=0_block|no_intrinsic
VLGEA,Consumer Defensive,45.599998474121094,3.38,0.29310685416429405,34261000.0,fcfe,,,14809491.0,,,110013000.0,191600000.0,,eps_dcf,0.08,0.08,15.0,155.88263713827064,204.99348325677715,154.71345175215185,110.2793471781205,241.847899900122,
VLO,Energy,397.9049987792969,24.1,-0.3,10120000000.0,fcfe,,,287927461.0,,,13663000000.0,3475000000.0,3267000000.0,eps_dcf,0.0836199991607666,0.08,15.0,84.61797961759368,112.09546333804869,79.69338396781652,71.91428284647014,-78.73412501044548,
VLTO,Industrials,95.5999984741211,3.96,-0.09917527668049175,1047000000.0,fcfe,,,243793344.0,,,1394000000.0,1260000000.0,1000000.0,eps_dcf,0.09412499916076661,0.08046874937057497,15.0,34.8067333418596,48.5227586233009,33.945287474401916,23.675045662791334,-63.5912825340873,
VLY,Financial Services,12.744999885559082,1.1800000000000002,-0.18549375000000012,,fcfe,,,552605226.0,,,,2428792000.0,,eps_dcf,0.1100749991607666,0.0959599993286133,15.0,6.490450935655149,9.045053248327415,6.324494027065298,4.433719348752439,-49.074531236290916,
VMC,Basic Materials,243.83999633789062,8.47,0.2918656773544166,1027200000.0,fcfe,,,129578739.0,,,2362300000.0,4691300000.0,23900000.0,eps_dcf,0.1103499991607666,0.09263749937057494,15.0,345.61890301741346,468.2128785355952,339.10977001165725,242.55232651650027,41.740037814996995,
VMI,Industrials,466.3949890136719,25.68,-0.3,322095000.0,fcfe,,,19304858.0,,,678509000.0,732690000.0,8836000.0,eps_dcf,0.1262400003051758,0.10455500022888184,15.0,78.86328243074563,105.16808597860214,73.99071653757537,67.17617656239987,-83.09088127264724,
VNO,Real Estate,33.9900016784668,0.020000000000000004,0.3,,fcfe,,,186720531.0,,,922081000.0,7465572000.0,909384000.0,eps_dcf,0.13707500030517578,0.10292375019836426,15.0,0.7520095822245529,1.015766266183453,0.738124783108112,0.5299072956149755,-97.78755650164925,
VNOM,Energy,40.18000030517578,0.13,0.3,198000000.0,fcfe,,,194405049.0,,,1099000000.0,1601000000.0,5247000000.0,eps_dcf,0.08,0.08,15.0,6.146095059515389,8.07802734375,6.100548846899976,4.350801413127016,-84.70359628463298,
VNT,Technology,31.59000015258789,2.41,0.3,384800000.0,fcfe,,,135200000.0,,,619600000.0,1665300000.0,6800000.0,eps_dcf,0.11469000030517577,0.10341150025939941,15.0,99.42019882145291,134.55570592283567,97.5620474133145,69.85914594448548,214.7204759139841,
VOYA,Financial Services,94.92500305175781,5.93,0.3,,fcfe,,,90596349.0,,,,1920000000.0,1957000000.0,eps_dcf,0.10138000030517577,0.08900400024414062,15.0,258.7672028030897,350.62734168265354,253.89565603681677,181.52170422234457,172.6017324034185,
VPG,Technology,71.6050033569336,0.29999999999999993,0.3,-7471000.0,fcfe,,,13320430.0,,,25006000.0,-36449000.0,-144000.0,eps_dcf,0.13047500030517578,0.11682875025939941,15.0,11.590112400989389,15.664297358238649,11.375347795773376,8.160221259388166,-83.81382325587573,
VRDN,Healthcare,20.139999389648438,-3.37,0.3,-335039000.0,fcfe,,,113292269.0,,,-370895000.0,77895000.0,,eps_dcf,0.10545000030517578,0.09555750025939941,15.0,,,,,,eps<=0_block|no_intrinsic
VRM,Financial Services,9.800000190734863,-10.58,-0.053100012118012074,70946000.0,fcfe,,,5234356.0,,,-9851000.0,762263000.0,,eps_dcf,0.10743000030517577,0.09384400024414062,15.0,,,,,,eps<=0_block|no_intrinsic
VRNS,Technology,47.459999084472656,-1.23,0.3,118303000.0,fcfe,,,114860485.0,,,-95690000.0,282489000.0,,eps_dcf,0.09753000030517578,0.0888255002593994,15.0,,,,,,eps<=0_block|no_intrinsic
VRRM,Technology,3.134999990463257,0.26,0.3,96911000.0,fcfe,,,151982804.0,,,275598000.0,1038131000.0,,eps_dcf,0.08,0.08,15.0,12.292190119030778,16.1560546875,12.201097693799952,8.701602826254032,292.0953797902363,
VRSK,Industrials,166.34500122070312,6.510000000000001,-4.440892098500626e-16,1236500000.0,fcfe,,,130156012.0,,,1680100000.0,4065700000.0,0.0,eps_dcf,0.08884000030517578,0.08,15.0,91.20634208982992,126.06560218228427,89.20261597245891,62.35826034948853,-45.17037396944726,
VRSN,Technology,283.125,9.219999999999999,-0.06983396518775198,1066100000.0,fcfe,,,90400000.0,,,1206700000.0,1499400000.0,,eps_dcf,0.09087500030517578,0.08316875025939942,15.0,93.93656995773475,130.82428424870918,91.64836762604097,63.91346266184166,-66.82152054472945,
VRTS,Financial Services,131.8000030517578,17.549999999999997,0.22659694427708232,-51895000.0,fcfe,,,6622690.0,,,396605000.0,2538285000.0,206397000.0,eps_dcf,0.12574500030517577,0.10849600024414062,15.0,528.9293443278258,718.851438498538,518.6226565521006,369.9273134842893,301.3120880734088,upside>300%
VRTX,Healthcare,526.0449829101562,17.18,-0.04275462369089034,3796100000.0,fcfe,,,253460924.0,,,5266000000.0,-4165900000.0,,eps_dcf,0.08,0.08,15.0,204.29827100763734,276.0996368909771,201.65205502011923,140.43555308685183,-61.163345788903825,
VSEC,Industrials,169.7050018310547,3.0929,-0.3,-15827000.0,fcfe,,,28064972.0,,,176916000.0,950240000.0,,eps_dcf,0.12057500030517579,0.10030625022888184,15.0,9.671592591818943,12.91514994823071,9.071201977455347,8.229207078497968,-94.30093840047965,
VST,Utilities,135.8699951171875,6.275727,-0.3,2255000000.0,fcfe,,,335635195.0,,,6548000000.0,19460000000.0,12000000.0,eps_dcf,0.13020000030517576,0.09845500019836424,15.0,19.03253529529072,25.356677024069597,17.86049797893734,16.224505515571984,-85.99209834454236,
VSTD,Consumer Cyclical,0.0013,-0.49,0.0,,fcfe,,,14524980.0,,,,11043956.0,,eps_dcf,0.13031000030517575,0.10760750022888182,15.0,,,,,,eps<=0_block|no_intrinsic
VSTS,Industrials,13.390000343322754,-0.05,0.3,136411000.0,fcfe,,,132160105.0,,,222632000.0,1281182000.0,,eps_dcf,0.11359000030517578,0.09506750022888183,15.0,,,,,,eps<=0_block|no_intrinsic
VTR,Real Estate,86.05500030517578,0.54,0.1529960096167482,1091827000.0,fcfe,,,512946359.0,,,2388243000.0,12720043000.0,53165000.0,eps_dcf,0.09225000030517577,0.08,15.0,14.09710131091795,19.32840854368833,13.802607622685475,9.749275142844997,-83.61849833138623,
VTRS,Healthcare,17.85759925842285,-0.36,-0.29393325617283894,1812200000.0,fcfe,,,1148590864.0,,,2621500000.0,12739900000.0,,eps_dcf,0.10099500030517577,0.0917707502593994,15.0,,,,,,eps<=0_block|no_intrinsic
VTS,Energy,16.739999771118164,0.2899999999999999,0.3,34686000.0,fcfe,,,42104317.0,,,130856000.0,164213000.0,,eps_dcf,0.08691500030517578,0.08,15.0,13.414413528778027,18.020214843749994,13.20816697333791,9.42735188012641,-19.86610685669084,
VTSI,Technology,2.690999984741211,-0.15,0.3,-9073063.0,fcfe,,,11319624.0,,,-1280528.0,-2893021.0,,eps_dcf,0.09181000030517578,0.0839635002593994,15.0,,,,,,eps<=0_block|no_intrinsic
VUZI,Technology,2.8698999881744385,-0.39,-0.07916752026652751,-25223091.0,fcfe,,,84414230.0,,,-28046680.0,-16556368.0,,eps_dcf,0.15231000030517577,0.1353885002593994,15.0,,,,,,eps<=0_block|no_intrinsic
VZ,Communication Services,45.96500015258789,3.84,0.2099812305294475,20160000000.0,fcfe,,,4154775202.0,,,48033000000.0,186706000000.0,1276000000.0,eps_dcf,0.08,0.08,15.0,130.14693834410284,172.30202828220925,129.02106105883254,91.36948026180727,183.1435612140978,
W,Consumer Cyclical,104.125,-2.46,0.26045091914819785,433000000.0,fcfe,,,136968070.0,,,109000000.0,2412000000.0,,eps_dcf,0.2173200003051758,0.17286500022888182,15.0,,,,,,eps<=0_block|no_intrinsic
WAB,Industrials,292.3299865722656,7.4399999999999995,-0.20537535117041683,1714000000.0,fcfe,,,168910851.0,,,2491000000.0,5901000000.0,30000000.0,eps_dcf,0.10308500030517578,0.08718875022888184,15.0,38.08695558405182,53.16448819650273,37.096837582953654,25.97977697489541,-86.97124573820055,
WABC,Financial Services,58.34000015258789,4.54,-0.03830636210547178,108630000.0,fcfe,,,23111153.0,,,,-279737000.0,,eps_dcf,0.08257000030517578,0.08,15.0,54.67020676507905,74.41058428648773,53.81234508076837,37.50341429660241,-6.290355464364962,
WAL,Financial Services,75.48500061035156,8.879999999999999,0.009163743133131952,-1650600000.0,fcfe,,,109100864.0,,,,1517000000.0,293000000.0,eps_dcf,0.1252500003051758,0.10810000024414065,15.0,112.21533100028422,154.76550495772128,109.68835083992428,77.24609752392695,48.659111204797,
WAT,Healthcare,445.0350036621094,4.01,0.3,398810000.0,fcfe,,,98185855.0,,,967461000.0,4915000000.0,,eps_dcf,0.11810000030517577,0.1063100002593994,15.0,163.0822800172708,220.64992931484386,160.0399473575509,114.64162869885743,-63.35517910382388,
WATT,Technology,13.130000114440918,-4.67,-0.3,-16045000.0,fcfe,,,5527071.0,,,-8457000.0,-30046000.0,,eps_dcf,0.13879999885559083,0.1239049990272522,15.0,,,,,,eps<=0_block|no_intrinsic
WAY,Healthcare,25.360000610351562,0.7000000000000001,-0.22752380371093783,246260000.0,fcfe,,,191748416.0,,,432417000.0,1469075000.0,,eps_dcf,0.08,0.08,15.0,3.4519530725401517,4.711194201226912,3.3947872738272107,2.3642093399922155,-86.38819799108713,
WBD,Communication Services,30.834999084472656,-0.5399999999999999,0.3,2180000000.0,fcfe,,,2507136702.0,,,13588000000.0,28654000000.0,1157000000.0,eps_dcf,0.13885499885559083,0.11898399908447267,15.0,,,,,,eps<=0_block|no_intrinsic
WBS,Financial Services,77.56999969482422,6.15,-0.010389522316061939,1313897000.0,fcfe,,,162033448.0,,,,1675990000.0,,eps_dcf,0.10772499885559081,0.09407999908447266,15.0,76.46854199378804,105.85189117252325,74.70108528731302,52.38756293447783,-1.4199532104802568,
WBTN,Communication Services,11.010000228881836,-2.63,0.10949165905725122,-13874000.0,fcfe,,,135711070.0,,,-345023000.0,-560515000.0,57636000.0,eps_dcf,0.19671499885559082,0.16527199908447265,15.0,,,,,,eps<=0_block|no_intrinsic
WCC,Industrials,364.5050048828125,14.469999999999999,-0.01305039617311865,155100000.0,fcfe,,,48732854.0,,,1581700000.0,5897100000.0,-7200000.0,eps_dcf,0.13678500217437745,0.1124637516307831,15.0,158.96060431812995,219.14621773578972,155.3616633520636,109.57181379866921,-56.390007767044125,
WDAY,Technology,190.8000030517578,4.93,-0.3,2844000000.0,fcfe,,,241000000.0,,,1760000000.0,3111000000.0,,eps_dcf,0.11198000217437745,0.10110800184822083,15.0,15.849966406699547,21.20950117429132,14.858976270090256,13.463402048935643,-91.69288985682041,
WDC,Technology,452.9150085449219,24.213368,-0.3,3511000000.0,fcfe,,,360540944.0,,,10445000000.0,-527000000.0,,eps_dcf,0.17248000217437742,0.15253300184822083,15.0,64.53631030121619,85.11825548332473,60.70137644708654,55.45916668149654,-85.7509004816264,
WEAV,Healthcare,7.366000175476074,-0.25,-0.3,11022000.0,fcfe,,,80450446.0,,,-818000.0,3751000.0,,eps_dcf,0.14520000217437745,0.12934500184822084,15.0,,,,,,eps<=0_block|no_intrinsic
WEC,Utilities,102.83999633789062,5.16,-0.3,-1373300000.0,fcfe,,,325849383.0,,,4235100000.0,22929700000.0,407700000.0,eps_dcf,0.08,0.08,15.0,18.278426928356534,24.000522440843614,17.27144458546563,15.577278444542166,-82.22634424421699,
WELL,Real Estate,232.55999755859375,2.18,-0.3,2922002000.0,fcfe,,,720572011.0,,,2637318000.0,15281066000.0,1135595000.0,eps_dcf,0.09427000217437745,0.08,15.0,7.4300479319385975,9.98518838061402,6.958645973831753,6.289113357583712,-96.80510491488693,
WEST,Consumer Defensive,8.010000228881836,-0.66,-0.3,-15805000.0,fcfe,,,97627387.0,,,49113000.0,529851000.0,0.0,eps_dcf,0.10136500217437744,0.08899200173950196,15.0,,,,,,eps<=0_block|no_intrinsic
WETH,Technology,1.0199999809265137,0.71,0.0,,fcfe,,,13381534.0,,,11913194.0,-127300796.0,,eps_dcf,0.09350000217437744,0.08540000184822083,15.0,9.775249934214031,13.549932268648618,9.548456422855661,6.68094813385455,858.3578546084593,upside>300%
WEX,Technology,171.77000427246094,10.04,-0.3,49900000.0,fcfe,,,34081611.0,,,1044000000.0,4195600000.0,,eps_dcf,0.09812000217437744,0.08932700184822082,15.0,33.78283385749564,45.35812616066549,31.64625878126531,28.61726678301678,-80.33251847400001,
WEYS,Consumer Cyclical,48.11280059814453,3.63,-0.3,45509000.0,fcfe,,,9550983.0,,,49694000.0,-84582000.0,,eps_dcf,0.10010000217437745,0.08495000163078309,15.0,12.134344194990529,16.284217040757966,11.368167672445644,10.283000916857754,-74.77938501992234,
WF,Financial Services,75.47000122070312,14940.0,-0.20639283719620205,8140478000000.0,fcfe,,,245577537.0,,,,57464492000000.0,1995468000000.0,eps_dcf,0.08101500217437745,0.08,15.0,81647.84970483836,111667.4055701115,80243.50123331373,55841.33925413911,108085.83329032797,upside>300%
WFC,Financial Services,80.73500061035156,6.880000000000001,-0.16343438918510733,,fcfe,,,3023999336.0,,,,3932000000.0,2133000000.0,eps_dcf,0.10285000217437745,0.09018000173950197,15.0,43.20458270489378,60.27448956431081,42.103880844331655,29.436781427163105,-46.48593252211577,
WFCF,Industrials,11.000100135803223,0.28,0.3,1007000.0,fcfe,,,4979663.0,,,2832000.0,-2688000.0,,eps_dcf,0.08,0.08,15.0,13.23774320511007,17.398828125,13.139643670246102,9.370956889812035,20.342024542337995,
WFG,Basic Materials,71.51000213623047,-6.1899999999999995,0.3,-479000000.0,fcfe,,,78303822.0,,,-903000000.0,306000000.0,,eps_dcf,0.11429000217437746,0.09559250163078309,15.0,,,,,,eps<=0_block|no_intrinsic
WGO,Consumer Cyclical,26.6200008392334,1.36,0.3,180600000.0,fcfe,,,28268893.0,,,128200000.0,419900000.0,,eps_dcf,0.11390500217437743,0.09530375163078308,15.0,56.28929703437621,76.18743435604405,55.23680696141943,39.5486299315787,111.45490330494381,
WGS,Healthcare,74.97000122070312,-2.6700000000000004,0.3,-75798000.0,fcfe,,,29822541.0,,,-69383000.0,107085000.0,,eps_dcf,0.16285500217437746,0.14435175184822086,15.0,,,,,,eps<=0_block|no_intrinsic
WH,Consumer Cyclical,72.15499877929688,2.72,0.05296881712168178,323000000.0,fcfe,,,74211122.0,,,500000000.0,2606000000.0,,eps_dcf,0.08750500217437746,0.08,15.0,48.01990535172011,65.86338076317833,47.078011406353255,33.00211177636247,-33.44895549288228,
WHD,Energy,62.279998779296875,1.17,0.3,323965000.0,fcfe,,,69733168.0,,,372729000.0,-309602000.0,462317000.0,eps_dcf,0.12831500217437744,0.10167050152206421,15.0,45.60610687719629,61.649419872055205,44.760032833827516,32.10101601244367,-26.77246664886468,
WHG,Financial Services,19.0,0.8799999999999999,0.3,16641000.0,fcfe,,,9543152.0,,,8463000.0,-10208000.0,1116000.0,eps_dcf,0.08437000217437744,0.08,15.0,41.032617832694285,54.682031249999994,40.522245436347596,28.914321604428626,115.96114648786467,
WHR,Consumer Cyclical,31.290000915527344,2.92,0.3,-329000000.0,fcfe,,,65199378.0,,,982000000.0,6818000000.0,-11000000.0,eps_dcf,0.11550000217437743,0.09650000163078307,15.0,120.0512878180886,162.46631307688992,117.8085335902203,84.36452524289216,283.673008326805,
WHWK,Healthcare,3.700000047683716,-1.12,-0.3,,fcfe,,,57009010.0,,,-82620000.0,-85234000.0,,eps_dcf,0.09680000217437745,0.08820500184822083,15.0,,,,,,eps<=0_block|no_intrinsic
WIT,Technology,1.6449999809265137,12.59,-0.03753097928620619,124837000000.0,fcfe,,,9893340252.0,,,212572000000.0,124378000000.0,2059000000.0,eps_dcf,0.08,0.08,15.0,153.27028977486577,207.0569797155336,151.30038709534145,105.39330787277088,9217.342951489843,upside>300%
WK,Technology,65.58999633789062,0.8300000000000001,-0.3,200143000.0,fcfe,,,54416488.0,,,75493000.0,540196000.0,,eps_dcf,0.08,0.08,15.0,2.9401345640573497,3.860549152306241,2.7781587220807116,2.505647501738372,-95.5174039819867,
WLDN,Industrials,75.68499755859375,4.26,-0.2548024806396961,62334000.0,fcfe,,,15232091.0,,,75799000.0,54321000.0,,eps_dcf,0.11781000217437744,0.09823250163078309,15.0,16.28757647443548,22.57209239969285,15.81211938523473,11.429431816780362,-78.47978199137025,
WLFC,Industrials,51.275001525878906,4.063333,0.3,-519578000.0,fcfe,,,21144111.0,,,382986000.0,2310179000.0,1740000.0,eps_dcf,0.09185000217437744,0.08,15.0,184.67973084700088,250.44947766160524,181.18481541576486,129.39473032610462,260.17498849569324,
WLK,Basic Materials,62.97999954223633,-9.58,-0.3,-265000000.0,fcfe,,,127796548.0,,,83000000.0,4233000000.0,503000000.0,eps_dcf,0.08706500217437745,0.08,15.0,,,,,,eps<=0_block|no_intrinsic
WLYB,Communication Services,47.599998474121094,3.78,-0.3,207716000.0,fcfe,,,50683930.0,,,378656000.0,1268444000.0,,eps_dcf,0.09498500217437744,0.08388800173950196,15.0,12.85255255825855,17.269456818009203,12.037597799688932,10.880512574216752,-72.99883829776557,
WM,Industrials,206.08999633789062,7.0600000000000005,-0.12871513270148738,3573000000.0,fcfe,,,399715184.0,,,7464000000.0,22799000000.0,1000000.0,eps_dcf,0.08,0.08,15.0,56.415679518321895,76.68286734531135,55.58973781099682,38.62631681330764,-72.6257069625899,
WMB,Energy,68.54000091552734,2.36,-0.29569018656625123,-174000000.0,fcfe,,,1223167472.0,,,8061000000.0,30590000000.0,2178000000.0,eps_dcf,0.08643999885559081,0.08,15.0,8.38382419562577,11.225349847276332,7.904877465556508,6.979138734182996,-87.76798353714865,
WMT,Consumer Defensive,106.41000366210938,2.77,0.15025926886105356,13509000000.0,fcfe,,,7933746241.0,,,46764000000.0,62226000000.0,6561000000.0,eps_dcf,0.08517499885559082,0.08,15.0,73.27939216821648,99.0570349459934,72.14738962666183,50.89775701510351,-31.134865476647,
WNEB,Financial Services,13.850000381469727,0.84,0.03791051362751663,16766000.0,fcfe,,,20045872.0,,,,29851000.0,,eps_dcf,0.09413999885559082,0.08321199908447267,15.0,13.580455967590465,18.774079401410823,13.273608007072006,9.307376415325487,-1.9461689996766478,
WOLF,Technology,29.190000534057617,-9.143379999999999,0.3,,fcfe,,,52930569.0,,,312800000.0,1128000000.0,,eps_dcf,0.10744999885559081,0.09725749902725218,15.0,,,,,,eps<=0_block|no_intrinsic
WPM,Basic Materials,135.52999877929688,3.923,-0.3,-2915368000.0,fcfe,,,454159968.0,,,2783136000.0,1876558000.0,,eps_dcf,0.12251999885559083,0.10176499914169312,15.0,12.191200927178787,16.272132001351792,11.435625059704767,10.376997455427844,-91.00479522099644,
WRB,Financial Services,67.96849822998047,4.87,-0.10778362424665766,3432902000.0,fcfe,,,371227529.0,,,,233802000.0,9842000.0,eps_dcf,0.08,0.08,15.0,42.95556406490978,58.31363388242441,42.344521665549365,29.430621445476394,-36.800775089124514,
WRBY,Healthcare,27.75,0.07,-0.3,21746000.0,fcfe,,,123608054.0,,,55022000.0,-41695000.0,,eps_dcf,0.15771999885559082,0.1399869990272522,15.0,0.1949857667209151,0.2580722674632506,0.1832532476963863,0.1670968230521661,-99.29734858839309,
WSBC,Financial Services,37.709999084472656,3.44,-0.3,378404000.0,fcfe,,,95905889.0,,,,875482000.0,,eps_dcf,0.08995999885559082,0.08,15.0,11.894771260738509,16.000348293895744,11.137856740656948,10.059937787825945,-68.4572486090665,
WSC,Industrials,17.424999237060547,-0.38,0.3,297751000.0,fcfe,,,181190958.0,,,551900000.0,3776136000.0,,eps_dcf,0.12455499885559082,0.1032912491416931,15.0,,,,,,eps<=0_block|no_intrinsic
WSO,Industrials,302.2049865722656,10.746653,0.3,697141000.0,fcfe,,,41252194.0,,,708137000.0,171080000.0,478797000.0,eps_dcf,0.10959499885559082,0.09207124914169312,15.0,452.9279077721244,613.2696500703208,444.4392075034275,318.0522662800187,49.874399132,
WSO-B,Industrials,310.9,10.746653,0.3,697141000.0,fcfe,,,41252194.0,,,708137000.0,171080000.0,478797000.0,eps_dcf,0.10959499885559082,0.09207124914169312,15.0,452.9279077721244,613.2696500703208,444.4392075034275,318.0522662800187,45.68282655906222,
WST,Healthcare,372.70001220703125,7.8100000000000005,-0.13018549490698494,436900000.0,fcfe,,,70375762.0,,,879500000.0,-123700000.0,,eps_dcf,0.11487499885559083,0.1035687490272522,15.0,54.93066799934215,76.38826901925634,53.57199577776619,37.54908364415586,-85.26142575792868,
WT,Financial Services,24.315000534057617,0.52,0.2528384614878971,192360000.0,fcfe,,,151512111.0,,,179330000.0,783585000.0,,eps_dcf,0.11855999885559082,0.10274799908447267,15.0,17.791625015997422,24.1516576266732,17.449464419059176,12.458074196136385,-26.828605283898767,
WTFC,Financial Services,143.33999633789062,12.45,-0.1806415658200622,1573031000.0,fcfe,,,67465967.0,,,,204097000.0,,eps_dcf,0.09828500217437744,0.08652800173950197,15.0,73.16734851675922,102.20588882660762,71.27799423723269,49.79687104549038,-48.95538552667167,
WTI,Energy,3.54010009765625,-0.73,-0.3,37819000.0,fcfe,,,150942952.0,,,130550000.0,202711000.0,,eps_dcf,0.08,0.08,15.0,,,,,,eps<=0_block|no_intrinsic
WTRG,Utilities,39.349998474121094,1.9600000000000002,-0.3,-451913000.0,fcfe,,,283632983.0,,,1366337000.0,8514619000.0,,eps_dcf,0.08723000217437744,0.08,15.0,6.821868931280812,9.116477516289436,6.403728032999505,5.781683041116107,-82.66361068408357,
WWD,Industrials,326.54998779296875,8.99,-0.21149595709251323,376527000.0,fcfe,,,59045820.0,,,857474000.0,885199000.0,,eps_dcf,0.10021000217437745,0.08503250163078307,15.0,45.1185383132428,63.02039159162507,43.93875874952296,30.75602372602001,-86.18326749353677,
WWW,Consumer Cyclical,19.114999771118164,1.29,-0.048771194803589824,175000000.0,fcfe,,,82066339.0,,,195600000.0,586900000.0,19200000.0,eps_dcf,0.14773000217437743,0.12067250163078308,15.0,11.63631185386242,16.042666651991663,11.36943862395229,8.030576745463573,-39.12470837983309,
WY,Real Estate,19.44499969482422,0.66,-0.3,-447000000.0,fcfe,,,721042609.0,,,1163000000.0,4922000000.0,,eps_dcf,0.10142000217437744,0.08,15.0,2.1966296143043347,2.946921007985674,2.0580829901346034,1.8619780931321905,-88.70337028141469,
WYNN,Consumer Cyclical,78.41000366210938,4.03,-0.3,791867000.0,fcfe,,,102973891.0,,,1949749000.0,10769110000.0,-737216000.0,eps_dcf,0.10697500217437744,0.09010625163078309,15.0,13.1698020040617,17.644397803908575,12.342959577215337,11.175733484753907,-83.20392629897832,
XAIR,Healthcare,2.7695999145507812,-277.4,-0.3,-19599000.0,fcfe,,,984407.0,,,-26308000.0,18089000.0,842000.0,eps_dcf,0.08,0.08,15.0,,,,,,eps<=0_block|no_intrinsic
XBIT,Healthcare,2.18,-0.6600000000000001,-0.27870864442904153,-40984000.0,fcfe,,,30487731.0,,,-43421000.0,-99278000.0,,eps_dcf,0.09933000217437744,0.09035550184822082,15.0,,,,,,eps<=0_block|no_intrinsic
XBP,Technology,3.2300000190734863,5.495309000000001,0.3,-24747000.0,fcfe,,,14156584.0,,,158625000.0,392201000.0,,eps_dcf,0.08,0.08,15.0,259.805319195465,341.4712028027344,257.88000756391585,183.91537048284314,7943.5082867271685,upside>300%
XEL,Utilities,71.08000183105469,3.65,-0.15786908672930222,-7692000000.0,fcfe,,,624634306.0,,,6533000000.0,38313000000.0,,eps_dcf,0.08,0.08,15.0,25.365313371810657,34.531560780362284,24.97929762671208,17.357113198554764,-64.31441654700603,
XHR,Real Estate,18.1200008392334,-0.07,0.3,115514000.0,fcfe,,,92245835.0,,,207296000.0,1254364000.0,54604000.0,eps_dcf,0.11605000217437744,0.08925750141334535,15.0,,,,,,eps<=0_block|no_intrinsic
XMTR,Industrials,104.16000366210938,-0.6,-0.3,-13932000.0,fcfe,,,57323573.0,,,-3780000.0,318016000.0,1153000.0,eps_dcf,0.12507000217437744,0.10367750163078307,15.0,,,,,,eps<=0_block|no_intrinsic
XOM,Energy,162.8699951171875,7.7700000000000005,-0.3,30553000000.0,fcfe,,,4111911960.0,,,75779000000.0,31780000000.0,6731000000.0,eps_dcf,0.08,0.08,15.0,27.523910316536877,36.140321582433124,26.00758225369534,23.45648323916524,-83.10068696402122,
XPEL,Consumer Cyclical,43.86000061035156,1.97,-0.015533685451373902,-4533000.0,fcfe,,,27570748.0,,,84085000.0,22875000.0,12431000.0,eps_dcf,0.11487499885559083,0.09603124914169311,15.0,23.289275065621794,32.21469469290035,22.75211596878694,15.975332728847814,-46.90087838228346,
XPO,Industrials,175.3000030517578,3.39,-0.3,588000000.0,fcfe,,,117086465.0,,,1288000000.0,3690000000.0,,eps_dcf,0.14616999885559082,0.11950249914169311,15.0,9.781552693068083,12.982008218257437,9.187220044387438,8.36409511392066,-94.42010694650128,
XPON,Industrials,4.585000038146973,-7.107492000000001,-0.3,,fcfe,,,953191.0,,,-6636210.0,-838630.0,,eps_dcf,0.08869499885559082,0.08,15.0,,,,,,eps<=0_block|no_intrinsic
XPRO,Energy,15.930000305175781,0.18,0.3,111977000.0,fcfe,,,112349149.0,,,259414000.0,-28226000.0,,eps_dcf,0.10739499885559081,0.08702649919891356,15.0,7.657004343459242,10.369681724991569,7.513325829469147,5.3753625038971995,-51.93343253752845,
XTIA,Industrials,0.8270000219345093,-5.2,-0.3,-32124000.0,fcfe,,,38477789.0,,,-70716000.0,-2464000.0,10277000.0,eps_dcf,0.08,0.08,15.0,,,,,,eps<=0_block|no_intrinsic
XYL,Industrials,101.33999633789062,3.52,-0.3,960000000.0,fcfe,,,233486812.0,,,1861000000.0,1779000000.0,245000000.0,eps_dcf,0.10744999885559081,0.0904624991416931,15.0,11.485272326237075,15.38576128368232,10.764473752634423,9.747179089599785,-88.66659488723232,
XYZ,Technology,74.06500244140625,1.24,0.3,3881840000.0,fcfe,,,600795000.0,,,2840428000.0,-4786297000.0,-35758000.0,eps_dcf,0.19115999885559082,0.1684109990272522,15.0,37.594452033069516,50.537583236186435,36.92043137461377,26.673382805319836,-49.24127348431406,
XZO,Financial Services,14.390000343322754,0.963194,-0.04907028808593772,81531000.0,fcfe,,,90085918.0,,,113706000.0,-130109000.0,,eps_dcf,0.10743000030517577,0.09384400024414062,15.0,10.104731744511454,14.019657885574244,9.865153254524987,6.908541073408058,-29.779489204805675,
YELP,Communication Services,18.57990074157715,2.09,0.3,297431000.0,fcfe,,,54263621.0,,,241541000.0,29161000.0,,eps_dcf,0.08,0.08,15.0,98.81029749528585,129.86982421874998,98.07805453862267,69.94749964181126,431.812838344035,upside>300%
YEXT,Technology,6.590000152587891,0.17,-0.3,52982000.0,fcfe,,,98978704.0,,,74472000.0,134846000.0,,eps_dcf,0.11590000030517578,0.10444000025939941,15.0,0.5396528643077836,0.7214488485376374,0.5060217855312024,0.4587501164076734,-91.81103411513789,
YHC,Consumer Defensive,1.3199000358581543,-251.64000000000001,-0.3,,fcfe,,,1303857.0,,,-6751197.0,39855358.0,58803598.0,eps_dcf,0.23855000030517579,0.19874000024414062,15.0,,,,,,eps<=0_block|no_intrinsic
ZBH,Healthcare,89.69000244140625,4.18,-0.24477955634700788,1401800000.0,fcfe,,,190737689.0,,,2331000000.0,7069000000.0,8700000.0,eps_dcf,0.08,0.08,15.0,18.897328379685092,25.79833371364945,18.578442293991678,12.952981302800985,-78.93039595797696,
ZBRA,Technology,375.760009765625,10.930000000000001,-0.3,904000000.0,fcfe,,,47310660.0,,,1055000000.0,2805000000.0,,eps_dcf,0.1408150003051758,0.12561775025939942,15.0,32.064062658064714,42.60972675874771,30.107034991034617,27.389481558472013,-91.46687730872047,
ZETA,Technology,30.010000228881836,-0.009188999999999998,-0.3,201993000.0,fcfe,,,251013605.0,,,62121000.0,-112471000.0,,eps_dcf,0.13141000030517577,0.1176235002593994,15.0,,,,,,eps<=0_block|no_intrinsic
ZS,Technology,199.5699005126953,-0.39,-0.3,779143000.0,fcfe,,,163054698.0,,,176461000.0,927470000.0,,eps_dcf,0.10461000217437744,0.09484350184822082,15.0,,,,,,eps<=0_block|no_intrinsic
ZTEK,Healthcare,0.492,-0.06999999999999999,0.24143613778387563,-6305950.0,fcfe,,,126619532.0,,,-9669377.0,-14670521.0,,eps_dcf,0.08,0.08,15.0,,,,,,eps<=0_block|no_intrinsic
ZTS,Healthcare,70.4000015258789,6.069999999999999,0.03428638604901413,2316000000.0,fcfe,,,413223602.0,,,3992000000.0,7765000000.0,0.0,eps_dcf,0.09256500217437744,0.08460525184822082,15.0,97.25311127899005,134.50810969977582,95.04772859245219,66.61426091781794,38.14362098165579,
ZVIA,Consumer Defensive,1.2400000095367432,-0.13,0.3,2903000.0,fcfe,,,72136516.0,,,-7880000.0,-28163000.0,-10834000.0,eps_dcf,0.10532500217437744,0.09216000173950196,15.0,,,,,,eps<=0_block|no_intrinsic
ZWS,Industrials,46.90999984741211,1.6099999999999999,-0.3,378500000.0,fcfe,,,165864097.0,,,471400000.0,185500000.0,,eps_dcf,0.09504000217437744,0.08115500163078307,15.0,5.473230060212919,7.3540604692612686,5.126199161140837,4.633492348380814,-88.33248757617538,
