symbol,sector,last_price,intrinsic_value,margin_%,pt_mean,pt_median,pt_high,pt_low,pt_count,rec_mean,last_update,source
2S,Basic Materials,3.5799999237060547,9.93281774857154,177.45301564948025,,,,,,,,yfinance.info/recommendations
88TH,Consumer Defensive,3.4600000381469727,6.01402843397451,73.81584877656144,,,,,,,,yfinance.info/recommendations
A,Real Estate,1.5,-15.71846196246694,-1147.8974641644627,,,,,,,,yfinance.info/recommendations
A5,Real Estate,1.7599999904632568,1.4201525894023912,-19.309511528543418,,,,,,,,yfinance.info/recommendations
AAI,Consumer Defensive,4.159999847412109,3.709197515022425,-10.83659492608212,4.4,4.4,4.8,4.0,2.0,1.66667,1970-01-01,yfinance.info/recommendations
AAV,Industrials,0.8100000023841858,1.9022384678235456,134.84425459560768,1.10545,1.12,1.36,0.9,11.0,2.72727,1970-01-01,yfinance.info/recommendations
ABM,Utilities,0.75,-0.4401058724643495,-158.6807829952466,,,,,,,,yfinance.info/recommendations
ACC,Industrials,0.3000000119209289,-0.0824150981067374,-127.47169827728526,,,,,,,,yfinance.info/recommendations
ACE,Utilities,1.350000023841858,1.256104385829474,-6.955232322527946,,,,,,,,yfinance.info/recommendations
ACG,Consumer Cyclical,0.9700000286102296,1.085623874434042,11.919983753966777,,,,,,,,yfinance.info/recommendations
ADB,Basic Materials,0.9800000190734864,0.9345887411696115,-4.633803777555812,,,,,,,,yfinance.info/recommendations
ADD,Communication Services,3.7799999713897705,5.076214074254475,34.291378642210226,,,,,,,,yfinance.info/recommendations
ADVANC,Communication Services,342.0,298.4423805183295,-12.73614604727207,407.15,410.5,450.0,323.0,20.0,1.57143,1970-01-01,yfinance.info/recommendations
ADVICE,Technology,6.699999809265137,4.501442428449423,-32.81429020005977,8.15,8.1,9.1,7.5,6.0,1.0,1970-01-01,yfinance.info/recommendations
AE,Consumer Cyclical,0.2199999988079071,-0.2635011109951792,-219.77323291953974,,,,,,,,yfinance.info/recommendations
AEONTS,Financial Services,92.0,,,111.7,116.0,135.0,70.0,10.0,2.2,1970-01-01,yfinance.info/recommendations
AF,Financial Services,0.4099999964237213,-1.3412891212721323,-427.1436909687079,,,,,,,,yfinance.info/recommendations
AFC,Consumer Cyclical,4.539999961853027,17.218306491855817,279.2578554302028,,,,,,,,yfinance.info/recommendations
AGE,Energy,1.350000023841858,1.2964930728252893,-3.9634777830816237,,,,,,,,yfinance.info/recommendations
AH,Consumer Cyclical,15.199999809265137,29.7186121309212,95.51718752526737,18.06667,18.0,19.2,17.0,3.0,1.66667,1970-01-01,yfinance.info/recommendations
AHC,Healthcare,12.0,12.463496378769229,3.862469823076905,,,,,,,,yfinance.info/recommendations
AI,Industrials,3.299999952316284,4.947647328076912,49.92870907783308,,,,,,,,yfinance.info/recommendations
AIE,Consumer Defensive,1.5299999713897705,2.662874592475816,74.04409426602815,,,,,,,,yfinance.info/recommendations
AIMCG,Real Estate,1.4299999475479126,,,,,,,,,,yfinance.info/recommendations
AIMIRT,Real Estate,12.199999809265137,,,13.2,13.2,13.2,13.2,1.0,2.0,1970-01-01,yfinance.info/recommendations
AIRA,Financial Services,1.01,-0.0839606624201125,-108.31293687327847,,,,,,,,yfinance.info/recommendations
AIT,Technology,4.78000020980835,7.4691260895234,56.25786112304102,,,,,,,,yfinance.info/recommendations
AJ,Consumer Cyclical,3.380000114440918,-9.837474272278984,-391.04952482837973,,,,,,,,yfinance.info/recommendations
AJA,Technology,0.1400000005960464,-0.1016700276063801,-172.62144798108756,,,,,,,,yfinance.info/recommendations
AKP,Industrials,0.7400000095367432,2.729114392695299,268.7992375032247,,,,,,,,yfinance.info/recommendations
AKR,Industrials,1.100000023841858,0.7926828340247399,-27.93792574147249,,,,,,,,yfinance.info/recommendations
AKS,Real Estate,0.01,,,,,,,,,,yfinance.info/recommendations
ALLA,Industrials,1.1100000143051147,1.8336923945468175,65.19751089325442,,,,,,,,yfinance.info/recommendations
ALLY,Real Estate,4.920000076293945,,,5.3,5.3,5.3,5.3,1.0,3.0,1970-01-01,yfinance.info/recommendations
ALPHAX,Utilities,0.2199999988079071,-0.0453123338267614,-120.596515487405,,,,,,,,yfinance.info/recommendations
ALT,Technology,1.690000057220459,1.677541358078951,-0.7372011076732556,,,,,,,,yfinance.info/recommendations
ALUCON,Basic Materials,254.0,200.3027989128285,-21.140630349280116,,,,,,,,yfinance.info/recommendations
AMA,Industrials,3.799999952316284,9.28279923966325,144.28419358281658,,,,,,,,yfinance.info/recommendations
AMANAH,Financial Services,0.7200000286102295,-1.2576809001246172,-274.67789585400976,0.72,0.72,0.72,0.72,1.0,,1970-01-01,yfinance.info/recommendations
AMARC,Technology,2.940000057220459,3.854710298820534,31.112592646166892,3.8,3.8,3.8,3.8,1.0,1.0,1970-01-01,yfinance.info/recommendations
AMARIN,Communication Services,1.9900000095367432,3.1712673935289506,59.36016976538595,,,,,,,,yfinance.info/recommendations
AMATA,Real Estate,32.5,-4.952695413425332,-115.23906281053948,33.70714,35.0,40.0,19.0,14.0,1.86667,1970-01-01,yfinance.info/recommendations
AMATAR,Real Estate,7.349999904632568,,,,,,,,,,yfinance.info/recommendations
AMATAV,Real Estate,2.220000028610229,1.6042476641860142,-27.73659263462668,,,,,,,,yfinance.info/recommendations
AMC,Basic Materials,2.5,5.082774701056473,103.31098804225891,,,,,,,,yfinance.info/recommendations
AMR,Industrials,0.3899999856948852,-2.124130108193126,-644.6487656681429,,,,,,,,yfinance.info/recommendations
ANAN,Real Estate,0.3000000119209289,1.8036314196211496,501.21044931709315,,,,,,,,yfinance.info/recommendations
ANI,Industrials,3.299999952316284,5.539667548436124,67.86871601461107,,,,,,,,yfinance.info/recommendations
AOT,Industrials,60.0,22.41247995669435,-62.645866738842734,68.10714,70.0,85.0,46.0,21.0,1.90476,1970-01-01,yfinance.info/recommendations
AP,Real Estate,7.75,4.590124323793422,-40.772589370407466,10.11154,10.0,11.5,9.25,13.0,1.15385,1970-01-01,yfinance.info/recommendations
APCO,Consumer Defensive,2.5199999809265137,1.690567682049299,-32.91398036329596,,,,,,,,yfinance.info/recommendations
APCS,Industrials,1.38,-0.7751586866992184,-156.17091932603034,,,,,,,,yfinance.info/recommendations
APO,Consumer Defensive,1.7699999809265137,-0.2079998897737909,-111.75140632854202,,,,,,,,yfinance.info/recommendations
APP,Technology,3.539999961853028,7.062813886778146,99.51451872561849,,,,,,,,yfinance.info/recommendations
APURE,Consumer Defensive,2.140000104904175,0.4053295448337091,-81.05936799232731,,,,,,,,yfinance.info/recommendations
AQUA,Consumer Cyclical,0.1000000014901161,-0.4159245149281482,-515.9245087303901,,,,,,,,yfinance.info/recommendations
ARIN,Real Estate,0.449999988079071,-0.8053770697349869,-278.97268690448755,,,,,,,,yfinance.info/recommendations
ARIP,Industrials,0.4300000071525574,0.7637044868657898,77.60569166568392,,,,,,,,yfinance.info/recommendations
ARROW,Industrials,5.800000190734863,5.759598874192626,-0.6965744002349443,,,,,,,,yfinance.info/recommendations
AS,Communication Services,2.200000047683716,4.218797472646951,91.76351732759002,,,,,,,,yfinance.info/recommendations
ASAP,Industrials,2.119999885559082,8.84228895578665,317.0891242031732,,,,,,,,yfinance.info/recommendations
ASEFA,Industrials,6.449999809265137,6.291565629606875,-2.456343943307994,,,,,,,,yfinance.info/recommendations
ASIA,Consumer Cyclical,5.5,4.061011943258639,-26.163419213479294,,,,,,,,yfinance.info/recommendations
ASIAN,Consumer Defensive,7.099999904632568,12.10910391287708,70.55076162714029,,,,,,,,yfinance.info/recommendations
ASIMAR,Industrials,1.4600000381469729,4.797507297096392,228.59638162649452,,,,,,,,yfinance.info/recommendations
ASK,Financial Services,10.0,2.245192433264088,-77.54807566735911,13.25,13.0,14.0,12.75,3.0,,1970-01-01,yfinance.info/recommendations
ASN,Financial Services,1.0399999618530271,1.2621147516324354,21.35719210832024,,,,,,,,yfinance.info/recommendations
ASP,Financial Services,2.319999933242798,1.383723159136755,-40.35675866582267,,,,,,,,yfinance.info/recommendations
ASTR,Financial Services,3.5,-0.0109815202555028,-100.3137577215858,,,,,,,,yfinance.info/recommendations
ASW,Real Estate,7.599999904632568,-0.623594980279504,-108.20519721190249,9.575,9.9,11.0,7.5,4.0,,1970-01-01,yfinance.info/recommendations
ATLAS,Energy,1.7799999713897705,5.393680390575291,203.01575714993228,,,,,,,,yfinance.info/recommendations
ATP30,Industrials,0.7699999809265137,1.800997624849796,133.89580122881554,1.08,1.08,1.08,1.08,1.0,,1970-01-01,yfinance.info/recommendations
AU,Consumer Cyclical,4.159999847412109,4.610837177871157,10.837436225857282,5.25,5.25,6.2,4.3,2.0,2.0,1970-01-01,yfinance.info/recommendations
AUCT,Consumer Cyclical,4.059999942779541,4.388215358508424,8.084123654055547,,,,,,,,yfinance.info/recommendations
AURA,Consumer Cyclical,13.100000381469728,-14.080472736527978,-207.48452157638982,19.6,19.3,22.3,17.5,4.0,,1970-01-01,yfinance.info/recommendations
AWC,Consumer Cyclical,3.140000104904175,-0.3304587826481142,-110.52416470088617,3.28583,3.415,4.0,1.9,12.0,2.16667,1970-01-01,yfinance.info/recommendations
AXTRART,Real Estate,12.600000381469728,,,14.5,14.5,14.7,14.3,2.0,,1970-01-01,yfinance.info/recommendations
AYUD,Financial Services,42.5,,,,,,,,,,yfinance.info/recommendations
B,Industrials,0.0299999993294477,-0.5922372939975209,-2074.124357450191,,,,,,,,yfinance.info/recommendations
B-WORK,Unknown,4.08,1.7046844781561257,-58.21851769225182,,,,,,,,yfinance.info/recommendations
B52,Real Estate,0.2399999946355819,-0.5037015392215971,-309.87564603341843,,,,,,,,yfinance.info/recommendations
BA,Industrials,19.399999618530277,25.00634081215955,28.898666514788328,21.44444,22.5,25.0,11.7,9.0,,1970-01-01,yfinance.info/recommendations
BAFS,Industrials,9.850000381469728,0.3483741901873491,-96.46320632796395,14.0,14.0,14.0,14.0,1.0,,1970-01-01,yfinance.info/recommendations
BAM,Financial Services,6.599999904632568,-17.229538391457123,-361.05361576389777,7.14286,7.2,9.0,5.7,7.0,2.77778,1970-01-01,yfinance.info/recommendations
BANPU,Utilities,14.5,25.68393481993404,77.13058496506235,15.52222,15.7,20.0,6.5,9.0,1.66667,1970-01-01,yfinance.info/recommendations
BAREIT,Real Estate,11.5,,,,,,,,,,yfinance.info/recommendations
BAY,Financial Services,36.25,,,47.0,48.0,50.0,43.0,3.0,1.66667,1970-01-01,yfinance.info/recommendations
BBGI,Basic Materials,6.449999809265137,9.51110767626739,47.459038101134645,9.7,9.7,9.7,9.7,1.0,,1970-01-01,yfinance.info/recommendations
BBIK,Industrials,18.799999237060547,20.408636130912758,8.556579569860277,26.725,26.75,29.25,23.7,6.0,1.0,1970-01-01,yfinance.info/recommendations
BBL,Financial Services,184.5,,,202.25,210.0,240.0,120.0,20.0,2.3,1970-01-01,yfinance.info/recommendations
BC,Real Estate,0.5600000023841858,-7.602920873815283,-1457.6644359725071,,,,,,,,yfinance.info/recommendations
BCH,Healthcare,11.100000381469728,7.73113296893314,-30.350155826666054,11.86429,12.35,15.0,8.8,14.0,2.13333,1970-01-01,yfinance.info/recommendations
BCP,Energy,50.0,31.243357656609422,-37.513284686781155,59.6,60.0,75.0,47.0,14.0,1.35714,1970-01-01,yfinance.info/recommendations
BCPG,Utilities,6.349999904632568,2.122069005139988,-66.58158996834224,8.75,8.7,11.0,6.85,7.0,,1970-01-01,yfinance.info/recommendations
BCT,Basic Materials,53.25,16.364290129115943,-69.26893872466489,,,,,,,,yfinance.info/recommendations
BDMS,Healthcare,19.200000762939453,12.159488966998376,-36.66933081341815,24.79348,25.0,29.8,20.5,23.0,1.3913,1970-01-01,yfinance.info/recommendations
BE8,Technology,4.840000152587891,0.0712970752796777,-98.526919978679,5.9,5.9,6.0,5.8,2.0,,1970-01-01,yfinance.info/recommendations
BEAUTY,Consumer Cyclical,0.3000000119209289,-0.0523442711938401,-117.4480897046219,,,,,,,,yfinance.info/recommendations
BEC,Communication Services,1.8600000143051147,6.966138731233903,274.5235848203158,2.36,1.7,4.0,1.38,3.0,,1970-01-01,yfinance.info/recommendations
BEM,Industrials,6.099999904632568,-11.710603480484403,-291.97710923882033,8.81818,8.8,10.5,7.3,11.0,1.08333,1970-01-01,yfinance.info/recommendations
BEYOND,Consumer Cyclical,7.05,13.759790890126428,95.17433886704154,,,,,,,,yfinance.info/recommendations
BGC,Consumer Cyclical,6.449999809265137,14.883331487539596,130.74933221176775,,,,,,,,yfinance.info/recommendations
BGRIM,Utilities,18.399999618530277,2.2083405397039897,-87.99814899191621,19.73125,19.85,25.0,14.8,16.0,1.8125,1970-01-01,yfinance.info/recommendations
BGT,Consumer Cyclical,0.3499999940395355,2.026348851706608,478.9568246328925,,,,,,,,yfinance.info/recommendations
BH,Healthcare,193.0,106.91862584774265,-44.601748265418315,215.45454,220.0,240.0,160.0,22.0,1.63636,1970-01-01,yfinance.info/recommendations
BIG,Consumer Cyclical,0.3000000119209289,0.9910099754241816,230.33664534832835,,,,,,,,yfinance.info/recommendations
BIOTEC,Basic Materials,0.3000000119209289,0.5923473115291211,97.44909599711826,,,,,,,,yfinance.info/recommendations
BIS,Consumer Defensive,2.4800000190734863,2.4642371313861045,-0.6356003050867234,,,,,,,,yfinance.info/recommendations
BIZ,Healthcare,6.099999904632568,6.599072968713182,8.181525768575817,,,,,,,,yfinance.info/recommendations
BJC,Industrials,17.5,2.594176586317957,-85.17613379246882,17.54667,18.5,21.0,12.0,15.0,2.29412,1970-01-01,yfinance.info/recommendations
BJCHI,Industrials,3.220000028610229,3.983579733949969,23.713655234633816,,,,,,,,yfinance.info/recommendations
BKA,Unknown,0.6299999952316284,,,,,,,,,,yfinance.info/recommendations
BKD,Unknown,1.1299999952316284,3.950448481372075,249.59721221612114,,,,,,,1970-01-01,yfinance.info/recommendations
BKGI,Healthcare,2.299999952316284,0.3882229898588289,-83.12073922141357,,,,,,,,yfinance.info/recommendations
BKIH,Financial Services,386.0,,,,,,,,,,yfinance.info/recommendations
BLA,Financial Services,22.799999237060547,,,31.0,31.0,31.0,31.0,1.0,,1970-01-01,yfinance.info/recommendations
BLAND,Real Estate,0.5400000214576721,0.601269668205536,11.346230428375355,,,,,,,,yfinance.info/recommendations
BLC,Consumer Defensive,4.0,-0.7639001051991221,-119.09750262997805,,,,,,,,yfinance.info/recommendations
BLESS,Real Estate,0.2599999904632568,-0.2256022972317251,-186.77011750260323,,,,,,,,yfinance.info/recommendations
BM,Industrials,1.399999976158142,0.7428635961504118,-46.93831365704974,,,,,,,,yfinance.info/recommendations
BOFFICE,Real Estate,5.150000095367432,,,,,,,,,,yfinance.info/recommendations
BOL,Industrials,4.980000019073486,3.538607401707737,-28.943626743879324,,,,,,,,yfinance.info/recommendations
BPS,Technology,0.6499999761581421,0.3862717426145367,-40.5735758795538,,,,,,,,yfinance.info/recommendations
BR,Consumer Defensive,1.8799999952316284,5.7470556717735,205.6944514016036,,,,,,,,yfinance.info/recommendations
BRI,Real Estate,1.1799999475479126,,,,,,,,,,yfinance.info/recommendations
BROCK,Real Estate,1.24,0.1316938591231704,-89.3795274900669,,,,,,,,yfinance.info/recommendations
BRR,Consumer Defensive,3.700000047683716,1.7643277908540993,-52.315465726585366,,,,,,,,yfinance.info/recommendations
BSBM,Basic Materials,0.6399999856948853,-1.101837315753905,-272.16208443467013,,,,,,,,yfinance.info/recommendations
BSM,Industrials,0.699999988079071,0.1296011227328362,-81.48555358000998,,,,,,,,yfinance.info/recommendations
BTC,Financial Services,0.2800000011920929,0.0458099102953019,-83.63931782133308,,,,,,,,yfinance.info/recommendations
BTG,Consumer Defensive,20.0,34.04123612676796,70.20618063383981,23.81667,23.5,25.5,21.2,9.0,1.44444,1970-01-01,yfinance.info/recommendations
BTNC,Consumer Cyclical,13.0,24.35681680211168,87.36012924701294,,,,,,,,yfinance.info/recommendations
BTS,Industrials,1.9299999475479128,1.0764776943707106,-44.22395214370923,2.66167,2.85,3.57,1.7,6.0,2.66667,1970-01-01,yfinance.info/recommendations
BTW,Industrials,0.1199999973177909,-1.0704057414009993,-992.0048044386945,,,,,,,,yfinance.info/recommendations
BUI,Financial Services,12.300000190734863,,,,,,,,,,yfinance.info/recommendations
BVG,Technology,1.590000033378601,2.406910752637502,51.37803157922218,,,,,,,,yfinance.info/recommendations
BWG,Industrials,0.25,1.1986993532925287,379.4797413170115,,,,,,,,yfinance.info/recommendations
BYD,Financial Services,0.3700000047683716,-0.1371075346927174,-137.0560899799312,,,,,,,,yfinance.info/recommendations
CAZ,Industrials,2.259999990463257,20.947080488782223,826.861972441357,,,,,,,,yfinance.info/recommendations
CBG,Consumer Defensive,50.25,32.80588944996794,-34.71464786076031,62.38667,64.0,81.0,48.8,15.0,1.66667,1970-01-01,yfinance.info/recommendations
CCET,Technology,8.949999809265137,-0.0123981751501874,-100.13852709960231,9.28,9.5,10.2,7.5,5.0,,1970-01-01,yfinance.info/recommendations
CCP,Basic Materials,0.2800000011920929,0.766435269679239,173.7268808629144,,,,,,,,yfinance.info/recommendations
CEN,Basic Materials,0.5600000023841858,-2.4209982655968902,-532.3211170159914,,,,,,,,yfinance.info/recommendations
CENTEL,Consumer Cyclical,43.75,29.602664109368284,-32.33676775001535,44.90556,46.25,50.0,31.0,18.0,1.55556,1970-01-01,yfinance.info/recommendations
CEYE,Consumer Cyclical,1.1799999475479126,1.136094710515901,-3.7207829647152533,,,,,,,,yfinance.info/recommendations
CFARM,Consumer Defensive,0.8700000047683716,1.2393904417054236,42.45867067959365,,,,,,,,yfinance.info/recommendations
CFRESH,Consumer Defensive,1.659999966621399,2.9567039385346536,78.11469867390653,,,,,,,,yfinance.info/recommendations
CGD,Real Estate,0.1000000014901161,-0.2423555263361042,-342.3555227247255,,,,,,,,yfinance.info/recommendations
CGH,Financial Services,0.6800000071525574,-0.0661296917640973,-109.72495456889916,,,,,,,,yfinance.info/recommendations
CH,Consumer Defensive,1.5299999713897705,-1.8673449711448744,-222.0486932067507,,,,,,,,yfinance.info/recommendations
CHAO,Consumer Defensive,3.900000095367432,0.3217462180068964,-91.75009717591857,,,,,,,,yfinance.info/recommendations
CHARAN,Financial Services,20.600000381469727,,,,,,,,,,yfinance.info/recommendations
CHASE,Financial Services,0.449999988079071,0.5421774852869848,20.483888811063043,,,,,,,,yfinance.info/recommendations
CHAYO,Financial Services,1.2799999713897705,-4.141598407989156,-423.5623828563357,1.15,1.15,1.15,1.15,1.0,,1970-01-01,yfinance.info/recommendations
CHEWA,Real Estate,0.1400000005960464,-2.3020888585877994,-1744.3491777047966,,,,,,,,yfinance.info/recommendations
CHG,Healthcare,1.5199999809265137,1.2592621202838363,-17.15380683648068,1.77636,1.85,2.05,1.3,11.0,2.0,1970-01-01,yfinance.info/recommendations
CHIC,Consumer Cyclical,0.3000000119209289,0.4670938599461515,55.6979471285033,,,,,,,,yfinance.info/recommendations
CHO,Industrials,0.02,-7.415566735699278,-37177.83367849639,,,,,,,,yfinance.info/recommendations
CHOTI,Consumer Defensive,70.0,-365.35796226927096,-621.9399460989586,,,,,,,,yfinance.info/recommendations
CHOW,Basic Materials,1.3300000429153442,3.282881478740596,146.8331859256605,,,,,,,,yfinance.info/recommendations
CI,Real Estate,0.3300000131130218,-2.411940903372961,-830.8911537972863,,,,,,,,yfinance.info/recommendations
CIG,Industrials,0.0199999995529651,-0.1247481315117284,-723.7406715003343,,,,,,,,yfinance.info/recommendations
CITY,Industrials,1.46,,,,,,,,,,yfinance.info/recommendations
CIVIL,Industrials,0.9399999976158142,0.3496384742040465,-62.804417543525716,,,,,,,,yfinance.info/recommendations
CK,Industrials,18.5,23.12643647202674,25.007764713658055,23.84583,23.0,27.0,21.6,12.0,,1970-01-01,yfinance.info/recommendations
CKP,Utilities,2.319999933242798,2.551499876581431,9.978446120688137,3.1325,3.15,4.0,2.1,8.0,2.0,1970-01-01,yfinance.info/recommendations
CM,Consumer Defensive,1.5099999904632568,-1.7720674378513197,-217.35546020153697,,,,,,,,yfinance.info/recommendations
CMAN,Basic Materials,2.6600000858306885,6.031538552143531,126.74956231288799,,,,,,,,yfinance.info/recommendations
CMC,Real Estate,0.3899999856948852,1.8276782093172117,368.63545547591065,,,,,,,,yfinance.info/recommendations
CMO,Communication Services,0.6000000238418579,1.5231020943710951,153.850338974743,,,,,,,,yfinance.info/recommendations
CMR,Healthcare,1.2200000286102295,3.745378053791772,206.99819393105608,,,,,,,,yfinance.info/recommendations
CNT,Industrials,3.299999952316284,4.8314799852072285,46.4084865157647,,,,,,,,yfinance.info/recommendations
COCOCO,Consumer Defensive,5.550000190734863,0.9032892998210822,-83.72451767967452,6.3,6.5,8.0,4.4,3.0,,1970-01-01,yfinance.info/recommendations
COLOUR,Basic Materials,0.9900000095367432,0.7172843142936207,-27.547039658185053,,,,,,,,yfinance.info/recommendations
COM7,Consumer Cyclical,29.75,9.878257037771844,-66.79577466295179,34.54167,35.0,38.0,30.0,12.0,1.25,1970-01-01,yfinance.info/recommendations
COMAN,Consumer Cyclical,0.4300000071525574,-5.019966798307257,-1267.4341197222934,,,,,,,,yfinance.info/recommendations
CPALL,Consumer Defensive,42.5,19.89120298333413,-53.19716945097852,61.885,62.0,69.0,45.0,22.0,1.21739,1970-01-01,yfinance.info/recommendations
CPANEL,Basic Materials,1.4199999570846558,-4.259614303203386,-399.97284731956097,,,,,,,,yfinance.info/recommendations
CPAXT,Consumer Defensive,14.399999618530272,2.535998380521332,-82.38889966873369,15.07222,15.05,17.0,12.0,18.0,3.33333,1970-01-01,yfinance.info/recommendations
CPF,Consumer Defensive,21.299999237060547,-12.47755425345959,-158.5800690159157,25.925,26.5,28.0,23.0,14.0,1.5,1970-01-01,yfinance.info/recommendations
CPH,Consumer Cyclical,10.600000381469728,52.24152265303158,392.8445355941403,,,,,,,,yfinance.info/recommendations
CPI,Consumer Defensive,3.5199999809265137,4.520061613829722,28.410841997788257,,,,,,,,yfinance.info/recommendations
CPL,Consumer Cyclical,0.6899999976158142,-0.3423786527637305,-149.62009477489357,,,,,,,,yfinance.info/recommendations
CPN,Real Estate,61.5,60.34575784880599,-1.8768165060065234,76.63905,76.0,83.0,70.67,21.0,1.19048,1970-01-01,yfinance.info/recommendations
CPNREIT,Real Estate,12.899999618530272,,,12.58,12.5,14.7,11.4,5.0,2.2,1970-01-01,yfinance.info/recommendations
CPR,Consumer Cyclical,2.5,2.762507661563676,10.500306462547044,,,,,,,,yfinance.info/recommendations
CPT,Industrials,1.1399999856948853,0.1171993636081974,-89.71935394045126,,,,,,,,yfinance.info/recommendations
CPW,Technology,2.299999952316284,5.903572397450937,156.67706608017824,,,,,,,,yfinance.info/recommendations
CRANE,Industrials,0.3199999928474426,-0.2137510391181957,-166.79720121746996,,,,,,,,yfinance.info/recommendations
CRC,Consumer Cyclical,28.5,30.582853974580512,7.3082595599316225,29.22024,31.0,36.0,19.0,21.0,1.95238,1970-01-01,yfinance.info/recommendations
CRD,Industrials,0.4600000083446502,2.5839631232251343,461.73110355448665,,,,,,,,yfinance.info/recommendations
CREDIT,Financial Services,21.5,,,27.5,27.5,29.0,26.0,2.0,,1970-01-01,yfinance.info/recommendations
CSC,Consumer Cyclical,47.0,111.00539987433004,136.18170186027666,,,,,,,,yfinance.info/recommendations
CSP,Basic Materials,0.7900000214576721,-0.4625199691157218,-158.5468299434095,,,,,,,,yfinance.info/recommendations
CSR,Consumer Cyclical,79.0,37.52229765323922,-52.50342069210225,,,,,,,,yfinance.info/recommendations
CSS,Technology,0.9399999976158142,3.793199513708867,303.531864184023,,,,,,,,yfinance.info/recommendations
CTW,Industrials,6.5,-0.6393481483609018,-109.83612535939851,,,,,,,,yfinance.info/recommendations
CWT,Industrials,0.8999999761581421,-4.616917946256804,-612.9908965070405,,,,,,,,yfinance.info/recommendations
D,Healthcare,2.9200000762939453,3.5652019643884474,22.09595449440502,3.92,3.92,3.92,3.92,1.0,,,yfinance.info/recommendations
DCC,Industrials,1.350000023841858,0.9563489423378702,-29.159338855693306,1.65,1.65,1.65,1.65,1.0,,1970-01-01,yfinance.info/recommendations
DCON,Basic Materials,0.1899999976158142,-0.5889784061842439,-409.98863872365735,,,,,,,,yfinance.info/recommendations
DDD,Consumer Defensive,4.760000228881836,7.378993055165429,55.020855049387606,,,,,,,,yfinance.info/recommendations
DELTA,Industrials,258.0,25.73977473827893,-90.0233431246981,335.5263,330.0,450.0,268.0,19.0,1.42105,1970-01-01,yfinance.info/recommendations
DEMCO,Industrials,3.299999952316284,0.5550280040636881,-83.18096933079919,,,,,,,,yfinance.info/recommendations
DEXON,Energy,1.1100000143051147,,,,,,,,,,yfinance.info/recommendations
DHOUSE,Real Estate,0.2800000011920929,-0.4135319994573719,-247.68999917741777,,,,,,,,yfinance.info/recommendations
DIMET,Basic Materials,0.050000000745058,,,,,,,,,,yfinance.info/recommendations
DITTO,Technology,12.300000190734863,10.191806147383378,-17.1397887045523,,,,,,,,yfinance.info/recommendations
DMT,Industrials,12.0,16.999996930874197,41.666641090618306,13.1,13.1,13.1,13.1,1.0,,1970-01-01,yfinance.info/recommendations
DOD,Consumer Defensive,0.7900000214576721,-0.3278264562861432,-141.49701865593025,,,,,,,,yfinance.info/recommendations
DOHOME,Consumer Cyclical,3.4800000190734863,-0.0276861796853076,-100.79557987165411,4.05,4.02,4.6,3.2,13.0,2.46154,1970-01-01,yfinance.info/recommendations
DPAINT,Basic Materials,0.1899999976158142,-0.0470597473019489,-124.76828836445837,,,,,,,,yfinance.info/recommendations
DREIT,Real Estate,4.840000152587891,,,6.3,6.3,6.3,6.3,1.0,,,yfinance.info/recommendations
DRT,Industrials,5.349999904632568,8.36008956168598,56.263359078697796,,,,,,,,yfinance.info/recommendations
DTCENT,Technology,0.9200000166893004,1.6672680162010067,81.22478108215854,,,,,,,,yfinance.info/recommendations
DTCI,Industrials,15.5,21.49260167006164,38.66194625846219,,,,,,,,yfinance.info/recommendations
DUSIT,Consumer Cyclical,10.699999809265137,-10.125772184472078,-194.63338658851345,13.5,13.5,13.5,13.5,2.0,1.0,1970-01-01,yfinance.info/recommendations
EA,Utilities,2.680000066757202,-2.3586675886347037,-188.00998245827248,1.0,1.0,1.0,1.0,1.0,,1970-01-01,yfinance.info/recommendations
EASON,Basic Materials,1.25,3.0131766281881944,141.05413025505555,,,,,,,,yfinance.info/recommendations
EAST,Financial Services,0.7599999904632568,-2.586585844160364,-440.34024692338676,,,,,,,,yfinance.info/recommendations
EASTW,Utilities,5.199999809265137,-1.40256119624999,-126.97233168645442,,,,,,,,yfinance.info/recommendations
ECF,Consumer Cyclical,0.1,-6.32960227898882,-6429.60227898882,,,,,,,,yfinance.info/recommendations
EFORL,Healthcare,0.1099999994039535,0.1271110434364102,15.555494659249709,,,,,,,,yfinance.info/recommendations
EGCO,Utilities,125.5,-22.40909225255101,-117.85585040043904,144.8,145.5,187.0,100.0,10.0,1.8,1970-01-01,yfinance.info/recommendations
EKH,Healthcare,5.099999904632568,2.5848539885338795,-49.31658751236572,5.15,5.4,5.85,4.2,3.0,2.66667,1970-01-01,yfinance.info/recommendations
EMC,Industrials,0.0199999995529651,-0.0990096000638361,-595.0480113843674,,,,,,,,yfinance.info/recommendations
EMPIRE,Industrials,0.25,-2.145146186093617,-958.0584744374468,,,,,,,,yfinance.info/recommendations
EP,Industrials,1.059999942779541,-8.12992359254257,-866.9739652272258,,,,,,,,yfinance.info/recommendations
EPG,Basic Materials,6.099999904632568,6.955406718256982,14.023062737669644,8.825,8.9,9.0,8.5,4.0,,1970-01-01,yfinance.info/recommendations
ERW,Consumer Cyclical,3.5999999046325684,0.9574913400841774,-73.40301762641566,4.12765,4.2,4.5,3.3,17.0,1.35294,1970-01-01,yfinance.info/recommendations
ESTAR,Real Estate,0.25,0.4007204772247191,60.28819088988764,,,,,,,,yfinance.info/recommendations
ETC,Utilities,0.699999988079071,2.287176211598032,226.7394643640588,,,,,,,,yfinance.info/recommendations
ETE,Industrials,0.6600000262260437,0.8171000678664575,23.803035666336253,,,,,,,,yfinance.info/recommendations
ETL,Industrials,0.4099999964237213,0.5110801864570272,24.653705101217348,,,,,,,,yfinance.info/recommendations
EURO,Consumer Cyclical,7.400000095367432,6.690385393073561,-9.58938774525294,,,,,,,,yfinance.info/recommendations
EVER,Real Estate,0.0700000002980232,-0.0281313992644965,-140.18771306389684,,,,,,,,yfinance.info/recommendations
FANCY,Consumer Cyclical,0.1800000071525573,,,,,,,,,,yfinance.info/recommendations
FE,Communication Services,180.0,134.90898530590218,-25.050563718943238,,,,,,,,yfinance.info/recommendations
FLE,Industrials,1.1299999952316284,,,2.1,2.1,2.1,2.1,1.0,,1970-01-01,yfinance.info/recommendations
FLOYD,Industrials,1.0800000429153442,2.5576077437174574,136.81552241548712,,,,,,,,yfinance.info/recommendations
FM,Consumer Defensive,4.139999866485596,7.640868667815182,84.56205106840834,5.5,5.5,5.5,5.5,1.0,,1970-01-01,yfinance.info/recommendations
FMT,Industrials,20.100000381469727,5.687354784533231,-71.70470310151622,,,,,,,,yfinance.info/recommendations
FN,Consumer Cyclical,0.4300000071525574,-0.0393408414032526,-109.14903273229368,,,,,,,,yfinance.info/recommendations
FNS,Financial Services,0.4799999892711639,-8.48480943606824,-1867.6686720246905,,,,,,,,yfinance.info/recommendations
FORTH,Industrials,14.600000381469728,13.085748045630163,-10.371591070377292,21.3,21.3,21.3,21.3,1.0,1.0,1970-01-01,yfinance.info/recommendations
FPI,Consumer Cyclical,1.649999976158142,1.5423680868609768,-6.523144900145709,,,,,,,,yfinance.info/recommendations
FPT,Real Estate,7.199999809265137,,,,,,,,,,yfinance.info/recommendations
FSMART,Communication Services,6.599999904632568,8.405816704913038,27.36086100566394,10.5,10.5,10.5,10.5,1.0,,,yfinance.info/recommendations
FSX,Financial Services,0.9800000190734864,-0.2007122722416802,-120.48084370768053,,,,,,,,yfinance.info/recommendations
FTE,Industrials,2.700000047683716,2.709657149308276,0.357670424222577,,,,,,,,yfinance.info/recommendations
FTI,Industrials,2.039999961853028,2.643145498949345,29.56595825366839,,,,,,,,yfinance.info/recommendations
FTREIT,Real Estate,13.100000381469728,,,13.5,13.5,13.5,13.5,1.0,,1970-01-01,yfinance.info/recommendations
FUTURERT,Real Estate,9.25,,,,,,,,,,yfinance.info/recommendations
FVC,Industrials,0.3300000131130218,-0.2167130054664216,-165.6706051075821,,,,,,,,yfinance.info/recommendations
GABLE,Technology,3.900000095367432,7.4762347799052815,91.69832300224392,4.2,4.2,4.2,4.2,1.0,,,yfinance.info/recommendations
GAHREIT,Real Estate,3.5999999046325684,,,,,,,,,,yfinance.info/recommendations
GBX,Financial Services,0.6499999761581421,1.3918082188333305,114.12434921300824,,,,,,,,yfinance.info/recommendations
GC,Basic Materials,5.199999809265137,0.5263156457788296,-89.87854490223128,,,,,,,,yfinance.info/recommendations
GCAP,Financial Services,0.2399999946355819,-1.417851384154894,-690.7714232693097,,,,,,,,yfinance.info/recommendations
GEL,Basic Materials,0.050000000745058,-0.4017332862879311,-903.4665606032785,,,,,,,,yfinance.info/recommendations
GENCO,Industrials,0.3300000131130218,0.902748497152982,173.5601397821155,,,,,,,,yfinance.info/recommendations
GFC,Healthcare,2.1600000858306885,2.981432658258335,38.029284249391196,9.7,9.2,11.7,8.2,3.0,,,yfinance.info/recommendations
GFPT,Consumer Defensive,10.699999809265137,24.93326180632736,133.02114253065344,11.4875,11.3,14.8,8.6,12.0,1.58333,1970-01-01,yfinance.info/recommendations
GGC,Basic Materials,5.650000095367432,12.532628306729691,121.81642646352321,,,,,,,,yfinance.info/recommendations
GJS,Basic Materials,0.0900000035762786,-0.1294040661223217,-243.7822899780738,,,,,,,,yfinance.info/recommendations
GLOBAL,Consumer Cyclical,6.25,6.930327497425061,10.88523995880098,8.12667,8.3,9.0,6.6,15.0,1.53333,1970-01-01,yfinance.info/recommendations
GLORY,Industrials,0.9399999976158142,-0.1481126340919616,-115.7566632412372,,,,,,,,yfinance.info/recommendations
GPI,Communication Services,1.7799999713897705,2.489572581463962,39.86363042018359,,,,,,,,yfinance.info/recommendations
GPSC,Utilities,46.5,30.16489861221849,-35.12925029630432,56.46429,59.5,66.5,35.0,14.0,1.92857,1970-01-01,yfinance.info/recommendations
GRAMMY,Communication Services,4.260000228881836,3.6876142640410414,-13.436289532572026,,,,,,,,yfinance.info/recommendations
GRAND,Consumer Cyclical,0.02,-1.2651211254069006,-6425.6056270345025,,,,,,,,yfinance.info/recommendations
GREEN,Utilities,0.7900000214576721,0.5667092176788652,-28.26465793846447,,,,,,,,yfinance.info/recommendations
GROREIT,Real Estate,9.649999618530272,,,,,,,,,,yfinance.info/recommendations
GST,Communication Services,9.399999618530272,3.1090203537190653,-66.92531404373425,12.4125,12.725,14.7,9.5,4.0,,1970-01-01,yfinance.info/recommendations
GTB,Industrials,0.7599999904632568,1.2162039909700106,60.026842925178904,,,,,,,,yfinance.info/recommendations
GTV,Utilities,0.0399999991059303,,,,,,,,,,yfinance.info/recommendations
GULF,Utilities,59.0,-6.255819151023683,-110.6030833068198,77.67647,77.0,91.0,64.5,17.0,1.11111,1970-01-01,yfinance.info/recommendations
GUNKUL,Utilities,5.099999904632568,2.070239889287195,-59.4070602353012,5.91667,6.15,8.7,2.4,6.0,1.0,1970-01-01,yfinance.info/recommendations
GVREIT,Real Estate,7.449999809265137,,,,,,,,,,yfinance.info/recommendations
GYT,Consumer Cyclical,185.0,103.2680370918041,-44.17943940983562,,,,,,,,yfinance.info/recommendations
HANA,Technology,51.0,26.65483691245832,-47.735613897140546,54.17812,54.125,64.6,40.0,16.0,1.5,1970-01-01,yfinance.info/recommendations
HANN,Healthcare,0.8100000023841858,0.7553345434748603,-6.7488220677063016,,,,,,,,yfinance.info/recommendations
HARN,Industrials,1.9800000190734863,3.454457996784679,74.46757391452678,,,,,,,,yfinance.info/recommendations
HENG,Financial Services,0.8600000143051147,3.923367243044815,356.2054857888485,,,,,,,,yfinance.info/recommendations
HFT,Consumer Cyclical,4.079999923706055,7.28992573418471,78.6746536887905,,,,,,,,yfinance.info/recommendations
HL,Healthcare,4.420000076293945,5.150719057991358,16.53210337295065,,,,,,,,yfinance.info/recommendations
HMPRO,Consumer Cyclical,6.300000190734863,5.125714788111125,-18.63945027098108,7.264,7.0,10.0,5.7,20.0,2.47619,1970-01-01,yfinance.info/recommendations
HPT,Consumer Cyclical,0.14,-0.1371128964382515,-197.93778317017964,,,,,,,,yfinance.info/recommendations
HTC,Consumer Defensive,15.199999809265137,20.602435222110856,35.54233868840362,,,,,,,,yfinance.info/recommendations
HTECH,Industrials,4.960000038146973,5.680806602590171,14.53239030039378,,,,,,,,yfinance.info/recommendations
HUMAN,Technology,4.460000038146973,6.388648129684558,43.2432303820987,8.4,8.4,8.4,8.4,1.0,,1970-01-01,yfinance.info/recommendations
HYDRO,Industrials,0.0599999986588954,,,,,,,,,,yfinance.info/recommendations
HYDROGEN,Real Estate,8.5,,,,,,,,,,yfinance.info/recommendations
I2,Technology,0.699999988079071,-1.99751074475044,-385.35868268112085,,,,,,,,yfinance.info/recommendations
ICC,Consumer Cyclical,24.299999237060547,,,,,,,,,,yfinance.info/recommendations
ICHI,Consumer Defensive,13.600000381469728,14.064675528964072,3.4167289298570367,16.9,16.7,18.1,16.0,6.0,,1970-01-01,yfinance.info/recommendations
ICN,Communication Services,2.1600000858306885,-0.5461066700458193,-125.28271520118012,,,,,,,,yfinance.info/recommendations
IDG,Technology,1.340000033378601,0.954498268332342,-28.768787719674645,,,,,,,,yfinance.info/recommendations
IFS,Financial Services,1.809999942779541,-1.185091747881842,-165.47468427330148,,,,,,,,yfinance.info/recommendations
IHL,Consumer Cyclical,1.3899999856948853,-0.4372252917879402,-131.4550572868793,,,,,,,,yfinance.info/recommendations
IIG,Technology,1.3899999856948853,-14.97241100992948,-1177.1518823034023,,,,,,,,yfinance.info/recommendations
III,Industrials,4.800000190734863,4.729090450512617,-1.477286195928056,6.45,6.45,7.4,5.5,2.0,,1970-01-01,yfinance.info/recommendations
ILINK,Technology,4.800000190734863,-2.90268625757716,-160.4726279632245,7.0,7.0,7.0,7.0,1.0,,1970-01-01,yfinance.info/recommendations
ILM,Consumer Cyclical,13.800000190734863,25.737353556361608,86.50255942490006,14.6,14.6,15.0,14.2,2.0,,1970-01-01,yfinance.info/recommendations
IMH,Healthcare,3.059999942779541,-0.8523235918132972,-127.85371267161175,,,,,,,,yfinance.info/recommendations
IMPACT,Real Estate,13.100000381469728,,,12.2,12.2,12.2,12.2,1.0,,1970-01-01,yfinance.info/recommendations
IND,Industrials,0.8700000047683716,-0.1494764091469073,-117.18119635949932,,,,,,,,yfinance.info/recommendations
INET,Technology,3.839999914169312,,,5.85,5.85,5.85,5.85,1.0,,1970-01-01,yfinance.info/recommendations
INETREIT,Real Estate,13.199999809265137,,,14.55,14.55,14.6,14.5,2.0,,1970-01-01,yfinance.info/recommendations
INGRS,Consumer Cyclical,0.09,1.0968212635083374,1118.6902927870415,,,,,,,,yfinance.info/recommendations
INOX,Basic Materials,3.880000114440918,6.198515727147902,59.75555526603552,,,,,,,,yfinance.info/recommendations
INSET,Technology,4.599999904632568,-1.280040149700492,-127.82696035300758,5.44,5.44,6.34,4.54,2.0,,1970-01-01,yfinance.info/recommendations
INSURE,Financial Services,45.5,,,,,,,,,,yfinance.info/recommendations
IP,Healthcare,4.960000038146973,3.574205889697909,-27.939397939335258,,,,,,,,yfinance.info/recommendations
IRC,Consumer Cyclical,13.399999618530272,31.70377108703291,136.59531335501796,,,,,,,,yfinance.info/recommendations
IRCP,Technology,0.2800000011920929,-1.997272437839044,-813.3115819056097,,,,,,,,yfinance.info/recommendations
IROYAL,Industrials,3.880000114440918,4.984124714926514,28.456818760808027,,,,,,,,yfinance.info/recommendations
IRPC,Energy,2.8399999141693115,1.3106623960255654,-53.84991423815134,2.28214,2.4,3.2,1.25,14.0,3.42857,1970-01-01,yfinance.info/recommendations
ISSARA,Unknown,5.400000095367432,22.61822549534122,318.8560202942406,,,,,,,,yfinance.info/recommendations
IT,Technology,6.900000095367432,7.699659388670103,11.589264960149084,,,,,,,,yfinance.info/recommendations
ITC,Consumer Defensive,16.299999237060547,12.516709582286708,-23.210367066594394,21.48333,21.45,25.0,18.7,18.0,1.05556,1970-01-01,yfinance.info/recommendations
ITD,Industrials,0.3400000035762787,-5.183254005532627,-1624.4864561802185,0.54,0.54,0.54,0.54,1.0,,,yfinance.info/recommendations
ITEL,Communication Services,1.5,-1.369264636626523,-191.28430910843488,1.4,1.4,1.5,1.3,2.0,2.33333,1970-01-01,yfinance.info/recommendations
ITNS,Technology,2.799999952316284,0.089607844907979,-96.7997197702146,,,,,,,,yfinance.info/recommendations
ITTHI,Consumer Cyclical,1.1799999475479126,-0.1170796107955317,-109.92200135591767,,,,,,,,yfinance.info/recommendations
IVF,Healthcare,0.7200000286102295,0.5471281623131116,-24.009980476084365,,,,,,,,yfinance.info/recommendations
IVL,Basic Materials,26.75,31.82796243484459,18.983037139605944,26.57333,28.0,32.0,19.0,15.0,,1970-01-01,yfinance.info/recommendations
J,Real Estate,0.7900000214576721,-3.44328026229456,-535.8582492113323,,,,,,,,yfinance.info/recommendations
JAK,Real Estate,1.1699999570846558,2.0317983129624126,73.6579818366097,,,,,,,,yfinance.info/recommendations
JAS,Communication Services,0.7699999809265137,-0.5844466356466821,-175.90216235374945,,,,,,,,yfinance.info/recommendations
JCK,Real Estate,0.1700000017881393,-0.6960238778742839,-509.425806207753,,,,,,,,yfinance.info/recommendations
JCT,Consumer Defensive,83.5,103.26773608279632,23.673935428498584,,,,,,,,yfinance.info/recommendations
JDF,Consumer Defensive,2.119999885559082,3.309838250164887,56.12445419033706,,,,,,,,yfinance.info/recommendations
JMART,Consumer Cyclical,9.5,-8.397768811428516,-188.39756643608965,,,,,,,,yfinance.info/recommendations
JMT,Financial Services,10.100000381469728,6.869550851249933,-31.984647606020268,11.66429,13.2,16.0,6.0,7.0,,1970-01-01,yfinance.info/recommendations
JPARK,Industrials,2.9200000762939453,1.2181519145294395,-58.282469770496924,4.7,4.7,4.7,4.7,1.0,,,yfinance.info/recommendations
JR,Industrials,1.8600000143051147,1.4783972309082514,-20.516278519461622,,,,,,,,yfinance.info/recommendations
JSP,Consumer Defensive,1.75,-0.2226860980968823,-112.72491989125042,,,,,,,,yfinance.info/recommendations
JTS,Communication Services,22.399999618530277,2.5357836106894136,-88.67953725949307,,,,,,,,yfinance.info/recommendations
JUBILE,Consumer Cyclical,7.550000190734863,14.330081455712865,89.80239859196713,,,,,,,1970-01-01,yfinance.info/recommendations
K,Industrials,0.94,1.2758961002498412,35.733627686153326,,,,,,,,yfinance.info/recommendations
KAMART,Consumer Defensive,6.650000095367432,5.23062330196858,-21.34401162471602,,,,,,,,yfinance.info/recommendations
KASET,Consumer Defensive,0.6299999952316284,-1.7075827744140857,-371.044886879129,,,,,,,,yfinance.info/recommendations
KBANK,Financial Services,234.0,,,262.11,267.5,304.0,199.2,20.0,1.52381,1970-01-01,yfinance.info/recommendations
KBS,Consumer Defensive,6.300000190734863,14.223257764509578,125.76598942690677,,,,,,,,yfinance.info/recommendations
KC,Real Estate,0.0299999993294477,-0.3072643075428869,-1124.2143813692667,,,,,,,,yfinance.info/recommendations
KCAR,Industrials,4.78000020980835,33.74939362295711,606.05422890369,,,,,,,,yfinance.info/recommendations
KCC,Financial Services,2.5799999237060547,3.92416118342833,52.09927517328945,,,,,,,,yfinance.info/recommendations
KCE,Technology,76.25,15.956356001262746,-79.07363147375376,60.55769,61.0,104.0,31.0,13.0,2.07692,1970-01-01,yfinance.info/recommendations
KCG,Consumer Defensive,9.949999809265137,16.813973388177402,68.9846604069353,12.85,12.75,13.9,12.0,4.0,1.0,1970-01-01,yfinance.info/recommendations
KCM,Industrials,0.270000010728836,0.2153702136348526,-20.23325737895941,,,,,,,,yfinance.info/recommendations
KDH,Healthcare,84.25,110.33533729966112,30.961824688025068,,,,,,,,yfinance.info/recommendations
KGEN,Industrials,1.4500000476837158,-0.2908408291530262,-120.05798755783673,,,,,,,,yfinance.info/recommendations
KGI,Financial Services,4.679999828338623,2.288554711172349,-51.09925651461455,,,,,,,,yfinance.info/recommendations
KIAT,Industrials,0.3400000035762787,0.3317206049185006,-2.4351172266739782,,,,,,,,yfinance.info/recommendations
KISS,Consumer Defensive,3.220000028610229,5.300102756945726,64.5994630389268,,,,,,,,yfinance.info/recommendations
KJL,Industrials,6.199999809265137,2.542714993648122,-58.98846658271913,9.8,9.8,9.8,9.8,1.0,,1970-01-01,yfinance.info/recommendations
KK,Consumer Defensive,0.949999988079071,2.203232345407511,131.9191971636246,,,,,,,,yfinance.info/recommendations
KKC,Industrials,0.04,,,,,,,,,,yfinance.info/recommendations
KKP,Financial Services,110.5,,,118.66667,125.0,152.0,56.0,15.0,2.0,1970-01-01,yfinance.info/recommendations
KLINIQ,Consumer Cyclical,27.25,33.38831884481742,22.52594071492631,34.33333,35.0,40.0,28.0,3.0,1.66667,1970-01-01,yfinance.info/recommendations
KOOL,Consumer Cyclical,0.2800000011920929,0.7702252480986566,175.0804445783722,,,,,,,,yfinance.info/recommendations
KPNREIT,Real Estate,2.0199999809265137,,,,,,,,,,yfinance.info/recommendations
KSL,Consumer Defensive,1.6399999856948853,-2.6106128388314067,-259.18371107334264,,,,,,,,yfinance.info/recommendations
KTB,Financial Services,41.0,,,46.765,46.55,55.0,34.5,20.0,1.75,1970-01-01,yfinance.info/recommendations
KTBSTMR,Real Estate,6.5,,,,,,,,,,yfinance.info/recommendations
KTC,Financial Services,34.5,,,43.07143,44.5,54.0,30.0,14.0,1.75,1970-01-01,yfinance.info/recommendations
KTIS,Consumer Defensive,1.909999966621399,-2.7527204148325524,-244.1214902061932,,,,,,,,yfinance.info/recommendations
KTMS,Healthcare,1.2899999618530271,1.8511114803943292,43.49701822744944,,,,,,,,yfinance.info/recommendations
KUMWEL,Industrials,2.119999885559082,2.1290913950055943,0.42884480836255684,,,,,,,,yfinance.info/recommendations
KUN,Real Estate,0.5299999713897705,-1.5632181336918445,-394.94683359939813,,,,,,,,yfinance.info/recommendations
KWC,Real Estate,280.0,264.99542837053355,-5.3587755819523055,,,,,,,,yfinance.info/recommendations
KWM,Industrials,0.8199999928474426,2.1315321902276168,159.94295229514458,,,,,,,,yfinance.info/recommendations
KYE,Consumer Cyclical,280.0,316.8262732522593,13.152240447235458,,,,,,,,yfinance.info/recommendations
LALIN,Real Estate,4.21999979019165,-1.9179510574915288,-145.44907945136237,,,,,,,,yfinance.info/recommendations
LANNA,Energy,14.699999809265137,5.759836965573951,-60.81743509994039,,,,,,,,yfinance.info/recommendations
LDC,Healthcare,0.2300000041723251,0.0523881777765778,-77.22253181468358,,,,,,,,yfinance.info/recommendations
LEE,Consumer Defensive,2.440000057220459,2.8477927110259182,16.712813288619294,,,,,,,,yfinance.info/recommendations
LEO,Industrials,1.850000023841858,-1.0231719811558675,-155.30659286322964,,,,,,,,yfinance.info/recommendations
LH,Real Estate,3.4600000381469727,-1.73736398255837,-150.21283131224553,3.69364,3.75,4.28,3.2,11.0,3.16667,1970-01-01,yfinance.info/recommendations
LHFG,Financial Services,1.2100000381469729,,,,,,,,,,yfinance.info/recommendations
LHHOTEL,Real Estate,13.699999809265137,,,15.5,15.5,15.5,15.5,1.0,,1970-01-01,yfinance.info/recommendations
LHK,Basic Materials,3.5199999809265137,6.124727910187036,73.9979529367759,,,,,,,,yfinance.info/recommendations
LHRREIT,Real Estate,4.28000020980835,,,,,,,,,,yfinance.info/recommendations
LHSC,Real Estate,15.5,,,16.5,16.5,16.5,16.5,1.0,,1970-01-01,yfinance.info/recommendations
LIT,Financial Services,0.699999988079071,-0.7068329284277741,-200.97613435215246,,,,,,,,yfinance.info/recommendations
LOXLEY,Industrials,1.75,3.577417003669335,104.42382878110486,,,,,,,,yfinance.info/recommendations
LPH,Healthcare,3.5999999046325684,5.431041625929516,50.86227138341637,,,,,,,,yfinance.info/recommendations
LPN,Real Estate,1.559999942779541,1.9529164980065228,25.186959592248435,1.608,1.44,2.5,1.3,5.0,,1970-01-01,yfinance.info/recommendations
LST,Consumer Defensive,4.639999866485596,3.9266423220254896,-15.3740854523001,,,,,,,,yfinance.info/recommendations
LTMH,Communication Services,10.0,1.9271229014782911,-80.72877098521708,,,,,,,,yfinance.info/recommendations
LTS,Consumer Cyclical,2.400000095367432,0.1367413966563632,-94.30244203238549,,,,,,,,yfinance.info/recommendations
M,Consumer Cyclical,20.399999618530277,20.750529986850594,1.7182861513483274,23.75,23.75,24.0,23.5,2.0,,1970-01-01,yfinance.info/recommendations
M-CHAI,Healthcare,18.5,21.914806175209243,18.4584117578878,,,,,,,,yfinance.info/recommendations
MADAME,Consumer Defensive,1.0199999809265137,-0.5475948156504843,-153.68576724414035,,,,,,,,yfinance.info/recommendations
MAGURO,Consumer Cyclical,17.700000762939453,25.886288642257828,46.25021201388282,26.1,25.5,30.0,23.5,6.0,1.0,1970-01-01,yfinance.info/recommendations
MAJOR,Communication Services,7.150000095367432,18.28813065774449,155.7780477456718,8.2375,8.35,9.75,6.5,4.0,2.16667,1970-01-01,yfinance.info/recommendations
MALEE,Consumer Defensive,3.819999933242798,5.08647844690843,33.15388837168168,4.2,4.2,4.3,4.1,2.0,,1970-01-01,yfinance.info/recommendations
MANRIN,Consumer Cyclical,21.0,32.657666288123814,55.5126966101134,,,,,,,,yfinance.info/recommendations
MASTEC,Industrials,1.8200000524520876,0.408251807816413,-77.56858263457877,,,,,,,,yfinance.info/recommendations
MASTER,Healthcare,8.199999809265137,10.084894032724227,22.986515454907185,9.75,9.8,10.3,9.1,4.0,,1970-01-01,yfinance.info/recommendations
MATCH,Communication Services,0.81,0.2789457427681848,-65.56225397923644,,,,,,,,yfinance.info/recommendations
MATI,Communication Services,3.0199999809265137,-4.107749803571196,-236.01820627531822,,,,,,,,yfinance.info/recommendations
MBAX,Consumer Cyclical,2.0,4.224424272198505,111.22121360992523,,,,,,,,yfinance.info/recommendations
MBK,Industrials,19.600000381469727,28.038671444590214,43.05444336163684,,,,,,,,yfinance.info/recommendations
MC,Consumer Cyclical,11.300000190734863,13.50174824072934,19.4844956887677,11.55,11.55,12.0,11.1,2.0,,1970-01-01,yfinance.info/recommendations
MCA,Communication Services,1.2400000095367432,1.1401809170150503,-8.049926754354194,,,,,,,,yfinance.info/recommendations
MCOT,Communication Services,4.980000019073486,4.6932750591632,-5.757529293416151,,,,,,,,yfinance.info/recommendations
MCS,Basic Materials,7.699999809265137,15.62381957060417,102.9067526963388,,,,,,,,yfinance.info/recommendations
MDX,Real Estate,3.539999961853028,7.385098342007233,108.61859947991279,,,,,,,,yfinance.info/recommendations
MEB,Technology,10.600000381469728,19.490018396549004,83.86809146365938,17.5,17.5,23.0,12.0,2.0,,1970-01-01,yfinance.info/recommendations
MEDEZE,Healthcare,6.050000190734863,2.213683045991674,-63.410198740460054,8.05,8.05,9.3,6.8,2.0,,1970-01-01,yfinance.info/recommendations
MEGA,Healthcare,33.75,35.76385004151187,5.966963085961105,42.71429,44.0,45.0,35.0,7.0,,1970-01-01,yfinance.info/recommendations
MENA,Industrials,0.800000011920929,1.1077707251797984,38.47133858409106,,,,,,,,yfinance.info/recommendations
META,Utilities,0.0700000002980232,-1.424258469962585,-2134.6549484269167,,,,,,,,yfinance.info/recommendations
METCO,Technology,299.0,938.9909336703564,214.04379052520278,,,,,,,,yfinance.info/recommendations
MFC,Financial Services,25.0,35.82478534815772,43.29914139263087,,,,,,,,yfinance.info/recommendations
MFEC,Technology,6.199999809265137,15.174184790271225,144.7449235013729,,,,,,,,yfinance.info/recommendations
MGC,Consumer Cyclical,6.449999809265137,34.13964044623741,429.29676675644765,20.2,20.2,20.2,20.2,1.0,,1970-01-01,yfinance.info/recommendations
MGI,Unknown,4.860000133514404,10.973468003811323,125.79151650920011,,,,,,,,yfinance.info/recommendations
MGT,Basic Materials,2.240000009536743,3.3104791246651075,47.78924600762619,2.7,2.7,2.7,2.7,1.0,1.0,1970-01-01,yfinance.info/recommendations
MICRO,Financial Services,1.25,3.854637116151967,208.37096929215738,2.1,2.1,2.1,2.1,1.0,,1970-01-01,yfinance.info/recommendations
MIDA,Financial Services,0.449999988079071,,,,,,,,,,yfinance.info/recommendations
MII,Real Estate,5.900000095367432,,,,,,,,,,yfinance.info/recommendations
MILL,Basic Materials,0.01,,,,,,,,,,yfinance.info/recommendations
MINT,Consumer Cyclical,21.100000381469727,28.252557527344607,33.89837448607983,30.94444,31.75,36.0,24.0,18.0,1.35,1970-01-01,yfinance.info/recommendations
MIPF,Real Estate,9.399999618530272,,,,,,,,,,yfinance.info/recommendations
MITSIB,Consumer Cyclical,0.6200000047683716,1.0378339177377685,67.39256608965627,,,,,,,,yfinance.info/recommendations
MJD,Real Estate,0.3199999928474426,-12.7979919140613,-4099.372562537099,,,,,,,,yfinance.info/recommendations
MK,Real Estate,0.5099999904632568,-7.241267974933661,-1519.8564922238681,,,,,,,,yfinance.info/recommendations
ML,Financial Services,0.449999988079071,,,,,,,,,,yfinance.info/recommendations
MMM,Unknown,2.5999999046325684,4.024295780117392,54.78061260491105,,,,,,,,yfinance.info/recommendations
MNIT,Real Estate,1.9600000381469729,,,,,,,,,,yfinance.info/recommendations
MODERN,Consumer Cyclical,2.0,3.267096972643356,63.3548486321678,,,,,,,,yfinance.info/recommendations
MONO,Communication Services,0.4900000095367431,0.2495852306742196,-49.06423962926388,,,,,,,,yfinance.info/recommendations
MOONG,Consumer Defensive,2.299999952316284,2.1608068319481726,-6.051874924081323,,,,,,,,yfinance.info/recommendations
MORE,Utilities,0.1199999973177909,,,,,,,,,,yfinance.info/recommendations
MOSHI,Consumer Cyclical,34.25,31.09925543601401,-9.199254201418954,49.77273,50.0,55.0,44.5,11.0,1.08333,1970-01-01,yfinance.info/recommendations
MOTHER,Consumer Cyclical,1.0700000524520874,0.9430732449677752,-11.86231787497933,,,,,,,,yfinance.info/recommendations
MPJ,Industrials,4.179999828338623,2.376395962351735,-43.14841961856602,,,,,,,,yfinance.info/recommendations
MRDIYT,Consumer Cyclical,8.600000381469727,6.84303609238447,-20.4298164087406,11.04286,11.0,13.0,10.0,14.0,1.78571,1970-01-01,yfinance.info/recommendations
MSC,Technology,5.699999809265137,4.889101982006709,-14.226278147243859,,,,,,,,yfinance.info/recommendations
MST,Financial Services,7.449999809265137,31.112456214646556,317.6168726333896,,,,,,,,yfinance.info/recommendations
MTC,Financial Services,27.5,,,43.20588,42.5,58.0,32.0,17.0,1.29412,1970-01-01,yfinance.info/recommendations
MTI,Financial Services,21.399999618530277,,,,,,,,,,yfinance.info/recommendations
MTW,Consumer Cyclical,0.8899999856948853,-0.4992165373606699,-156.09174667243354,,,,,,,,yfinance.info/recommendations
MUD,Consumer Cyclical,0.7200000286102295,-2.9906505415510507,-515.3681142657333,,,,,,,,yfinance.info/recommendations
MVP,Communication Services,0.06,,,,,,,,,,yfinance.info/recommendations
NAM,Healthcare,3.0199999809265137,2.080052236100619,-31.12409770736243,,,,,,,,yfinance.info/recommendations
NAT,Technology,1.870000004768372,-1.7736277891818004,-194.84640559674713,,,,,,,,yfinance.info/recommendations
NATION,Communication Services,0.0299999993294477,-0.0023510045331687,-107.83668195239248,,,,,,,,yfinance.info/recommendations
NC,Consumer Cyclical,1.76,-0.7424108161974399,-142.1824327384909,,,,,,,,yfinance.info/recommendations
NCAP,Financial Services,3.0799999237060547,0.1198123788476493,-96.10998760339308,6.0,6.0,6.0,6.0,1.0,,1970-01-01,yfinance.info/recommendations
NCH,Real Estate,0.4099999964237213,0.4121531344718673,0.5251556260797597,,,,,,,,yfinance.info/recommendations
NCL,Industrials,0.050000000745058,-1.271562003088194,-2643.123968280891,,,,,,,,yfinance.info/recommendations
NCP,Industrials,0.949999988079071,0.179458008947375,-81.10968303165514,,,,,,,,yfinance.info/recommendations
NDR,Consumer Cyclical,1.8200000524520876,2.6019303979364268,42.96320455765063,,,,,,,,yfinance.info/recommendations
NEO,Consumer Defensive,23.200000762939453,-8.45797754513412,-136.4567985646156,27.05,26.0,34.0,22.2,4.0,2.0,1970-01-01,yfinance.info/recommendations
NEP,Consumer Cyclical,0.209999993443489,,,,,,,,,,yfinance.info/recommendations
NER,Basic Materials,4.519999980926514,5.643785830236255,24.862518894953332,5.7,5.65,6.5,5.0,4.0,,1970-01-01,yfinance.info/recommendations
NETBAY,Technology,11.600000381469728,11.722705934172495,1.0578064540306513,8.2,8.2,8.2,8.2,1.0,,1970-01-01,yfinance.info/recommendations
NEW,Healthcare,92.75,85.49306858519951,-7.824184813801067,,,,,,,,yfinance.info/recommendations
NEX,Industrials,0.8899999856948853,-1.225896448913944,-237.74117624921095,,,,,,,,yfinance.info/recommendations
NFC,Basic Materials,1.23,1.3555170359117668,10.204637065997298,,,,,,,,yfinance.info/recommendations
NKI,Financial Services,17.0,,,,,,,,,,yfinance.info/recommendations
NKT,Healthcare,3.680000066757202,-1.0370090503346814,-128.17959324790144,4.7,4.7,4.7,4.7,1.0,,1970-01-01,yfinance.info/recommendations
NL,Industrials,0.6399999856948853,0.3339867792487269,-47.814564575951046,,,,,,,,yfinance.info/recommendations
NNCL,Utilities,1.7599999904632568,3.8619911051374647,119.43131398091282,,,,,,,,yfinance.info/recommendations
NOBLE,Real Estate,1.399999976158142,1.5449012812840517,10.350093399540297,,,,,,,,yfinance.info/recommendations
NOVA,Energy,5.400000095367432,,,,,,,,,,yfinance.info/recommendations
NPK,Consumer Cyclical,12.9,32.80258139041489,154.2835766698829,,,,,,,,yfinance.info/recommendations
NRF,Consumer Defensive,0.2000000029802322,-1.806492796817884,-1003.2463849495223,,,,,,,,yfinance.info/recommendations
NSL,Consumer Defensive,20.600000381469727,15.09631843329673,-26.71690216629176,28.625,28.5,32.0,25.5,4.0,,1970-01-01,yfinance.info/recommendations
NTF,Consumer Defensive,12.800000190734863,6.224899419901741,-51.367974006691306,,,,,,,,yfinance.info/recommendations
NTSC,Basic Materials,7.199999809265137,10.376215034263373,44.11410151582233,,,,,,,,yfinance.info/recommendations
NTV,Healthcare,18.799999237060547,29.63380229297184,57.62661433812484,,,,,,,,yfinance.info/recommendations
NUT,Consumer Defensive,4.840000152587891,9.912183440258351,104.79717206121211,,,,,,,,yfinance.info/recommendations
NV,Consumer Defensive,0.7200000286102295,-0.609654346236864,-184.67421139046914,,,,,,,,yfinance.info/recommendations
NVD,Real Estate,0.7799999713897705,,,,,,,,,,yfinance.info/recommendations
NWR,Industrials,0.04,-4.543423716947598,-11458.559292368995,,,,,,,,yfinance.info/recommendations
NYT,Industrials,3.900000095367432,9.32622622800438,139.13399999867758,,,,,,,,yfinance.info/recommendations
OCC,Consumer Defensive,9.65,0.6899637423298164,-92.85011665979465,,,,,,,,yfinance.info/recommendations
OGC,Consumer Cyclical,8.600000381469727,-13.83175110210513,-260.83430800663876,,,,,,,,yfinance.info/recommendations
OHTL,Consumer Cyclical,265.0,349.8218749755837,32.00825470776743,,,,,,,,yfinance.info/recommendations
OKJ,Consumer Defensive,3.4200000762939453,0.4927656289213832,-85.59164859857651,7.4345,7.4345,9.439,5.43,2.0,,1970-01-01,yfinance.info/recommendations
ONEE,Communication Services,2.8399999141693115,8.23026927941253,189.79822282212467,3.015,3.0,3.9,2.5,6.0,2.66667,1970-01-01,yfinance.info/recommendations
ONSENS,Consumer Cyclical,0.959999978542328,0.9336478806415334,-2.7450102593552,3.0,3.0,3.0,3.0,1.0,,,yfinance.info/recommendations
OR,Energy,12.300000190734863,21.747720979823683,76.81073693157695,13.87059,14.0,17.3,10.0,17.0,,1970-01-01,yfinance.info/recommendations
ORI,Real Estate,1.7200000286102295,-5.702060652363535,-431.5151486928076,2.02,2.06,2.26,1.7,4.0,,1970-01-01,yfinance.info/recommendations
ORN,Real Estate,0.7200000286102295,0.2141729026772801,-70.25376469905362,1.0,1.0,1.0,1.0,1.0,,,yfinance.info/recommendations
OSP,Consumer Defensive,15.800000190734863,23.147149788364977,46.50094625909239,19.74737,19.2,22.0,16.0,19.0,1.77778,1970-01-01,yfinance.info/recommendations
PACO,Consumer Cyclical,1.4600000381469729,1.7905788569979617,22.642384261205798,,,,,,,,yfinance.info/recommendations
PAF,Consumer Cyclical,0.8199999928474426,1.5723943220804208,91.75540680437028,,,,,,,,yfinance.info/recommendations
PANEL,Industrials,1.159999966621399,-0.6528739622518451,-156.28223974466115,,,,,,,,yfinance.info/recommendations
PAP,Basic Materials,3.059999942779541,8.96517777657989,192.97967137987592,,,,,,,,yfinance.info/recommendations
PATO,Basic Materials,6.050000190734863,5.517562400718418,-8.80062435091878,,,,,,,,yfinance.info/recommendations
PB,Consumer Defensive,47.0,30.964687222852604,-34.11768675988808,,,,,,,,yfinance.info/recommendations
PCC,Industrials,3.380000114440918,4.861981255809183,43.84559441393385,,,,,,,,yfinance.info/recommendations
PCE,Consumer Defensive,2.1600000858306885,-0.5230691276016487,-124.21616235262731,2.6,2.6,2.6,2.6,1.0,,1970-01-01,yfinance.info/recommendations
PCSGH,Consumer Cyclical,2.900000095367432,5.23520608758782,80.52434191125487,,,,,,,,yfinance.info/recommendations
PDG,Consumer Cyclical,3.200000047683716,4.764716683157803,48.897394129937275,,,,,,,,yfinance.info/recommendations
PDJ,Consumer Cyclical,1.4900000095367432,-0.6191824547285967,-141.55586917889394,,,,,,,,yfinance.info/recommendations
PEACE,Real Estate,1.55,-0.2359699331544334,-115.22386665512474,,,,,,,,yfinance.info/recommendations
PEER,Industrials,0.1400000005960464,-1.4366455417902266,-1126.1753826241038,,,,,,,,yfinance.info/recommendations
PERM,Basic Materials,0.2800000011920929,-2.99996707088924,-1171.4168064703417,,,,,,,,yfinance.info/recommendations
PF,Real Estate,0.04,1060.4605510461188,2651051.3776152967,,,,,,,,yfinance.info/recommendations
PG,Consumer Cyclical,6.550000190734863,2.2132257456825712,-66.21029494299506,,,,,,,,yfinance.info/recommendations
PHAT,Consumer Defensive,1.5499999523162842,,,,,,,,,,yfinance.info/recommendations
PHG,Healthcare,10.0,12.446979221331826,24.469792213318264,,,,,,,,yfinance.info/recommendations
PHOL,Industrials,3.220000028610229,4.672571668832269,45.11092010297213,,,,,,,,yfinance.info/recommendations
PICO,Communication Services,4.2,2.057797589966724,-51.004819286506574,,,,,,,,yfinance.info/recommendations
PIMO,Industrials,1.2300000190734863,2.2044442359645298,79.22310583580774,,,,,,,,yfinance.info/recommendations
PIN,Real Estate,4.179999828338623,1.8282888560972623,-56.261030354541155,5.625,5.625,5.65,5.6,2.0,,1970-01-01,yfinance.info/recommendations
PIS,Technology,6.099999904632568,-1.8307271410616464,-130.0119208144794,7.1,7.1,7.1,7.1,1.0,,1970-01-01,yfinance.info/recommendations
PJW,Consumer Cyclical,2.0199999809265137,3.182954115881051,57.57198742255062,,,,,,,,yfinance.info/recommendations
PK,Industrials,0.4699999988079071,-0.3630050022143087,-177.2351070500049,,,,,,,,yfinance.info/recommendations
PL,Industrials,1.3300000429153442,7.676229027792613,477.16005865431475,,,,,,,,yfinance.info/recommendations
PLANB,Communication Services,6.949999809265137,8.362981395329978,20.330670861043433,6.99,6.8,8.1,6.45,9.0,1.0,1970-01-01,yfinance.info/recommendations
PLANET,Technology,0.4699999988079071,-0.1205148755727858,-125.64146295286295,,,,,,,,yfinance.info/recommendations
PLAT,Real Estate,1.2799999713897705,3.2961467432251554,157.51147007029516,,,,,,,,yfinance.info/recommendations
PLE,Industrials,0.050000000745058,-2.3197133342472025,-4739.426599361567,,,,,,,,yfinance.info/recommendations
PLT,Energy,0.5199999809265137,0.3451953072540152,-33.61628463159537,,,,,,,,yfinance.info/recommendations
PLUS,Consumer Defensive,1.1200000047683716,-2.0332535789671624,-281.540497349164,6.4,6.4,6.4,6.4,1.0,,,yfinance.info/recommendations
PM,Consumer Defensive,10.899999618530272,10.06407862000355,-7.669000254877402,,,,,,,,yfinance.info/recommendations
PMC,Consumer Cyclical,0.959999978542328,2.328688030059675,142.57167521978224,,,,,,,,yfinance.info/recommendations
PMTA,Basic Materials,8.300000190734863,-9.955737687189862,-219.94864407718046,,,,,,,,yfinance.info/recommendations
POLY,Industrials,7.150000095367432,8.608047936535293,20.392277226856926,,,,,,,,yfinance.info/recommendations
PORT,Industrials,0.7900000214576721,2.653544597578491,235.8917120891074,,,,,,,,yfinance.info/recommendations
POWER,Energy,0.4099999964237213,,,,,,,,,,yfinance.info/recommendations
PPM,Industrials,2.039999961853028,2.1298442628766,4.404132485471338,,,,,,,,yfinance.info/recommendations
PPP,Industrials,0.699999988079071,-1.8901652535567983,-370.0236122494459,,,,,,,,yfinance.info/recommendations
PPPM,Consumer Defensive,0.2899999916553497,-1.396849321729936,-581.6721937668264,,,,,,,,yfinance.info/recommendations
PPS,Industrials,0.1599999964237213,0.1543186953721848,-3.5508132365771883,,,,,,,,yfinance.info/recommendations
PQS,Consumer Defensive,1.2899999618530271,0.814941012976471,-36.82627619571052,,,,,,,,yfinance.info/recommendations
PR9,Healthcare,18.799999237060547,12.879734159741686,-31.490772965821236,23.21429,23.7,27.0,20.0,14.0,1.14286,1970-01-01,yfinance.info/recommendations
PRAKIT,Communication Services,10.699999809265137,15.63436538841404,46.11556698231183,,,,,,,,yfinance.info/recommendations
PRAPAT,Basic Materials,0.8299999833106995,1.677237211612042,102.07677654665572,,,,,,,,yfinance.info/recommendations
PREB,Industrials,3.400000095367432,11.78240087495374,246.54119248430305,,,,,,,,yfinance.info/recommendations
PRECHA,Real Estate,0.25,-1.5203243501342227,-708.1297400536891,,,,,,,,yfinance.info/recommendations
PRG,Consumer Defensive,10.600000381469728,5.120423297632666,-51.69412157207205,,,,,,,,yfinance.info/recommendations
PRI,Real Estate,3.440000057220459,2.1901524032019086,-36.33278003571997,,,,,,,,yfinance.info/recommendations
PRIME,Utilities,0.0599999986588954,0.1149432307163807,91.57205547593725,,,,,,,,yfinance.info/recommendations
PRIN,Real Estate,1.3700000047683716,-1.214389069878456,-188.6415376388101,,,,,,,,yfinance.info/recommendations
PRINC,Healthcare,1.6799999475479126,-1.6487972964709232,-198.14269928266773,,,,,,,,yfinance.info/recommendations
PRM,Energy,8.699999809265137,18.492108811895555,112.55297950928953,11.5,11.6,12.0,10.8,4.0,,1970-01-01,yfinance.info/recommendations
PROEN,Communication Services,0.75,-0.6494299196166544,-186.59065594888727,,,,,,,,yfinance.info/recommendations
PROS,Industrials,0.1599999964237213,-1.4735460015668105,-1020.966271564457,,,,,,,,yfinance.info/recommendations
PROSPECT,Real Estate,9.149999618530272,,,10.2,10.2,10.2,10.2,1.0,,1970-01-01,yfinance.info/recommendations
PROUD,Real Estate,1.1299999952316284,8.897138262133234,687.3573716528637,,,,,,,,yfinance.info/recommendations
PRTR,Industrials,3.240000009536743,3.858334829430458,19.084407965237148,,,,,,,,yfinance.info/recommendations
PSGC,Industrials,4.840000152587891,0.5890444674707995,-87.8296601466873,,,,,,,,yfinance.info/recommendations
PSH,Real Estate,3.819999933242798,7.381470874265664,93.2322252162851,3.565,3.64,3.98,3.0,4.0,,1970-01-01,yfinance.info/recommendations
PSL,Industrials,9.5,-7.026773811147527,-173.9660401173424,7.76667,6.8,10.0,6.5,3.0,,1970-01-01,yfinance.info/recommendations
PSP,Basic Materials,6.699999809265137,7.486944933461586,11.74544994924055,9.7,9.7,9.7,9.7,1.0,,1970-01-01,yfinance.info/recommendations
PT,Technology,11.399999618530272,13.214075044392,15.91294286460341,,,,,,,,yfinance.info/recommendations
PTC,Energy,0.5899999737739563,0.2363882715198226,-59.934189486864476,,,,,,,,yfinance.info/recommendations
PTG,Consumer Cyclical,8.050000190734863,7.98500956483163,-0.807336948613169,9.03333,9.5,10.5,7.2,9.0,1.88889,1970-01-01,yfinance.info/recommendations
PTL,Basic Materials,14.5,13.87713176751368,-4.295642982664279,,,,,,,,yfinance.info/recommendations
PTT,Energy,40.75,14.913212668290893,-63.403159096218666,42.29737,44.0,49.0,35.0,19.0,1.42105,1970-01-01,yfinance.info/recommendations
PTTEP,Energy,144.0,61.67197922920296,-57.17223664638683,166.04546,169.5,193.0,111.0,22.0,1.81818,1970-01-01,yfinance.info/recommendations
PTTGC,Basic Materials,48.5,78.36792534475563,61.58335122630027,42.29474,45.0,59.0,16.0,19.0,2.36842,1970-01-01,yfinance.info/recommendations
PYLON,Industrials,4.019999980926514,4.62067778988666,14.942234124630623,,,,,,,,yfinance.info/recommendations
Q-CON,Industrials,5.900000095367432,7.048272990906038,19.46225215216875,,,,,,,,yfinance.info/recommendations
QDC,Consumer Cyclical,0.0799999982118606,,,,,,,,,,yfinance.info/recommendations
QH,Real Estate,1.350000023841858,2.555892126638144,89.3253393703308,1.4,1.44,1.5,1.1,7.0,,1970-01-01,yfinance.info/recommendations
QHBREIT,Real Estate,3.680000066757202,,,,,,,,,,yfinance.info/recommendations
QHHRREIT,Real Estate,8.25,,,,,,,,,,yfinance.info/recommendations
QHOP,Real Estate,3.3399999141693115,,,,,,,,,,yfinance.info/recommendations
QLT,Industrials,1.75,2.249237006499023,28.527828942801314,,,,,,,,yfinance.info/recommendations
QTC,Industrials,5.150000095367432,-1.2863353113473956,-124.97738422382729,,,,,,,,yfinance.info/recommendations
QTCG,Industrials,0.1400000005960464,-0.1940824288632553,-238.6303057406817,,,,,,,,yfinance.info/recommendations
RABBIT,Industrials,0.3100000023841858,0.4431099457067126,42.938691064125365,,,,,,,,yfinance.info/recommendations
RAM,Healthcare,17.299999237060547,8.36117535878549,-51.6695044652144,17.35,17.35,17.5,17.2,2.0,,1970-01-01,yfinance.info/recommendations
RATCH,Utilities,37.0,12.913305878150902,-65.09917330229487,42.5,43.5,55.0,32.0,9.0,1.77778,1970-01-01,yfinance.info/recommendations
RBF,Consumer Defensive,4.619999885559082,11.681842919566405,152.85374911113757,5.825,6.65,7.2,2.8,4.0,,1970-01-01,yfinance.info/recommendations
RCL,Industrials,45.25,107.92896986714985,138.51706047988915,60.0,60.0,60.0,60.0,1.0,,1970-01-01,yfinance.info/recommendations
READY,Technology,2.9800000190734863,5.928535512779885,98.94414345081547,,,,,,,,yfinance.info/recommendations
RICHY,Real Estate,0.1599999964237213,-0.0757733844288242,-147.3583663265571,,,,,,,,yfinance.info/recommendations
RJH,Healthcare,15.0,10.977768191943843,-26.81487872037438,18.6,18.6,18.6,18.6,1.0,,1970-01-01,yfinance.info/recommendations
RML,Real Estate,0.0900000035762786,-1.050109143488967,-1266.7878908459793,,,,,,,,yfinance.info/recommendations
ROCK,Consumer Cyclical,10.600000381469728,31.112262084602683,193.51189589569483,,,,,,,,yfinance.info/recommendations
ROCTEC,Technology,0.5899999737739563,1.0805351556389322,83.14155994401996,0.835,0.835,0.835,0.835,1.0,,,yfinance.info/recommendations
ROH,Consumer Cyclical,1.21,-8.356788059342712,-790.6436412679927,,,,,,,,yfinance.info/recommendations
ROJNA,Utilities,5.599999904632568,14.124097022995514,152.2160225629903,,,,,,,1970-01-01,yfinance.info/recommendations
RP,Industrials,0.7200000286102295,3.833866042478003,432.4813736297028,,,,,,,,yfinance.info/recommendations
RPC,Consumer Cyclical,0.3799999952316284,-0.1633457458735809,-142.9857231377105,,,,,,,,yfinance.info/recommendations
RPH,Healthcare,4.840000152587891,3.933726913452524,-18.724653110822594,,,,,,,,yfinance.info/recommendations
RS,Communication Services,0.1599999964237213,-1.688815306155078,-1155.5095899394014,,,,,,,,yfinance.info/recommendations
RSP,Consumer Cyclical,1.0199999809265137,3.116840921325592,205.57264505970085,,,,,,,,yfinance.info/recommendations
RT,Industrials,0.3000000119209289,2.32363268280571,674.5441968242824,,,,,,,,yfinance.info/recommendations
RWI,Basic Materials,0.4699999988079071,,,,,,,,,,yfinance.info/recommendations
S,Consumer Cyclical,0.5299999713897705,-3.977513917954908,-850.4743646542163,,,,,,,,yfinance.info/recommendations
S11,Financial Services,4.480000019073486,4.981522208713665,11.194691685378586,,,,,,,,yfinance.info/recommendations
SA,Real Estate,6.949999809265137,-8.213202774910048,-218.17558273830335,,,,,,,,yfinance.info/recommendations
SAAM,Utilities,4.659999847412109,-0.2583212841680403,-105.54337537825236,,,,,,,,yfinance.info/recommendations
SABINA,Consumer Cyclical,15.300000190734863,18.11042364673588,18.368780529185294,16.73333,17.6,18.2,14.4,3.0,,1970-01-01,yfinance.info/recommendations
SAF,Basic Materials,0.4000000059604645,0.0806830639604908,-79.82923431044513,,,,,,,,yfinance.info/recommendations
SAFE,Healthcare,5.25,7.29420488258988,38.937235858854855,9.8,9.8,9.8,9.8,1.0,1.0,1970-01-01,yfinance.info/recommendations
SAK,Financial Services,3.119999885559082,1.9254889554281,-38.285608139275105,3.79,3.53,4.8,3.04,3.0,,1970-01-01,yfinance.info/recommendations
SALEE,Basic Materials,0.5699999928474426,0.8222530683936766,44.254926089753155,,,,,,,,yfinance.info/recommendations
SAM,Basic Materials,0.1,-1.554385348184795,-1654.385348184795,,,,,,,,yfinance.info/recommendations
SAMART,Technology,5.449999809265137,19.22238043883706,252.70424057921122,8.7,8.7,8.7,8.7,1.0,,1970-01-01,yfinance.info/recommendations
SAMCO,Real Estate,0.8100000023841858,0.5633037299467497,-30.456329840901308,,,,,,,,yfinance.info/recommendations
SAMTEL,Communication Services,3.1600000858306885,12.950576004619668,309.828343444974,,,,,,,,yfinance.info/recommendations
SANKO,Consumer Cyclical,1.149999976158142,2.54241678154663,121.07972471792554,,,,,,,,yfinance.info/recommendations
SAPPE,Consumer Defensive,31.0,33.88096355592599,9.293430825567702,38.09375,40.625,45.0,26.0,8.0,2.11111,1970-01-01,yfinance.info/recommendations
SAT,Consumer Cyclical,16.100000381469727,30.42947481190404,89.00294466406848,16.66667,16.6,18.8,14.5,6.0,,1970-01-01,yfinance.info/recommendations
SAUCE,Consumer Defensive,41.0,29.579730099226268,-27.854316831155444,,,,,,,,yfinance.info/recommendations
SAV,Industrials,10.800000190734863,11.788168454607902,9.14970598538296,16.125,16.0,18.0,14.5,4.0,1.0,1970-01-01,yfinance.info/recommendations
SAWAD,Financial Services,21.799999237060547,,,30.95588,31.0,37.0,22.0,17.0,1.44444,1970-01-01,yfinance.info/recommendations
SAWANG,Consumer Cyclical,5.85,-8.00620707922194,-236.85824067046056,,,,,,,,yfinance.info/recommendations
SC,Real Estate,1.940000057220459,0.0453126057891238,-97.66429873955542,2.33286,2.3,2.8,1.95,7.0,,1970-01-01,yfinance.info/recommendations
SCAP,Financial Services,1.559999942779541,,,,,,,,,,yfinance.info/recommendations
SCB,Financial Services,149.5,,,158.95,160.0,180.0,137.0,20.0,2.57143,1970-01-01,yfinance.info/recommendations
SCC,Industrials,254.0,90.12915501206398,-64.51608070391183,242.85,223.0,332.0,162.0,20.0,2.78947,1970-01-01,yfinance.info/recommendations
SCCC,Basic Materials,151.5,224.3486639348288,48.08492668965598,193.5,193.5,202.0,185.0,2.0,,1970-01-01,yfinance.info/recommendations
SCG,Utilities,2.680000066757202,-0.8376188280931516,-131.2544331055435,,,,,,,,yfinance.info/recommendations
SCGD,Basic Materials,5.449999809265137,7.520780605950267,37.995979250581826,7.1,7.1,9.0,5.2,2.0,,1970-01-01,yfinance.info/recommendations
SCGP,Consumer Cyclical,28.5,20.861905003816528,-26.80033331994201,33.79056,35.0,40.0,18.9,18.0,1.66667,1970-01-01,yfinance.info/recommendations
SCI,Industrials,0.8500000238418579,0.4144223285569575,-51.24443330203241,,,,,,,,yfinance.info/recommendations
SCL,Consumer Cyclical,1.7400000095367432,1.8651867365408343,7.194639443560741,,,,,,,,yfinance.info/recommendations
SCM,Consumer Defensive,0.1400000005960464,-0.153936630901204,-209.95473588987338,,,,,,,,yfinance.info/recommendations
SCN,Utilities,0.449999988079071,-1.362969662375153,-402.8821552181155,,,,,,,,yfinance.info/recommendations
SCP,Basic Materials,9.300000190734863,16.95169752969065,82.27631378522767,,,,,,,,yfinance.info/recommendations
SDC,Technology,0.0299999993294477,0.0858768313006957,186.25611073397545,,,,,,,,yfinance.info/recommendations
SE,Industrials,0.4799999892711639,0.7967069640032316,65.98062121062925,,,,,,,,yfinance.info/recommendations
SE-ED,Consumer Cyclical,1.340000033378601,-0.0325843322706573,-102.43166652679112,,,,,,,,yfinance.info/recommendations
SEAFCO,Industrials,2.859999895095825,6.08384086698382,112.72171643838395,3.5,3.5,3.5,3.5,1.0,,1970-01-01,yfinance.info/recommendations
SEAOIL,Energy,3.4200000762939453,1.6186468051067728,-52.671147105329716,,,,,,,,yfinance.info/recommendations
SECURE,Technology,12.600000381469728,20.88250322681652,65.7341475761184,22.2,22.2,22.2,22.2,1.0,,1970-01-01,yfinance.info/recommendations
SEI,Healthcare,1.7699999809265137,0.3848187407450739,-78.25882797221054,,,,,,,,yfinance.info/recommendations
SELIC,Basic Materials,3.2799999713897705,4.8399807359900135,47.56038957949328,,,,,,,,yfinance.info/recommendations
SENA,Real Estate,1.659999966621399,-9.562517901759904,-676.0553068698257,,,,,,,,yfinance.info/recommendations
SENX,Real Estate,0.2199999988079071,0.2080814767006745,-5.417510078097433,,,,,,,,yfinance.info/recommendations
SFLEX,Consumer Cyclical,3.180000066757202,2.9583445450227237,-6.970299279286215,4.0,4.0,4.0,4.0,1.0,,1970-01-01,yfinance.info/recommendations
SFT,Industrials,1.5099999904632568,1.9419435791271888,28.605535853772746,,,,,,,,yfinance.info/recommendations
SGC,Financial Services,1.590000033378601,0.0023013474125402,-99.8552611720611,,,,,,,,yfinance.info/recommendations
SGF,Financial Services,0.1500000059604644,1.110272397619412,640.1815690007687,,,,,,,,yfinance.info/recommendations
SGP,Energy,8.800000190734863,6.447042056125753,-26.738160041024063,,,,,,,,yfinance.info/recommendations
SHANG,Consumer Cyclical,43.25,49.20537565504964,13.7696546937564,,,,,,,,yfinance.info/recommendations
SHR,Consumer Cyclical,1.5199999809265137,-1.9480515729915937,-228.1612893050276,2.04,2.1,2.5,1.6,5.0,1.66667,1970-01-01,yfinance.info/recommendations
SIAM,Consumer Cyclical,0.8999999761581421,,,,,,,,,,yfinance.info/recommendations
SICT,Technology,3.0,1.5850220590107005,-47.165931366309984,,,,,,,,yfinance.info/recommendations
SIMAT,Technology,1.090000033378601,0.2948506578246868,-72.94948176187135,,,,,,,,yfinance.info/recommendations
SINGER,Financial Services,10.899999618530272,5.335171976428417,-51.05346639316857,13.85,13.85,14.0,13.7,2.0,,1970-01-01,yfinance.info/recommendations
SINO,Industrials,0.9399999976158142,0.8832038031083469,-6.042148367183335,,,,,,,,yfinance.info/recommendations
SIRI,Real Estate,1.440000057220459,-1.7572341347621032,-222.03014339832606,1.662,1.625,1.9,1.52,10.0,1.36364,1970-01-01,yfinance.info/recommendations
SIRIPRT,Real Estate,5.150000095367432,,,,,,,,,,yfinance.info/recommendations
SIS,Technology,23.399999618530277,15.354646076962291,-34.38185330224079,25.5,25.5,27.0,24.0,2.0,2.33333,1970-01-01,yfinance.info/recommendations
SISB,Consumer Defensive,8.649999618530273,9.237444440981832,6.791269923216159,12.25,11.3,16.0,9.6,6.0,,1970-01-01,yfinance.info/recommendations
SITHAI,Consumer Cyclical,1.0399999618530271,2.391583399708576,129.95995071455152,,,,,,,,yfinance.info/recommendations
SJWD,Industrials,9.399999618530272,8.970358510628937,-4.570650269542355,12.68571,13.0,13.4,11.6,7.0,1.0,1970-01-01,yfinance.info/recommendations
SK,Basic Materials,0.5199999809265137,1.2861603860104855,147.338544843571,,,,,,,,yfinance.info/recommendations
SKE,Utilities,0.1899999976158142,-0.6077000211865665,-419.842120427472,,,,,,,,yfinance.info/recommendations
SKIN,Consumer Defensive,0.8299999833106995,,,,,,,,,,yfinance.info/recommendations
SKN,Basic Materials,4.920000076293945,-1.7523801314430012,-135.61748179408573,,,,,,,,yfinance.info/recommendations
SKR,Healthcare,7.75,6.272115227961855,-19.069480929524453,,,,,,,,yfinance.info/recommendations
SKY,Technology,17.5,11.653140246339472,-33.41062716377445,22.475,22.475,25.75,19.2,2.0,1.0,1970-01-01,yfinance.info/recommendations
SLP,Industrials,0.4900000095367431,0.384142838222702,-21.603503929340903,,,,,,,,yfinance.info/recommendations
SMART,Unknown,0.6100000143051147,1.1587982212024754,89.96691705368688,,,,,,,,yfinance.info/recommendations
SMD100,Healthcare,1.649999976158142,1.9272718817864152,16.80435815968147,,,,,,,,yfinance.info/recommendations
SMIT,Basic Materials,3.559999942779541,4.294454454740204,20.63074504959746,,,,,,,,yfinance.info/recommendations
SMO,Consumer Defensive,3.319999933242798,-0.2562319473914641,-107.71782989589371,,,,,,,,yfinance.info/recommendations
SMPC,Consumer Cyclical,9.350000381469728,12.145110114137491,29.894220520110814,,,,,,,,yfinance.info/recommendations
SMT,Technology,6.050000190734863,0.6627836647194247,-89.04489844918633,7.6,7.6,7.6,7.6,1.0,1.0,1970-01-01,yfinance.info/recommendations
SNC,Technology,6.900000095367432,7.931363662229742,14.947297863876182,,,,,,,,yfinance.info/recommendations
SNNP,Consumer Defensive,6.650000095367432,2.0766641536788324,-68.77196806169232,7.7875,7.875,9.0,6.4,4.0,,1970-01-01,yfinance.info/recommendations
SNP,Consumer Cyclical,8.699999809265137,16.81511735926249,93.27721526332785,,,,,,,,yfinance.info/recommendations
SNPS,Consumer Defensive,4.28000020980835,3.423144153188096,-20.02000034150984,5.0,5.0,5.0,5.0,1.0,,1970-01-01,yfinance.info/recommendations
SO,Industrials,4.739999771118164,9.002378635876955,89.92360908391558,,,,,,,,yfinance.info/recommendations
SOLAR,Technology,0.25,-2.116690373731228,-946.6761494924912,,,,,,,,yfinance.info/recommendations
SONIC,Industrials,1.4900000095367432,2.53696339931812,70.26599886444892,,,,,,,,yfinance.info/recommendations
SORKON,Consumer Defensive,3.240000009536743,0.7581161519114614,-76.6013534049385,,,,,,,,yfinance.info/recommendations
SPA,Consumer Cyclical,2.940000057220459,2.6913027104119465,-8.459093264223828,3.88333,3.95,4.5,3.0,6.0,2.0,1970-01-01,yfinance.info/recommendations
SPACK,Consumer Cyclical,1.590000033378601,1.606190983262413,1.0182987134539694,,,,,,,,yfinance.info/recommendations
SPALI,Real Estate,15.899999618530272,14.218946733293302,-10.572659909235638,17.62143,17.5,21.0,15.6,14.0,2.0,1970-01-01,yfinance.info/recommendations
SPC,Consumer Defensive,56.25,76.63480970481561,36.23966169744997,,,,,,,,yfinance.info/recommendations
SPCG,Utilities,11.600000381469728,7.391784014930021,-36.27772610475141,,,,,,,,yfinance.info/recommendations
SPG,Basic Materials,12.100000381469728,12.85542420627934,6.243171909039672,,,,,,,,yfinance.info/recommendations
SPI,Real Estate,35.25,-6.887997529030279,-119.54041852207172,,,,,,,,yfinance.info/recommendations
SPRC,Energy,14.199999809265137,12.29188787623976,-13.437408159543649,14.70714,14.75,19.7,12.0,14.0,1.57143,1970-01-01,yfinance.info/recommendations
SPREME,Technology,1.4900000095367432,-5.503751458434172,-469.37929014814887,,,,,,,,yfinance.info/recommendations
SPRIME,Real Estate,4.21999979019165,,,,,,,,,,yfinance.info/recommendations
SPTX,Technology,0.0099999997764825,-0.0004616577098255,-104.61657720144358,,,,,,,,yfinance.info/recommendations
SPVI,Technology,3.4600000381469727,7.344259380766624,112.2618294738486,,,,,,,,yfinance.info/recommendations
SQ,Industrials,0.1800000071525573,-3.408452651194156,-1993.5847309746798,,,,,,,,yfinance.info/recommendations
SR,Industrials,0.3499999940395355,-0.1289333235674414,-136.83809307518936,,,,,,,,yfinance.info/recommendations
SRICHA,Industrials,17.299999237060547,66.55936596963119,284.7362364447152,,,,,,,,yfinance.info/recommendations
SRIPANWA,Real Estate,5.0,,,,,,,,,,yfinance.info/recommendations
SRS,Technology,2.559999942779541,-2.2394060423352458,-187.47680048397936,,,,,,,,yfinance.info/recommendations
SSF,Consumer Defensive,5.0,11.923293861924376,138.46587723848754,,,,,,,,yfinance.info/recommendations
SSP,Utilities,7.550000190734863,-6.118626358147043,-181.04140666983878,14.1,14.1,14.1,14.1,1.0,,1970-01-01,yfinance.info/recommendations
SSSC,Basic Materials,2.299999952316284,,,,,,,,,,yfinance.info/recommendations
SST,Consumer Defensive,1.0199999809265137,-5.533214669290722,-642.472036545005,,,,,,,,yfinance.info/recommendations
SSTRT,Real Estate,4.639999866485596,,,,,,,,,,yfinance.info/recommendations
STA,Basic Materials,21.799999237060547,2.922803659775126,-86.59264329327917,23.875,23.5,25.5,23.0,4.0,,1970-01-01,yfinance.info/recommendations
STANLY,Consumer Cyclical,223.0,284.2152074206608,27.450765659489157,246.175,244.0,266.7,230.0,4.0,,1970-01-01,yfinance.info/recommendations
STARM,Financial Services,0.9300000071525574,1.1355621047252331,22.103451181904703,,,,,,,,yfinance.info/recommendations
STC,Basic Materials,0.699999988079071,0.487263266679904,-30.390960717435984,,,,,,,,yfinance.info/recommendations
STECH,Basic Materials,1.5800000429153442,2.3794860958198947,50.600381720836864,,,,,,,,yfinance.info/recommendations
STECON,Industrials,18.600000381469727,12.78340664582297,-31.27200869007264,21.3,21.0,25.0,17.7,13.0,1.42857,1970-01-01,yfinance.info/recommendations
STELLA,Real Estate,0.2300000041723251,-1.031715011780259,-548.5717361149512,,,,,,,,yfinance.info/recommendations
STGT,Basic Materials,10.5,10.232509094215242,-2.547532436045313,12.43333,11.9,14.0,11.4,3.0,,1970-01-01,yfinance.info/recommendations
STI,Industrials,1.7000000476837158,2.4012946106538133,41.25262019407737,,,,,,,,yfinance.info/recommendations
STOWER,Basic Materials,0.050000000745058,-0.1266988317668499,-353.3976597577808,,,,,,,,yfinance.info/recommendations
STP,Basic Materials,11.0,21.599477667233355,96.35888788393959,,,,,,,,yfinance.info/recommendations
STPI,Industrials,5.25,2.6709225505433114,-49.125284751555974,,,,,,,,yfinance.info/recommendations
STX,Basic Materials,0.7900000214576721,-0.0625695490733547,-107.92019587010951,,,,,,,,yfinance.info/recommendations
SUC,Industrials,27.25,52.53495624513627,92.78883025738082,,,,,,,,yfinance.info/recommendations
SUN,Consumer Defensive,2.0799999237060547,0.5341766154418196,-74.31843100791818,2.4,2.4,2.4,2.4,1.0,,1970-01-01,yfinance.info/recommendations
SUPER,Utilities,0.1299999952316284,0.5262495892428338,304.80739118888806,,,,,,,,yfinance.info/recommendations
SUSCO,Energy,2.299999952316284,0.885582700017274,-61.496403548816545,3.1,3.1,3.1,3.1,1.0,,1970-01-01,yfinance.info/recommendations
SUTHA,Basic Materials,3.0999999046325684,2.736962218037272,-11.710893476247573,,,,,,,,yfinance.info/recommendations
SVOA,Technology,1.909999966621399,-5.089760217378236,-366.47959718981144,,,,,,,,yfinance.info/recommendations
SVR,Real Estate,0.3100000023841858,,,,,,,,,,yfinance.info/recommendations
SVT,Industrials,1.6100000143051147,4.601087297591117,185.7818171869379,,,,,,,,yfinance.info/recommendations
SWC,Basic Materials,5.0,6.119827446924026,22.396548938480514,,,,,,,,yfinance.info/recommendations
SYMC,Communication Services,6.050000190734863,5.986680319007025,-1.0466094170510614,9.2,9.2,9.2,9.2,1.0,,1970-01-01,yfinance.info/recommendations
SYNEX,Technology,9.25,5.560048236303564,-39.89137041833985,11.66,12.0,12.6,10.2,5.0,1.4,1970-01-01,yfinance.info/recommendations
SYNTEC,Industrials,1.7799999713897705,4.200990938225154,136.01073066002053,,,,,,,,yfinance.info/recommendations
TACC,Consumer Defensive,6.25,7.387824676188856,18.2051948190217,7.4125,7.35,8.1,6.85,4.0,1.0,1970-01-01,yfinance.info/recommendations
TAE,Basic Materials,1.5700000524520874,3.846724872135689,145.01431488029087,,,,,,,,yfinance.info/recommendations
TAKUNI,Energy,0.4399999976158142,,,,,,,,,,yfinance.info/recommendations
TAN,Consumer Cyclical,4.019999980926514,8.815609733139421,119.29377549667637,,,,,,,,yfinance.info/recommendations
TAPAC,Unknown,0.54,1.0731455413646378,98.73065580826625,,,,,,,,yfinance.info/recommendations
TASCO,Basic Materials,16.700000762939453,19.38926259348561,16.1033635190853,19.46,19.4,21.0,18.0,5.0,1.6,1970-01-01,yfinance.info/recommendations
TATG,Consumer Cyclical,0.9900000095367432,3.398507613600452,243.28359402650278,,,,,,,,yfinance.info/recommendations
TBN,Technology,3.539999961853028,4.459047660273687,25.961799670177964,,,,,,,,yfinance.info/recommendations
TBSP,Industrials,0.9399999976158142,-10.883221870736074,-1257.789563653184,,,,,,,,yfinance.info/recommendations
TC,Consumer Defensive,8.300000190734863,4.26961329750005,-48.55887711585669,,,,,,,,yfinance.info/recommendations
TCAP,Financial Services,81.0,,,93.0,92.5,100.0,85.0,6.0,,1970-01-01,yfinance.info/recommendations
TCC,Energy,0.2800000011920929,0.2458438023806155,-12.198642380735084,,,,,,,,yfinance.info/recommendations
TCJ,Industrials,2.799999952316284,6.34949508251539,126.76768538023747,,,,,,,,yfinance.info/recommendations
TCMC,Consumer Cyclical,0.2800000011920929,-4.346001831922734,-1652.1435047927646,,,,,,,,yfinance.info/recommendations
TCOAT,Consumer Cyclical,26.0,30.21871302687275,16.22581933412596,,,,,,,,yfinance.info/recommendations
TEAM,Technology,5.949999809265137,2.8250476314411035,-52.5202063529139,,,,,,0.0,1970-01-01,yfinance.info/recommendations
TEAMG,Industrials,2.9200000762939453,2.3335370628440586,-20.0843492509159,,,,,,,,yfinance.info/recommendations
TEGH,Basic Materials,3.220000028610229,2.547986525962064,-20.8699843688576,4.0,4.0,4.0,4.0,1.0,,1970-01-01,yfinance.info/recommendations
TEKA,Industrials,1.840000033378601,2.363934990863686,28.474725433729354,,,,,,,,yfinance.info/recommendations
TERA,Technology,1.2799999713897705,1.6625848500197289,29.889444311046642,,,,,,,,yfinance.info/recommendations
TFG,Consumer Defensive,9.5,13.850975201896382,45.79973896733034,11.485,12.05,14.2,5.9,10.0,1.1,1970-01-01,yfinance.info/recommendations
TFI,Consumer Cyclical,0.050000000745058,-0.1167963364487095,-333.5926694166173,,,,,,,,yfinance.info/recommendations
TFM,Consumer Defensive,6.150000095367432,8.491014246449451,38.06527015902681,6.2,6.2,6.2,6.2,1.0,,1970-01-01,yfinance.info/recommendations
TFMAMA,Consumer Defensive,186.0,151.97682901120447,-18.29202741333093,,,,,,,,yfinance.info/recommendations
TGE,Utilities,1.0499999523162842,1.3083538659163587,24.6051357459731,,,,,,,,yfinance.info/recommendations
TGH,Financial Services,10.3,34.75855319713876,237.461681525619,,,,,,,,yfinance.info/recommendations
TGPRO,Basic Materials,0.0299999993294477,-0.1104812656314135,-468.27089366954146,,,,,,,,yfinance.info/recommendations
TH,Financial Services,0.4399999976158142,0.5718240607051311,29.96001450082258,,,,,,,,yfinance.info/recommendations
THAI,Industrials,5.699999809265137,9.7479313059602,71.01634442364897,7.99706,8.0,12.0,5.5,17.0,1.47059,1970-01-01,yfinance.info/recommendations
THANA,Real Estate,1.5800000429153442,-2.233138451794247,-241.3378728568742,,,,,,,,yfinance.info/recommendations
THANI,Financial Services,2.059999942779541,2.206165974340096,7.095438622359109,2.725,2.75,2.9,2.5,4.0,,1970-01-01,yfinance.info/recommendations
THE,Basic Materials,0.9100000262260436,4.267603996428816,368.9674586194732,,,,,,,,yfinance.info/recommendations
THG,Healthcare,6.900000095367432,5.769135453889828,-16.38934240358708,7.3,7.3,7.4,7.2,2.0,4.0,1970-01-01,yfinance.info/recommendations
THIP,Consumer Cyclical,22.100000381469727,21.856010081042704,-1.1040284896628398,,,,,,,,yfinance.info/recommendations
THMUI,Industrials,0.3100000023841858,0.5605388390728285,80.81897895540907,,,,,,,,yfinance.info/recommendations
THRE,Financial Services,0.550000011920929,,,,,,,,,,yfinance.info/recommendations
THREL,Financial Services,1.2200000286102295,,,,,,,,,,yfinance.info/recommendations
TIDLOR,Financial Services,16.700000762939453,-4.020156182117469,-124.07279040992007,24.09375,24.0,28.0,20.0,16.0,1.3125,1970-01-01,yfinance.info/recommendations
TIF1,Financial Services,8.0,,,,,,,,,,yfinance.info/recommendations
TIGER,Industrials,0.4300000071525574,-0.6056344871140039,-240.8452272185973,,,,,,,,yfinance.info/recommendations
TIPCO,Consumer Defensive,6.599999904632568,3.515530064205007,-46.734392196923494,,,,,,,,yfinance.info/recommendations
TIPH,Financial Services,24.299999237060547,,,,,,,,,,yfinance.info/recommendations
TISCO,Financial Services,124.5,,,117.73438,119.5,138.0,89.0,16.0,3.25,1970-01-01,yfinance.info/recommendations
TITLE,Real Estate,8.699999809265137,1.6918474896680566,-80.55347670391545,12.5,12.5,12.5,12.5,1.0,,1970-01-01,yfinance.info/recommendations
TK,Financial Services,4.360000133514404,-1.6771390276190117,-138.46649028120885,,,,,,,,yfinance.info/recommendations
TKC,Industrials,8.550000190734863,1.4756959189439245,-82.74039899387311,,,,,,,,yfinance.info/recommendations
TKN,Consumer Defensive,4.699999809265137,3.0459979970431004,-35.191529347756415,7.33333,4.5,13.5,4.0,3.0,,1970-01-01,yfinance.info/recommendations
TKS,Industrials,7.849999904632568,8.426967020119104,7.349899649629887,,,,,,,,yfinance.info/recommendations
TKT,Consumer Cyclical,0.6899999976158142,1.407430228586959,103.97539615219007,,,,,,,,yfinance.info/recommendations
TL,Technology,0.4199999868869781,0.5082242327834355,21.005773488321218,,,,,,,,yfinance.info/recommendations
TLHPF,Unknown,4.940000057220459,0.4250796960082915,-91.39514795375393,,,,,,,,yfinance.info/recommendations
TLI,Financial Services,11.100000381469728,,,15.88,15.0,19.0,13.6,5.0,,1970-01-01,yfinance.info/recommendations
TM,Healthcare,1.2699999809265137,6.376495797078953,402.0862907751428,,,,,,,,yfinance.info/recommendations
TMAN,Healthcare,10.5,10.575665534017077,0.7206241334959681,17.4,17.4,17.4,17.4,1.0,,1970-01-01,yfinance.info/recommendations
TMC,Industrials,0.6899999976158142,0.0082384032911281,-98.80602850440657,,,,,,,,yfinance.info/recommendations
TMD,Consumer Cyclical,28.25,22.70291993313844,-19.635681652607296,,,,,,,,yfinance.info/recommendations
TMI,Industrials,0.4900000095367431,0.9307851687956614,89.95615320000634,,,,,,,,yfinance.info/recommendations
TMILL,Consumer Defensive,2.5199999809265137,3.3041428810235187,31.116781985399218,,,,,,,,yfinance.info/recommendations
TMT,Basic Materials,4.420000076293945,1.2727022426103685,-71.20583211216828,,,,,,,,yfinance.info/recommendations
TMW,Basic Materials,56.0,180.71830121086225,222.71125216225403,,,,,,,,yfinance.info/recommendations
TNDT,Industrials,0.2300000041723251,0.0837986648548334,-63.56579855013911,,,,,,,,yfinance.info/recommendations
TNH,Healthcare,28.5,28.54669978620349,0.1638588989596145,,,,,,,,yfinance.info/recommendations
TNITY,Financial Services,2.319999933242798,-3.401892791486789,-246.63331419720205,,,,,,,,yfinance.info/recommendations
TNL,Financial Services,19.799999237060547,-33.50142431399673,-269.19911921658365,,,,,,,,yfinance.info/recommendations
TNP,Consumer Defensive,2.7799999713897705,2.733042706449811,-1.68911026702223,3.73,3.73,3.88,3.58,2.0,1.0,1970-01-01,yfinance.info/recommendations
TNPC,Consumer Cyclical,0.9100000262260436,-0.0905403935197661,-109.94949350663819,,,,,,,,yfinance.info/recommendations
TNR,Consumer Defensive,5.849999904632568,6.71755923845556,14.830074324206025,,,,,,,,yfinance.info/recommendations
TOA,Basic Materials,14.699999809265137,24.27424596281632,65.13092705971815,17.2,16.6,19.0,16.0,3.0,,1970-01-01,yfinance.info/recommendations
TOG,Healthcare,6.949999809265137,5.566301879275248,-19.909323280056242,,,,,,,,yfinance.info/recommendations
TOP,Energy,66.5,57.70456873312557,-13.226212431390122,73.55,74.5,94.0,30.0,20.0,1.94737,1970-01-01,yfinance.info/recommendations
TOPP,Consumer Cyclical,132.0,338.1699591955664,156.18936302694422,,,,,,,,yfinance.info/recommendations
TPA,Basic Materials,2.5999999046325684,2.162506726637244,-16.82666130932611,,,,,,,,yfinance.info/recommendations
TPAC,Consumer Cyclical,9.100000381469728,20.862798882593587,129.26151657176158,,,,,,,,yfinance.info/recommendations
TPBI,Consumer Cyclical,3.7799999713897705,9.186253723936732,143.02258712873152,,,,,,,,yfinance.info/recommendations
TPCH,Utilities,0.8600000143051147,-6.748453993093872,-884.7039396326828,,,,,,,,yfinance.info/recommendations
TPCS,Consumer Cyclical,10.2,12.10974433160506,18.72298364318688,,,,,,,,yfinance.info/recommendations
TPIPL,Basic Materials,0.8799999952316284,-1.270745936856557,-244.4029481525257,,,,,,,,yfinance.info/recommendations
TPIPP,Utilities,1.6399999856948853,-1.2928583723618443,-178.83282827066895,,,,,,,,yfinance.info/recommendations
TPL,Industrials,0.4600000083446502,0.1537273193787438,-66.58101813259856,,,,,,,,yfinance.info/recommendations
TPLAS,Consumer Cyclical,1.1299999952316284,1.2273751742362056,8.617272514644311,,,,,,,,yfinance.info/recommendations
TPOLY,Industrials,0.1099999994039535,,,,,,,,,,yfinance.info/recommendations
TPP,Consumer Cyclical,13.199999809265137,22.458902715394444,70.14320484785495,,,,,,,,yfinance.info/recommendations
TPRIME,Real Estate,8.449999809265137,,,,,,,,,,yfinance.info/recommendations
TPS,Technology,3.0199999809265137,2.517949312647001,-16.624194418884972,,,,,,,,yfinance.info/recommendations
TQM,Financial Services,14.800000190734863,15.823197303213597,6.9134939141370975,20.0,20.0,20.0,20.0,2.0,,1970-01-01,yfinance.info/recommendations
TQR,Financial Services,5.900000095367432,,,,,,,,,,yfinance.info/recommendations
TR,Consumer Cyclical,26.25,-33.26536355923723,-226.72519451137993,,,,,,,,yfinance.info/recommendations
TRC,Industrials,0.3899999856948852,-1.4388487619801411,-468.9355935273849,,,,,,,,yfinance.info/recommendations
TRITN,Industrials,0.0199999995529651,0.0356268265145359,78.13413655428828,,,,,,,,yfinance.info/recommendations
TRP,Healthcare,3.920000076293945,2.427207182485985,-38.081450631482625,5.05,5.05,5.05,5.05,1.0,,1970-01-01,yfinance.info/recommendations
TRT,Industrials,11.300000190734863,16.803345084827665,48.70216638230789,,,,,,,,yfinance.info/recommendations
TRU,Consumer Cyclical,3.740000009536743,4.699800395414605,25.663111856428785,,,,,,,,yfinance.info/recommendations
TRUBB,Basic Materials,1.059999942779541,-0.7053985786645424,-166.54703931538336,,,,,,,,yfinance.info/recommendations
TRUE,Communication Services,12.699999809265137,11.33914977574008,-10.715354755613975,17.23421,17.1,21.3,14.0,19.0,1.42857,1970-01-01,yfinance.info/recommendations
TRV,Consumer Cyclical,1.5299999713897705,1.222723670237467,-20.08341875151736,,,,,,,,yfinance.info/recommendations
TSC,Consumer Cyclical,14.899999618530272,17.380698574553755,16.648986708284074,,,,,,,,yfinance.info/recommendations
TSE,Utilities,1.2000000476837158,-1.0697664307299497,-189.14719901843776,,,,,,,,yfinance.info/recommendations
TSI,Financial Services,0.0399999991059303,,,,,,,,,,yfinance.info/recommendations
TSR,Unknown,0.04,,,,,,,,,,yfinance.info/recommendations
TSTE,Consumer Defensive,9.0,4.7915900135191976,-46.760110960897805,,,,,,,,yfinance.info/recommendations
TSTH,Basic Materials,0.9399999976158142,3.027416214604517,222.0655555620381,,,,,,,,yfinance.info/recommendations
TTA,Industrials,5.150000095367432,14.759582707248589,186.59383366857108,6.8,6.8,6.8,6.8,1.0,,1970-01-01,yfinance.info/recommendations
TTB,Financial Services,2.9200000762939453,,,2.92526,3.05,3.5,1.83,19.0,2.3,1970-01-01,yfinance.info/recommendations
TTCL,Industrials,0.08,-38.09482101405753,-47718.52626757191,,,,,,,,yfinance.info/recommendations
TTI,Consumer Cyclical,24.6,2.548727457028706,-89.63931928037113,,,,,,,,yfinance.info/recommendations
TTT,Consumer Cyclical,47.75,149.76047808684092,213.63450908238937,,,,,,,,yfinance.info/recommendations
TTW,Utilities,10.0,8.974806387897095,-10.25193612102905,10.28,10.0,11.0,9.9,5.0,,1970-01-01,yfinance.info/recommendations
TU,Consumer Defensive,12.5,1.9787455889806167,-84.17003528815506,14.75,14.95,20.5,10.7,16.0,1.55556,1970-01-01,yfinance.info/recommendations
TU-PF,Unknown,0.83,5.878197090623757,608.2165169426213,,,,,,,,yfinance.info/recommendations
TURBO,Financial Services,1.5099999904632568,-1.7303561549670243,-214.59312356923684,2.12,2.12,2.3,1.94,2.0,,1970-01-01,yfinance.info/recommendations
TURTLE,Consumer Cyclical,3.78,,,,,,,,,,yfinance.info/recommendations
TVDH,Consumer Cyclical,0.0399999991059303,0.2595359988920632,548.8400117328628,,,,,,,,yfinance.info/recommendations
TVH,Financial Services,10.300000190734863,,,,,,,,,,yfinance.info/recommendations
TVO,Consumer Defensive,27.5,26.50806138516464,-3.607049508492214,32.91667,33.75,36.0,29.0,3.0,,1970-01-01,yfinance.info/recommendations
TVT,Communication Services,0.2300000041723251,0.0558234735778397,-75.72892497166454,,,,,,,,yfinance.info/recommendations
TWP,Basic Materials,1.5099999904632568,-4.948444189074662,-427.71153777004434,,,,,,,,yfinance.info/recommendations
TWPC,Consumer Defensive,2.619999885559082,1.8447970387457808,-29.58789620892982,3.3,3.3,3.3,3.3,1.0,,1970-01-01,yfinance.info/recommendations
TWZ,Consumer Cyclical,0.0099999997764825,-0.447417097531853,-4574.171075324083,,,,,,,,yfinance.info/recommendations
TYCN,Basic Materials,1.649999976158142,-4.978851584257661,-401.7485852242503,,,,,,,,yfinance.info/recommendations
UAC,Basic Materials,2.4600000381469727,2.9171198954622537,18.582107732795507,,,,,,,,yfinance.info/recommendations
UBA,Industrials,1.3700000047683716,1.7251626420762416,25.924280005233868,,,,,,,,yfinance.info/recommendations
UBE,Consumer Defensive,0.5600000023841858,1.2070006995373268,115.53583828545571,,,,,,,,yfinance.info/recommendations
UBIS,Basic Materials,1.3300000429153442,2.2607068923950457,69.9779563495053,,,,,,,,yfinance.info/recommendations
UEC,Basic Materials,0.7799999713897705,0.3663321916786897,-53.03433267747758,,,,,,,,yfinance.info/recommendations
UKEM,Basic Materials,1.3600000143051147,2.63536007972425,93.77647441208109,,,,,,,,yfinance.info/recommendations
UMI,Industrials,0.9300000071525574,5.916215465567561,536.1521957060656,,,,,,,,yfinance.info/recommendations
UMS,Energy,0.6399999856948853,0.8982754317753261,40.35553935208548,,,,,,,,yfinance.info/recommendations
UNIQ,Industrials,2.640000104904175,-11.877701917395486,-549.912933538562,,,,,,,,yfinance.info/recommendations
UNIX,Consumer Cyclical,2.200000047683716,,,,,,,,,,yfinance.info/recommendations
UP,Consumer Cyclical,27.0,21.596870571674614,-20.011590475279206,,,,,,,,yfinance.info/recommendations
UPF,Consumer Cyclical,22.5,41.84651067789787,85.9844919017683,,,,,,,,yfinance.info/recommendations
UPOIC,Consumer Defensive,6.800000190734863,6.3603271112607445,-6.465780399141491,,,,,,,,yfinance.info/recommendations
UREKA,Industrials,0.3899999856948852,0.245918654714655,-36.94393237566722,,,,,,,,yfinance.info/recommendations
UTP,Basic Materials,9.0,16.078253484916228,78.64726094351364,,,,,,,,yfinance.info/recommendations
UV,Utilities,0.8999999761581421,2.657536982265972,195.2818947407402,,,,,,,,yfinance.info/recommendations
UVAN,Consumer Defensive,14.0,16.19604269846698,15.686019274764135,,,,,,,,yfinance.info/recommendations
VARO,Basic Materials,5.800000190734863,17.310870451136402,198.46327382522216,,,,,,,,yfinance.info/recommendations
VCOM,Technology,3.700000047683716,0.436883231364282,-88.19234525043369,,,,,,,,yfinance.info/recommendations
VGI,Industrials,0.9200000166893004,-0.0545787163466724,-105.93246906049836,1.19,1.19,1.19,1.19,1.0,,1970-01-01,yfinance.info/recommendations
VIBE,Consumer Cyclical,0.5299999713897705,-0.078236729530764,-114.76164787813308,,,,,,,,yfinance.info/recommendations
VIBHA,Healthcare,1.350000023841858,0.7788867909474309,-42.304683170978116,,,,,,,,yfinance.info/recommendations
VIH,Healthcare,8.550000190734863,10.838553553896036,26.766705404768814,,,,,,,,yfinance.info/recommendations
VL,Industrials,0.7799999713897705,1.4800317506834415,89.74766730393392,,,,,,,,yfinance.info/recommendations
VNG,Basic Materials,1.919999957084656,-8.3218230166971,-533.4282918075179,,,,,,,,yfinance.info/recommendations
VPO,Consumer Defensive,0.4300000071525574,-1.9047908174183903,-542.9746013335762,,,,,,,,yfinance.info/recommendations
VRANDA,Real Estate,4.34,-4.30935757310318,-199.29395329730832,,,,,,,,yfinance.info/recommendations
VS,Industrials,0.25,-0.1324920541473161,-152.99682165892645,,,,,,,,yfinance.info/recommendations
WACOAL,Consumer Cyclical,15.899999618530272,2.342796737394224,-85.26542897105564,,,,,,,,yfinance.info/recommendations
WARRIX,Consumer Cyclical,1.1799999475479126,0.2435825046895264,-79.35741393923783,1.4,1.4,1.4,1.4,1.0,,1970-01-01,yfinance.info/recommendations
WASH,Industrials,3.640000104904175,7.087661276725773,94.7159635291373,7.25,7.25,7.25,7.25,1.0,,1970-01-01,yfinance.info/recommendations
WAVE,Consumer Defensive,0.0399999991059303,0.2689383875408546,572.3459838802407,,,,,,,,yfinance.info/recommendations
WFX,Consumer Cyclical,1.090000033378601,1.955821608141526,79.43316956415084,,,,,,,,yfinance.info/recommendations
WGE,Industrials,0.6499999761581421,3.6553225614558142,462.3573377741925,,,,,,,,yfinance.info/recommendations
WHA,Real Estate,4.699999809265137,-0.5725762051392678,-112.1824729441594,5.28625,5.45,6.2,3.8,16.0,2.0625,1970-01-01,yfinance.info/recommendations
WHABT,Real Estate,6.25,,,,,,,,,,yfinance.info/recommendations
WHAIR,Real Estate,8.399999618530273,,,8.7,8.7,8.7,8.7,1.0,,1970-01-01,yfinance.info/recommendations
WHART,Real Estate,11.0,,,11.7,11.7,11.7,11.7,1.0,3.0,1970-01-01,yfinance.info/recommendations
WHAUP,Utilities,6.949999809265137,0.9142351827132652,-86.84553657836815,8.82143,9.2,10.1,7.2,7.0,,1970-01-01,yfinance.info/recommendations
WICE,Industrials,3.0,2.854733209175825,-4.842226360805832,4.0,4.0,4.0,4.0,1.0,,1970-01-01,yfinance.info/recommendations
WIIK,Industrials,1.2300000190734863,3.2720867912522795,166.0233122367772,,,,,,,,yfinance.info/recommendations
WIN,Real Estate,0.3100000023841858,0.0508828374038579,-83.58618160886387,,,,,,,,yfinance.info/recommendations
WINDOW,Basic Materials,0.7099999785423279,0.9568272695328276,34.76440823241302,,,,,,,,yfinance.info/recommendations
WINMED,Healthcare,1.2899999618530271,0.7716040791254347,-40.18572853156832,,,,,,,,yfinance.info/recommendations
WINNER,Consumer Defensive,2.200000047683716,2.5304964176639797,15.022561946224917,,,,,,,,yfinance.info/recommendations
WORK,Communication Services,3.380000114440918,5.717271593741616,69.15004142499278,8.45,8.45,9.45,7.45,2.0,,1970-01-01,yfinance.info/recommendations
WP,Utilities,3.680000066757202,8.927196913618674,142.5868682520236,,,,,,,,yfinance.info/recommendations
WPH,Healthcare,6.0,2.2006696653273745,-63.322172244543765,,,,,,,,yfinance.info/recommendations
WSOL,Industrials,0.03,-13.016502098030564,-43488.34032676855,,,,,,,,yfinance.info/recommendations
XBIO,Consumer Cyclical,0.0599999986588954,-0.4581400314696476,-863.5667361831271,,,,,,,,yfinance.info/recommendations
XO,Consumer Defensive,17.600000381469727,14.379263296016797,-18.299642134348495,20.5,20.5,21.8,19.2,2.0,,1970-01-01,yfinance.info/recommendations
XPG,Financial Services,0.4799999892711639,-0.3290734502041299,-168.5569703248948,,,,,,,,yfinance.info/recommendations
XYZ,Basic Materials,0.270000010728836,-2.0163114699146663,-846.7819962198705,,,,,,,,yfinance.info/recommendations
YGG,Communication Services,0.1800000071525573,,,,,,,,,,yfinance.info/recommendations
YONG,Basic Materials,0.6399999856948853,0.664547302671042,3.835518363255009,,,,,,,,yfinance.info/recommendations
YUASA,Consumer Cyclical,16.100000381469727,38.66725955160209,140.16930829458937,,,,,,,,yfinance.info/recommendations
ZAA,Communication Services,1.559999942779541,-0.3685387106588154,-123.62427719081637,,,,,,,,yfinance.info/recommendations
ZEN,Consumer Cyclical,5.400000095367432,13.10317665512932,142.65141525405366,5.8,5.8,5.8,5.8,1.0,,,yfinance.info/recommendations
ZIGA,Basic Materials,1.1200000047683716,0.7466402037054845,-33.33569638154618,,,,,,,,yfinance.info/recommendations
