symbol,sector,last_price,eps_ttm,g_base,fcf_ttm,fcf_mode,terminal_method,exit_multiple_used,shares,equity_last,roe_ttm,ebitda_ttm,net_debt,minority_interest,model,coe,wacc,terminal_pe_used,intrinsic,intrinsic_s_bull,intrinsic_s_base,intrinsic_s_bear,upside_pct,flags
2S,Basic Materials,3.6600000858306885,0.8109999999999999,-0.3,439317000.0,fcff,exit,8.0,549995954.0,,,528053000.0,-432124000.0,-73000.0,fcf_dcf,0.08,0.08,,9.93281774857154,10.654257554309654,9.93281774857154,9.211377942833431,171.38845671139237,
88TH,Consumer Defensive,3.619999885559082,0.35,0.0,70558000.0,fcff,exit,8.0,212500000.0,,,117844000.0,-315742000.0,,fcf_dcf,0.1,0.09120000000000002,,6.01402843397451,6.409784530040373,6.01402843397451,5.618272337908648,66.13338740605204,
A,Real Estate,2.0199999809265137,-1.2927,0.3,-309493804.0,fcff,exit,8.0,980000000.0,,,-623356598.0,10348994000.0,,fcf_dcf,0.08,0.08,,-15.71846196246694,-16.196423078320784,-15.71846196246694,-15.240500846613092,-878.1416886577073,pe<0
A5,Real Estate,1.809999942779541,0.09,0.3,574364771.0,fcff,exit,8.0,1178000187.0,,,77877444.0,1222405025.0,0.0,fcf_dcf,0.08,0.08,,1.4201525894023912,1.4698287944645585,1.4201525894023912,1.3704763843402235,-21.53852849180081,
AAI,Consumer Defensive,4.159999847412109,0.31000000000000005,0.3,452755086.0,fcff,exit,8.0,2116650000.0,,,952119191.0,-214262000.0,,fcf_dcf,0.08,0.08,,3.7091975150224252,4.047203468171563,3.7091975150224252,3.371191561873287,-10.836594926082109,
AAV,Industrials,1.0,-0.16699999999999998,0.3,5010626000.0,fcff,exit,8.0,12850000000.0,,,7685731000.0,42932163000.0,,fcf_dcf,0.08,0.08,,1.9022384678235458,2.35167061523893,1.9022384678235458,1.4528063204081614,90.22384678235457,pe<0
ABM,Utilities,0.9399999976158142,-0.07,-0.3,39984762.0,fcff,exit,8.0,692120446.0,,,-892599.0,467849364.0,361976.0,fcf_dcf,0.08,0.08,,-0.44010587246434957,-0.44107494614446324,-0.44010587246434957,-0.4391367987842359,-146.81977378517234,pe<0
ACC,Industrials,0.3199999928474426,-0.042,0.0,4672000.0,fcff,exit,8.0,1880333993.0,,,-26978000.0,-6265000.0,18802000.0,fcf_dcf,0.08,0.08,,-0.08241509810673749,-0.0931960432033063,-0.08241509810673749,-0.07163415301016869,-125.75471873401828,pe<0
ACE,Utilities,1.2999999523162842,0.09,-0.3,1128473815.0,fcff,exit,8.0,9750747760.0,,,2410295454.0,6890837794.0,119131102.0,fcf_dcf,0.08,0.08,,1.256104385829474,1.4418482349670627,1.256104385829474,1.0703605366918854,-3.37658216129923,
ACG,Consumer Cyclical,0.7699999809265137,0.0596,-0.22752380371093828,15078553.0,fcff,exit,8.0,600000000.0,,,120812629.0,136447995.0,2144918.0,fcf_dcf,0.08,0.08,,1.085623874434042,1.236925350903843,1.085623874434042,0.9343223979642415,40.990117055295165,
ADB,Basic Materials,1.159999966621399,0.099,-0.3,28764707.269999996,fcff,exit,8.0,725999923.0,,,112923878.91999999,121869881.0,,fcf_dcf,0.08,0.08,,0.9345887411696117,1.05146634368339,0.9345887411696117,0.8177111386558336,-19.432002753268787,
ADD,Communication Services,3.700000047683716,0.196,0.3,80063340.0,fcff,exit,8.0,168000000.0,,,64851748.0,-126760882.0,2141562.0,fcf_dcf,0.08,0.08,,5.076214074254475,5.366278511381663,5.076214074254475,4.786149637127286,37.19497321175172,
ADVANC,Communication Services,351.0,16.4,-0.3,82417729836.0,fcff,exit,8.0,2974209736.0,,,127051319138.0,224301603000.0,105614000.0,fcf_dcf,0.08,0.08,,298.4423805183295,330.541244983254,298.4423805183295,266.3435160534049,-14.973680764008684,
ADVICE,Technology,7.099999904632568,0.635,-0.3,-172157000.0,fcff,exit,8.0,620000000.0,,,642167000.0,341872000.0,10000.0,fcf_dcf,0.08,0.08,,4.5014424284494226,5.279726918837634,4.5014424284494226,3.723157938061211,-36.59940156460641,
AE,Consumer Cyclical,0.05999999865889549,-0.048100000000000004,-0.3,9590959.0,fcff,exit,8.0,2571535907.0,,,40945239.0,349134000.0,615135000.0,fcf_dcf,0.08,0.08,,-0.2635011109951792,-0.25153665659077434,-0.2635011109951792,-0.2754655653995841,-539.1685281414802,pe<0
AEONTS,Financial Services,98.25,8.780000000000001,0.0,6730043000.0,fcff,exit,8.0,246281800.0,,,,49669504000.0,961394000.0,fcf_dcf,0.08,0.08,,,,,,,no_intrinsic
AF,Financial Services,0.4099999964237213,0.0084,0.0,-141785086.0,fcff,exit,8.0,1600000000.0,,,33349596.0,1747372000.0,,fcf_dcf,0.08,0.08,,-1.3412891212721325,-1.3256269245002474,-1.3412891212721327,-1.3569513180440178,-427.143690968708,
AFC,Consumer Cyclical,4.699999809265137,0.258,0.3,114555897.07,fcff,exit,8.0,45574266.0,,,30646960.24,-116382616.2,,fcf_dcf,0.08,0.08,,17.218306491855817,17.72360707968445,17.218306491855817,16.713005904027188,266.3469615022807,
AGE,Energy,1.3899999856948853,0.366,-0.3,-155591421.0,fcff,exit,8.0,1196523435.0,,,926107693.0,4114926000.0,374961000.0,fcf_dcf,0.08,0.08,,0.3508168186526508,0.9324140951036607,0.3508168186526508,-0.23078045779835907,-74.76137969330472,
AH,Consumer Cyclical,14.899999618530273,2.4699999999999998,0.023879545661980917,234032373.0,fcff,exit,8.0,336087412.0,,,2463379767.0,5236910000.0,572271000.0,fcf_dcf,0.08,0.08,,29.718612130921198,35.226197086107696,29.718612130921198,24.211027175734703,99.45377779716092,
AHC,Healthcare,11.899999618530273,0.72,0.3,112619598.0,fcff,exit,8.0,149909264.0,,,195387318.0,-217935000.0,,fcf_dcf,0.08,0.08,,12.463496378769227,13.442873559850767,12.463496378769227,11.484119197687688,4.735267044559358,
AI,Industrials,3.119999885559082,0.24999999999999997,-0.3,271657195.0,fcff,exit,8.0,699999021.0,,,451416792.0,-491966000.0,890233000.0,fcf_dcf,0.08,0.08,,4.947647328076912,5.432223839329799,4.947647328076912,4.4630708168240245,58.57844581908787,
AIE,Consumer Defensive,1.590000033378601,0.14,-0.3,249052369.0,fcff,exit,8.0,1384014009.0,,,368218973.0,-419497000.0,,fcf_dcf,0.08,0.08,,2.662874592475816,2.8627906863872874,2.662874592475816,2.462958498564345,67.47638594808436,
AIMCG,Real Estate,1.6200000047683716,-0.026328,-0.3,,fcff,exit,8.0,288000000.0,,,-131609503.0,221409835.0,,fcf_dcf,0.08,0.08,,,,,,,no_intrinsic
AIMIRT,Real Estate,12.100000381469727,0.8240109999999999,0.06013387538762682,,fcff,exit,8.0,791500104.0,,,880872981.0,5037027000.0,,fcf_dcf,0.08,0.08,,,,,,,no_intrinsic
AIRA,Financial Services,1.0199999809265137,-0.013843999999999999,-0.3,419386452.0,fcff,exit,8.0,6314878533.0,,,412669305.0,3794102000.0,989076000.0,fcf_dcf,0.08,0.08,,-0.08396066242011259,-0.03485639382456619,-0.08396066242011256,-0.13306493101565908,-108.23143764609165,pe<0
AIT,Technology,4.820000171661377,0.37367399999999995,-4.440892098500626e-16,940389340.0,fcff,exit,8.0,1536415572.0,,,938130826.0,-1863309000.0,1033000.0,fcf_dcf,0.08,0.08,,7.4691260895234,7.927940223237352,7.4691260895234,7.010311955809451,54.96111667043597,
AJ,Consumer Cyclical,3.680000066757202,-0.527,-0.3,-104119764.0,fcff,exit,8.0,596498177.0,,,513632336.0,8010480000.0,505182000.0,fcf_dcf,0.08,0.08,,-9.837474272278985,-9.19044293096635,-9.837474272278985,-10.484505613591624,-367.3226655929851,pe<0
AJA,Technology,0.10999999940395355,-0.018000000000000002,-0.3,-34587844.0,fcff,exit,8.0,5743212607.0,,,-67580904.0,35936000.0,-4440000.0,fcf_dcf,0.08,0.08,,-0.10167002760638012,-0.11051204132861002,-0.10167002760638012,-0.09282801388415021,-192.42729832480885,pe<0
AKP,Industrials,0.7400000095367432,0.154,-0.2153350654326457,61083348.0,fcff,exit,8.0,404000000.0,,,135704224.0,-40886000.0,,fcf_dcf,0.091675,0.08275625,,2.729114392695299,2.978320891232627,2.729114392695299,2.479907894157971,268.7992375032247,
AKR,Industrials,0.949999988079071,0.055999999999999994,0.3,-86305511.0,fcff,exit,8.0,1471897693.0,,,259608318.0,27733026.0,1398890.0,fcf_dcf,0.08,0.08,,0.7926828340247399,0.9252155384559991,0.7926828340247399,0.6601501295934806,-16.559700634568554,
AKS,Real Estate,0.009999999776482582,-0.08,0.0,,fcff,exit,8.0,4073299779.0,,,-2209787000.0,746404000.0,0.0,fcf_dcf,0.08,0.08,,,,,,,no_intrinsic
ALLA,Industrials,1.1200000047683716,0.091,0.3,74047559.0,fcff,exit,8.0,600000000.0,,,93211557.0,-226973000.0,1000.0,fcf_dcf,0.08,0.08,,1.8336923945468178,1.9504272617116483,1.833692394546818,1.716957527381987,63.722534530349904,
ALLY,Real Estate,4.920000076293945,0.7144759999999999,0.10949165905725033,,fcff,exit,8.0,874100000.0,,,819478391.0,3852555000.0,,fcf_dcf,0.08,0.08,,,,,,,no_intrinsic
ALPHAX,Utilities,0.20999999344348907,0.024038,0.3,-1072365602.0,fcff,exit,8.0,9292374138.0,,,343211855.0,-2087574000.0,40112000.0,fcf_dcf,0.08,0.08,,-0.045312333826761426,-0.017558839284021976,-0.04531233382676143,-0.07306582836950083,-121.57730249594267,
ALT,Technology,1.559999942779541,0.107,0.3,107948109.0,fcff,exit,8.0,1113944019.0,,,359718051.0,749765818.0,114112.0,fcf_dcf,0.08,0.08,,1.677541358078951,1.9201917220249742,1.677541358078951,1.4348909941329278,7.534706385307928,
ALUCON,Basic Materials,251.0,28.970000000000002,-0.16768778454353606,202869560.0,fcff,exit,8.0,43199986.0,,,1281498633.0,-92238000.0,,fcf_dcf,0.08,0.08,,200.3027989128285,222.59313530069807,200.30279891282848,178.01246252495892,-20.198088082538444,
AMA,Industrials,3.8399999141693115,0.31,0.3,416214658.73999995,fcff,exit,8.0,517916773.0,,,629902954.26,654704315.29,83018915.5,fcf_dcf,0.08,0.08,,9.28279923966325,10.196693080638317,9.28279923966325,8.368905398688183,141.73956893619757,
AMANAH,Financial Services,0.8100000023841858,-0.10900000000000001,-0.16979287616966043,381456465.0,fcff,exit,8.0,1184121871.0,,,-253448947.0,1577666066.0,,fcf_dcf,0.08,0.08,,-1.2576809001246172,-1.4185142730520468,-1.2576809001246172,-1.0968475271971874,-255.26924647193948,pe<0
AMARC,Technology,2.9800000190734863,0.451,0.12550881000000014,98000864.85000002,fcff,exit,8.0,400000000.0,,,167752817.57999998,-119323232.39,,fcf_dcf,0.08,0.08,,3.854710298820534,4.1698418689872145,3.854710298820534,3.539578728653853,29.352693763371327,
AMARIN,Communication Services,2.0,-0.108,-0.3,97997282.0,fcff,exit,8.0,998281590.0,,,407096714.0,-409933000.0,105441000.0,fcf_dcf,0.08,0.08,,3.1712673935289506,3.4776941020009793,3.1712673935289506,2.8648406850569215,58.56336967644753,pe<0
AMATA,Real Estate,32.5,3.6900000000000004,-0.3,-6003390452.0,fcff,exit,8.0,1150000000.0,,,7983672057.0,21358792000.0,6959855000.0,fcf_dcf,0.08,0.08,,-4.952695413425332,0.26389729837363535,-4.95269541342533,-10.1692881252243,-115.23906281053948,
AMATAR,Real Estate,7.349999904632568,0.881022,-0.0720417459322863,,fcff,exit,8.0,357890000.0,,,314450831.0,853185000.0,,fcf_dcf,0.08,0.08,,,,,,,no_intrinsic
AMATAV,Real Estate,2.180000066757202,0.42600000000000005,-0.3,-257663997.0,fcff,exit,8.0,1065898265.0,,,1363932700.0,4534457000.0,865799000.0,fcf_dcf,0.08,0.08,,1.6042476641860142,2.565769757596863,1.6042476641860142,0.6427255707751655,-26.410659859640845,
AMC,Basic Materials,2.559999942779541,0.24999999999999997,-0.3,516252476.0,fcff,exit,8.0,480096277.0,,,232787842.0,1140769000.0,,fcf_dcf,0.08,0.08,,5.082774701056473,5.4471207275503915,5.082774701056473,4.7184286745625545,98.54589119786496,
AMR,Industrials,0.38999998569488525,-0.303,0.1773756992669766,-43028279.0,fcff,exit,8.0,590710000.0,,,-135056068.0,260563429.0,479743.0,fcf_dcf,0.08,0.08,,-2.124130108193126,-2.295929594122119,-2.124130108193126,-1.9523306222641337,-644.6487656681428,pe<0
ANAN,Real Estate,0.30000001192092896,-0.04600000000000001,0.3,3311028817.0,fcff,exit,8.0,4166255157.0,,,764770603.0,10596896000.0,478029000.0,fcf_dcf,0.08,0.08,,1.8036314196211496,1.9415641721477572,1.8036314196211494,1.6656986670945426,501.210449317093,upside>300%|pe<0
ANI,Industrials,3.5,0.3557,-0.3,819756646.0,fcff,exit,8.0,1848000000.0,,,1045741731.0,-571652564.0,84860212.0,fcf_dcf,0.08,0.08,,5.539667548436124,5.964878609801006,5.539667548436124,5.114456487071242,58.27621566960354,
AOT,Industrials,63.0,1.31,-0.0588937105696129,27915220705.0,fcff,exit,8.0,14285700000.0,,,37696125051.0,22178716475.0,2214311642.0,fcf_dcf,0.08,0.08,,22.41247995669435,24.39527244602465,22.41247995669435,20.429687467364058,-64.42463498937404,
AP,Real Estate,8.100000381469727,1.317,-0.13134960400816553,1759037343.0,fcff,exit,8.0,3145899495.0,,,6236692758.0,30480856000.0,3502000.0,fcf_dcf,0.08,0.08,,4.590124323793422,6.079799522483842,4.5901243237934235,3.100449125102999,-43.331801140476564,
APCO,Consumer Defensive,2.5199999809265137,0.09000000000000001,-0.16979287616966077,54817194.0,fcff,exit,8.0,600000000.0,,,93400623.0,-225269210.0,4043371.0,fcf_dcf,0.08,0.08,,1.690567682049299,1.8075393288056922,1.6905676820492987,1.5735960352929053,-32.91398036329596,
APCS,Industrials,1.4900000095367432,-0.371,-0.043709175430574065,427781866.0,fcff,exit,8.0,659999962.0,,,-349265900.0,212614685.0,7184883.0,fcf_dcf,0.08,0.08,,-0.7751586866992184,-1.1728026162853677,-0.7751586866992184,-0.3775147571130691,-152.02407259985344,pe<0
APO,Consumer Defensive,1.7899999618530273,0.5641,0.3,-109730052.0,fcff,exit,8.0,340000000.0,,,72498748.0,42829369.0,,fcf_dcf,0.08,0.08,,-0.20799988977379097,-0.047773638807750096,-0.20799988977379097,-0.36822614073983184,-111.62010582159272,
APP,Technology,3.240000009536743,0.42,-0.2009708626459945,161430341.0,fcff,exit,8.0,280000000.0,,,178513239.0,-223491000.0,1194000.0,fcf_dcf,0.08,0.08,,7.062813886778146,7.5418789277724425,7.062813886778146,6.58374884578385,117.98808228361675,
APURE,Consumer Defensive,2.259999990463257,-0.248,-0.3,204298144.0,fcff,exit,8.0,929688395.0,,,-78267634.0,561000.0,15454000.0,fcf_dcf,0.08,0.08,,0.40532954483370914,0.34206988139457817,0.40532954483370914,0.4685892082728401,-82.06506431220717,pe<0
AQUA,Consumer Cyclical,0.10000000149011612,-0.0718,-0.3,193215761.0,fcff,exit,8.0,5712457187.0,,,-161068692.0,1710127099.0,514090041.0,fcf_dcf,0.08,0.08,,-0.4159245149281482,-0.437111553394446,-0.4159245149281482,-0.39473747646185026,-515.92450873039,pe<0
ARIN,Real Estate,0.46000000834465027,-0.07,8.881784197001252e-16,79000.0,fcff,exit,8.0,600000000.0,,,-14456000.0,396660000.0,,fcf_dcf,0.08,0.08,,-0.8053770697349869,-0.8234812543881281,-0.805377069734987,-0.7872728850818458,-275.08196850543675,pe<0
ARIP,Industrials,0.4399999976158142,0.020208,0.3,40401364.0,fcff,exit,8.0,466000000.0,,,20852383.0,-59804000.0,,fcf_dcf,0.08,0.08,,0.7637044868657898,0.7973286789344874,0.7637044868657898,0.7300802947970922,73.56920250090957,
ARROW,Industrials,5.599999904632568,0.66,-0.3,26132827.099999994,fcff,exit,8.0,256896904.0,,,244136419.6,124810871.19,-26410160.18,fcf_dcf,0.08,0.08,,5.759598874192626,6.473693528705785,5.759598874192625,5.045504219679466,2.8499816478216466,
AS,Communication Services,2.259999990463257,0.24000000000000002,0.3,93087523.0,fcff,exit,8.0,499246766.0,,,241799287.0,-239075000.0,-20229000.0,fcf_dcf,0.08,0.08,,4.218797472646951,4.582730807437063,4.21879747264695,3.854864137856839,86.67245532962052,
ASAP,Industrials,2.180000066757202,0.15030000000000002,-0.3,1420431671.0,fcff,exit,8.0,725999972.0,,,1185605285.0,6561360000.0,148801000.0,fcf_dcf,0.08,0.08,,8.84228895578665,10.069404913998335,8.84228895578665,7.615172997574962,305.60957270702056,upside>300%
ASEFA,Industrials,6.400000095367432,0.64,-0.3,190174973.0,fcff,exit,8.0,526418300.0,,,620470833.0,1188771180.0,27661724.0,fcf_dcf,0.08,0.08,,6.3012464635748096,7.186917564560096,6.3012464635748096,5.4155753625895215,-1.5430254737668487,
ASIA,Consumer Cyclical,5.449999809265137,-0.09,0.3,263030633.0,fcff,exit,8.0,320000000.0,,,425365715.0,2221368848.0,147665642.0,fcf_dcf,0.08,0.08,,4.061011943258639,5.059848859955263,4.061011943258639,3.062175026562013,-25.486016781967287,pe<0
ASIAN,Consumer Defensive,7.150000095367432,0.744702,0.3,760852300.0,fcff,exit,8.0,811544559.0,,,1283431704.0,-363513000.0,1466864000.0,fcf_dcf,0.08,0.08,,12.10910391287708,13.29744872422486,12.10910391287708,10.920759101529299,69.35809442467993,
ASIMAR,Industrials,1.4600000381469727,0.199,-0.3,155332446.0,fcff,exit,8.0,258291087.0,,,120155549.0,137615000.0,1945000.0,fcf_dcf,0.08,0.08,,4.797507297096392,5.147063081762847,4.797507297096393,4.4479515124299365,228.59638162649455,
ASK,Financial Services,10.300000190734863,0.926439,-0.16979287616966077,8372149366.0,fcff,exit,8.0,703791280.0,,,1808217904.0,44669381000.0,,fcf_dcf,0.08,0.08,,2.245192433264088,4.175777599081912,2.245192433264088,0.3146072674462635,-78.20201561468222,
ASN,Financial Services,1.0,-0.02,0.0,48327957.0,fcff,exit,8.0,187199953.0,,,27832462.0,135271000.0,,fcf_dcf,0.08,0.08,,1.2621147516324354,1.3738339911614286,1.2621147516324354,1.1503955121034422,26.211475163243534,pe<0
ASP,Financial Services,2.359999895095825,0.236,-0.3,-185939914.0,fcff,exit,8.0,2031936744.0,,,652042744.0,322260000.0,,fcf_dcf,0.08,0.08,,1.383723159136755,1.6248513367810542,1.383723159136755,1.1425949814924554,-41.36766014218105,
ASTR,Financial Services,4.460000038146973,0.05199999999999999,0.3,-29597903.0,fcff,exit,8.0,1621933140.0,,,-95257645.0,-686399000.0,6506000.0,fcf_dcf,0.08,0.08,,-0.010981520255502829,-0.055113049238366775,-0.010981520255502813,0.033150008727361076,-100.24622242514745,
ASW,Real Estate,7.900000095367432,1.4269330000000002,-0.3,-141202389.0,fcff,exit,8.0,899744550.0,,,2737876761.0,15524659266.0,898050114.0,fcf_dcf,0.08,0.08,,-0.623594980279504,1.6629342213136733,-0.6235949802795041,-2.9101241818726815,-107.89360725001993,
ATLAS,Energy,1.7999999523162842,0.19976699999999997,0.1698585600000002,726448218.0,fcff,exit,8.0,1418420000.0,,,1268356995.0,4021005891.0,0.0,fcf_dcf,0.1,0.08679999999999999,,4.4999827244162525,5.151145209890168,4.499982724416252,3.8488202389423365,149.99904686806042,
ATP30,Industrials,0.800000011920929,0.062,0.3,166297238.0,fcff,exit,8.0,682310058.0,,,176872507.0,537156000.0,,fcf_dcf,0.08,0.08,,1.8009976248497959,1.9957849256953248,1.8009976248497956,1.6062103240042669,125.12469975160505,
AU,Consumer Cyclical,4.239999771118164,0.23,0.3,292133518.0,fcff,exit,8.0,815623561.0,,,426606008.0,38292000.0,0.0,fcf_dcf,0.08,0.08,,4.610837177871157,5.003861372121652,4.610837177871157,4.217812983620663,8.746165725740038,
AUCT,Consumer Cyclical,4.099999904632568,0.25,0.3,213158457.0,fcff,exit,8.0,550000000.0,,,388304888.0,821500420.0,,fcf_dcf,0.08,0.08,,4.388215358508424,4.91872373960738,4.388215358508424,3.857706977409468,7.02964537999628,
AURA,Consumer Cyclical,13.699999809265137,1.1600000000000001,0.01376916061125888,-5176474000.0,fcff,exit,8.0,1337697100.0,,,3343015000.0,17056287000.0,,fcf_dcf,0.08,0.08,,-14.080472736527978,-12.20261528819523,-14.080472736527977,-15.95833018486073,-202.77717469021815,
AWC,Consumer Cyclical,3.140000104904175,0.1874,-8.881784197001252e-16,2322004223.0,fcff,exit,8.0,32026544400.0,,,12102419705.0,93147853000.0,0.0,fcf_dcf,0.08,0.08,,-0.33045878264811424,-0.04650725492353645,-0.3304587826481141,-0.6144103103726923,-110.52416470088619,
AXTRART,Real Estate,12.600000381469727,0.940027,-0.2440910559445002,,fcff,exit,8.0,2337282928.0,,,2746428414.0,2767546000.0,,fcf_dcf,0.08,0.08,,,,,,,no_intrinsic
AYUD,Financial Services,42.5,8.56,-0.254548292479572,,fcff,exit,8.0,389266931.0,,,,-2229987000.0,,fcf_dcf,0.08,0.08,,,,,,,no_intrinsic
B,Industrials,0.029999999329447746,0.0,0.0,-13950670.82,fcff,exit,8.0,8074009105.0,,,-414152584.74,1610398000.0,622761000.0,fcf_dcf,0.08,0.08,,-0.5922372939975209,-0.6307809780498191,-0.5922372939975209,-0.5536936099452224,-2074.1243574501877,
B-WORK,Unknown,6.150000095367432,0.509789,-0.3,,fcff,exit,8.0,368800000.0,,,316831242.0,543152000.0,,fcf_dcf,0.1,0.09120000000000002,,,,,,,no_intrinsic
B52,Real Estate,0.25999999046325684,-0.0663,0.21550625000000023,-39322935.0,fcff,exit,8.0,1006280196.0,,,-60039592.0,-21336358.0,1108204.0,fcf_dcf,0.08,0.08,,-0.5037015392215971,-0.5485348579370856,-0.5037015392215971,-0.45886822050610865,-293.7313683451,pe<0
BA,Industrials,19.399999618530273,1.8599999999999999,0.3,4991965507.0,fcff,exit,8.0,2074300000.0,,,7875780871.0,16511794000.0,57080000.0,fcf_dcf,0.08,0.08,,25.00634081215955,27.859356358818008,25.00634081215955,22.153325265501095,28.898666514788356,
BAFS,Industrials,10.300000190734863,0.41000000000000003,0.3,682728801.0,fcff,exit,8.0,637496153.0,,,1779136321.0,12365398000.0,992657000.0,fcf_dcf,0.08,0.08,,0.34837419018734916,2.445448108615447,0.3483741901873491,-1.7486997282407488,-96.61772637149345,
BAM,Financial Services,6.349999904632568,0.6000000000000001,0.3,2961569000.0,fcff,exit,8.0,3232042300.0,,,3299685000.0,88037395000.0,,fcf_dcf,0.08,0.08,,-17.229538391457123,-16.462393269504823,-17.229538391457123,-17.99668351340942,-371.3313173262808,
BANPU,Utilities,15.3,8.673617379884035e-19,-0.3,576716000.0,fcff,exit,8.0,3047731700.0,,,14947381000.0,11064705000.0,1029622000.0,fcf_dcf,0.1,0.08460000000000001,,25.683934819934038,29.291724655309025,25.683934819934038,22.076144984559058,67.8688550322486,
BAREIT,Real Estate,11.5,0.8744339999999999,-0.03587076702411063,,fcff,exit,8.0,1033000000.0,,,1101431057.0,3863990000.0,,fcf_dcf,0.08,0.08,,,,,,,no_intrinsic
BAY,Financial Services,40.0,4.619999999999999,-0.0890595662093332,84378488000.0,fcff,exit,8.0,7355761773.0,,,,142471392000.0,25360376000.0,fcf_dcf,0.08,0.08,,,,,,,no_intrinsic
BBGI,Basic Materials,6.400000095367432,0.55,-0.3,1401034408.0,fcff,exit,8.0,1446000000.0,,,1525209935.0,1288871000.0,47242000.0,fcf_dcf,0.08,0.08,,9.51110767626739,10.303688232576919,9.51110767626739,8.718527119957859,48.61105522720067,
BBIK,Industrials,19.600000381469727,1.52,-0.13128940073892337,238599026.0,fcff,exit,8.0,200015474.0,,,419227610.0,-560095089.0,6467038.0,fcf_dcf,0.08,0.08,,20.408636130912754,21.983591904517947,20.408636130912754,18.833680357307564,4.125692518901833,
BBL,Financial Services,192.5,24.16,0.2630654100227332,227107701000.0,fcff,exit,8.0,1908842894.0,,,,553060840000.0,1766328000.0,fcf_dcf,0.08,0.08,,,,,,,no_intrinsic
BC,Real Estate,0.5,-0.2848,0.3,-312442902.0,fcff,exit,8.0,605379584.0,,,-46220995.0,2405359000.0,418490000.0,fcf_dcf,0.08,0.08,,-7.304583500505715,-7.361954656545794,-7.304583500505715,-7.247212344465638,-1560.916700101143,pe<0
BCH,Healthcare,11.0,0.55,0.09119801562350305,810307842.0,fcff,exit,8.0,2493747984.0,,,2822746924.0,103015000.0,1010273000.0,fcf_dcf,0.08,0.08,,7.73113296893314,8.581686128606863,7.7311329689331405,6.880579809259416,-29.716973009698734,
BCP,Energy,57.5,8.34,0.0,12041071170.0,fcff,exit,8.0,1462972247.0,,,34457947385.0,126765317000.0,19253687000.0,fcf_dcf,0.08,0.08,,76.55915668742729,94.25761337604341,76.55915668742729,58.86069999881114,33.14635945639529,
BCPG,Utilities,7.449999809265137,0.11999999999999998,-0.3,1015077051.0,fcff,exit,8.0,2995759339.0,,,4177848314.0,22792031000.0,254866000.0,fcf_dcf,0.08,0.08,,2.1220690051399878,3.1699882771380024,2.122069005139988,1.0741497331419725,-71.51585155074913,
BCT,Basic Materials,53.0,5.21,0.3,-3512704620.0,fcff,exit,8.0,300000000.0,,,2934114285.0,-2115564000.0,,fcf_dcf,0.08,0.08,,16.364290129115943,23.71345266495702,16.364290129115943,9.015127593274872,-69.12398088846048,
BDMS,Healthcare,20.0,0.95,0.17429053695618757,11916860450.0,fcff,exit,8.0,15892001895.0,,,26961885326.0,15169633000.0,4028313000.0,fcf_dcf,0.08,0.08,,12.159488966998376,13.434323239352043,12.159488966998378,10.884654694644713,-39.20255516500812,
BE8,Technology,5.400000095367432,-0.3,0.3,960749.0,fcff,exit,8.0,264709133.0,,,50408800.0,277886000.0,10326000.0,fcf_dcf,0.08,0.08,,0.07129707527967775,0.21439044623722425,0.0712970752796778,-0.07179629567786887,-98.6796838144347,pe<0
BEAUTY,Consumer Cyclical,0.33000001311302185,-0.019999999999999997,0.3,-29022029.120000005,fcff,exit,8.0,2994193535.0,,,-10329866.469999999,-28011174.97,0.0,fcf_dcf,0.08,0.08,,-0.052344271193840164,-0.05493664079810785,-0.05234427119384017,-0.04975190158957248,-115.86189973147447,pe<0
BEC,Communication Services,1.9700000286102295,0.036,0.3,1008763912.0,fcff,exit,8.0,2000000000.0,,,1516792472.0,-551432000.0,41000.0,fcf_dcf,0.08,0.08,,6.966138731233903,7.5360119532922,6.966138731233903,6.396265509175606,253.6110979728404,
BEM,Industrials,6.849999904632568,0.27,-0.059242510673140125,-24778611366.0,fcff,exit,8.0,14977876500.0,,,9166710904.0,125791029000.0,1828000.0,fcf_dcf,0.08,0.08,,-11.710603480484405,-11.250722582147507,-11.710603480484405,-12.170484378821303,-270.9577174236845,
BEYOND,Consumer Cyclical,7.199999809265137,-0.36240000000000006,0.3,834340069.0,fcff,exit,8.0,279832430.0,,,819899482.0,4607436320.0,-3347944.0,fcf_dcf,0.08,0.08,,13.759790890126428,15.961422487999574,13.759790890126427,11.558159292253281,91.10821186995021,pe<0
BGC,Consumer Cyclical,6.599999904632568,0.29,0.3,2288062000.0,fcff,exit,8.0,677744400.0,,,1903317000.0,9017581000.0,2003250000.0,fcf_dcf,0.08,0.08,,14.887249168508081,16.99746691087527,14.887249168508081,12.77703142614089,125.56438460034911,
BGRIM,Utilities,19.899999618530273,0.32999999999999996,-0.3,9787621360.0,fcff,exit,8.0,2606900000.0,,,15344684624.0,111798365000.0,15255804000.0,fcf_dcf,0.0952,0.08148000000000001,,2.2083405397039897,6.601146215281253,2.2083405397039897,-2.1844651358732743,-88.9028111455457,
BGT,Consumer Cyclical,0.3700000047683716,-0.09000000000000001,0.3,121658232.98000002,fcff,exit,8.0,363519904.0,,,70068105.94,198698874.31,,fcf_dcf,0.08,0.08,,2.026348851706608,2.171184098704269,2.0263488517066084,1.8815136047089476,447.66184475460983,upside>300%|pe<0
BH,Healthcare,198.5,8.73,-0.051177548639085635,4291113978.0,fcff,exit,8.0,794966592.0,,,10545295225.0,-3806918000.0,335382000.0,fcf_dcf,0.08,0.08,,106.91862584774263,116.8862567079112,106.91862584774263,96.95099498757405,-46.13671241927324,
BIG,Consumer Cyclical,0.33000001311302185,0.0168,-0.3,259749469.0,fcff,exit,8.0,3528878800.0,,,470061757.0,426222000.0,,fcf_dcf,0.08,0.08,,0.9910099754241815,1.0911021807732113,0.9910099754241813,0.8909177700751516,200.3060412257529,
BIOTEC,Basic Materials,0.27000001072883606,0.0549,-0.3,29439570.0,fcff,exit,8.0,3053362202.0,,,347245392.0,403170519.0,515.0,fcf_dcf,0.08,0.08,,0.5923473115291211,0.6778028563911747,0.5923473115291211,0.5068917666670675,119.38788444124246,
BIS,Consumer Defensive,2.200000047683716,0.199,0.16295166485767254,76462000.0,fcff,exit,8.0,314000000.0,,,68916000.0,-45080000.0,8707000.0,fcf_dcf,0.08,0.08,,2.4642371313861045,2.6291568160108136,2.4642371313861045,2.2993174467613957,12.010776271600191,
BIZ,Healthcare,6.050000190734863,0.7200000000000001,-0.3,188938980.0,fcff,exit,8.0,600734989.0,,,574619712.0,215327000.0,73053000.0,fcf_dcf,0.08,0.08,,6.599072968713182,7.317825974551058,6.599072968713182,5.880319962875307,9.075582820958982,
BJC,Industrials,16.700000762939453,1.39,-0.3,11067476733.0,fcff,exit,8.0,4007796699.0,,,23498627590.0,170869190000.0,6762195000.0,fcf_dcf,0.08,0.08,,2.594176586317957,6.999916916427449,2.594176586317955,-1.8115637437915317,-84.46600917483225,
BJCHI,Industrials,3.4600000381469727,-0.030000000000000027,0.3,128103382.62,fcff,exit,8.0,393532500.0,,,108192665.39999999,-375934551.63,,fcf_dcf,0.08,0.08,,3.9835797339499686,4.190164977702566,3.983579733949968,3.776994490197371,15.132360983539256,pe<0
BKA,Unknown,0.6800000071525574,-0.279,0.3,-18244676.240000002,fcff,exit,8.0,,,,-55077344.44,9241873.030000001,,fcf_dcf,0.1,0.09120000000000002,,,,,,,no_intrinsic
BKD,Unknown,1.1299999952316284,0.09,0.3,89986232.0,fcff,exit,8.0,,,,179274300.0,-10520930.0,300.0,fcf_dcf,0.1,0.09120000000000002,,,,,,,no_intrinsic
BKGI,Healthcare,2.440000057220459,0.083,-0.3,-97024198.0,fcff,exit,8.0,600000000.0,,,96907748.0,-113836000.0,3636000.0,fcf_dcf,0.12505,0.1146925,,0.38822298985882897,0.4918403955226764,0.38822298985882897,0.28460558419498144,-84.08922210022095,
BKIH,Financial Services,387.0,42.78,-0.3,,fcff,exit,8.0,104044168.0,,,,84284305.0,326083000.0,fcf_dcf,0.08,0.08,,,,,,,no_intrinsic
BLA,Financial Services,23.700000762939453,4.72,-0.19020300049389316,,fcff,exit,8.0,1707566000.0,,,,-3548789000.0,333000.0,fcf_dcf,0.08,0.08,,,,,,,no_intrinsic
BLAND,Real Estate,0.6100000143051147,0.015600000000000001,-0.3,902044845.0,fcff,exit,8.0,17352625154.0,,,2806262838.0,1721466000.0,8526290000.0,fcf_dcf,0.08,0.08,,0.601269668205536,0.7227889631640828,0.601269668205536,0.4797503732469895,-1.4312042450562918,
BLC,Consumer Defensive,4.039999961853027,0.24000000000000002,0.3,-376230776.0,fcff,exit,8.0,600000000.0,,,245144150.0,319513056.0,22568487.0,fcf_dcf,0.08,0.08,,-0.7639001051991221,-0.4568902160017415,-0.763900105199122,-1.070909994396503,-118.90841862406216,
BLESS,Real Estate,0.25999999046325684,-0.006899999999999999,0.0,125679957.0,fcff,exit,8.0,800000000.0,,,17665871.0,817785960.0,0.0,fcf_dcf,0.08,0.08,,-0.22560229723172515,-0.20900921180132062,-0.22560229723172515,-0.2421953826621297,-186.77011750260323,pe<0
BLISS,Unknown,0.03091,0.0,0.0,21135179.0,fcff,exit,8.0,,,,4693477.0,-145115000.0,-138000.0,fcf_dcf,0.1,0.09120000000000002,,,,,,,no_intrinsic
BM,Industrials,1.409999966621399,0.136,0.21550624999999912,-29339705.0,fcff,exit,8.0,647133437.0,,,163058683.0,374811000.0,674000.0,fcf_dcf,0.08,0.08,,0.7428635961504118,0.9321991487383118,0.7428635961504118,0.5535280435625118,-47.31463732368448,
BOFFICE,Real Estate,5.199999809265137,0.193726,0.3,,fcff,exit,8.0,737872074.0,,,276615249.0,2106506596.0,,fcf_dcf,0.08,0.08,,,,,,,no_intrinsic
BOL,Industrials,5.099999904632568,0.41000000000000003,-0.1889876055565497,120848119.0,fcff,exit,8.0,820505500.0,,,370960924.0,-162781000.0,,fcf_dcf,0.08,0.08,,3.538607401707737,3.8783333733746423,3.538607401707737,3.198881430040833,-30.61553984553108,
BPS,Technology,0.6200000047683716,0.023000000000000003,-0.3,-7531786.0,fcff,exit,8.0,400000000.0,,,21871996.0,-54856879.0,,fcf_dcf,0.08,0.08,,0.3862717426145367,0.4273593174260438,0.3862717426145367,0.3451841678030295,-37.69810650907244,
BR,Consumer Defensive,1.940000057220459,0.19999999999999998,-0.29393325617283994,933263037.0,fcff,exit,8.0,913446558.0,,,807113310.0,3551046000.0,-4979000.0,fcf_dcf,0.08,0.08,,5.747059251703436,6.411006303797115,5.747059251703436,5.083112199609756,196.2401588759514,
BRI,Real Estate,1.2300000190734863,0.1073,0.3,,fcff,exit,8.0,1453210999.0,,,147212082.0,10434306000.0,,fcf_dcf,0.08,0.08,,,,,,,no_intrinsic
BROCK,Real Estate,1.1100000143051147,-0.010000000000000002,0.0,26886650.319999997,fcff,exit,8.0,1025000181.0,,,-1148306.0799999998,-28269351.009999998,,fcf_dcf,0.08,0.08,,0.1316938591231704,0.13085204578319498,0.1316938591231704,0.13253567246314582,-88.13568852018314,pe<0
BRR,Consumer Defensive,3.680000066757202,0.29200000000000004,0.3,475987881.0,fcff,exit,8.0,812100406.0,,,550798751.0,3945895821.0,-56195145.0,fcf_dcf,0.08,0.08,,1.7643277908540993,2.2739698955104575,1.7643277908540993,1.2546856861977411,-52.05631090086321,
BSBM,Basic Materials,0.6700000166893005,-0.033,0.3,-236068041.0,fcff,exit,8.0,1121175000.0,,,-42722564.0,-19063000.0,,fcf_dcf,0.08,0.08,,-1.101837315753905,-1.1304702585178947,-1.101837315753905,-1.0732043729899152,-264.45332661310374,pe<0
BSM,Industrials,0.6200000047683716,-0.10099999999999999,-0.3,51584954.0,fcff,exit,8.0,213050620.0,,,37428658.0,415376000.0,1000.0,fcf_dcf,0.08,0.08,,0.12960112273283628,0.26161012079568885,0.12960112273283628,-0.0024078753300163006,-79.09659326837351,pe<0
BTC,Financial Services,0.28999999165534973,-0.002999999999999999,-0.3,592777380.9399999,fcff,exit,8.0,10800820789.0,,,-346522008.65000004,-134386691.25,61542609.88,fcf_dcf,0.08,0.08,,0.045809910295301993,0.021702189980331275,0.045809910295301993,0.0699176306102727,-84.2034787539771,pe<0
BTG,Consumer Defensive,20.899999618530273,2.7800000000000002,0.3,4995811156.0,fcff,exit,8.0,1906050000.0,,,11005912006.0,22183992000.0,203804000.0,fcf_dcf,0.08,0.08,,34.041236126767956,38.38007805839999,34.041236126767956,29.702394195135913,62.87673085212141,
BTNC,Consumer Cyclical,13.800000190734863,-0.64,0.3,-1217863.0,fcff,exit,8.0,12000000.0,,,51483162.0,12055000.0,,fcf_dcf,0.08,0.08,,24.35681680211168,27.58060163669795,24.35681680211168,21.13303196752542,76.49867003961727,pe<0
BTS,Industrials,2.059999942779541,-0.09199999999999998,0.3,37697534611.0,fcff,exit,8.0,16093803620.0,,,10633662908.0,164449163000.0,41454139000.0,fcf_dcf,0.08,0.08,,1.0764776943707106,1.572962855118886,1.076477694370711,0.5799925336225344,-47.743799792623875,pe<0
BTW,Industrials,0.10000000149011612,-0.22,0.3,531635.5299999989,fcff,exit,8.0,756000000.0,,,-111929302.13,141324953.07000002,-2697878.27,fcf_dcf,0.08,0.08,,-1.0704057414009993,-1.181656781989339,-1.0704057414009993,-0.9591547008126597,-1170.405725450711,pe<0
BUI,Financial Services,12.399999618530273,2.924545,-0.3,,fcff,exit,8.0,56716132.0,,,,-334139710.0,,fcf_dcf,0.08,0.08,,,,,,,no_intrinsic
BVG,Technology,1.6200000047683716,0.13,0.3,73079685.0,fcff,exit,8.0,450000000.0,,,104780934.0,-144408938.0,,fcf_dcf,0.08,0.08,,2.406910752637502,2.5818760152518347,2.406910752637502,2.2319454900231688,48.574737379809044,
BWG,Industrials,0.23000000417232513,0.0718,-0.2565337359433568,311271783.0,fcff,exit,8.0,6381208233.0,,,1470493118.0,76983000.0,2236247000.0,fcf_dcf,0.09384999999999999,0.08438749999999999,,1.1986993532925287,1.368382388760128,1.1986993532925287,1.0290163178249294,421.17362241194377,upside>300%
BYD,Financial Services,0.41999998688697815,-0.48400000000000004,-0.3,-58295148.0,fcff,exit,8.0,5210628836.0,,,-158909162.0,-487190516.0,,fcf_dcf,0.08,0.08,,-0.1371075346927174,-0.16002364374263126,-0.1371075346927174,-0.11419142564280346,-132.64465213652807,pe<0
CAZ,Industrials,2.4200000762939453,-1.01,-8.881784197001252e-16,1427713415.0,fcff,exit,8.0,303880952.0,,,-112933512.0,-1051064000.0,3002000.0,fcf_dcf,0.08,0.08,,21.069185496751864,20.789930188563762,21.069185496751867,21.348440804939965,770.6274724180089,upside>300%|pe<0
CBG,Consumer Defensive,54.25,2.7700000000000005,0.1368189622787499,2483438574.0,fcff,exit,8.0,1000000000.0,,,3690958291.0,-67442000.0,-56090000.0,fcf_dcf,0.08,0.08,,32.80588944996794,35.57934505790816,32.80588944996794,30.032433842027718,-39.528314377939274,
CCET,Technology,9.550000190734863,0.22000000000000003,-0.13538467044981295,-3621181359.0,fcff,exit,8.0,10450002831.0,,,5486412146.0,17797971000.0,9661000.0,fcf_dcf,0.08,0.08,,-0.012398175150187471,0.3821082697458003,-0.01239817515018753,-0.406904620046175,-100.12982382096929,
CCP,Basic Materials,0.28999999165534973,0.041800000000000004,0.0,227944000.0,fcff,exit,8.0,2768030181.0,,,300777000.0,427587000.0,222237000.0,fcf_dcf,0.08,0.08,,0.766435269679239,0.848085212241231,0.766435269679239,0.684785327117247,164.28803163212103,
CEN,Basic Materials,0.5199999809265137,-0.2,-0.3,-39885850.33000002,fcff,exit,8.0,745162611.0,,,-192510265.3,-336510259.56,814748118.0,fcf_dcf,0.08,0.08,,-2.4209982655968902,-2.6151248074393747,-2.4209982655968902,-2.226871723754406,-565.5766066151116,pe<0
CENTEL,Consumer Cyclical,44.25,1.9070680000000002,-0.3,4091802675.0,fcff,exit,8.0,1350000000.0,,,8580804716.0,28698534000.0,211562000.0,fcf_dcf,0.08,0.08,,29.602664109368284,34.37879622063339,29.602664109368288,24.826531998103185,-33.101324046625344,
CEYE,Consumer Cyclical,1.2999999523162842,0.09999999999999999,-0.1451958089702745,22656206.0,fcff,exit,8.0,289960078.0,,,36869702.0,-12043000.0,,fcf_dcf,0.08,0.08,,1.136094710515901,1.2316409284754615,1.136094710515901,1.0405484925563404,-12.608095985568607,
CFARM,Consumer Defensive,0.8799999952316284,0.025500000000000002,-0.3,48685884.0,fcff,exit,8.0,580000000.0,,,74555975.0,-64923653.0,,fcf_dcf,0.08,0.08,,1.2393904417054236,1.335981414912705,1.2393904417054236,1.1427994684981424,40.839823684226104,
CFRESH,Consumer Defensive,1.7100000381469727,0.135455,-0.3,274604300.0,fcff,exit,8.0,927099200.0,,,616152889.0,1692674000.0,430524000.0,fcf_dcf,0.08,0.08,,2.9567039385346536,3.4560991390223013,2.956703938534653,2.4573087380470056,72.90665921497063,
CGD,Real Estate,0.09000000357627869,-0.0732,0.3,-335812349.0,fcff,exit,8.0,8266129050.0,,,-145218467.0,-931401457.0,642681795.0,fcf_dcf,0.08,0.08,,-0.2423555263361042,-0.2555563718310128,-0.24235552633610413,-0.2291546808411956,-369.2839074508458,pe<0
CGH,Financial Services,0.5799999833106995,-0.0275,-0.3,-232343867.0,fcff,exit,8.0,4152449168.0,,,94171188.0,-338640000.0,197479000.0,fcf_dcf,0.08,0.08,,-0.0661296917640973,-0.04908866314422378,-0.0661296917640973,-0.08317072038397079,-111.40167132188905,pe<0
CH,Consumer Defensive,1.340000033378601,-0.0461,0.3,-220038985.0,fcff,exit,8.0,800000000.0,,,-8632225.0,512126371.0,,fcf_dcf,0.08,0.08,,-1.8673449711448746,-1.8754529917955107,-1.8673449711448746,-1.8592369504942388,-239.35409885301686,pe<0
CHAO,Consumer Defensive,4.059999942779541,0.07999999999999999,0.3,-159432467.0,fcff,exit,8.0,292736800.0,,,133158655.0,32380000.0,154000.0,fcf_dcf,0.08,0.08,,0.3217462180068964,0.663547872094436,0.32174621800689635,-0.02005543608064328,-92.07521619355926,
CHARAN,Financial Services,21.299999237060547,3.75,-0.3,,fcff,exit,8.0,12000000.0,,,,-65357000.0,,fcf_dcf,0.08,0.08,,,,,,,no_intrinsic
CHASE,Financial Services,0.46000000834465027,0.003,0.0,234116408.0,fcff,exit,8.0,1986283700.0,,,59627120.0,270846000.0,23000.0,fcf_dcf,0.08,0.08,,0.5421774852869848,0.564734656506491,0.5421774852869847,0.5196203140674786,17.864668576432706,
CHAYO,Financial Services,1.25,0.27234899999999995,-0.1651320756905451,383225139.0,fcff,exit,8.0,1165612822.0,,,-243956075.0,3881710000.0,1098748000.0,fcf_dcf,0.08,0.08,,-4.141598407989156,-4.29886605992027,-4.141598407989156,-3.984330756058043,-431.3278726391325,
CHEWA,Real Estate,0.14000000059604645,-0.1262,0.3,349632058.0,fcff,exit,8.0,1275028883.0,,,-314255959.0,2523630000.0,,fcf_dcf,0.08,0.08,,-2.3020888585877994,-2.4872908192737224,-2.3020888585877994,-2.1168868979018765,-1744.349177704796,pe<0
CHG,Healthcare,1.5499999523162842,0.0869,0.0,660263809.0,fcff,exit,8.0,11000000000.0,,,1802624132.0,-662839000.0,437357000.0,fcf_dcf,0.08,0.08,,1.2592621202838363,1.3824008238580792,1.2592621202838363,1.1361234167095935,-18.75728006300748,
CHIC,Consumer Cyclical,0.30000001192092896,-0.0057,-0.3,107638503.0,fcff,exit,8.0,1360000000.0,,,146554797.0,701077000.0,-465000.0,fcf_dcf,0.08,0.08,,0.4670938599461515,0.5480674158081064,0.4670938599461515,0.3861203040841965,55.69794712850328,pe<0
CHO,Industrials,0.019999999552965164,-1.315601,-0.3,-20929000.0,fcff,exit,8.0,766234798.0,,,-632544000.0,1791182000.0,-4000.0,fcf_dcf,0.08,0.08,,-7.415566735699278,-8.035879832620493,-7.415566735699277,-6.795253638778062,-37177.83450725057,pe<0
CHOTI,Consumer Defensive,67.0,23.77,-0.3,-216459332.0,fcff,exit,8.0,7500000.0,,,-29676130.0,1647046000.0,14000.0,fcf_dcf,0.08,0.08,,-365.35796226927096,-368.331189371156,-365.35796226927096,-362.384735167386,-645.3103914466731,
CHOW,Basic Materials,1.3200000524520874,-0.027,0.3,494257118.0,fcff,exit,8.0,800000000.0,,,124023719.0,58901000.0,149015000.0,fcf_dcf,0.08,0.08,,3.282881478740596,3.3993736780079566,3.282881478740596,3.166389279473235,148.70313244625848,pe<0
CI,Real Estate,0.3400000035762787,-0.31,0.3,645114857.0,fcff,exit,8.0,1066856744.0,,,386489147.0,6741147000.0,881548000.0,fcf_dcf,0.08,0.08,,-2.411940903372961,-2.1397251356641003,-2.411940903372961,-2.6841566710818214,-809.3943758832473,pe<0
CIG,Industrials,0.029999999329447746,-0.0207,-0.3,15694028.219999999,fcff,exit,8.0,3736577699.0,,,-70591815.25,102275000.0,5825000.0,fcf_dcf,0.08,0.08,,-0.12474813151172842,-0.1389440145900594,-0.12474813151172842,-0.11055224843339745,-515.8271143335551,pe<0
CIMBT,Financial Services,0.4399999976158142,0.08,-0.3,-10340052044.0,fcff,exit,8.0,34822261748.0,,,,103441276997.0,,fcf_dcf,0.08,0.08,,,,,,,no_intrinsic
CITY,Industrials,1.440000057220459,-0.06145,-0.3,,fcff,exit,8.0,300000000.0,,,-3569000.0,-570585000.0,0.0,fcf_dcf,0.08,0.08,,,,,,,no_intrinsic
CIVIL,Industrials,0.9900000095367432,-0.21000000000000002,0.3,393421821.0,fcff,exit,8.0,700000000.0,,,82706313.0,1914983000.0,,fcf_dcf,0.08199999999999999,0.08,,0.3496384742040465,0.4384200199309315,0.34963847420404637,0.26085692847716163,-64.68298274384311,pe<0
CK,Industrials,18.0,2.2199999999999998,-0.23525172493788915,7793012552.0,fcff,exit,8.0,1680355672.0,,,6164360384.0,30602222000.0,525605000.0,fcf_dcf,0.08,0.08,,23.12643647202674,25.88300558634477,23.12643647202674,20.3698673577087,28.480202622370776,
CKP,Utilities,2.4200000762939453,0.265,0.3,4035207324.0,fcff,exit,8.0,8129382729.0,,,6560832684.0,23381676000.0,12367972000.0,fcf_dcf,0.08,0.08,,2.551499876581431,3.1579337803261875,2.5514998765814307,1.9450659728366757,5.43387587362676,
CM,Consumer Defensive,1.5099999904632568,-0.059999999999999984,0.3,-205246172.0,fcff,exit,8.0,381145725.0,,,22489159.0,-56739475.0,0.0,fcf_dcf,0.08,0.08,,-1.7720674378513197,-1.7277306482103034,-1.7720674378513197,-1.8164042274923355,-217.35546020153697,pe<0
CMAN,Basic Materials,2.7799999713897705,0.7423,-0.3,362190949.0,fcff,exit,8.0,960000000.0,,,1150856095.0,2618620000.0,39878000.0,fcf_dcf,0.08,0.08,,6.031538552143531,6.932345797105527,6.03153855214353,5.130731307181535,116.9618206552808,
CMC,Real Estate,0.41999998688697815,-0.31620000000000004,-0.3,420347083.0,fcff,exit,8.0,1102213169.0,,,702703432.0,3987917000.0,-1875000.0,fcf_dcf,0.08,0.08,,1.8276782093172113,2.306736720477961,1.8276782093172115,1.3486196981564618,335.1614919952459,upside>300%|pe<0
CMO,Communication Services,0.6700000166893005,-0.09,0.0,97546606.22,fcff,exit,8.0,426174854.0,,,95454369.73,244785461.26999998,92136642.69,fcf_dcf,0.08,0.08,,1.5231020943710953,1.691404403556961,1.5231020943710951,1.3547997851852296,127.32866513903451,pe<0
CMR,Healthcare,1.2999999523162842,-0.004,0.3,-10801418.290000021,fcff,exit,8.0,4071125000.0,,,2909780577.06,2138893821.6899998,59270087.81,fcf_dcf,0.08,0.08,,3.745378053791772,4.2824443325452854,3.7453780537917716,3.2083117750382595,188.10601470549426,pe<0
CNT,Industrials,3.200000047683716,0.20199999999999999,-0.3,811411758.0,fcff,exit,8.0,1027904144.0,,,351079472.0,612684000.0,-39592000.0,fcf_dcf,0.088,0.08,,4.8314799852072285,5.0881262222419625,4.8314799852072285,4.5748337481724946,50.98374728789273,
COCOCO,Consumer Defensive,5.75,0.24,-0.3,-40074517.0,fcff,exit,8.0,1470000000.0,,,796866056.0,3293224000.0,-168000.0,fcf_dcf,0.08,0.08,,0.9032892998210822,1.310622748587341,0.9032892998210823,0.49595585105482315,-84.29062087267683,
COLOUR,Basic Materials,1.0,0.0499,-4.440892098500626e-16,16792083.0,fcff,exit,8.0,588965082.0,,,119062940.0,369714000.0,-5479000.0,fcf_dcf,0.08,0.08,,0.7172843142936207,0.8691882884551922,0.7172843142936208,0.5653803401320491,-28.27156857063793,
COM7,Consumer Cyclical,29.25,1.8699999999999999,-0.2723884950494262,-1206644000.0,fcff,exit,8.0,2357698765.0,,,7244792000.0,15012620000.0,149279000.0,fcf_dcf,0.08,0.08,,9.878257037771844,12.187234461845389,9.878257037771844,7.5692796136983,-66.22818106744668,
COMAN,Consumer Cyclical,0.5,-1.3900000000000001,-0.3,-17980177.0,fcff,exit,8.0,167407662.0,,,-133063412.0,-35492000.0,0.0,fcf_dcf,0.08,0.08,,-5.019966798307257,-5.617229515395117,-5.019966798307257,-4.422704081219397,-1103.9933596614514,pe<0
CPALL,Consumer Defensive,46.25,3.3099999999999996,-0.12419238458178095,50000189004.0,fcff,exit,8.0,8915503348.0,,,94203685604.0,406649862000.0,193683790000.0,fcf_dcf,0.08,0.08,,19.88138176829838,27.82108204807334,19.88138176829838,11.94168148852342,-57.013228609084585,
CPANEL,Basic Materials,1.4500000476837158,-0.168,0.3,-34011839.0,fcff,exit,8.0,163178573.0,,,4632429.0,579195000.0,,fcf_dcf,0.08,0.08,,-4.259614303203386,-4.238282492447503,-4.259614303203386,-4.280946113959269,-393.7664940085935,pe<0
CPAXT,Consumer Defensive,14.600000381469727,0.83,0.3,5079574226.0,fcff,exit,8.0,10427661800.0,,,29568074728.0,171560917000.0,1204287000.0,fcf_dcf,0.08,0.08,,2.535998380521332,4.666678193774404,2.5359983805213324,0.40531856726826127,-82.6301485324616,
CPF,Consumer Defensive,23.799999237060547,3.0500000000000003,0.3,29532079000.0,fcff,exit,8.0,7689060785.0,,,51009489000.0,507296531000.0,20079084000.0,fcf_dcf,0.08,0.08,,-12.47755425345959,-7.492616265679389,-12.47755425345959,-17.46249224123979,-152.4267002245528,
CPH,Consumer Cyclical,11.199999809265137,2.65,-0.3,247215872.54000002,fcff,exit,8.0,40000000.0,,,199301366.07,153083799.16,30240.0,fcf_dcf,0.08,0.08,,52.24152265303158,55.98549269967785,52.24152265303158,48.497552606385305,366.4421744883877,upside>300%
CPI,Consumer Defensive,3.4800000190734863,0.795392,0.3,77229418.0,fcff,exit,8.0,632752650.0,,,525649371.0,626144000.0,,fcf_dcf,0.08,0.08,,4.520061613829722,5.144291069192327,4.520061613829722,3.8958321584671167,29.886827271717703,
CPL,Consumer Cyclical,0.6899999976158142,-0.23700000000000002,-0.3,71561569.78,fcff,exit,8.0,439844284.0,,,71171303.86,880534412.55,305134.17,fcf_dcf,0.08,0.08,,-0.3423786527637305,-0.22079139851431612,-0.3423786527637304,-0.4639659070131448,-149.62009477489357,pe<0
CPN,Real Estate,64.5,4.34,-0.13974315114917324,39524863847.0,fcff,exit,8.0,4488000000.0,,,38159072957.0,116092015000.0,9491114000.0,fcf_dcf,0.08,0.08,,60.34575784880599,66.73467194074914,60.34575784880599,53.95684375686285,-6.440685505727151,
CPNREIT,Real Estate,13.300000190734863,0.765363,0.019752490193011285,,fcff,exit,8.0,3621074000.0,,,5005945084.0,47598351000.0,,fcf_dcf,0.08,0.08,,,,,,,no_intrinsic
CPR,Consumer Cyclical,2.6600000858306885,0.06,0.3,32087327.0,fcff,exit,8.0,199000000.0,,,30555336.0,-234180000.0,3717000.0,fcf_dcf,0.08,0.08,,2.7625076615636757,2.8778838184443933,2.7625076615636757,2.6471315046829584,3.8536681362916276,
CPT,Industrials,1.0099999904632568,0.08449999999999999,0.0,-180319455.51999998,fcff,exit,8.0,900000000.0,,,123695367.66,-123911508.55000001,0.0,fcf_dcf,0.08,0.08,,0.11719936360819741,0.22047384141924825,0.11719936360819744,0.013924885797146493,-88.39610250348206,
CPW,Technology,2.5799999237060547,0.2,-0.3,302901182.0,fcff,exit,8.0,600000000.0,,,576246777.0,1201902000.0,,fcf_dcf,0.08,0.08,,5.903572397450937,6.625243541376329,5.903572397450937,5.181901253525544,128.82064232663691,
CRANE,Industrials,0.3199999928474426,-0.177,-0.3,76261400.62,fcff,exit,8.0,758188031.0,,,35148675.72,695626000.0,,fcf_dcf,0.08,0.08,,-0.21375103911819576,-0.17891617473563023,-0.21375103911819576,-0.24858590350076126,-166.79720121747,pe<0
CRC,Consumer Cyclical,28.5,1.21,-0.1961581725120547,23181450379.0,fcff,exit,8.0,6031000000.0,,,32088994886.0,102230533794.0,4184497046.0,fcf_dcf,0.08,0.08,,30.582853974580512,34.58090991964268,30.582853974580512,26.58479802951835,7.3082595599316225,
CRD,Industrials,0.44999998807907104,0.074,-4.440892098500626e-16,136639224.0,fcff,exit,8.0,500000000.0,,,124471285.0,19725524.0,13954385.0,fcf_dcf,0.08,0.08,,2.5839631232251343,2.771023261104528,2.5839631232251343,2.396902985345741,474.2140425948405,upside>300%
CREDIT,Financial Services,22.700000762939453,3.31,-0.1536278450802665,7952915000.0,fcff,exit,8.0,1234839222.0,,,,4019527000.0,,fcf_dcf,0.08,0.08,,,,,,,no_intrinsic
CSC,Consumer Cyclical,47.25,5.979205,-0.24868450959046196,404353585.0,fcff,exit,8.0,52000775.0,,,598421949.0,-466293000.0,,fcf_dcf,0.08,0.08,,111.00539987433004,119.65268500496377,111.00539987433004,102.3581147436963,134.93206322609532,
CSP,Basic Materials,0.8500000238418579,0.087,-0.3,44929339.859999985,fcff,exit,8.0,496168826.0,,,124005663.08,1164795508.9099998,,fcf_dcf,0.08,0.08,,-0.4625199691157218,-0.27472060129454345,-0.4625199691157218,-0.6503193369369001,-154.4141124873396,
CSR,Consumer Cyclical,72.25,3.16,0.01460718370472569,54486510.900000006,fcff,exit,8.0,20500000.0,,,86206662.14,-20735180.61,,fcf_dcf,0.08,0.08,,37.52229765323922,40.68216644880425,37.522297653239214,34.36242885767418,-48.06602400935748,
CSS,Technology,1.0,0.09,-0.3,619862603.0,fcff,exit,8.0,1175739089.0,,,142310972.0,-1023107000.0,38240000.0,fcf_dcf,0.08,0.08,,3.793199513708867,3.884150938988567,3.7931995137088674,3.7022480884291684,279.3199513708867,
CTW,Industrials,6.849999904632568,0.7999999999999999,-0.3,-496079717.0,fcff,exit,8.0,397906284.0,,,462238466.0,940857000.0,-4152000.0,fcf_dcf,0.08,0.08,,-0.6393481483609018,0.23355762668619723,-0.6393481483609017,-1.5122539234080008,-109.3335497410521,
CWT,Industrials,0.9900000095367432,-0.010000000000000009,0.3,-432834490.0,fcff,exit,8.0,630316465.0,,,59218816.0,1350020000.0,86978000.0,fcf_dcf,0.08,0.08,,-4.616917946256804,-4.546321449634725,-4.616917946256804,-4.687514442878883,-566.3553436143125,pe<0
D,Healthcare,3.0199999809265137,0.232032,-0.06720233895721839,102656257.0,fcff,exit,8.0,342195576.0,,,172031661.0,247943586.0,15717.0,fcf_dcf,0.08,0.08,,3.5652019643884474,3.942962054536311,3.5652019643884474,3.187441874240584,18.05304592401586,
DCC,Industrials,1.350000023841858,0.09884899999999999,0.1773756992669746,218736060.0,fcff,exit,8.0,9075611266.0,,,1673906148.0,2261515000.0,45823000.0,fcf_dcf,0.08,0.08,,0.9563489423378702,1.094940667331721,0.9563489423378703,0.8177572173440195,-29.159338855693306,
DCON,Basic Materials,0.14000000059604645,-0.0719,0.3,-51944250.79000001,fcff,exit,8.0,5386340396.0,,,-330604765.15999997,923375983.82,42170843.74,fcf_dcf,0.08,0.08,,-0.5889784061842439,-0.6350992659527037,-0.5889784061842439,-0.542857546415784,-520.6988597690595,pe<0
DDD,Consumer Defensive,4.960000038146973,-0.13,0.3,157676226.0,fcff,exit,8.0,316372600.0,,,-8008107.0,-1739407000.0,23077000.0,fcf_dcf,0.08,0.08,,7.378993055165429,7.359972942503453,7.378993055165429,7.398013167827406,48.77002012931795,pe<0
DELTA,Industrials,275.0,2.03,-0.3,14230866550.0,fcff,exit,8.0,12473816140.0,,,41092251888.0,-13915349000.0,0.0,fcf_dcf,0.08185,0.08,,25.739774738278932,28.215159337203513,25.739774738278935,23.26439013935435,-90.64008191335311,
DEMCO,Industrials,3.619999885559082,0.09,-0.3,161761000.0,fcff,exit,8.0,753762284.0,,,126393000.0,1025016000.0,0.0,fcf_dcf,0.08,0.08,,0.5550280040636881,0.6810280491936151,0.5550280040636881,0.42902795893376083,-84.66773420966646,
DEXON,Energy,1.0800000429153442,-0.172,-0.3,21891398.0,fcff,exit,8.0,476500000.0,,,82342862.0,-38123327.0,400.0,fcf_dcf,0.08,0.08,,1.3129594237795432,1.4428103746273409,1.3129594237795432,1.1831084729317454,21.570312185854192,pe<0
DHOUSE,Real Estate,0.28999999165534973,-0.0389,0.0,5367285.0,fcff,exit,8.0,906666660.0,,,-3888673.0,374241000.0,,fcf_dcf,0.08,0.08,,-0.41353199945737196,-0.416754818046275,-0.413531999457372,-0.410309180868469,-242.5972452953839,pe<0
DIMET,Basic Materials,0.05000000074505806,-0.0084,0.0,,fcff,exit,8.0,2691002469.0,,,-6769128.350000001,58409605.17,,fcf_dcf,0.08,0.08,,,,,,,no_intrinsic
DITTO,Technology,13.300000190734863,1.0003,-0.1711098810643331,470966368.0,fcff,exit,8.0,693913599.0,,,816389434.0,-174392000.0,9547.0,fcf_dcf,0.08,0.08,,10.191806147383378,11.075850507769525,10.191806147383378,9.307761786997233,-23.369879690052457,
DMT,Industrials,12.0,0.8799999999999999,0.036525940848816996,1685329411.0,fcff,exit,8.0,1181232800.0,,,2096085425.0,-371702000.0,13052000.0,fcf_dcf,0.08,0.08,,16.999996930874197,18.333381920282545,16.999996930874197,15.666611941465849,41.666641090618306,
DOD,Consumer Defensive,0.9599999785423279,-0.004,0.3,-95218235.0,fcff,exit,8.0,450414285.0,,,43150549.0,8182000.0,-3512000.0,fcf_dcf,0.085375,0.08,,-0.3278264562861432,-0.2558390955902833,-0.3278264562861432,-0.39981381698200313,-134.1485899597537,pe<0
DOHOME,Consumer Cyclical,3.5799999237060547,0.22884600000000002,-0.3,526038588.0,fcff,exit,8.0,3518606692.0,,,2373507895.0,16588376000.0,5000.0,fcf_dcf,0.08,0.08,,-0.02768617968530769,0.47919018133366587,-0.027686179685307715,-0.5345625407042812,-100.77335699093106,
DPAINT,Basic Materials,0.1899999976158142,-0.14344099999999999,0.3,49573292.64,fcff,exit,8.0,260163934.0,,,-18600156.709999997,142212885.5,2147.68,fcf_dcf,0.08,0.08,,-0.17118563940279738,-0.22490756779045862,-0.17118563940279738,-0.11746371101513622,-190.09770607941795,pe<0
DREIT,Real Estate,4.78000020980835,0.49920099999999995,-0.3,,fcff,exit,8.0,711500000.0,,,523564820.0,1706798000.0,,fcf_dcf,0.08,0.08,,,,,,,no_intrinsic
DRT,Industrials,5.349999904632568,0.52,-0.3,663269516.0,fcff,exit,8.0,812033136.0,,,769531970.0,640154000.0,,fcf_dcf,0.08,0.08,,8.36008956168598,9.072179742220914,8.36008956168598,7.647999381151045,56.263359078697796,
DTCENT,Technology,0.949999988079071,0.08,0.0,55912000.0,fcff,exit,8.0,1315774366.0,,,225019000.0,-596991000.0,-7812000.0,fcf_dcf,0.08,0.08,,1.6672680162010067,1.7957729642855023,1.6672680162010067,1.5387630681165112,75.50189864446983,
DTCI,Industrials,15.5,-0.77,0.20547116433975088,4634058.579999999,fcff,exit,8.0,10000000.0,,,3999895.89,-172413922.45,1115656.83,fcf_dcf,0.08,0.08,,21.492601670061642,21.79316138417025,21.492601670061642,21.192041955953034,38.66194625846221,pe<0
DUSIT,Consumer Cyclical,10.699999809265137,-0.53,-0.3,-1250357000.0,fcff,exit,8.0,845285000.0,,,2449962000.0,16320288000.0,1682598000.0,fcf_dcf,0.08,0.08,,-10.125772184472078,-7.947870516979665,-10.125772184472078,-12.303673851964492,-194.63338658851345,pe<0
EA,Utilities,2.880000114440918,-0.04,0.0,6916874021.0,fcff,exit,8.0,7426800806.0,,,160340059.0,46894834000.0,816258000.0,fcf_dcf,0.08005,0.08,,-2.3586675886347033,-2.342444918236029,-2.3586675886347033,-2.374890259033377,-181.89817690658603,pe<0
EASON,Basic Materials,1.2200000286102295,0.1741,-0.3,130276605.86,fcff,exit,8.0,537470345.0,,,164662368.51999998,-137784230.14000002,58667659.96,fcf_dcf,0.08,0.08,,3.0131766281881944,3.243385434239059,3.0131766281881944,2.782967822137331,146.9816850431285,
EAST,Financial Services,0.8100000023841858,0.0942,-0.3,-557297904.51,fcff,exit,8.0,1664460561.0,,,142422703.91,2806349066.2599998,,fcf_dcf,0.08,0.08,,-2.586585844160364,-2.5222892751267145,-2.586585844160364,-2.6508824131940134,-419.3315847588773,
EASTW,Utilities,4.860000133514404,0.069,-0.3,395636536.0,fcff,exit,8.0,1663725149.0,,,1775514477.0,14551947000.0,126682000.0,fcf_dcf,0.08,0.08,,-1.40256119624999,-0.6006528795252708,-1.4025611962499902,-2.2044695129747094,-128.85928308063149,
ECF,Consumer Cyclical,0.10000000149011612,-1.0499999999999998,0.0,,fcff,exit,8.0,1500846384.0,,,-501205597.0,2158772000.0,-6255000.0,fcf_dcf,0.08,0.08,,,,,,,no_intrinsic
EFORL,Healthcare,0.10999999940395355,0.0116,0.0,12594000.0,fcff,exit,8.0,3998477368.0,,,117781000.0,252993000.0,0.0,fcf_dcf,0.08,0.08,,0.12711104343641022,0.1492451846560447,0.12711104343641022,0.10497690221677576,15.555494659249675,
EGCO,Utilities,132.5,5.77,0.3,1756088000.0,fcff,exit,8.0,526465000.0,,,8417041000.0,69568630000.0,247775000.0,fcf_dcf,0.08,0.08,,-22.40909225255101,-10.395524003504313,-22.409092252551005,-34.42266050159771,-116.91252245475548,
EKH,Healthcare,5.199999809265137,0.29400000000000004,-0.1525647676480304,-197572078.0,fcff,exit,8.0,800000000.0,,,453300121.0,-443463000.0,265610000.0,fcf_dcf,0.08,0.08,,2.5848539885338795,3.01062680400195,2.5848539885338795,2.1590811730658093,-50.29126762796611,
EMC,Industrials,0.019999999552965164,-0.0177,-0.3,20739719.0,fcff,exit,8.0,12570633180.0,,,-190605734.0,320418000.0,-133959000.0,fcf_dcf,0.08,0.08,,-0.09900960006383615,-0.11040319798586029,-0.09900960006383615,-0.08761600214181202,-595.0480113843661,pe<0
EMPIRE,Industrials,0.25,-0.095902,0.3,-68188622.0,fcff,exit,8.0,630500000.0,,,-174074581.0,17934397.0,,fcf_dcf,0.08,0.08,,-2.145146186093617,-2.3526052189569717,-2.145146186093617,-1.9376871532302624,-958.0584744374468,pe<0
EP,Industrials,1.1299999952316284,-0.6699999999999999,-0.3,-80931529.45999998,fcff,exit,8.0,932507097.0,,,-273022979.70000005,5352843992.03,245123659.15,fcf_dcf,0.08,0.08,,-8.12992359254257,-8.349926863435563,-8.12992359254257,-7.909920321649575,-819.4622678627613,pe<0
EPG,Basic Materials,5.949999809265137,0.485,-0.3,1104255018.0,fcff,exit,8.0,2800000000.0,,,2872864360.0,2387968578.0,73136748.0,fcf_dcf,0.08185,0.08,,6.955406718256982,7.726379722894724,6.955406718256982,6.18443371361924,16.89759565078069,
ERW,Consumer Cyclical,3.9200000762939453,0.11599999999999999,0.3,694493010.0,fcff,exit,8.0,4886929429.0,,,2675551869.0,13494400000.0,844932000.0,fcf_dcf,0.08,0.08,,0.9574913400841774,1.3688866995900837,0.9574913400841775,0.5460959805782705,-75.5742009834497,
ESTAR,Real Estate,0.23999999463558197,0.005,-0.3,507836417.0,fcff,exit,8.0,5022246185.0,,,268298984.0,1626703000.0,119675000.0,fcf_dcf,0.08,0.08,,0.40072047722471915,0.44086285668247244,0.40072047722471915,0.36057809776696587,66.96686924229999,
ETC,Utilities,0.7400000095367432,0.227,-0.29393325617283994,87137096.0,fcff,exit,8.0,2240000000.0,,,744483565.0,-327390000.0,47698000.0,fcf_dcf,0.08,0.08,,2.287176211598032,2.5369168271850255,2.287176211598032,2.037435596011038,209.0778624489284,
ETE,Industrials,0.5699999928474426,0.034990999999999994,-0.3,120918439.0,fcff,exit,8.0,560000000.0,,,130727541.0,837883383.0,1376453.0,fcf_dcf,0.08,0.08,,0.8171000678664575,0.9925128135515225,0.8171000678664574,0.6416873221813926,43.350890898195125,
ETL,Industrials,0.41999998688697815,0.016999999999999998,0.3,38521596.0,fcff,exit,8.0,620000000.0,,,12548442.0,-47471000.0,-31178000.0,fcf_dcf,0.08,0.08,,0.5110801864570272,0.5262884699520309,0.5110801864570272,0.4958719029620236,21.685762479454255,
EURO,Consumer Cyclical,7.300000190734863,0.54,-0.24946997304016028,98574706.0,fcff,exit,8.0,303180000.0,,,313603025.0,273351580.0,0.0,fcf_dcf,0.08,0.08,,6.690385393073561,7.467637263751247,6.690385393073562,5.913133522395877,-8.350887421003401,
EVER,Real Estate,0.07000000029802322,-0.040248000000000006,8.881784197001252e-16,397382737.0,fcff,exit,8.0,4854786552.0,,,147312554.0,2609187000.0,92224000.0,fcf_dcf,0.08,0.08,,-0.028131399264496523,-0.005330514472818077,-0.02813139926449656,-0.05093228405617485,-140.18771306389687,pe<0
FANCY,Consumer Cyclical,0.1899999976158142,-0.11639999999999999,0.3,,fcff,exit,8.0,615000000.0,,,21808858.07,-258508958.85,,fcf_dcf,0.08,0.08,,,,,,,no_intrinsic
FE,Communication Services,190.0,10.870000000000001,-0.3,49905453.88999999,fcff,exit,8.0,7870000.0,,,137445194.37,-52401000.0,27793000.0,fcf_dcf,0.08,0.08,,134.90898530590218,148.0320995251429,134.90898530590218,121.78587108666147,-28.995270891630433,
FLOYD,Industrials,1.1399999856948853,0.20900000000000002,0.1945948022676045,106898248.0,fcff,exit,8.0,444442864.0,,,82655862.0,-188098000.0,,fcf_dcf,0.08,0.08,,2.5576077437174574,2.6973538780524664,2.5576077437174574,2.4178616093824488,124.35155928168469,
FM,Consumer Defensive,4.239999771118164,0.7429999999999999,0.08786127617768424,283566190.0,fcff,exit,8.0,987827850.0,,,993546297.0,-432798000.0,55807000.0,fcf_dcf,0.08,0.08,,7.640868667815182,8.39663740705983,7.640868667815183,6.8850999285705345,80.20917642172768,
FMT,Industrials,18.0,-0.009999999999999953,-0.3,165368021.0,fcff,exit,8.0,48000000.0,,,89073936.0,961287000.0,,fcf_dcf,0.08,0.08,,5.687354784533231,7.081767991096318,5.687354784533232,4.292941577970142,-68.40358453037095,pe<0
FN,Consumer Cyclical,0.46000000834465027,-0.067,0.2744293212890625,-47256715.0,fcff,exit,8.0,1000000000.0,,,32967524.0,37829000.0,-10000.0,fcf_dcf,0.08,0.08,,-0.0393408414032526,-0.014568422668352366,-0.0393408414032526,-0.06411326013815284,-108.55235667164965,pe<0
FNS,Financial Services,0.5099999904632568,-1.27,0.25601966590919445,44449000.0,fcff,exit,8.0,500651065.0,,,-545956000.0,1153832000.0,0.0,fcf_dcf,0.08,0.08,,-8.48480943606824,-9.30422570107431,-8.48480943606824,-7.665393171062169,-1763.6881558293933,pe<0
FORTH,Industrials,14.899999618530273,1.0,-0.3,759186698.0,fcff,exit,8.0,935374700.0,,,2527949153.0,4649784000.0,1514759000.0,fcf_dcf,0.0874,0.08,,13.085748045630165,15.11653701957701,13.085748045630165,11.05495907168332,-12.176185364755499,
FPI,Consumer Cyclical,1.690000057220459,0.22000000000000003,-0.26497014720354695,-181408000.0,fcff,exit,8.0,1513029934.0,,,699026000.0,1099418000.0,2415000.0,fcf_dcf,0.08,0.08,,1.5423680868609768,1.8895266567091415,1.542368086860977,1.1952095170128123,-8.735619252125487,
FPT,Real Estate,7.199999809265137,1.17,-0.3,,fcff,exit,8.0,2319277000.0,,,4921384000.0,52024454000.0,-277274000.0,fcf_dcf,0.08,0.08,,,,,,,no_intrinsic
FSMART,Communication Services,7.0,0.76,0.1540042036845357,362886686.0,fcff,exit,8.0,753141300.0,,,876627147.0,469917000.0,2544000.0,fcf_dcf,0.08,0.08,,8.405816704913038,9.280438978831778,8.405816704913038,7.531194430994299,20.08309578447197,
FSX,Financial Services,1.0399999618530273,-0.35,0.047329184266647895,277079501.0,fcff,exit,8.0,1139256532.0,,,-311026170.0,-478258000.0,8138000.0,fcf_dcf,0.08,0.08,,-0.20071227224168026,-0.40585564266374397,-0.20071227224168026,0.004431098180383445,-119.29925765420796,pe<0
FTE,Industrials,2.7200000286102295,0.24,-0.3,126149291.41,fcff,exit,8.0,659999924.0,,,210614026.8,10793000.0,,fcf_dcf,0.08,0.08,,2.709657149308276,2.9494440682850485,2.7096571493082755,2.4698702303315025,-0.38025291151332036,
FTI,Industrials,2.0399999618530273,0.1679,-0.3,107247523.66999999,fcff,exit,8.0,450000000.0,,,111337889.11,-71842135.0,4932893.0,fcf_dcf,0.08,0.08,,2.6431454989493455,2.829059694055267,2.6431454989493455,2.4572313038434244,29.56595825366844,
FTREIT,Real Estate,12.600000381469727,0.881176,0.2256038593344074,,fcff,exit,8.0,3283387048.0,,,3668448169.0,14475814000.0,,fcf_dcf,0.1,0.08460000000000001,,,,,,,no_intrinsic
FUTURERT,Real Estate,9.199999809265137,1.1531609999999999,-0.2920843098787399,,fcff,exit,8.0,529566100.0,,,,6738699000.0,,fcf_dcf,0.1,0.08460000000000001,,,,,,,no_intrinsic
FVC,Industrials,0.3100000023841858,-0.027899999999999998,0.3,-148633709.0,fcff,exit,8.0,2190873802.0,,,146906970.0,483699000.0,246093000.0,fcf_dcf,0.08,0.08,,-0.21671300546642167,-0.16632732588066837,-0.21671300546642167,-0.26709868505217493,-169.90742058054803,pe<0
GABLE,Technology,3.9000000953674316,0.48,-0.3,264151981.0,fcff,exit,8.0,700021420.0,,,563364732.0,-765943000.0,35276000.0,fcf_dcf,0.08,0.08,,7.4762347799052815,8.080963239511718,7.4762347799052815,6.871506320298845,91.69832300224395,
GAHREIT,Real Estate,3.680000066757202,-0.448057,0.3,,fcff,exit,8.0,175500000.0,,,-1562597.0500000007,-21080000.0,,fcf_dcf,0.08,0.08,,,,,,,no_intrinsic
GBX,Financial Services,0.7099999785423279,0.11920000000000001,-0.3,193695763.0,fcff,exit,8.0,1089076392.0,,,182143670.0,399591000.0,-1912000.0,fcf_dcf,0.08,0.08,,1.3918082188333305,1.517480014443588,1.3918082188333305,1.2661364232230732,96.02933252065661,
GC,Basic Materials,5.25,0.76,-0.3,-263935931.0,fcff,exit,8.0,439999864.0,,,438167462.0,1287038000.0,,fcf_dcf,0.08,0.08,,0.5263156457788296,1.2746051662951456,0.5263156457788296,-0.22197387473748645,-89.97494008040324,
GCAP,Financial Services,0.25,-0.039,0.3,19590266.0,fcff,exit,8.0,541897340.0,,,-73110322.0,411624212.0,,fcf_dcf,0.08,0.08,,-1.4178513841548939,-1.5192293934210697,-1.4178513841548936,-1.3164733748887179,-667.1405536619576,pe<0
GEL,Basic Materials,0.03999999910593033,-0.05398,-0.2939332561728393,318690312.0,fcff,exit,8.0,8612049053.0,,,-49828182.0,4011535000.0,495424000.0,fcf_dcf,0.08,0.08,,-0.40173328628793115,-0.4060808967843545,-0.40173328628793115,-0.39738567579150774,-1104.333238168425,pe<0
GENCO,Industrials,0.3400000035762787,0.0184,-0.3,71486370.0,fcff,exit,8.0,1108708925.0,,,95885358.0,-122392000.0,0.0,fcf_dcf,0.08,0.08,,0.902748497152982,0.9677340520877582,0.9027484971529821,0.8377629422182061,165.5142610757212,
GFC,Healthcare,2.059999942779541,0.06,0.3,52082312.39,fcff,exit,8.0,220000000.0,,,63775985.78,-73380245.44,20938465.3,fcf_dcf,0.1,0.09340000000000001,,2.84240646519589,3.0472112083397582,2.84240646519589,2.637601722052021,37.98090020141719,
GFPT,Consumer Defensive,10.199999809265137,1.97,0.1354111059737677,1113389312.21,fcff,exit,8.0,1253821000.0,,,4350434055.440001,-567660000.0,162847000.0,fcf_dcf,0.08,0.08,,24.933261806327362,27.540490528550993,24.933261806327362,22.32603308410373,144.44374777026286,
GGC,Basic Materials,6.849999904632568,-0.10999999999999996,0.3,1770528456.0,fcff,exit,8.0,1023666700.0,,,620130019.0,-1619375000.0,,fcf_dcf,0.08,0.08,,12.532628306729693,12.987832506766972,12.532628306729691,12.07742410669241,82.95808001769511,pe<0
GJS,Basic Materials,0.11999999731779099,-0.029,-0.3,-892215765.0,fcff,exit,8.0,25487134896.0,,,16566755.0,-372669000.0,,fcf_dcf,0.08,0.08,,-0.1294040661223217,-0.1289156404156948,-0.12940406612232166,-0.12989249182894852,-207.83672417894002,pe<0
GLAND,Real Estate,0.6000000238418579,0.07,0.0,,fcff,exit,8.0,6499829661.0,,,781942400.0,4628903000.0,1132692000.0,fcf_dcf,0.08,0.08,,,,,,,no_intrinsic
GLOBAL,Consumer Cyclical,6.75,0.444564,-0.3,4907963943.0,fcff,exit,8.0,5601996698.0,,,4315452544.0,7606364000.0,252174000.0,fcf_dcf,0.08,0.08,,6.93031931389357,7.5091687012983,6.93031931389357,6.351469926488839,2.671397242867699,
GLORY,Industrials,0.8500000238418579,-0.043000000000000003,-0.3,-21067255.0,fcff,exit,8.0,270483100.0,,,5766265.0,-27843000.0,15147000.0,fcf_dcf,0.116125,0.10109375,,-0.1481126340919616,-0.1335703095235616,-0.1481126340919616,-0.1626549586603616,-117.42501528676638,pe<0
GPI,Communication Services,1.7799999713897705,0.36,0.3,91366772.43000004,fcff,exit,8.0,600000000.0,,,154953019.78000003,-176162201.17,589.12,fcf_dcf,0.08,0.08,,2.489572581463962,2.683630279489624,2.489572581463962,2.295514883438301,39.86363042018359,
GPSC,Utilities,50.25,2.38,-0.3,15586232934.0,fcff,exit,8.0,2819729367.0,,,21163439389.0,96020519985.0,12009031551.0,fcf_dcf,0.089725,0.08,,30.16489861221849,35.804662244147536,30.164898612218487,24.52513498028944,-39.97035102046071,
GRAMMY,Communication Services,4.679999828338623,0.14300000000000002,-0.3,-65203687.0,fcff,exit,8.0,819949729.0,,,667250078.0,396055000.0,315818000.0,fcf_dcf,0.08,0.08,,3.6876142640410423,4.299095997314414,3.6876142640410428,3.076132530767671,-21.204820527736487,
GRAND,Consumer Cyclical,0.019999999552965164,-0.103,0.3,-18184791.0,fcff,exit,8.0,9341120023.0,,,-515453626.0,8571439000.0,70790000.0,fcf_dcf,0.08,0.08,,-1.2651211254069006,-1.3065852717004314,-1.2651211254069006,-1.2236569791133698,-6425.60576842281,pe<0
GREEN,Utilities,0.800000011920929,0.03,0.0,45283000.0,fcff,exit,8.0,818024729.0,,,63665000.0,110491000.0,,fcf_dcf,0.08,0.08,,0.5667092176788652,0.6251904333836318,0.5667092176788651,0.5082280019740985,-29.161348845720013,
GROREIT,Real Estate,8.600000381469727,0.9031199999999999,-0.20438004877305294,,fcff,exit,8.0,315000000.0,,,349355708.65999997,1348089000.0,,fcf_dcf,0.08,0.08,,,,,,,no_intrinsic
GSTEEL,Unknown,0.09,-0.05,-0.2939332561728393,-2458901435.0,fcff,exit,8.0,,,,-581909113.0,11056279000.0,1000.0,fcf_dcf,0.1,0.09120000000000002,,,,,,,no_intrinsic
GTB,Industrials,0.7699999809265137,0.0824,-0.18549375000000057,82112955.02,fcff,exit,8.0,960000000.0,,,130936981.74000001,-33449242.019999996,1000.53,fcf_dcf,0.08,0.08,,1.2162039909700106,1.3186920277430605,1.2162039909700106,1.1137159541969608,57.948574168351996,
GTV,Utilities,0.029999999329447746,0.0092,-0.3,,fcff,exit,8.0,13130956245.0,,,130939786.0,253281000.0,25104000.0,fcf_dcf,0.08,0.08,,,,,,,no_intrinsic
GULF,Utilities,62.5,6.21,0.3,-17575529000.0,fcff,exit,8.0,14939837683.0,,,64712213000.0,368914653000.0,32006494000.0,fcf_dcf,0.1,0.08460000000000001,,-6.255819151023683,-3.0694709658166133,-6.255819151023684,-9.442167336230751,-110.00931064163791,
GUNKUL,Utilities,5.099999904632568,0.23,-0.3,1689587881.0,fcff,exit,8.0,8882530974.0,,,3935359601.0,12406838000.0,1014000.0,fcf_dcf,0.09025,0.08,,2.070239889287195,2.403152137625102,2.070239889287195,1.7373276409492873,-59.4070602353012,
GVREIT,Real Estate,7.800000190734863,0.888946,0.1873217956781168,,fcff,exit,8.0,814800000.0,,,196634130.0,2636256000.0,,fcf_dcf,0.08,0.08,,,,,,,no_intrinsic
GYT,Consumer Cyclical,185.5,31.363514000000002,0.3,-304745000.0,fcff,exit,8.0,7400000.0,,,773445000.0,2597450000.0,,fcf_dcf,0.08,0.08,,103.2680370918041,181.80602991465955,103.26803709180406,24.73004426894871,-44.32989914188458,
HANA,Technology,46.25,0.55,0.3,1738411013.0,fcff,exit,8.0,885366660.0,,,2062390584.0,-3855235000.0,,fcf_dcf,0.0826,0.08,,26.65483691245832,28.4052068056316,26.654836912458318,24.904467019285043,-42.3679201892793,
HANN,Healthcare,0.8299999833106995,0.015841,0.3,19608654.0,fcff,exit,8.0,560000000.0,,,50329086.0,-58553036.0,336.0,fcf_dcf,0.1,0.09340000000000001,,0.7553345434748603,0.8188291048643029,0.7553345434748603,0.6918399820854174,-8.995836305684497,
HARN,Industrials,1.9900000095367432,0.17,-0.18549375000000057,189260000.0,fcff,exit,8.0,584500000.0,,,148335000.0,-325003000.0,-2644000.0,fcf_dcf,0.08,0.08,,3.454457996784679,3.64515382920643,3.4544579967846794,3.263762164362929,73.59085327787764,
HENG,Financial Services,0.8799999952316284,0.032,-0.3,3755307992.0,fcff,exit,8.0,3810000000.0,,,284919740.0,2634203000.0,,fcf_dcf,0.08,0.08,,3.923367243044815,3.979559910060282,3.9233672430448157,3.8671745760293486,345.8371891254533,upside>300%
HFT,Consumer Cyclical,4.139999866485596,0.23528100000000002,0.1773756992669746,394767606.0,fcff,exit,8.0,658434300.0,,,346872855.0,-1046522352.0,0.0,fcf_dcf,0.08,0.08,,7.28992573418471,7.685784211350405,7.28992573418471,6.894067257019016,76.08516834018776,
HL,Healthcare,4.5,0.181,0.3,94080622.0,fcff,exit,8.0,250332200.0,,,189768293.0,253031359.0,,fcf_dcf,0.08,0.08,,5.134400600817679,5.704025567685789,5.134400600817679,4.56477563394957,14.097791129281745,
HMPRO,Consumer Cyclical,6.300000190734863,0.47,0.106105931432813,4125725533.0,fcff,exit,8.0,12890000000.0,,,11790768924.0,22253054000.0,1000.0,fcf_dcf,0.08,0.08,,5.124919487135468,5.812258970525256,5.124919487135467,4.437580003745681,-18.65207409560932,
HPT,Consumer Cyclical,0.14000000059604645,0.01,0.0,-53232749.0,fcff,exit,8.0,662079341.0,,,36491072.0,84204857.0,980200.0,fcf_dcf,0.08,0.08,,-0.13711289643825159,-0.09569780099925923,-0.13711289643825159,-0.17852799187724397,-197.93778275321208,
HTC,Consumer Defensive,16.0,1.428,0.3,549674749.0,fcff,exit,8.0,401921000.0,,,1197631502.0,1241668000.0,23000.0,fcf_dcf,0.08,0.08,,20.602435222110856,22.84148935803345,20.602435222110856,18.363381086188262,28.76522013819285,
HTECH,Industrials,4.699999809265137,0.43604400000000004,-0.3,86945257.0,fcff,exit,8.0,321784340.0,,,232363665.0,-93440683.0,29685764.0,fcf_dcf,0.08,0.08,,5.680806602590171,6.223413605370295,5.680806602590171,5.138199599810046,20.868230492085647,
HUMAN,Technology,4.159999847412109,0.36,0.14014938271604893,393044000.0,fcff,exit,8.0,836193576.0,,,563124000.0,-301058000.0,5004000.0,fcf_dcf,0.08,0.08,,6.388648129684558,6.894681656599909,6.388648129684559,5.882614602769209,53.573277981220755,
HYDRO,Industrials,0.03999999910593033,-0.0076380000000000016,0.3,,fcff,exit,8.0,301983601.0,,,42207878.519999996,231503000.0,,fcf_dcf,0.08,0.08,,,,,,,no_intrinsic
HYDROGEN,Real Estate,8.050000190734863,0.704616,-0.06720233895721794,,fcff,exit,8.0,207720000.0,,,189793229.0,829372000.0,,fcf_dcf,0.08,0.08,,,,,,,no_intrinsic
I2,Technology,0.800000011920929,0.0112,0.3,-127492876.0,fcff,exit,8.0,420000000.0,,,69690630.0,726447000.0,6984000.0,fcf_dcf,0.10742499999999999,0.09971125,,-2.0529888024248235,-1.939086469449803,-2.0529888024248235,-2.1668911353998443,-356.62359647911336,
ICC,Consumer Cyclical,23.799999237060547,0.9,0.3,,fcff,exit,8.0,500000000.0,,,679889429.0,-415642000.0,253805000.0,fcf_dcf,0.08,0.08,,,,,,,no_intrinsic
ICHI,Consumer Defensive,13.899999618530273,1.050443,-0.016031739606743978,1533833907.0,fcff,exit,8.0,1300000000.0,,,1937067085.0,-157891000.0,,fcf_dcf,0.08,0.08,,14.064675528964072,15.184328380876357,14.064675528964072,12.94502267705179,1.184718812612533,
ICN,Communication Services,2.240000009536743,0.27,-0.3,-430695930.0,fcff,exit,8.0,672100443.0,,,371485168.0,757663000.0,22434000.0,fcf_dcf,0.08,0.08,,-0.5461066700458193,-0.13078042235075907,-0.5461066700458193,-0.9614329177408791,-124.37976195182073,
IDG,Technology,1.2699999809265137,0.04,0.0,2798584.0,fcff,exit,8.0,100000000.0,,,13528828.0,-7571308.0,,fcf_dcf,0.1,0.09340000000000001,,0.9544982683323421,1.0500779734724273,0.9544982683323421,0.8589185631922568,-24.842654908073385,
IFS,Financial Services,1.8200000524520874,0.262029,-0.3,-74335641.0,fcff,exit,8.0,493499975.0,,,243319609.0,1733388786.0,,fcf_dcf,0.08,0.08,,-1.1850917478818421,-0.8146055304681111,-1.1850917478818421,-1.5555779652955732,-165.11492932569794,
IHL,Consumer Cyclical,1.3799999952316284,0.18,0.3,-100582915.0,fcff,exit,8.0,592805637.0,,,358288473.0,1987936000.0,,fcf_dcf,0.08,0.08,,-0.43722529178794023,0.01692813216028276,-0.4372252917879403,-0.891378715736163,-131.68299226802196,
IIG,Technology,1.3700000047683716,-0.98,-0.3,-21735112.0,fcff,exit,8.0,123376607.0,,,-236989168.0,328924911.0,1845379.0,fcf_dcf,0.08,0.08,,-14.97241100992948,-16.415781278498514,-14.97241100992948,-13.529040741360447,-1192.8767122494203,pe<0
III,Industrials,5.199999809265137,0.5307,-0.2667238710938219,182278713.0,fcff,exit,8.0,768519820.0,,,559875694.0,501497335.0,,fcf_dcf,0.08,0.08,,4.729090450512617,5.276507882260279,4.729090450512617,4.181673018764955,-9.055949538949479,
ILINK,Technology,4.900000095367432,0.54,0.24512128890646756,-166088626.0,fcff,exit,8.0,543632325.0,,,-231983905.0,-539694209.0,21281120.0,fcf_dcf,0.08,0.08,,-2.90268625757716,-3.223338782147381,-2.90268625757716,-2.5820337330069387,-159.23849389965164,
ILM,Consumer Cyclical,14.0,1.5,0.0,1086004143.0,fcff,exit,8.0,505000000.0,,,2080081208.0,4096043000.0,14000.0,fcf_dcf,0.08,0.08,,25.737353556361608,28.83242724804146,25.737353556361608,22.642279864681758,83.8382396882972,
IMH,Healthcare,3.700000047683716,-0.1455,0.3,119065639.42000002,fcff,exit,8.0,237003058.0,,,65387734.3,1029003975.41,69224456.54,fcf_dcf,0.08,0.08,,-0.8523213297684789,-0.6450093395464626,-0.852321329768479,-1.0596333199904953,-123.03571131849178,pe<0
IMPACT,Real Estate,13.699999809265137,0.947641,-0.3,,fcff,exit,8.0,1482500000.0,,,1333083746.0,3838287000.0,,fcf_dcf,0.08,0.08,,,,,,,no_intrinsic
IND,Industrials,0.8700000047683716,0.2,0.3,-88317888.0,fcff,exit,8.0,350000000.0,,,54083190.0,4209000.0,,fcf_dcf,0.08,0.08,,-0.14947640914690732,-0.03336461472945316,-0.14947640914690732,-0.2655882035643615,-117.18119635949932,
INET,Technology,3.819999933242798,0.47000000000000003,-0.3,,fcff,exit,8.0,596740267.0,,,2152768968.0,6745443784.0,6447757.0,fcf_dcf,0.08,0.08,,,,,,,no_intrinsic
INETREIT,Real Estate,13.0,1.078542,-0.07309444946117605,,fcff,exit,8.0,734476000.0,,,758570733.0,1228623000.0,,fcf_dcf,0.08,0.08,,,,,,,no_intrinsic
INGRS,Consumer Cyclical,0.09000000357627869,-0.15,0.0,299767358.0,fcff,exit,8.0,1446942690.0,,,588120021.0,2254281000.0,960858000.0,fcf_dcf,0.08,0.08,,1.0968212635083374,1.40224073082829,1.0968212635083374,0.7914017961883849,1118.690244360642,upside>300%|pe<0
INOX,Basic Materials,3.799999952316284,0.299,-0.3,-160186033.0,fcff,exit,8.0,779570910.0,,,534858631.0,-2293886618.0,,fcf_dcf,0.08,0.08,,6.198515727147902,6.71405940435005,6.198515727147902,5.682972049945756,63.11883697181645,
INSET,Technology,4.539999961853027,0.16,-0.3,-427037040.24,fcff,exit,8.0,803930031.0,,,176103674.16000003,281284465.93000007,,fcf_dcf,0.08,0.08,,-1.2778110300750547,-1.1132101146321816,-1.2778110300750547,-1.4424119455179276,-128.1456176390255,
INSURE,Financial Services,46.5,-1.6599999999999993,-0.3,,fcff,exit,8.0,12000000.0,,,,-250157000.0,,fcf_dcf,0.08,0.08,,,,,,,no_intrinsic
IP,Healthcare,4.900000095367432,0.2318,-0.20438004877305338,121048760.0,fcff,exit,8.0,605344475.0,,,336590457.0,121733000.0,249542000.0,fcf_dcf,0.08,0.08,,3.574205889697909,3.9920182629008347,3.574205889697909,3.156393516494983,-27.057024078896603,
IRC,Consumer Cyclical,13.300000190734863,1.4400000000000002,-0.3,312019447.0,fcff,exit,8.0,192207700.0,,,609720251.0,-1109912000.0,2000.0,fcf_dcf,0.08,0.08,,31.70377108703291,34.087417972426486,31.70377108703291,29.320124201639334,138.37421528097875,
IRCP,Technology,0.3100000023841858,-0.30000000000000004,-0.1799481955472586,-52113001.0,fcff,exit,8.0,623481405.0,,,-148761733.0,116576000.0,14204000.0,fcf_dcf,0.08,0.08,,-1.9972724378390438,-2.176559852621797,-1.997272437839044,-1.817985023056291,-744.2814266058638,pe<0
IROYAL,Industrials,4.659999847412109,0.49000000000000005,-0.3,63513914.25,fcff,exit,8.0,230000000.0,,,143730785.39,-55381884.58,,fcf_dcf,0.1,0.08900000000000001,,4.984124714926514,5.4346129181205685,4.984124714926514,4.533636511732459,6.955469487716927,
IRPC,Energy,3.140000104904175,0.37000000000000005,-0.3,16456046976.0,fcff,exit,8.0,20410590846.0,,,21922547683.0,40025075000.0,85740000.0,fcf_dcf,0.08,0.08,,7.898575004867009,8.70565675649469,7.898575004867009,7.091493253239329,151.54696627336753,
ISSARA,Unknown,5.7,0.53,0.29216024555669384,,fcff,exit,8.0,,,,62229274.0,67334274.0,,fcf_dcf,0.1,0.09120000000000002,,,,,,,no_intrinsic
IT,Technology,6.75,0.79,-0.3,-83159046.0,fcff,exit,8.0,366398859.0,,,875393362.0,2089730000.0,,fcf_dcf,0.08,0.08,,7.699659388670103,9.494935358923929,7.699659388670102,5.904383418416275,14.069027980297818,
ITC,Consumer Defensive,17.299999237060547,1.03,-0.28843324908669576,2247741000.0,fcff,exit,8.0,3000000000.0,,,4064029000.0,-3621304000.0,162000.0,fcf_dcf,0.08,0.08,,12.516709582286708,13.534638905083064,12.516709582286708,11.49878025949035,-27.649074368321013,
ITD,Industrials,0.3499999940395355,0.017600000000000005,0.3,1451916000.0,fcff,exit,8.0,5279868944.0,,,202087000.0,34509109000.0,208231000.0,fcf_dcf,0.08,0.08,,-5.183254005532627,-5.154493447022433,-5.183254005532627,-5.21201456404282,-1580.929741086548,
ITEL,Communication Services,1.5,0.01,0.3,-532712608.0,fcff,exit,8.0,2085148868.0,,,444647568.0,3122721843.0,154151871.0,fcf_dcf,0.08,0.08,,-1.369264636626523,-1.2090283263374726,-1.369264636626523,-1.5295009469155736,-191.28430910843488,
ITNS,Technology,2.4600000381469727,0.17,-0.09631210937500012,-73120000.0,fcff,exit,8.0,209000000.0,,,51306000.0,-19306000.0,,fcf_dcf,0.08,0.08,,0.08960784490797907,0.27406858725248884,0.08960784490797907,-0.09485289743653068,-96.35740473502278,
ITTHI,Consumer Cyclical,1.2100000381469727,0.074,0.3,-69493161.0,fcff,exit,8.0,270200000.0,,,32224462.0,-73065739.0,4743457.0,fcf_dcf,0.08,0.08,,-0.11707961079553178,-0.027464259401332396,-0.11707961079553178,-0.20669496218973116,-109.67600058714302,
IVF,Healthcare,0.7599999904632568,-0.0582,0.3,-19869065.0,fcff,exit,8.0,440000812.0,,,-12895633.0,-394663000.0,0.0,fcf_dcf,0.1,0.09340000000000001,,0.5471281623131116,0.5264222343847175,0.5471281623131116,0.5678340902415058,-28.009451423859833,pe<0
IVL,Basic Materials,26.25,0.15999999999999998,0.3,42170160000.0,fcff,exit,8.0,5614552000.0,,,40078544000.0,227876113000.0,12556344000.0,fcf_dcf,0.08,0.08,,31.82796243484459,37.191840648922735,31.82796243484459,26.464084220766445,21.24938070416987,
J,Real Estate,0.800000011920929,-0.228308,0.08243216000000109,171703175.0,fcff,exit,8.0,1460731278.0,,,-517161661.0,2646464000.0,,fcf_dcf,0.08,0.08,,-3.44328026229456,-3.7093148319071014,-3.44328026229456,-3.177245692682019,-530.4100263732108,pe<0
JAK,Real Estate,1.2200000286102295,0.16999999999999998,-0.3,52623036.0,fcff,exit,8.0,320000000.0,,,97974298.0,161161027.0,,fcf_dcf,0.08,0.08,,2.0317983129624126,2.2618599805555246,2.0317983129624126,1.8017366453693013,66.54084141923735,
JAS,Communication Services,0.8999999761581421,0.016000000000000004,0.3,967665397.0,fcff,exit,8.0,8292074705.0,,,-1085800176.0,1409658000.0,998729000.0,fcf_dcf,0.08,0.08,,-0.5844466356466821,-0.6828406734256254,-0.5844466356466821,-0.48605259786773886,-164.93851679213677,
JCK,Real Estate,0.11999999731779099,-0.136,-0.3,164461536.0,fcff,exit,8.0,3802747351.0,,,277984841.0,5012862000.0,0.0,fcf_dcf,0.08,0.08,,-0.6960238778742839,-0.6410943681627573,-0.6960238778742839,-0.7509533875858104,-680.0199111930252,pe<0
JCT,Consumer Defensive,85.0,9.96,-0.0879243237585412,71463078.0,fcff,exit,8.0,13500000.0,,,165732813.0,-95842000.0,,fcf_dcf,0.08,0.08,,103.26773608279632,112.49253301336422,103.2677360827963,94.04293915222843,21.491454215054492,
JDF,Consumer Defensive,2.0199999809265137,0.162,-0.3,179633620.0,fcff,exit,8.0,600000000.0,,,187369850.0,-100447000.0,,fcf_dcf,0.08,0.08,,3.309838250164887,3.5444936432771836,3.309838250164887,3.07518285705259,63.853380268190065,
JMART,Consumer Cyclical,10.199999809265137,0.388,-0.3,2184196525.0,fcff,exit,8.0,1463972340.0,,,2360439551.0,21075381000.0,14638302000.0,fcf_dcf,0.08,0.08,,-8.397768811428516,-7.186216716139718,-8.397768811428516,-9.609320906717313,-182.33106831826046,
JMT,Financial Services,10.699999809265137,0.66,0.3,2038164761.0,fcff,exit,8.0,1459739581.0,,,1737815958.0,8226820000.0,805085000.0,fcf_dcf,0.08,0.08,,6.869550851249933,7.764112917799776,6.869550851249934,5.974988784700092,-35.79858903079994,
JPARK,Industrials,3.140000104904175,0.2,0.07917059648646729,-125632361.0,fcff,exit,8.0,400000000.0,,,204930593.0,207502719.0,,fcf_dcf,0.08995,0.08146250000000001,,1.2181519145294395,1.6005276633093604,1.2181519145294395,0.8357761657495192,-61.20535433655297,
JR,Industrials,1.8200000524520874,0.017700000000000004,0.3,139915695.0,fcff,exit,8.0,760000000.0,,,86144866.0,-14468000.0,,fcf_dcf,0.08,0.08,,1.4783972309082514,1.5635694355465062,1.4783972309082514,1.3932250262699968,-18.769385258181412,
JSP,Consumer Defensive,1.75,0.111,0.3,-160758641.0,fcff,exit,8.0,474574934.0,,,156405519.0,345186000.0,21357000.0,fcf_dcf,0.08,0.08,,-0.22268609809688233,0.024958785099780164,-0.22268609809688233,-0.47033098129354484,-112.72491989125042,
JTS,Communication Services,24.299999237060547,-0.08499999999999999,0.3,-71893376.0,fcff,exit,8.0,698731100.0,,,447062190.0,615903000.0,-4099000.0,fcf_dcf,0.08,0.08,,2.5357836106894136,3.016556476647164,2.5357836106894136,2.0550107447316637,-89.56467617158594,pe<0
JUBILE,Consumer Cyclical,7.849999904632568,0.52,-0.11416218482336571,267857894.32999998,fcff,exit,8.0,174273125.0,,,255065943.05,167878000.0,,fcf_dcf,0.08,0.08,,14.330081455712865,15.429857200084308,14.330081455712863,13.230305711341417,82.54881057076403,
K,Industrials,0.9700000286102295,-0.103,0.3,72239494.0,fcff,exit,8.0,505208400.0,,,59507663.0,18403416.0,,fcf_dcf,0.08,0.08,,1.2758961002498412,1.3644044846526082,1.2758961002498412,1.1873877158470743,31.535676558472403,pe<0
KAMART,Consumer Defensive,6.849999904632568,0.484715,0.3,493282552.0,fcff,exit,8.0,1273418973.0,,,879798147.0,646521000.0,66032000.0,fcf_dcf,0.08,0.08,,5.2306233019685795,5.749774437263242,5.2306233019685795,4.711472166673915,-23.64053467458919,
KASET,Consumer Defensive,0.6200000047683716,-0.2122,-0.3,-15157339.0,fcff,exit,8.0,302856200.0,,,-24984311.0,302909483.0,,fcf_dcf,0.08,0.08,,-1.7075827744140855,-1.7695715402389594,-1.7075827744140855,-1.6455940085892116,-375.4165744001935,pe<0
KBANK,Financial Services,248.0,22.49,-0.06172762500894646,271904664000.0,fcff,exit,8.0,2369327593.0,,,,75170000.0,90079486000.0,fcf_dcf,0.08,0.08,,,,,,,no_intrinsic
KBS,Consumer Defensive,6.5,1.48,0.3,1435393435.0,fcff,exit,8.0,598333400.0,,,1154474516.0,4495501000.0,,fcf_dcf,0.08,0.08,,14.223257764509578,15.673108140377265,14.223257764509578,12.773407388641889,118.81935022322428,
KC,Real Estate,0.019999999552965164,-0.018000000000000002,0.0,-49162670.49,fcff,exit,8.0,5175487222.0,,,-128200765.57,611827200.3100001,,fcf_dcf,0.08,0.08,,-0.3072643075428869,-0.32587752534863385,-0.3072643075428869,-0.28865108973714,-1636.3215720538979,pe<0
KCAR,Industrials,4.800000190734863,0.7,0.2945382716049383,810151669.99,fcff,exit,8.0,250000000.0,,,1167505629.4499998,2004540900.27,,fcf_dcf,0.08,0.08,,33.74939362295711,37.258536539251175,33.74939362295711,30.24025070666304,603.1123392057656,upside>300%
KCC,Financial Services,2.4800000190734863,0.7300000000000001,-0.3,-74140716.0,fcff,exit,8.0,618334317.0,,,679731453.0,1343906429.0,2444476.0,fcf_dcf,0.08,0.08,,3.92416118342833,4.750191710608858,3.9241611834283305,3.0981306562478026,58.232304566448114,
KCE,Technology,55.0,0.8300000000000001,-0.23155498204617275,1596135049.0,fcff,exit,8.0,1182088596.0,,,2184842685.0,-335417000.0,58587000.0,fcf_dcf,0.10442499999999999,0.09716124999999999,,15.956356001262746,17.239923465686015,15.956356001262746,14.672788536839475,-70.98844363406774,
KCG,Consumer Defensive,10.199999809265137,0.8400000000000001,-0.1757441577389265,975668900.0,fcff,exit,8.0,545000000.0,,,975089460.0,821049000.0,-376.0,fcf_dcf,0.08,0.08,,16.813973388177402,18.15837814723152,16.813973388177402,15.46956862912329,64.84287943715924,
KCM,Industrials,0.28999999165534973,-0.010016,0.0,39139350.0,fcff,exit,8.0,680000000.0,,,22914567.070000004,156693022.32,915.72,fcf_dcf,0.08,0.08,,0.2153702136348526,0.24069144521071373,0.2153702136348526,0.19004898205899146,-25.73440695446324,pe<0
KDH,Healthcare,84.5,8.82,-0.023619217121611746,121995737.0,fcff,exit,8.0,19384226.0,,,246373215.0,-142190000.0,,fcf_dcf,0.08,0.08,,110.33533729966112,119.88585926109954,110.33533729966112,100.78481533822269,30.574363668238014,
KGEN,Industrials,1.590000033378601,-0.071105,-0.3,-187787935.0,fcff,exit,8.0,2225726175.0,,,53207704.0,152011000.0,21602000.0,fcf_dcf,0.08,0.08,,-0.2908408291530262,-0.2728775811047441,-0.29084082915302617,-0.30880407720130826,-118.29187566336188,pe<0
KGI,Financial Services,4.880000114440918,0.6100000000000001,-0.3,133038199.0,fcff,exit,8.0,1991763130.0,,,1888008274.0,3496409030.0,2971590.0,fcf_dcf,0.08,0.08,,4.223545769069881,4.935821727553938,4.223545769069881,3.511269810585825,-13.451932991322154,
KIAT,Industrials,0.3400000035762787,0.0147,0.3,61549292.339999996,fcff,exit,8.0,2926998300.0,,,115821577.83999999,-20660293.549999997,6722119.37,fcf_dcf,0.08,0.08,,0.33149394226214135,0.36122765136431284,0.3314939422621414,0.30176023315996986,-2.5017827131372394,
KISS,Consumer Defensive,3.200000047683716,0.28,-0.2153350654326457,282069269.0,fcff,exit,8.0,585010000.0,,,265832377.0,-310610667.0,0.0,fcf_dcf,0.08,0.08,,5.300102756945726,5.641552402440468,5.300102756945726,4.958653111450985,65.62820868650131,
KJL,Industrials,6.25,0.660666,0.05160243440828727,-41768295.0,fcff,exit,8.0,231997800.0,,,211099521.0,502581189.0,,fcf_dcf,0.08,0.08,,2.542714993648122,3.2264462953709256,2.542714993648122,1.8589836919253186,-59.316560101630046,
KK,Consumer Defensive,0.9300000071525574,0.07,-0.3,25218710.959999997,fcff,exit,8.0,241499962.0,,,84320709.88,81372072.25999999,,fcf_dcf,0.08,0.08,,2.203232345407511,2.465593340082326,2.203232345407511,1.9408713507326956,136.9067019852283,
KKC,Industrials,0.03999999910593033,-0.23,0.0,,fcff,exit,8.0,1500000000.0,,,,4844936459.0,,fcf_dcf,0.08,0.08,,,,,,,no_intrinsic
KKP,Financial Services,119.0,8.639999999999999,-0.3,-12277225000.0,fcff,exit,8.0,860527105.0,,,,49954969000.0,541828000.0,fcf_dcf,0.08,0.08,,,,,,,no_intrinsic
KLINIQ,Consumer Cyclical,29.25,1.8299999999999998,-0.3,473736019.0,fcff,exit,8.0,220000000.0,,,926740184.0,219103679.0,8377881.0,fcf_dcf,0.08,0.08,,33.38831884481742,36.553637193277076,33.38831884481742,30.223000496357763,14.14809861476041,
KOOL,Consumer Cyclical,0.2800000011920929,0.016,-8.881784197001252e-16,290521175.0,fcff,exit,8.0,2250000000.0,,,135177985.0,243384000.0,63919000.0,fcf_dcf,0.08,0.08,,0.7702252480986566,0.8153698192382902,0.7702252480986566,0.7250806769590228,175.0804445783722,
KPNREIT,Real Estate,2.0,0.006766999999999995,-0.3,,fcff,exit,8.0,180000000.0,,,13233332.82,73906000.0,,fcf_dcf,0.08,0.08,,,,,,,no_intrinsic
KSL,Consumer Defensive,1.909999966621399,0.137,-0.3,-178349668.0,fcff,exit,8.0,4410232619.0,,,1597272769.0,24226284000.0,517361000.0,fcf_dcf,0.08,0.08,,-3.60424579917939,-3.3321012300725736,-3.6042457991793904,-3.8763903682862066,-288.70397184115893,
KTB,Financial Services,43.75,3.6100000000000003,-0.065730469166698,92306452000.0,fcff,exit,8.0,13976061250.0,,,,-47677413000.0,22725420000.0,fcf_dcf,0.08,0.08,,,,,,,no_intrinsic
KTBSTMR,Real Estate,6.650000095367432,0.559393,-0.10800387428128055,,fcff,exit,8.0,301500000.0,,,234622647.97,1157665000.0,,fcf_dcf,0.08,0.08,,,,,,,no_intrinsic
KTC,Financial Services,37.5,3.19,-0.18505510645557743,8906675471.0,fcff,exit,8.0,2578334070.0,,,,51504000000.0,-121765000.0,fcf_dcf,0.08,0.08,,,,,,,no_intrinsic
KTIS,Consumer Defensive,1.9199999570846558,0.005281999999999995,-0.3,-713384070.0,fcff,exit,8.0,3860000010.0,,,182323484.0,8703061000.0,3775000.0,fcf_dcf,0.1,0.09120000000000002,,-2.744166169911658,-2.7104580618442653,-2.7441661699116584,-2.7778742779790515,-242.9253245441955,
KTMS,Healthcare,1.309999942779541,0.11679999999999999,0.3,-6295614.0,fcff,exit,8.0,300000000.0,,,101465374.0,25109000.0,2897000.0,fcf_dcf,0.08,0.08,,1.8511114803943294,2.1052547934541006,1.8511114803943292,1.5969681673345577,41.30622604964889,
KUMWEL,Industrials,2.119999885559082,0.19999999999999998,-0.3,21353961.0,fcff,exit,8.0,430000000.0,,,164176584.0,160935000.0,718000.0,fcf_dcf,0.08,0.08,,2.1290913950055943,2.4159876246993504,2.1290913950055943,1.8421951653118378,0.42884480836255684,
KUN,Real Estate,0.5299999713897705,0.043,-0.3,90607856.0,fcff,exit,8.0,819384274.0,,,20152041.0,1783543125.0,1372114.0,fcf_dcf,0.08,0.08,,-1.5632181336918445,-1.5447376431463415,-1.5632181336918445,-1.5816986242373476,-394.94683359939813,
KWC,Real Estate,281.0,16.33,-0.013695077959978263,131382165.0,fcff,exit,8.0,6000000.0,,,163838610.0,-49883000.0,7000.0,fcf_dcf,0.1,0.08460000000000001,,260.41750142636147,280.5046301524002,260.41750142636147,240.33037270032276,-7.324732588483464,
KWM,Industrials,0.8700000047683716,0.049,0.3,177950570.0,fcff,exit,8.0,488545493.0,,,40013095.0,-54426000.0,5606000.0,fcf_dcf,0.08,0.08,,2.1315321902276168,2.193075268556179,2.1315321902276168,2.0699891118990554,145.0036986833253,
KYE,Consumer Cyclical,282.0,30.29,0.3,79250055.0,fcff,exit,8.0,19800000.0,,,871505796.0,-699332000.0,,fcf_dcf,0.08,0.08,,316.8262732522593,349.9003074313498,316.8262732522593,283.75223907316877,12.349742288035207,
LALIN,Real Estate,4.300000190734863,0.43,0.24637471403834565,198261323.07,fcff,exit,8.0,924999441.0,,,585554950.74,6131908338.91,,fcf_dcf,0.08,0.08,,-1.9179510574915288,-1.4422783121976601,-1.9179510574915288,-2.393623802785397,-144.60351098644378,
LANNA,Energy,14.899999618530273,1.626002,-0.3,1805660375.0,fcff,exit,8.0,524999679.0,,,3016066121.0,-1398503000.0,2720583000.0,fcf_dcf,0.08,0.08,,46.55060901361873,50.86742863309675,46.55060901361873,42.233789394140715,212.42020272085384,
LDC,Healthcare,0.23999999463558197,-0.024179000000000003,0.0,-594889.9200000018,fcff,exit,8.0,600000000.0,,,40443151.779999994,209171130.6,,fcf_dcf,0.08,0.08,,0.05238817777657787,0.10303775496114725,0.05238817777657787,0.0017386005920084814,-78.17159210518963,pe<0
LEE,Consumer Defensive,2.4600000381469727,0.267,0.3,119303039.0,fcff,exit,8.0,890990000.0,,,341370289.0,-10413000.0,29315000.0,fcf_dcf,0.08,0.08,,2.8477927110259182,3.1356882738665437,2.847792711025918,2.559897148185292,15.763929547377387,
LEO,Industrials,1.899999976158142,0.07100000000000001,0.3,-36877000.0,fcff,exit,8.0,320000200.0,,,108145000.0,845071000.0,-23396000.0,fcf_dcf,0.08,0.08,,-1.0231719811558675,-0.7692277937542401,-1.0231719811558675,-1.277116168557495,-153.85115757868334,
LH,Real Estate,3.6600000858306885,0.29000000000000004,0.3,3286748470.0,fcff,exit,8.0,11949713176.0,,,6803134259.0,74798837000.0,747594000.0,fcf_dcf,0.1,0.08460000000000001,,-1.8234737982773672,-1.4046759719720971,-1.8234737982773672,-2.2422716245826373,-149.82168730915492,
LHFG,Financial Services,1.2100000381469727,0.14300000000000002,-0.1125577699021807,-7177270000.0,fcff,exit,8.0,21183660594.0,,,,43452160000.0,2000.0,fcf_dcf,0.08,0.08,,,,,,,no_intrinsic
LHHOTEL,Real Estate,14.0,1.341256,0.3,,fcff,exit,8.0,1238919900.0,,,1590983360.0,9664227000.0,,fcf_dcf,0.08,0.08,,,,,,,no_intrinsic
LHK,Basic Materials,3.5399999618530273,0.31,-0.3,142474857.0,fcff,exit,8.0,383000000.0,,,265922129.0,-295657000.0,150519000.0,fcf_dcf,0.08,0.08,,6.124727910187036,6.646448271687976,6.124727910187037,5.603007548686096,73.01491458155334,
LHRREIT,Real Estate,4.360000133514404,0.03358199999999997,0.3,,fcff,exit,8.0,330000000.0,,,136812361.0,69676000.0,,fcf_dcf,0.08,0.08,,,,,,,no_intrinsic
LHSC,Real Estate,15.600000381469727,1.688356,0.2343875472811563,,fcff,exit,8.0,778064700.0,,,1413197077.0,2830448000.0,,fcf_dcf,0.08,0.08,,,,,,,no_intrinsic
LIT,Financial Services,0.7300000190734863,0.019,0.3,-7599481.0,fcff,exit,8.0,442931258.0,,,16587469.0,380677000.0,0.0,fcf_dcf,0.08,0.08,,-0.7068329284277741,-0.6786928129216722,-0.7068329284277741,-0.734973043933876,-196.82642602186286,
LOXLEY,Industrials,1.7200000286102295,0.25,-0.3,474296580.0,fcff,exit,8.0,2264955000.0,,,1162334316.0,540447000.0,348384000.0,fcf_dcf,0.08,0.08,,3.577417003669335,3.9630316877160525,3.577417003669335,3.191802319622619,107.98935721878505,
LPH,Healthcare,3.5999999046325684,0.27,0.06398016214370728,344262995.64,fcff,exit,8.0,720000000.0,,,457935609.6,134336388.53,162939202.72,fcf_dcf,0.08,0.08,,5.431041625929516,5.908960300727016,5.431041625929516,4.953122951132017,50.86227138341637,
LPN,Real Estate,1.559999942779541,0.0337,0.3,2028655659.78,fcff,exit,8.0,1377350168.0,,,389490752.97,8204464368.2699995,19906006.3,fcf_dcf,0.08,0.08,,1.9529164980065228,2.1654047219074264,1.9529164980065223,1.7404282741056196,25.186959592248435,
LRH,Consumer Cyclical,27.0,1.08,0.3,-1082630554.0,fcff,exit,8.0,166682701.0,,,3311307633.0,4950118000.0,114180000.0,fcf_dcf,0.08,0.08,,61.59047751586509,76.51811508653259,61.59047751586509,46.66283994519758,128.11287968838923,
LST,Consumer Defensive,4.659999847412109,0.64,0.10949165905725033,-295906793.0,fcff,exit,8.0,820000000.0,,,1051178924.0,1308006000.0,540686000.0,fcf_dcf,0.08,0.08,,3.9266423220254896,4.889905310653026,3.92664232202549,2.963379333397951,-15.737286467807152,
LTMH,Communication Services,8.300000190734863,0.08,0.3,23512972.0,fcff,exit,8.0,198548300.0,,,52564393.0,13927837.0,0.0,fcf_dcf,0.1,0.09120000000000002,,1.9271229014782911,2.1160544799440886,1.9271229014782911,1.7381913230124941,-76.78165232297822,
LTS,Consumer Cyclical,2.5199999809265137,0.173,0.3,13439659.0,fcff,exit,8.0,238600000.0,,,1723982.0,32618864.0,1912481.0,fcf_dcf,0.08545,0.08,,0.1367413966563632,0.14217070327619513,0.1367413966563632,0.13131209003653124,-94.57375405986757,
M,Consumer Cyclical,21.299999237060547,0.97,0.28666277644399485,1114446586.0,fcff,exit,8.0,903628100.0,,,2798440406.0,2422749000.0,358413000.0,fcf_dcf,0.08,0.08,,20.750529986850594,23.0775944634782,20.750529986850594,18.423465510222982,-2.57966793376177,
M-CHAI,Healthcare,19.200000762939453,1.35,-0.2991585195328911,805540125.0,fcff,exit,8.0,160000000.0,,,1205249940.0,6100826883.0,1042099890.0,fcf_dcf,0.08,0.08,,21.914806175209243,27.57510314539826,21.914806175209247,16.254509205020224,14.13961096038083,
MADAME,Consumer Defensive,0.9200000166893005,0.06699999999999999,0.3,-12739555.0,fcff,exit,8.0,807808841.0,,,-42284358.0,90573000.0,43757000.0,fcf_dcf,0.08,0.08,,-0.5475948156504843,-0.586927466824052,-0.5475948156504843,-0.5082621644769166,-159.52117453443657,
MAGURO,Consumer Cyclical,18.5,1.1300000000000001,-0.16180056674420107,157589430.0,fcff,exit,8.0,126000000.0,,,559139379.0,765464521.0,,fcf_dcf,0.08,0.08,,25.886288642257828,29.220795508498465,25.886288642257828,22.551781776017187,39.92588455274502,
MAJOR,Communication Services,7.0,0.53,-0.19448131920411926,1015962207.0,fcff,exit,8.0,682248302.0,,,2222052850.0,5080432000.0,93395000.0,fcf_dcf,0.08,0.08,,18.288130657744492,20.735468930847286,18.288130657744492,15.840792384641706,161.25900939634988,
MALEE,Consumer Defensive,3.9800000190734863,0.26,0.3,,fcff,exit,8.0,545731275.0,,,474331099.0,1030864000.0,57223000.0,fcf_dcf,0.08,0.08,,,,,,,no_intrinsic
MANRIN,Consumer Cyclical,20.299999237060547,1.23,0.3,77670142.44999999,fcff,exit,8.0,26905580.0,,,100840767.88,55740448.05,,fcf_dcf,0.08,0.08,,32.657666288123814,35.4739465210725,32.657666288123814,29.841386055175132,60.87520943598156,
MASTEC,Industrials,1.690000057220459,0.13227899999999998,-0.3,466095.0,fcff,exit,8.0,300000000.0,,,72585366.0,298048887.0,,fcf_dcf,0.1,0.08900000000000001,,0.40825180781641307,0.5826689941861357,0.40825180781641307,0.23383462144669057,-75.84308911279777,
MASTER,Healthcare,8.649999618530273,0.7200000000000001,-0.18549375000000012,207145616.0,fcff,exit,8.0,301711736.0,,,449862936.0,419914000.0,,fcf_dcf,0.0937,0.08804500000000001,,10.084894032724227,11.164473412216346,10.084894032724227,9.005314653232107,16.58837546212236,
MATCH,Communication Services,0.800000011920929,-0.08,0.0,19181054.0,fcff,exit,8.0,781628733.0,,,35482904.0,76325000.0,0.0,fcf_dcf,0.08,0.08,,0.27894574276818485,0.31305723526850787,0.27894574276818485,0.24483425026786174,-65.13178267355381,pe<0
MATI,Communication Services,3.0199999809265137,-0.302763,-0.3,-131849848.9,fcff,exit,8.0,185349200.0,,,-45567719.370000005,-69737000.0,,fcf_dcf,0.08,0.08,,-4.107749803571196,-4.292484579654397,-4.107749803571196,-3.923015027487997,-236.01820627531822,pe<0
MBAX,Consumer Cyclical,2.0999999046325684,0.28,-0.3,129766147.0,fcff,exit,8.0,198777585.0,,,172697082.0,746798000.0,,fcf_dcf,0.08,0.08,,4.224424272198505,4.877253621723864,4.224424272198505,3.571594922673145,101.16306971631226,
MBK,Industrials,22.0,2.9099999999999997,-0.18839621927579808,5462797650.0,fcff,exit,8.0,1397598626.0,,,7755048431.0,28828958000.0,1687675000.0,fcf_dcf,0.08,0.08,,28.038671444590218,32.20817290922413,28.038671444590218,23.869169979956308,27.44850656631917,
MC,Consumer Cyclical,11.300000190734863,0.980595,0.3,820523489.0,fcff,exit,8.0,792000000.0,,,1338862368.0,821667947.0,752269.0,fcf_dcf,0.1,0.08900000000000001,,12.98539897904536,14.204029955439124,12.985398979045362,11.766768002651595,14.915033273117952,
MCA,Communication Services,1.2599999904632568,0.06999999999999999,0.3,11174160.0,fcff,exit,8.0,230000000.0,,,25341718.0,-67686000.0,5003000.0,fcf_dcf,0.08,0.08,,1.1401809170150505,1.222973284035785,1.1401809170150505,1.0573885499943165,-9.509450345642712,
MCOT,Communication Services,5.5,-0.32,-0.16979287616966,906205726.0,fcff,exit,8.0,687099210.0,,,-117041211.0,-75752000.0,-23053000.0,fcf_dcf,0.08,0.08,,4.6932750591632,4.565277573425283,4.6932750591632,4.821272544901118,-14.667726197032719,pe<0
MCS,Basic Materials,7.75,1.51,0.3,484244631.0,fcff,exit,8.0,477000000.0,,,951308223.0,144893000.0,167552000.0,fcf_dcf,0.08,0.08,,15.62381957060417,17.122416895755105,15.623819570604168,14.125222245453237,101.59767187876348,
MDX,Real Estate,3.5199999809265137,0.894,-0.17421768776973923,-174938585.46,fcff,exit,8.0,475593142.0,,,656520771.6,-3556603108.56,3251608199.86,fcf_dcf,0.08,0.08,,7.385098342007233,8.422375869626721,7.385098342007233,6.347820814387746,109.80393130750447,
MEB,Technology,11.100000381469727,1.32,0.20194424875181016,346221224.0,fcff,exit,8.0,300000000.0,,,516979784.0,-1365536764.0,89367286.0,fcf_dcf,0.08,0.08,,19.490018396549004,20.784912900073778,19.490018396549004,18.195123893024235,75.58574528596884,
MEDEZE,Healthcare,6.449999809265137,0.15000000000000002,0.3,24651401.0,fcff,exit,8.0,1068000000.0,,,210411279.0,-1074440000.0,,fcf_dcf,0.1,0.09340000000000001,,2.213683045991674,2.3528715203594563,2.213683045991674,2.0744945716238914,-65.67933160537746,
MEGA,Healthcare,35.75,2.3,-0.24346929250290728,2208728000.0,fcff,exit,8.0,871869508.0,,,3142489000.0,-2957032000.0,44000.0,fcf_dcf,0.08,0.08,,35.76385004151187,38.47219736448272,35.76385004151187,33.055502718541035,0.0387413748583853,
MENA,Industrials,0.8100000023841858,0.09000000000000001,-0.3,40052506.0,fcff,exit,8.0,734000000.0,,,142842052.0,214827034.0,,fcf_dcf,0.08,0.08,,1.1077707251797984,1.2540026181234667,1.1077707251797984,0.9615388322361298,36.7618175208818,
META,Utilities,0.019999999552965164,-0.02,0.0,-21610275.409999996,fcff,exit,8.0,3069491060.0,,,-627319821.2,561186870.59,34675310.0,fcf_dcf,0.1,0.08460000000000001,,-1.4262362165369176,-1.5765765452552274,-1.4262362165369176,-1.2758958878186077,-7231.181242078909,pe<0
METCO,Technology,298.0,47.519999999999996,0.09741277170751017,1348959288.0,fcff,exit,8.0,20898000.0,,,1774789287.0,-3253612000.0,,fcf_dcf,0.08,0.08,,938.9909336703564,1002.8061366704782,938.9909336703564,875.1757306702348,215.09762874844176,
MFC,Financial Services,23.5,3.37,-0.3,304851430.0,fcff,exit,8.0,125615708.0,,,520616021.0,-82284876.0,66.0,fcf_dcf,0.08,0.08,,35.82478534815772,38.93905102627028,35.82478534815771,32.71051967004515,52.44589509854348,
MFEC,Technology,6.25,0.596167,-0.3,849914391.0,fcff,exit,8.0,441453555.0,,,487148396.0,-210880000.0,32238000.0,fcf_dcf,0.08,0.08,,15.174184790271223,16.003382969469474,15.174184790271221,14.344986611072974,142.78695664433957,
MGC,Consumer Cyclical,7.349999904632568,0.883,-0.3,4936265448.0,fcff,exit,8.0,1113800000.0,,,3824337085.0,5820129288.0,4634571.0,fcf_dcf,0.08,0.08,,34.13964044623741,36.719707735683585,34.13964044623741,31.55957315679123,364.4849100572073,upside>300%
MGI,Unknown,5.0,0.25,0.3,26493580.0,fcff,exit,8.0,210110187.0,,,108574508.0,328411000.0,6487000.0,fcf_dcf,0.1,0.09120000000000002,,1.8735536041754595,2.2423272127279796,1.8735536041754595,1.5047799956229393,-62.528927916490815,
MGT,Basic Materials,2.1600000858306885,0.27999999999999997,-0.3,93222872.0,fcff,exit,8.0,400000000.0,,,202818811.0,150785000.0,138187000.0,fcf_dcf,0.08,0.08,,3.3104791246651075,3.6914838153272416,3.310479124665107,2.9294744340029735,53.26291634807829,
MICRO,Financial Services,1.4700000286102295,0.065,-0.3,861540912.0,fcff,exit,8.0,935000000.0,,,119874625.0,472408244.0,284882695.0,fcf_dcf,0.08,0.08,,3.8546371161519666,3.950975139683127,3.8546371161519666,3.758299092620806,162.22020687960296,
MIDA,Financial Services,0.4399999976158142,-0.129,-0.3,,fcff,exit,8.0,2504098232.0,,,-82891476.0,5068649000.0,1285633000.0,fcf_dcf,0.08,0.08,,,,,,,no_intrinsic
MII,Real Estate,5.900000095367432,0.787482,-0.0623181353645359,,fcff,exit,8.0,172000000.0,,,142581734.48000002,115856000.0,,fcf_dcf,0.1,0.08460000000000001,,,,,,,no_intrinsic
MILL,Basic Materials,0.009999999776482582,-0.07,0.0,,fcff,exit,8.0,9470894572.0,,,-472088506.0,11442971000.0,317334000.0,fcf_dcf,0.08,0.08,,,,,,,no_intrinsic
MINT,Consumer Cyclical,22.299999237060547,1.4123,-0.3,20671392517.0,fcff,exit,8.0,5624574578.0,,,45136904503.0,191698070000.0,8081895000.0,fcf_dcf,0.08,0.08,,28.252557527344607,34.28265279588797,28.25255752734461,22.22246225880124,26.693087416754057,
MIPF,Real Estate,9.199999809265137,0.5453100000000001,-4.440892098500626e-16,,fcff,exit,8.0,190000000.0,,,136649034.68,-24998000.0,,fcf_dcf,0.08,0.08,,,,,,,no_intrinsic
MITSIB,Consumer Cyclical,0.6299999952316284,0.05199999999999999,-4.440892098500626e-16,302882652.0,fcff,exit,8.0,1372638829.0,,,134572998.0,664338000.0,2000.0,fcf_dcf,0.08,0.08,,1.0378339177377685,1.111502740370726,1.0378339177377685,0.9641650951048111,64.73554374491609,
MJD,Real Estate,0.3199999928474426,-0.8200000000000001,-0.3,722653089.0,fcff,exit,8.0,860411939.0,,,-830770030.0,9074171000.0,-2831000.0,fcf_dcf,0.08,0.08,,-12.7979919140613,-13.523523750965138,-12.7979919140613,-12.072460077157459,-4099.372562537099,pe<0
MK,Real Estate,0.5,-0.48,0.3,-49435000.0,fcff,exit,8.0,1424207839.0,,,105081000.0,10688232000.0,47611000.0,fcf_dcf,0.08,0.08,,-7.2412679749336615,-7.185826738577049,-7.2412679749336615,-7.296709211290275,-1548.2535949867322,pe<0
ML,Financial Services,0.4300000071525574,-0.015,0.3,,fcff,exit,8.0,3194393157.0,,,55024177.0,1176524000.0,0.0,fcf_dcf,0.08,0.08,,,,,,,no_intrinsic
MMM,Unknown,2.740000009536743,0.3,0.0,-97726334.0,fcff,exit,8.0,,,,182033517.0,-120887000.0,,fcf_dcf,0.1,0.09120000000000002,,,,,,,no_intrinsic
MNIT,Real Estate,1.9500000476837158,0.159224,0.10381289062499954,,fcff,exit,8.0,138000000.0,,,18844061.78,-5067000.0,,fcf_dcf,0.1,0.08460000000000001,,,,,,,no_intrinsic
MODERN,Consumer Cyclical,1.9900000095367432,0.038,-0.3,177143812.0,fcff,exit,8.0,675000000.0,,,186219216.0,-348448000.0,11175000.0,fcf_dcf,0.08,0.08,,3.267096972643356,3.4743986434560714,3.2670969726433565,3.0597953018306416,64.17572648172556,
MONO,Communication Services,0.5699999928474426,-0.041499999999999995,0.0,114892227.0,fcff,exit,8.0,3471054038.0,,,287568164.0,1347870000.0,,fcf_dcf,0.08,0.08,,0.2495852306742196,0.3118384064129718,0.24958523067421956,0.18733205493546742,-56.21311687612255,pe<0
MOONG,Consumer Defensive,2.299999952316284,0.162,-4.440892098500626e-16,3417447.0,fcff,exit,8.0,332390566.0,,,77933088.0,-235415000.0,,fcf_dcf,0.08,0.08,,2.1611318722852,2.3373113334157964,2.1611318722852,1.984952411154604,-6.037742735221915,
MORE,Utilities,0.07999999821186066,0.003,0.0,,fcff,exit,8.0,7176748441.0,,,48462451.0,-38948000.0,-119008000.0,fcf_dcf,0.08,0.08,,,,,,,no_intrinsic
MOSHI,Consumer Cyclical,39.0,1.8999999999999997,-0.16578222103055495,809333381.0,fcff,exit,8.0,329999954.0,,,1430004474.0,1753651076.0,,fcf_dcf,0.08,0.08,,31.099255436014012,34.355414396231005,31.09925543601401,27.843096475797015,-20.258319394835866,
MOTHER,Consumer Cyclical,1.1200000047683716,0.068,0.3,2409569.0,fcff,exit,8.0,286000000.0,,,65602895.0,118556515.0,,fcf_dcf,0.1,0.08900000000000001,,0.9430732449677751,1.108428663829899,0.9430732449677751,0.7777178261056511,-15.797032057797795,
MPJ,Industrials,4.440000057220459,0.684,-0.3,-73339168.0,fcff,exit,8.0,200000000.0,,,243990865.0,624219663.0,4992244.0,fcf_dcf,0.1,0.08900000000000001,,2.376395962351735,3.2558335649646675,2.376395962351735,1.496958359738803,-46.47756910527131,
MRDIYT,Consumer Cyclical,9.199999809265137,0.435515,-0.3,2441139000.0,fcff,exit,8.0,6017097000.0,,,6450664000.0,6098416000.0,7000.0,fcf_dcf,0.1,0.08900000000000001,,6.84303609238447,7.615857010012219,6.84303609238447,6.070215174756722,-25.619171366797367,
MSC,Technology,5.800000190734863,0.36,0.0,89368196.0,fcff,exit,8.0,360000000.0,,,320582437.0,544096000.0,620000.0,fcf_dcf,0.08,0.08,,4.889101982006709,5.5582455482308815,4.889101982006709,4.219958415782535,-15.705141013327156,
MST,Financial Services,7.550000190734863,0.569,-0.29067762240340433,3909765627.0,fcff,exit,8.0,570814500.0,,,846833813.0,3853373018.0,,fcf_dcf,0.08,0.08,,31.112456214646553,32.22722622106706,31.112456214646553,29.997686208226032,312.0855023663024,upside>300%
MTC,Financial Services,30.25,3.3500000000000005,-0.18171390136576615,2243488890.0,fcff,exit,8.0,2120000000.0,,,,141079998000.0,,fcf_dcf,0.08,0.08,,,,,,,no_intrinsic
MTI,Financial Services,19.799999237060547,2.32,-0.3,,fcff,exit,8.0,590000000.0,,,,-398164124.0,,fcf_dcf,0.08,0.08,,,,,,,no_intrinsic
MTW,Consumer Cyclical,1.0800000429153442,-0.011700000000000002,-0.3,-46864942.85,fcff,exit,8.0,879259621.0,,,21037138.22,283726559.65999997,83630390.92,fcf_dcf,0.08,0.08,,-0.49921653736066995,-0.48123811360495033,-0.49921653736066995,-0.5171949611163896,-146.2237516225544,pe<0
MUD,Consumer Cyclical,0.699999988079071,-0.526,0.3,201532314.0,fcff,exit,8.0,1053386750.0,,,-323916545.0,2054787000.0,0.0,fcf_dcf,0.08,0.08,,-2.9906505415510507,-3.221711920874379,-2.9906505415510507,-2.7595891622277224,-527.2357989259324,pe<0
MVP,Communication Services,0.05999999865889549,-0.33999999999999997,0.0,,fcff,exit,8.0,337259284.0,,,-138105172.0,50339000.0,1039000.0,fcf_dcf,0.1,0.09120000000000002,,,,,,,no_intrinsic
NAM,Healthcare,3.259999990463257,0.1011,0.3,3440768.299999982,fcff,exit,8.0,700000000.0,,,220264125.69,-214687112.58999997,97275735.67,fcf_dcf,0.08,0.08,,2.080052236100619,2.316495971017675,2.080052236100619,1.8436085011835626,-36.19471649737531,
NAT,Technology,1.7999999523162842,-0.011,0.3,-208357685.0,fcff,exit,8.0,322600000.0,,,8130283.0,-259448660.0,462.0,fcf_dcf,0.08,0.08,,-1.7736277891818004,-1.7546902571182434,-1.7736277891818004,-1.7925653212453572,-198.5348797870496,pe<0
NATION,Communication Services,0.029999999329447746,-0.006279,-0.3,-66371054.0,fcff,exit,8.0,17693787256.0,,,86159989.0,279062000.0,-2000.0,fcf_dcf,0.08,0.08,,-0.002351004533168741,0.0013080334271910047,-0.002351004533168742,-0.006010042493528486,-107.83668195239262,pe<0
NC,Consumer Cyclical,1.7999999523162842,0.019999999999999997,0.3,-32833237.0,fcff,exit,8.0,152499896.0,,,20514965.0,141319387.0,,fcf_dcf,0.08,0.08,,-1.0278436236831883,-0.9267594153313046,-1.0278436236831883,-1.1289278320350722,-157.10242505065258,
NCAP,Financial Services,3.380000114440918,0.5,-0.3,44849999.0,fcff,exit,8.0,1350000052.0,,,862068761.0,5209981553.0,115.0,fcf_dcf,0.08,0.08,,0.11981237884764934,0.5996454794959961,0.11981237884764917,-0.36002072180069705,-96.45525518369791,
NCH,Real Estate,0.4300000071525574,-0.0727,-0.3,455638212.46999997,fcff,exit,8.0,1245283691.0,,,-76017970.47999999,986775000.0,-31521000.0,fcf_dcf,0.08,0.08,,0.4121531344718673,0.3662829959445165,0.4121531344718673,0.4580232729992181,-4.150435438099487,pe<0
NCL,Industrials,0.05999999865889549,-0.06,0.3,-61369779.0,fcff,exit,8.0,719233993.0,,,-62538576.0,278485000.0,783000.0,fcf_dcf,0.08,0.08,,-1.271562003088194,-1.336899104597899,-1.2715620030881942,-1.2062249015784892,-2219.270052516367,pe<0
NCP,Industrials,1.0399999618530273,0.09999999999999999,0.3,-39559427.0,fcff,exit,8.0,180000000.0,,,25669275.0,-47753000.0,,fcf_dcf,0.08,0.08,,0.19381464966316503,0.30097229920021096,0.19381464966316506,0.08665700012611913,-81.36397531036114,
NDR,Consumer Cyclical,1.9600000381469727,0.08825,-0.3,65854953.0,fcff,exit,8.0,456891630.0,,,122750425.0,-175148776.0,2539521.0,fcf_dcf,0.083275,0.08,,2.6019303979364268,2.803809741425017,2.6019303979364268,2.4000510544478355,32.751548331414796,
NEO,Consumer Defensive,24.200000762939453,1.49,0.23141450475242897,-1562094598.0,fcff,exit,8.0,300000000.0,,,1324883522.0,3866316000.0,34193000.0,fcf_dcf,0.08,0.08,,-8.45797754513412,-5.139502735201629,-8.457977545134122,-11.776452355066608,-134.95031933257994,
NEP,Consumer Cyclical,0.2199999988079071,0.02,-0.3,,fcff,exit,8.0,2325380588.0,,,54541813.0,-9090000.0,,fcf_dcf,0.08,0.08,,,,,,,no_intrinsic
NER,Basic Materials,4.78000020980835,1.0422,0.3,1530103989.0,fcff,exit,8.0,1847815475.0,,,2471179954.0,10892490000.0,,fcf_dcf,0.08,0.08,,5.643785830236255,6.648697417226902,5.643785830236254,4.638874243245609,18.070828086062747,
NETBAY,Technology,12.399999618530273,1.08,0.3,141646107.0,fcff,exit,8.0,200000000.0,,,276479589.0,-83946000.0,,fcf_dcf,0.08,0.08,,11.722705934172497,12.761465798328675,11.722705934172497,10.683946070016319,-5.462046009627648,
NEW,Healthcare,92.75,4.68,-0.22949126835099232,52209954.25,fcff,exit,8.0,10000000.0,,,101280504.08,-25465068.099999998,,fcf_dcf,0.08,0.08,,85.49306858519951,93.1034765028567,85.49306858519951,77.88266066754232,-7.824184813801067,
NEX,Industrials,0.9700000286102295,0.010000000000000002,1.7763568394002505e-15,-68617519.0,fcff,exit,8.0,6197667839.0,,,-1199068217.0,-120040000.0,219750000.0,fcf_dcf,0.08,0.08,,-1.225896448913944,-1.3712741095909464,-1.2258964489139437,-1.0805187882369411,-226.38107348000295,
NFC,Basic Materials,1.2300000190734863,0.22789999999999996,-0.3,251670162.0,fcff,exit,8.0,1087833099.0,,,937355965.0,5223727000.0,0.0,fcf_dcf,0.08,0.08,,1.3555170359117668,2.002994057141687,1.3555170359117663,0.7080400146818474,10.204635357065097,
NKI,Financial Services,18.100000381469727,1.0363889999999998,-0.3,,fcff,exit,8.0,49999507.0,,,,-175334958.0,,fcf_dcf,0.08,0.08,,,,,,,no_intrinsic
NKT,Healthcare,3.700000047683716,0.22999999999999998,0.3,-567327240.0,fcff,exit,8.0,535000000.0,,,339599386.0,160194000.0,50.0,fcf_dcf,0.1,0.09340000000000001,,-1.0370090503346814,-0.5885543034504588,-1.0370090503346814,-1.485463797218904,-128.02727126946587,
NL,Industrials,0.6200000047683716,-0.12,0.3,27864185.410000008,fcff,exit,8.0,500000000.0,,,-15399573.559999999,-141814944.6,11.72,fcf_dcf,0.08,0.08,,0.33398677924872694,0.3108437197598058,0.33398677924872694,0.35712983873764814,-46.131165051603105,pe<0
NNCL,Utilities,1.7300000190734863,0.27,-0.3,571994159.0,fcff,exit,8.0,2048254862.0,,,853596935.0,-361893000.0,0.0,fcf_dcf,0.08,0.08,,3.8619911051374647,4.17514003647248,3.861991105137465,3.548842173802449,123.23647760453676,
NOBLE,Real Estate,1.440000057220459,0.18999999999999997,0.3,1902045000.0,fcff,exit,8.0,1369413691.0,,,992933023.0,11891344000.0,-271000.0,fcf_dcf,0.08,0.08,,1.5449012812840515,2.089739256871252,1.5449012812840515,1.0000633056968513,7.284806937166147,
NOVA,Energy,5.25,-0.2999999999999999,0.3,328550479.0,fcff,exit,8.0,117231224.0,,,412866976.0,2468849168.0,2676.0,fcf_dcf,0.08,0.08,,11.954589412077938,14.600949441098559,11.95458941207794,9.308229383057316,127.70646499196073,pe<0
NPK,Consumer Cyclical,12.899999618530273,2.06,0.3,34919413.0,fcff,exit,8.0,10000000.0,,,22135587.0,-56975414.0,9579615.0,fcf_dcf,0.08,0.08,,32.80258139041489,34.46589110729509,32.80258139041489,31.139271673534687,154.2835841893782,
NRF,Consumer Defensive,0.23000000417232513,-0.14,-0.3,-100805953.0,fcff,exit,8.0,1503827271.0,,,-77015853.0,1938899000.0,-111209000.0,fcf_dcf,0.08,0.08,,-1.8064927968178837,-1.844975383386481,-1.8064927968178834,-1.7680102102492863,-885.4316365422269,pe<0
NSL,Consumer Defensive,22.100000381469727,2.01,0.1214483539422877,-113358534.0,fcff,exit,8.0,300000000.0,,,904504826.0,405723486.0,23637217.0,fcf_dcf,0.08,0.08,,15.09631843329673,17.361858332239915,15.096318433296728,12.830778534353545,-31.69086799675081,
NTF,Consumer Defensive,13.100000381469727,2.328844,-0.3,-246575932.0,fcff,exit,8.0,200000000.0,,,453688481.0,333640401.0,15.0,fcf_dcf,0.1,0.09120000000000002,,6.224899419901741,7.843750239205434,6.224899419901741,4.606048600598049,-52.481685201269045,
NTSC,Basic Materials,7.199999809265137,0.99,-0.1711098810643331,37698414.0,fcff,exit,8.0,133333016.0,,,179338909.0,-146121000.0,7000.0,fcf_dcf,0.08,0.08,,10.376215034263371,11.386907205768429,10.376215034263371,9.365522862758313,44.1141015158223,
NTV,Healthcare,19.0,1.33,0.3,202897885.0,fcff,exit,8.0,160000000.0,,,469495200.0,-1061686000.0,,fcf_dcf,0.08,0.08,,29.633802292971836,31.83872441732248,29.633802292971836,27.428880168621195,55.96738048932546,
NUT,Consumer Defensive,4.840000152587891,0.5,0.3,63547902.70999999,fcff,exit,8.0,117769500.0,,,109579030.1,-281354783.04,,fcf_dcf,0.1,0.09120000000000002,,9.914708419163821,10.578717002198584,9.914708419163821,9.250699836129062,104.84934104521761,
NV,Consumer Defensive,0.5299999713897705,-0.1,0.3,-78500716.0,fcff,exit,8.0,575984100.0,,,-5930885.0,-16673000.0,437000.0,fcf_dcf,0.08,0.08,,-0.609654346236864,-0.617391675693755,-0.609654346236864,-0.6019170167799731,-215.02912814093614,pe<0
NVD,Real Estate,0.7799999713897705,0.011996999999999997,-4.440892098500626e-16,,fcff,exit,8.0,1851901547.0,,,393578019.0,8366674295.0,122256.0,fcf_dcf,0.08,0.08,,,,,,,no_intrinsic
NWR,Industrials,0.03999999910593033,-0.2799,0.3,17285740.0,fcff,exit,8.0,2585481515.0,,,-998258586.0,5459815000.0,359288000.0,fcf_dcf,0.08,0.08,,-4.543423716947598,-4.833547744979061,-4.543423716947598,-4.253299688916134,-11458.559546252585,pe<0
NYT,Industrials,3.9000000953674316,0.35000000000000003,-0.17346432272600865,1190581967.0,fcff,exit,8.0,1240000000.0,,,1474688763.0,2536400000.0,-204793000.0,fcf_dcf,0.08,0.08,,9.32622622800438,10.219862456892407,9.32622622800438,8.432589999116352,139.13399999867758,
OCC,Consumer Defensive,9.399999618530273,-0.013799999999999993,0.3,-34536000.0,fcff,exit,8.0,60000000.0,,,25708000.0,-32803000.0,,fcf_dcf,0.08,0.08,,0.6899637423298164,1.0119216691857607,0.6899637423298165,0.3680058154738719,-92.65995989010801,pe<0
OGC,Consumer Cyclical,8.399999618530273,-5.659999999999999,0.3,66409000.0,fcff,exit,8.0,21330715.0,,,149278000.0,1473040000.0,,fcf_dcf,0.08,0.08,,-13.83175110210513,-8.573122780490156,-13.83175110210513,-19.090379423720112,-264.66371107437305,pe<0
OHTL,Consumer Cyclical,264.0,11.659999999999998,0.3,403171917.0,fcff,exit,8.0,15097800.0,,,845783486.0,1506516491.0,,fcf_dcf,0.08,0.08,,349.8218749755837,391.9165939631842,349.8218749755836,307.72715598798317,32.50828597559988,
OKJ,Consumer Defensive,3.180000066757202,-0.019999999999999997,0.3,-172379220.0,fcff,exit,8.0,609000000.0,,,198999312.0,128856332.0,,fcf_dcf,0.1,0.09120000000000002,,0.4927656289213832,0.7259574717685315,0.49276562892138315,0.2595737860742349,-84.50422583091705,pe<0
ONEE,Communication Services,2.9200000762939453,0.176,-0.3,1400483369.0,fcff,exit,8.0,2381250000.0,,,2038698297.0,-1424052000.0,-672000.0,fcf_dcf,0.08,0.08,,8.23026927941253,8.873593716242747,8.23026927941253,7.586944842582312,181.85852960176499,
ONSENS,Consumer Cyclical,0.9900000095367432,0.04,0.0,45323000.0,fcff,exit,8.0,300000000.0,,,80962000.0,373825000.0,,fcf_dcf,0.1,0.08900000000000001,,0.9336478806415334,1.128193489778029,0.9336478806415335,0.7391022715050376,-5.692134177006624,
OR,Energy,12.600000381469727,0.46,0.3,-21175568176.0,fcff,exit,8.0,12000000000.0,,,15371290161.0,10823489075.0,66451770.0,fcf_dcf,0.08,0.08,,-0.6644272848511991,0.29809580394153723,-0.6644272848511988,-1.6269503736439361,-105.27323225980487,
ORI,Real Estate,1.7699999809265137,0.30879999999999996,0.3,1690659404.0,fcff,exit,8.0,2454122453.0,,,1892860391.0,30925363000.0,1591363000.0,fcf_dcf,0.08,0.08,,-5.702060652363535,-5.122492602327301,-5.702060652363535,-6.281628702399769,-422.1503228140584,
ORN,Real Estate,0.800000011920929,0.1309,-0.3,-34337700.0,fcff,exit,8.0,1500000000.0,,,363765048.0,1718105485.0,2247464.0,fcf_dcf,0.08,0.08,,0.21417290267728012,0.3963995102962828,0.21417290267728012,0.031946295058277445,-73.2283875642681,
OSP,Consumer Defensive,16.5,1.33,0.058379050395668264,6984761111.0,fcff,exit,8.0,3003750000.0,,,5977934365.0,-4459563000.0,383532000.0,fcf_dcf,0.08,0.08,,23.147149788364977,24.642591327452713,23.147149788364977,21.65170824927724,40.285756293121075,
PACO,Consumer Cyclical,1.4500000476837158,0.112,0.3,198382189.0,fcff,exit,8.0,1000000122.0,,,156833939.0,-9456000.0,,fcf_dcf,0.08,0.08,,1.7905788569979615,1.9084268195796474,1.7905788569979617,1.6727308944162755,23.488192973393275,
PAF,Consumer Cyclical,0.9200000166893005,0.081,-4.440892098500626e-16,101959377.0,fcff,exit,8.0,540000000.0,,,82395604.0,36372000.0,40712000.0,fcf_dcf,0.08,0.08,,1.5723943220804208,1.6870491543240949,1.5723943220804208,1.4577394898367466,70.91242321264488,
PANEL,Industrials,1.149999976158142,0.066,0.3,-56605552.0,fcff,exit,8.0,190000000.0,,,17572215.0,-9529451.0,,fcf_dcf,0.08,0.08,,-0.6528739622518451,-0.5833787335087925,-0.6528739622518451,-0.7223691909948979,-156.7716500684575,
PAP,Basic Materials,3.180000066757202,0.7100000000000001,-0.3,851341844.0,fcff,exit,8.0,660000000.0,,,582333537.0,1181262000.0,,fcf_dcf,0.08,0.08,,8.96517777657989,9.628172310687452,8.96517777657989,8.302183242472328,181.92382353381868,
PATO,Basic Materials,6.150000095367432,0.49,0.10204855468873242,62374783.0,fcff,exit,8.0,142372000.0,,,84926478.0,-11435220.0,,fcf_dcf,0.08,0.08,,5.517562400718418,5.965792079475485,5.517562400718419,5.069332721961352,-10.283539590924647,
PB,Consumer Defensive,48.0,2.56,0.23515039780905855,533302382.0,fcff,exit,8.0,450000000.0,,,1851756657.0,-548879000.0,200.0,fcf_dcf,0.08,0.08,,30.964687222852604,34.056786877068745,30.964687222852604,27.87258756863646,-35.49023495239041,
PCC,Industrials,3.2799999713897705,0.405,0.08597385736159313,549911281.0,fcff,exit,8.0,1226619100.0,,,661364698.0,197775000.0,137980000.0,fcf_dcf,0.1,0.08900000000000001,,4.685537428991896,5.074217923638809,4.685537428991896,4.296856934344982,42.85175212994239,
PCE,Consumer Defensive,2.319999933242798,0.163,-0.3,-821122897.0,fcff,exit,8.0,2750000000.0,,,666700319.0,1976243000.0,0.0,fcf_dcf,0.1,0.09120000000000002,,-0.5594567862935828,-0.3864444617032079,-0.5594567862935828,-0.7324691108839574,-124.1145173444724,
PCSGH,Consumer Cyclical,2.9000000953674316,0.295,0.3,791071180.0,fcff,exit,8.0,1450000000.0,,,715707566.0,54292000.0,,fcf_dcf,0.08,0.08,,5.2352060875878195,5.606099984860329,5.235206087587819,4.86431219031531,80.52434191125487,
PDG,Consumer Cyclical,3.180000066757202,0.263976,0.12293988936914024,85608422.0,fcff,exit,8.0,296999929.0,,,132134467.0,-259043000.0,,fcf_dcf,0.08,0.08,,4.764716683157803,5.099020898733887,4.764716683157803,4.43041246758172,49.83385481550043,
PDJ,Consumer Cyclical,1.399999976158142,-0.3851,-0.3,204335591.0,fcff,exit,8.0,592928784.0,,,-84131960.0,712419000.0,12463000.0,fcf_dcf,0.08,0.08,,-0.6191824547285967,-0.7258029152860269,-0.6191824547285966,-0.5125619941711664,-144.2273189480865,pe<0
PEACE,Real Estate,1.4700000286102295,0.03599999999999999,-0.3,173498204.0,fcff,exit,8.0,503997673.0,,,86176334.0,1370147000.0,,fcf_dcf,0.08,0.08,,-0.23596993315443343,-0.1074881471418633,-0.23596993315443326,-0.36445171916700414,-116.05237609264026,
PEER,Industrials,0.09000000357627869,-0.23099999999999998,-0.3,-34822000.0,fcff,exit,8.0,1054926479.0,,,-224729000.0,17477000.0,0.0,fcf_dcf,0.08,0.08,,-1.4366455417902266,-1.596718881962135,-1.4366455417902266,-1.276572201618318,-1696.2727607811826,pe<0
PERM,Basic Materials,0.25999999046325684,-0.12000000000000001,-0.3,20568812.0,fcff,exit,8.0,766658697.0,,,116655617.0,3081882000.0,6248000.0,fcf_dcf,0.08,0.08,,-2.99996707088924,-2.885630366592739,-2.99996707088924,-3.114303775185739,-1253.8335311259154,pe<0
PF,Real Estate,0.03999999910593033,-0.195,0.3,83098000.0,fcff,exit,8.0,10011080604.0,,,1770145570000.0,24481794000.0,479201000.0,fcf_dcf,0.08,0.08,,1060.4605510461188,1193.3254023500365,1060.4605510461188,927.5956997422008,2651051.436873149,upside>300%|pe<0
PG,Consumer Cyclical,6.449999809265137,0.07999999999999999,0.3,-29689609.0,fcff,exit,8.0,96000000.0,,,57333934.0,6720000.0,,fcf_dcf,0.08,0.08,,2.2132257456825712,2.6619944784003913,2.2132257456825712,1.7644570129647517,-65.68642153286002,
PHAT,Consumer Defensive,1.649999976158142,0.11,0.0,,fcff,exit,8.0,471431600.0,,,,,,fcf_dcf,0.1,0.09120000000000002,,,,,,,no_intrinsic
PHG,Healthcare,10.199999809265137,0.8600000000000001,0.3,199667897.0,fcff,exit,8.0,300000000.0,,,396659979.0,-505859000.0,0.0,fcf_dcf,0.08,0.08,,12.446979221331826,13.440505162716317,12.446979221331826,11.453453279947336,22.029210334157586,
PHOL,Industrials,3.2799999713897705,0.36000000000000004,-0.20862617646399684,76787291.30999999,fcff,exit,8.0,202500232.0,,,106161829.66,16352000.0,121000.0,fcf_dcf,0.08,0.08,,4.672571668832269,5.066507016004364,4.672571668832269,4.278636321660175,42.45645456065206,
PICO,Communication Services,4.199999809265137,-0.18000000000000002,0.3,12341611.0,fcff,exit,8.0,215294559.0,,,34842182.0,-194765643.0,3222972.0,fcf_dcf,0.08,0.08,,2.104769450694099,2.2263752739046785,2.104769450694099,1.9831636274835194,-49.88643937433023,pe<0
PIMO,Industrials,1.2999999523162842,0.13,-0.3,121388082.0,fcff,exit,8.0,724395181.0,,,162251331.0,-108214983.0,,fcf_dcf,0.08,0.08,,2.203957331734621,2.3722614709457694,2.203957331734621,2.035653192523473,69.53518558271516,
PIN,Real Estate,4.239999771118164,0.44999999999999996,-0.15065344000000047,-22888531.0,fcff,exit,8.0,1160000000.0,,,834300387.0,2797732000.0,1000.0,fcf_dcf,0.08,0.08,,1.8282888560972625,2.368727676242404,1.8282888560972625,1.2878500359521203,-56.879977481340525,
PIS,Technology,5.800000190734863,0.6000000000000001,-0.07864892402186907,-525809188.0,fcff,exit,8.0,540000000.0,,,488021795.0,1602199669.0,-1.0,fcf_dcf,0.1,0.09340000000000001,,-1.8307271410616464,-1.192241743530522,-1.8307271410616464,-2.469212538592771,-131.56426001478619,
PJW,Consumer Cyclical,2.0199999809265137,0.223,0.3,123762199.5,fcff,exit,8.0,579134229.0,,,477544505.01,1538578000.0,11756000.0,fcf_dcf,0.08,0.08,,3.182954115881051,3.8025616634644046,3.182954115881051,2.5633465682976975,57.57198742255062,
PK,Industrials,0.5,-0.209244,0.3,55008156.0,fcff,exit,8.0,520756281.0,,,23369293.0,541786000.0,20190000.0,fcf_dcf,0.08,0.08,,-0.36300500221430876,-0.3292845695581947,-0.36300500221430876,-0.3967254348704229,-172.60100044286176,pe<0
PL,Industrials,1.3600000143051147,0.12000000000000001,0.3,860873381.0,fcff,exit,8.0,596509825.0,,,1495871743.0,8051211000.0,,fcf_dcf,0.08,0.08,,7.676229027792613,9.56056716780623,7.676229027792614,5.791890887778993,464.42859904782756,upside>300%
PLANB,Communication Services,6.199999809265137,0.22999999999999998,-0.20438004877305294,3490762556.0,fcff,exit,8.0,4600279515.0,,,4610059978.0,3025027000.0,967151000.0,fcf_dcf,0.08,0.08,,8.362981395329978,9.115997798513618,8.362981395329976,7.609964992146337,34.88680084848602,
PLANET,Technology,0.5,-0.18000000000000002,0.3,54356831.0,fcff,exit,8.0,659289102.0,,,-4408429.0,267528000.0,1230000.0,fcf_dcf,0.1195,0.109975,,-0.12051487557278587,-0.12489657745523719,-0.12051487557278587,-0.11613317369033456,-124.10297511455717,pe<0
PLAT,Real Estate,1.3899999856948853,0.17,-0.3,745213169.0,fcff,exit,8.0,2851376147.0,,,1512794280.0,2844564000.0,,fcf_dcf,0.08,0.08,,3.2961467432251554,3.6948111314738097,3.296146743225156,2.8974823549765025,137.13286166527217,
PLE,Industrials,0.07000000029802322,-0.11600000000000002,0.3,61339866.13999998,fcff,exit,8.0,2200795276.0,,,73675900.47,5816966923.18,-9646203.09,fcf_dcf,0.08,0.08,,-2.3197133342472025,-2.2945581276366585,-2.3197133342472025,-2.3448685408577474,-3413.8761776729743,pe<0
PLT,Energy,0.5299999713897705,0.07,-0.22752380371093783,210056308.43,fcff,exit,8.0,960000000.0,,,313621887.63,558113462.4200001,480.75,fcf_dcf,0.08,0.08,,2.3071353205147744,2.5526159412310947,2.3071353205147744,2.0616546997984537,335.3085745391616,upside>300%
PLUS,Consumer Defensive,1.1699999570846558,-0.04800000000000001,-0.3,-319311154.0,fcff,exit,8.0,670000000.0,,,70217592.0,435011957.0,,fcf_dcf,0.08,0.08,,-2.0332535789671624,-1.954503098778163,-2.0332535789671624,-2.1120040591561615,-273.78236355097965,pe<0
PM,Consumer Defensive,10.899999618530273,0.96,0.3,356616736.0,fcff,exit,8.0,558120000.0,,,745578712.0,412504000.0,-40513000.0,fcf_dcf,0.08,0.08,,10.06407862000355,11.067880478038253,10.06407862000355,9.060276761968844,-7.669000254877417,
PMC,Consumer Cyclical,0.9399999976158142,0.162381,-0.09631210937500012,77793000.0,fcff,exit,8.0,415655478.0,,,126078000.0,118711000.0,0.0,fcf_dcf,0.1,0.08900000000000001,,2.2359133047196367,2.4545722567928485,2.2359133047196367,2.0172543526464253,137.86311812667398,
PMTA,Basic Materials,8.449999809265137,1.03,0.3,-468147849.0,fcff,exit,8.0,101200000.0,,,216086181.0,328154000.0,,fcf_dcf,0.08,0.08,,-9.955737687189862,-8.351278911719598,-9.955737687189862,-11.560196462660125,-217.819383572929,
POLY,Industrials,7.349999904632568,0.6,-0.07567456077270873,276799802.0,fcff,exit,8.0,450000000.0,,,422252458.0,-165591288.0,,fcf_dcf,0.08,0.08,,8.608047936535293,9.313133388469875,8.608047936535293,7.902962484600711,17.11629997586531,
PORT,Industrials,0.7699999809265137,0.025,1.7763568394002505e-15,250745175.0,fcff,exit,8.0,607202667.0,,,318694195.0,1364162167.0,0.0,fcf_dcf,0.08,0.08,,2.653544597578491,3.047931572861799,2.653544597578491,2.2591576222951817,244.61619004010555,
POWER,Energy,0.4000000059604645,-0.0358,-0.3,167882497.0,fcff,exit,8.0,3464679949.0,,,-2894537610.0,446004000.0,-564000.0,fcf_dcf,0.08,0.08,,-4.945931466184071,-5.573697993954901,-4.945931466184071,-4.318164938413243,-1336.4828481209875,pe<0
PPM,Industrials,1.9800000190734863,0.2511,-0.3,-37120590.280000016,fcff,exit,8.0,422000713.0,,,278627885.33,619403000.0,-136000.0,fcf_dcf,0.08,0.08,,2.1298442628766,2.625971962958402,2.1298442628766,1.6337165627947978,7.567891028265299,
PPP,Industrials,0.7599999904632568,-0.44,0.3,83396012.0,fcff,exit,8.0,300000000.0,,,-102217973.0,154847000.0,150156000.0,fcf_dcf,0.08,0.08,,-1.8901652535567983,-2.1461936235155417,-1.8901652535567983,-1.6341368835980552,-348.70595753621666,pe<0
PPPM,Consumer Defensive,0.30000001192092896,-0.133,0.3,-16207279.0,fcff,exit,8.0,933150915.0,,,-184986736.0,122961059.0,0.0,fcf_dcf,0.08,0.08,,-1.396849321729936,-1.5458097062387768,-1.396849321729936,-1.2478889372210948,-565.6164220747111,pe<0
PPS,Industrials,0.1599999964237213,-0.021779,-0.3,24079946.0,fcff,exit,8.0,859855142.0,,,31926230.0,158388348.0,2598649.0,fcf_dcf,0.08,0.08,,0.15431869537218484,0.18221870972411294,0.15431869537218484,0.12641868102025677,-3.5508132365771536,pe<0
PQS,Consumer Defensive,1.409999966621399,-0.18,0.3,91599058.0,fcff,exit,8.0,670000000.0,,,76933074.0,298677089.0,4870721.0,fcf_dcf,0.08,0.08,,0.814941012976471,0.9012230449765974,0.814941012976471,0.7286589809763447,-42.20276366890922,pe<0
PR9,Healthcare,19.399999618530273,0.97,0.06720393510224398,273884889.0,fcff,exit,8.0,786300000.0,,,1325339799.0,-1002848000.0,,fcf_dcf,0.08,0.08,,12.879734159741686,14.146280386519118,12.879734159741686,11.613187932964257,-33.60961642783041,
PRAKIT,Communication Services,10.300000190734863,-0.8300000000000001,0.3,92205232.0,fcff,exit,8.0,60450262.0,,,75544782.0,-103426387.0,2099300.0,fcf_dcf,0.08,0.08,,15.63436538841404,16.573414629787727,15.634365388414038,14.695316147040346,51.78995241648234,pe<0
PRAPAT,Basic Materials,0.8500000238418579,0.08,-0.3,6200057.0,fcff,exit,8.0,427854836.0,,,202035351.0,502269000.0,20823000.0,fcf_dcf,0.08,0.08,,1.677237211612042,2.0320612240681117,1.677237211612042,1.3224131991559722,97.32201936080077,
PREB,Industrials,3.4000000953674316,0.424,-0.19261507340419448,420071075.37,fcff,exit,8.0,308676462.0,,,413185285.1100001,622020905.59,767.13,fcf_dcf,0.08,0.08,,11.78240087495374,12.788228163494646,11.782400874953742,10.776573586412836,246.5411924843031,
PRECHA,Real Estate,0.4300000071525574,-0.16,0.3,-19218877.71,fcff,exit,8.0,336000000.0,,,-85145882.28999999,190404000.0,,fcf_dcf,0.08,0.08,,-2.33173341478079,-2.522150737226337,-2.33173341478079,-2.141316092335243,-642.2635758128085,pe<0
PRG,Consumer Defensive,11.399999618530273,1.2570000000000001,-0.3,-42795587.0,fcff,exit,8.0,764497914.0,,,735671495.0,326755000.0,,fcf_dcf,0.08,0.08,,5.120714281801611,5.843799869544062,5.12071428180161,4.397628694059159,-55.081452165330944,
PRI,Real Estate,3.5399999618530273,0.556,0.3,-239166937.0,fcff,exit,8.0,320000000.0,,,272559286.0,-106059000.0,32969000.0,fcf_dcf,0.08,0.08,,2.1901524032019086,2.8301717259751924,2.1901524032019086,1.5501330804286249,-38.13128737844775,
PRIME,Utilities,0.05000000074505806,0.010000000000000005,-0.3,196052000.0,fcff,exit,8.0,4254485515.0,,,469674000.0,2978011000.0,184832000.0,fcf_dcf,0.08,0.08,,0.11494323071638077,0.19789612651092675,0.11494323071638077,0.03199033492183479,129.88645800718638,
PRIN,Real Estate,1.3600000143051147,0.05,-0.3,555603202.0,fcff,exit,8.0,1220011755.0,,,238187640.0,5261407895.0,-97231.0,fcf_dcf,0.08,0.08,,-1.2143890698784559,-1.0676866466512922,-1.2143890698784559,-1.3610914931056197,-189.2933130224224,
PRINC,Healthcare,1.7100000381469727,-0.125,0.1309823989868173,-764359822.0,fcff,exit,8.0,3808570502.0,,,496387676.0,5051467765.0,981960773.0,fcf_dcf,0.08,0.08,,-1.6487972964709232,-1.5508615872863714,-1.6487972964709232,-1.746733005655475,-196.4208923794896,pe<0
PRM,Energy,10.100000381469727,0.98,0.06347268935137218,1419980000.0,fcff,exit,8.0,2167327500.0,,,4482839000.0,6137374000.0,442132000.0,fcf_dcf,0.08,0.08,,12.1666320241046,13.720845540037379,12.1666320241046,10.612418508171825,20.461698659204835,
PROEN,Communication Services,0.8700000047683716,0.0,0.3,-57044692.0,fcff,exit,8.0,392568069.0,,,2815571.0,30806380.0,450.0,fcf_dcf,0.08,0.08,,-0.6494299196166544,-0.644040604311153,-0.6494299196166545,-0.6548192349221561,-174.64711678818418,
PROS,Industrials,0.15000000596046448,-0.089,0.3,45006125.0,fcff,exit,8.0,600000000.0,,,-162102847.0,105471000.0,-5610000.0,fcf_dcf,0.08,0.08,,-1.4735460015668103,-1.6765578910858951,-1.4735460015668103,-1.2705341120477252,-1082.3639620089034,pe<0
PROSPECT,Real Estate,9.199999809265137,0.9302250000000001,-0.3,,fcff,exit,8.0,668898591.0,,,940724608.0,3941547000.0,,fcf_dcf,0.08,0.08,,,,,,,no_intrinsic
PROUD,Real Estate,1.1799999475479126,0.247,-0.3,1820020021.0,fcff,exit,8.0,974014010.0,,,497278205.0,2014562000.0,,fcf_dcf,0.08,0.08,,8.897138262133234,9.280771566713131,8.897138262133234,8.513504957553335,653.9948014931565,upside>300%
PRTR,Industrials,3.299999952316284,0.37,0.13695457029616787,82184008.0,fcff,exit,8.0,600000000.0,,,284694315.0,-260897843.0,4594056.0,fcf_dcf,0.08,0.08,,3.8583348294304582,4.214875950657598,3.858334829430458,3.5017937082033175,16.91923894490594,
PSGC,Industrials,5.949999809265137,0.31195,-0.3,-1204982753.0,fcff,exit,8.0,2225768430.0,,,1282252364.0,868925000.0,435955000.0,fcf_dcf,0.08,0.08,,0.5890444674707995,1.0219325319165138,0.5890444674707996,0.1561564030250848,-90.10009266632984,
PSH,Real Estate,3.759999990463257,0.17,-0.3,4448163343.0,fcff,exit,8.0,2189000000.0,,,1409923170.0,9463109000.0,1651797000.0,fcf_dcf,0.08,0.08,,7.3814708742656645,7.865455724368082,7.3814708742656645,6.897486024163247,96.31571523903698,
PSL,Industrials,10.300000190734863,0.3053,-0.3,-4384470531.0,fcff,exit,8.0,1484704462.0,,,3320361648.0,11864250000.0,46000.0,fcf_dcf,0.08357500000000001,0.08,,-7.026773811147527,-5.34631660827683,-7.026773811147528,-8.707231014018225,-168.2211036992825,
PSP,Basic Materials,7.699999809265137,0.9100000000000001,-0.3,628176910.0,fcff,exit,8.0,1400000000.0,,,1656462765.0,2130419236.0,36564.0,fcf_dcf,0.08,0.08,,7.4869449334615865,8.376014457789976,7.486944933461587,6.597875409133197,-2.766946507546517,
PT,Technology,11.300000190734863,0.8357,0.03901983672282472,382846046.0,fcff,exit,8.0,283888942.0,,,362787592.0,47375000.0,,fcf_dcf,0.08,0.08,,13.214075044391999,14.174328834664927,13.214075044391999,12.253821254119071,16.938715233177877,
PTC,Energy,0.5899999737739563,0.005,0.3,,fcff,exit,8.0,410000000.0,,,28835625.97,-50583740.800000004,1924366.43,fcf_dcf,0.08,0.08,,,,,,,no_intrinsic
PTG,Consumer Cyclical,8.449999809265137,0.227022,0.3,588454353.0,fcff,exit,8.0,1670000000.0,,,6635463042.0,27929118000.0,1110749000.0,fcf_dcf,0.08,0.08,,7.98500956483163,10.970645469400901,7.98500956483163,4.999373660262362,-5.502843253601741,
PTL,Basic Materials,14.300000190734863,0.30600000000000005,-0.3,438411614.0,fcff,exit,8.0,900000000.0,,,2090780492.0,1579799000.0,351872000.0,fcf_dcf,0.08,0.08,,13.877131767513681,15.622744942958864,13.87713176751368,12.131518592068499,-2.9571218012651728,
PTT,Energy,42.25,4.21,-0.3,83603190860.0,fcff,exit,8.0,28324335850.0,,,468054089686.0,662412256878.0,586076886578.0,fcf_dcf,0.08,0.08,,67.73133855929292,80.14838742900449,67.73133855929292,55.31428968958136,60.31086049536787,
PTTEP,Energy,153.0,17.41,-0.3,29668684000.0,fcff,exit,8.0,3969985400.0,,,231232372000.0,61724829000.0,255904000.0,fcf_dcf,0.08,0.08,,366.10070322823213,409.8672020652364,366.10070322823213,322.33420439122784,139.2815053779295,
PTTGC,Basic Materials,47.0,1.4299999999999997,0.3,55288316814.0,fcff,exit,8.0,4508849117.0,,,41052163856.0,122163520501.0,4908058310.0,fcf_dcf,0.08,0.08,,78.36792534475563,85.20944269423856,78.36792534475563,71.52640799527272,66.74026669096943,
PYLON,Industrials,3.8399999141693115,0.370989,-0.3,239348109.0,fcff,exit,8.0,749873396.0,,,418226978.0,60642017.0,0.0,fcf_dcf,0.08,0.08,,4.62067778988666,5.039766710127731,4.62067778988666,4.201588869645589,20.33015346788695,
Q-CON,Industrials,6.0,0.44,0.3,,fcff,exit,8.0,400000000.0,,,359409951.0,-376769000.0,,fcf_dcf,0.08,0.08,,,,,,,no_intrinsic
QDC,Consumer Cyclical,0.05999999865889549,-0.448039,-0.3,,fcff,exit,8.0,371901758.0,,,-5110490.0,561764000.0,,fcf_dcf,0.08,0.08,,,,,,,no_intrinsic
QH,Real Estate,1.409999966621399,0.15324200000000002,-0.10118045057972269,4346771141.0,fcff,exit,8.0,10606634445.0,,,2513775237.0,6371836000.0,,fcf_dcf,0.08,0.08,,2.5557853041596648,2.7338717734826687,2.5557853041596648,2.377698834836661,81.26137338029613,
QHBREIT,Real Estate,3.640000104904175,-0.08323199999999999,0.3,,fcff,exit,8.0,797000000.0,,,655141837.0,410789000.0,,fcf_dcf,0.08,0.08,,,,,,,no_intrinsic
QHHRREIT,Real Estate,8.449999809265137,1.639687,0.14180327094150114,,fcff,exit,8.0,405000000.0,,,335558374.0,2271586000.0,,fcf_dcf,0.1,0.08460000000000001,,,,,,,no_intrinsic
QHOP,Real Estate,3.259999990463257,0.35385300000000003,-0.3,,fcff,exit,8.0,191300000.0,,,83601304.0,-2112000.0,,fcf_dcf,0.1,0.08460000000000001,,,,,,,no_intrinsic
QLT,Industrials,1.9900000095367432,-0.077,0.3,10123704.91,fcff,exit,8.0,98568485.0,,,21551889.68,-49370910.04,4552.72,fcf_dcf,0.08,0.08,,2.249237006499023,2.4135339012321353,2.249237006499023,2.0849401117659108,13.026984709544209,pe<0
QTC,Industrials,5.0,0.10743899999999998,-0.3,-334525499.0,fcff,exit,8.0,341092557.0,,,208040615.0,268565000.0,7135000.0,fcf_dcf,0.08,0.08,,-1.2863353113473956,-0.8280267526414525,-1.2863353113473956,-1.7446438700533395,-125.7267062269479,
QTCG,Industrials,0.15000000596046448,-0.041954,0.3,-49919751.0,fcff,exit,8.0,2851688500.0,,,-35665989.0,127533000.0,574000.0,fcf_dcf,0.08,0.08,,-0.19408242886325539,-0.20348040349568988,-0.1940824288632554,-0.1846844542308209,-229.3882807674086,pe<0
RABBIT,Industrials,0.3400000035762787,0.0385,-0.3,-1017670359.0,fcff,exit,8.0,7484282875.0,,,3771388600.0,14287005000.0,767222000.0,fcf_dcf,0.08,0.08,,0.44310994570671264,0.8217557698942566,0.44310994570671247,0.06446412151916918,30.3264532487869,
RAM,Healthcare,17.600000381469727,0.94,0.0329190684396472,1122690720.0,fcff,exit,8.0,1200000000.0,,,6339646973.0,14970318000.0,17850469000.0,fcf_dcf,0.08,0.08,,8.36117535878549,12.330950519096756,8.36117535878549,4.391400198474223,-52.493322854761935,
RATCH,Utilities,38.0,3.1500000000000004,0.12987427179600375,12158931843.0,fcff,exit,8.0,2174999985.0,,,15291937556.0,101509343000.0,13711600000.0,fcf_dcf,0.08,0.08,,12.913305878150902,18.19636339637362,12.913305878150902,7.630248359928184,-66.01761611012921,
RBF,Consumer Defensive,5.150000095367432,0.22000000000000003,-0.3,362715590.0,fcff,exit,8.0,581590838.0,,,823434802.0,-476571415.0,165266449.0,fcf_dcf,0.08,0.08,,11.681842919566403,12.74572561102834,11.681842919566403,10.617960228104463,126.83189715034268,
RCL,Industrials,41.25,9.61,0.09945478894675097,4446721825.0,fcff,exit,8.0,828750000.0,,,12925806651.0,7049050000.0,-2315000.0,fcf_dcf,0.08,0.08,,107.92896986714983,119.64866178422969,107.92896986714983,96.20927795006999,161.64598755672685,
READY,Technology,3.0199999809265137,0.22000000000000003,0.3,26809853.0,fcff,exit,8.0,119999977.0,,,77797410.0,-130461394.0,,fcf_dcf,0.08,0.08,,5.928535512779885,6.415689271126165,5.928535512779885,5.441381754433606,96.30912417956554,
RICHY,Real Estate,0.1599999964237213,-0.11499999999999999,0.3,452493890.0,fcff,exit,8.0,1628322777.0,,,168430020.0,3048060185.0,,fcf_dcf,0.08,0.08,,-0.07577338442882423,0.0019516787546821643,-0.07577338442882428,-0.15349844761233045,-147.35836632655713,pe<0
RJH,Healthcare,15.100000381469727,1.18,-0.3,308695504.03000003,fcff,exit,8.0,293478500.0,,,592940670.61,1359648913.23,287496540.35,fcf_dcf,0.08,0.08,,10.977768191943843,12.495926396289011,10.977768191943843,9.45960998759868,-27.299550234346782,
RML,Real Estate,0.09000000357627869,-0.15049999999999997,0.3,-70644297.0,fcff,exit,8.0,5795220780.0,,,-434510336.0,3168296000.0,6790000.0,fcf_dcf,0.08,0.08,,-1.050109143488967,-1.1064485421533985,-1.050109143488967,-0.9937697448245354,-1266.787890845978,pe<0
ROCK,Consumer Cyclical,10.600000381469727,1.4348109999999998,-0.3,37190357.0,fcff,exit,8.0,20000000.0,,,103286727.0,155809475.0,0.0,fcf_dcf,0.08,0.08,,31.112262084602683,34.99284172868109,31.112262084602683,27.231682440524274,193.5118958956949,
ROCTEC,Technology,0.6100000143051147,0.06,-4.440892098500626e-16,665058028.0,fcff,exit,8.0,8117976744.0,,,818429214.0,-1335659000.0,294220000.0,fcf_dcf,0.1,0.09340000000000001,,1.0322452148806043,1.1034712601519567,1.0322452148806043,0.961019169609252,69.22052306121546,
ROH,Consumer Cyclical,1.2100000381469727,-0.28,0.3,329428124.0,fcff,exit,8.0,938917233.0,,,-746780570.0,4749296000.0,,fcf_dcf,0.08,0.08,,-8.356788059342712,-8.954439238841225,-8.356788059342712,-7.7591368798442,-790.6436194944694,pe<0
ROJNA,Utilities,5.800000190734863,1.617,-0.3,1044097365.0,fcff,exit,8.0,2020461863.0,,,6786416947.0,13798057000.0,2872506000.0,fcf_dcf,0.08,0.08,,14.124097022995514,16.647995970374833,14.124097022995514,11.600198075616191,143.51890618138037,
RP,Industrials,0.6100000143051147,-0.07,0.0,98469861.99000001,fcff,exit,8.0,200811609.0,,,131777208.57,438396000.0,,fcf_dcf,0.08,0.08,,3.833866042478003,4.326964414965211,3.8338660424780024,3.3407676699907967,528.502615175407,upside>300%|pe<0
RPC,Consumer Cyclical,0.41999998688697815,0.0211,0.3,205309144.0,fcff,exit,8.0,1304664125.0,,,326279735.0,1504746000.0,1537359000.0,fcf_dcf,0.08,0.08,,-0.16334574587358092,0.024574452293203573,-0.16334574587358106,-0.35126594404036493,-138.8918454698755,
RPH,Healthcare,4.900000095367432,0.29000000000000004,0.3,50653310.0,fcff,exit,8.0,530398500.0,,,281613756.0,-179509000.0,,fcf_dcf,0.08,0.08,,3.9337269134525243,4.332690867266964,3.933726913452525,3.534762959638084,-19.71986047160373,
RS,Communication Services,0.12999999523162842,-0.38589999999999997,-0.18212628678733989,-118433395.0,fcff,exit,8.0,2182218261.0,,,140954290.0,3987152000.0,45052000.0,fcf_dcf,0.08,0.08,,-1.688815306155078,-1.6402795059668112,-1.6888153061550777,-1.7373511063433444,-1399.0887446926588,pe<0
RSP,Consumer Cyclical,1.059999942779541,0.052000000000000005,-0.3,217237537.0,fcff,exit,8.0,743000000.0,,,231355343.0,2531000.0,-9566000.0,fcf_dcf,0.08,0.08,,3.1168409213255917,3.350817723638573,3.1168409213255917,2.8828641190126105,194.04161222429735,
RT,Industrials,0.2800000011920929,0.06269999999999999,0.3,651935766.0,fcff,exit,8.0,1477355692.0,,,498465985.0,2318802000.0,-178000.0,fcf_dcf,0.08,0.08,,2.32363268280571,2.5771645408848465,2.3236326828057097,2.070100824726574,729.8688117546081,upside>300%
RWI,Basic Materials,0.1899999976158142,-0.1,-0.3,,fcff,exit,8.0,915277061.0,,,-42784414.940000005,-44337462.25,,fcf_dcf,0.08,0.08,,,,,,,no_intrinsic
S,Consumer Cyclical,0.5299999713897705,-0.004999999999999999,0.0,1209699042.0,fcff,exit,8.0,6853719395.0,,,1242490323.0,34537169000.0,5304683000.0,fcf_dcf,0.08,0.08,,-3.9775139179549077,-3.841291439775893,-3.9775139179549073,-4.113736396133923,-850.4743646542162,pe<0
S11,Financial Services,4.5,0.6900000000000001,-0.3,352004476.0,fcff,exit,8.0,613000000.0,,,667807441.0,2448097319.0,182883.0,fcf_dcf,0.08,0.08,,4.981522208713665,5.8001243205349455,4.981522208713665,4.1629200968923845,10.700493526970334,
SA,Real Estate,7.0,0.013125000000000001,0.3,462548000.0,fcff,exit,8.0,1198907004.0,,,607227000.0,14612214000.0,839579000.0,fcf_dcf,0.08,0.08,,-8.213202774910048,-7.832621288481122,-8.213202774910048,-8.593784261338973,-217.33146821300068,
SAAM,Utilities,4.639999866485596,-0.22139999999999999,0.3,17155595.0,fcff,exit,8.0,317000000.0,,,-29584254.0,-23096000.0,-360000.0,fcf_dcf,0.08,0.08,,-0.25832128416804034,-0.3284479904978012,-0.25832128416804034,-0.18819457783827956,-105.56726921554196,pe<0
SABINA,Consumer Cyclical,15.5,1.16,0.01376916061125888,642190099.7499999,fcff,exit,8.0,347500000.0,,,588210568.39,-50837526.83,7223434.76,fcf_dcf,0.08,0.08,,18.11042364673588,19.38234452339002,18.11042364673588,16.838502770081742,16.84144288216698,
SAF,Basic Materials,0.4099999964237213,-0.006,0.0,7762792.590000003,fcff,exit,8.0,300000000.0,,,8651326.86,60605868.35999999,,fcf_dcf,0.08,0.08,,0.0806830639604908,0.10235229735397723,0.0806830639604908,0.059013830567004356,-80.32120374042454,pe<0
SAFE,Healthcare,5.349999904632568,0.43,0.07615720747928689,163898719.0,fcff,exit,8.0,303947800.0,,,206749286.0,-290825288.0,9226500.0,fcf_dcf,0.08,0.08,,7.29420488258988,7.805329849577988,7.29420488258988,6.783079915601772,36.34028060960942,
SAK,Financial Services,3.180000066757202,0.43000000000000005,-0.03652580172352171,1142420768.0,fcff,exit,8.0,2096000000.0,,,1283888972.0,8506512110.0,3302665.0,fcf_dcf,0.08,0.08,,1.9254889554280998,2.3857648932413618,1.9254889554280998,1.465213017614838,-39.450034119288155,
SALEE,Basic Materials,0.5899999737739563,0.0313,-0.3,82664495.0,fcff,exit,8.0,1520484068.0,,,198160369.0,-94278000.0,384597000.0,fcf_dcf,0.08,0.08,,0.8222530683936766,0.920183351453929,0.8222530683936766,0.7243227853334241,39.364933041285575,
SAM,Basic Materials,0.10000000149011612,-0.1,0.0,41420759.39999999,fcff,exit,8.0,1045125095.0,,,-83811387.26999998,1295746634.73,,fcf_dcf,0.08,0.08,,-1.5543853481847947,-1.6146436425643964,-1.5543853481847947,-1.4941270538051934,-1654.3853250226484,pe<0
SAMART,Technology,5.900000095367432,0.526,-0.3,2064059010.0,fcff,exit,8.0,997205298.0,,,2295809410.0,1708122000.0,1646599000.0,fcf_dcf,0.08,0.08,,19.22238043883706,20.95232958137559,19.22238043883706,17.492431296298527,225.80305301910263,
SAMCO,Real Estate,0.8100000023841858,0.16899999999999998,-0.3,92006214.0,fcff,exit,8.0,641800446.0,,,269869363.0,1405608000.0,243950000.0,fcf_dcf,0.08,0.08,,0.5633037299467497,0.8792663094733798,0.5633037299467496,0.24734115042012011,-30.456329840901308,
SAMTEL,Communication Services,2.9600000381469727,0.06999999999999999,0.3,922554759.0,fcff,exit,8.0,618000071.0,,,693874250.0,65501000.0,769000.0,fcf_dcf,0.08,0.08,,12.950576004619668,13.794249347824474,12.95057600461967,12.106902661414864,337.5194539770014,upside>300%
SANKO,Consumer Cyclical,1.2599999904632568,0.204252,-0.2192510400000005,37777419.0,fcff,exit,8.0,316662232.0,,,121675978.0,85992435.0,,fcf_dcf,0.08,0.08,,2.54241678154663,2.83114594893409,2.54241678154663,2.253687614159169,101.7791111737925,
SAPPE,Consumer Defensive,33.75,2.61,0.29066675798791786,729575704.0,fcff,exit,8.0,302791262.0,,,1127731165.0,-535718000.0,139145000.0,fcf_dcf,0.08,0.08,,33.88096355592599,36.67958608362132,33.88096355592599,31.082341028230665,0.38804016570662936,
SAT,Consumer Cyclical,16.0,1.6784080000000001,-0.009400639842914948,928731229.0,fcff,exit,8.0,425193894.0,,,1322418173.0,-1041385000.0,-22816000.0,fcf_dcf,0.08,0.08,,30.42947481190404,32.76650257102563,30.42947481190404,28.092447052782443,90.18421757440025,
SAUCE,Consumer Defensive,42.0,2.09,0.022661990388580078,783167730.0,fcff,exit,8.0,360000000.0,,,1103172736.0,-707572000.0,,fcf_dcf,0.08,0.08,,29.579730099226268,31.88235449011989,29.579730099226268,27.277105708332645,-29.57207119231841,
SAV,Industrials,10.800000190734863,0.8190000000000002,0.0799615597855694,627287024.0,fcff,exit,8.0,638425300.0,,,754692197.0,-338306000.0,,fcf_dcf,0.08,0.08,,11.788168454607902,12.676432026491936,11.7881684546079,10.899904882723867,9.14970598538296,
SAWAD,Financial Services,22.899999618530273,3.21,-0.19563705441866064,4814360000.0,fcff,exit,8.0,1661506929.0,,,,57835168000.0,3463407000.0,fcf_dcf,0.08,0.08,,,,,,,no_intrinsic
SAWANG,Consumer Cyclical,5.849999904632568,-1.1844999999999999,-0.0766407124493319,-13022562.0,fcff,exit,8.0,24000000.0,,,-21075702.0,10423753.0,,fcf_dcf,0.08,0.08,,-8.00620707922194,-8.666068729579191,-8.00620707922194,-7.346345428864692,-236.8582429015407,pe<0
SC,Real Estate,2.0199999809265137,0.3733,-0.3,2864576318.0,fcff,exit,8.0,4277263395.0,,,2813807885.0,28740461000.0,85866000.0,fcf_dcf,0.08,0.08,,0.045312605789123855,0.5396352765302901,0.0453126057891235,-0.4490100649520413,-97.75680167242675,
SCAP,Financial Services,1.5299999713897705,0.2,-0.3,4035132000.0,fcff,exit,8.0,6769084776.0,,,,15211803000.0,226621000.0,fcf_dcf,0.08,0.08,,,,,,,no_intrinsic
SCB,Financial Services,149.5,13.71,0.19542985995473927,168733787000.0,fcff,exit,8.0,3367107286.0,,,,372726086000.0,7142975000.0,fcf_dcf,0.08,0.08,,,,,,,no_intrinsic
SCC,Industrials,266.0,28.689999999999998,-0.3,17465269000.0,fcff,exit,8.0,1200000000.0,,,60675218000.0,266438409000.0,63952747000.0,fcf_dcf,0.08,0.08,,90.12915501206398,128.12290676018225,90.12915501206396,52.13540326394572,-66.11685901802107,
SCCC,Basic Materials,153.0,15.08,-0.27996737004573335,4137626000.0,fcff,exit,8.0,298000000.0,,,12128039000.0,15355875000.0,8179229000.0,fcf_dcf,0.08,0.08,,224.34866393482878,254.92999625402985,224.34866393482878,193.76733161562768,46.63311368289463,
SCG,Utilities,2.6600000858306885,-0.153,0.3,166565960.0,fcff,exit,8.0,1163695652.0,,,416454806.0,4097920000.0,84157000.0,fcf_dcf,0.08,0.08,,-0.8376188280931516,-0.5687066018802301,-0.8376188280931517,-1.1065310543060731,-131.48942861148714,pe<0
SCGD,Basic Materials,5.400000095367432,0.29,0.3,1772856000.0,fcff,exit,8.0,1650000000.0,,,2548456000.0,8957459000.0,1444792000.0,fcf_dcf,0.08,0.08,,7.520780605950267,8.681361126260313,7.520780605950266,6.360200085640222,39.273712465342676,
SCGP,Consumer Cyclical,29.5,1.35,-0.3,10598663000.0,fcff,exit,8.0,4292920000.0,,,19389014000.0,55986916000.0,15797433000.0,fcf_dcf,0.08335000000000001,0.08,,20.861905003816528,24.255695352438543,20.861905003816524,17.46811465519451,-29.281677953164316,
SCI,Industrials,0.800000011920929,-0.025,0.3,29517741.0,fcff,exit,8.0,750000000.0,,,33675397.0,17852860.0,-1496562.0,fcf_dcf,0.08,0.08,,0.41442232855695754,0.4481614323508611,0.41442232855695754,0.38068322476305405,-48.19720970230203,pe<0
SCL,Consumer Cyclical,1.6100000143051147,0.23,-0.13538467044981295,59054564.0,fcff,exit,8.0,246365300.0,,,95903862.0,366565000.0,,fcf_dcf,0.08,0.08,,1.865133740817996,2.1576423408786845,1.8651337408179962,1.572625140757307,15.846815170557523,
SCM,Consumer Defensive,0.11999999731779099,-0.1124,-0.3,49276305.0,fcff,exit,8.0,886293350.0,,,-65522312.0,-125663686.0,76454835.0,fcf_dcf,0.08,0.08,,-0.15393663090120402,-0.2094878768428418,-0.15393663090120402,-0.09838538495956616,-228.2805286182966,pe<0
SCN,Utilities,0.4699999988079071,-0.08499999999999999,0.0,190067000.0,fcff,exit,8.0,1213722000.0,,,-86209000.0,1939227000.0,7000.0,fcf_dcf,0.08,0.08,,-1.362969662375153,-1.4163419066132399,-1.362969662375153,-1.3095974181370662,-389.9935459217331,pe<0
SCP,Basic Materials,9.100000381469727,1.3599999999999999,-0.035870767024110184,301409789.0,fcff,exit,8.0,282300000.0,,,432998310.0,-908838000.0,,fcf_dcf,0.08,0.08,,16.95169752969065,18.104241238672497,16.95169752969065,15.799153820708806,86.28238262725006,
SDC,Technology,0.019999999552965164,0.0007000000000000001,0.0,535935742.0,fcff,exit,8.0,34516369130.0,,,274787069.0,973932000.0,-21447000.0,fcf_dcf,0.08,0.08,,0.08587683130069579,0.0918589257855967,0.08587683130069579,0.07989473681579487,329.38416610096294,upside>300%
SE,Industrials,0.49000000953674316,0.038400000000000004,0.3,45100696.12,fcff,exit,8.0,679450333.0,,,41887210.99,-106243119.24000001,7309139.06,fcf_dcf,0.08,0.08,,0.7967069640032316,0.8430309380784512,0.7967069640032316,0.7503829899280121,62.593254795332754,
SE-ED,Consumer Cyclical,1.2999999523162842,0.052000000000000005,-0.3,5088903.0,fcff,exit,8.0,391944418.0,,,108088885.0,532302907.0,151733631.0,fcf_dcf,0.08,0.08,,-0.032584332270657344,0.1746389911368803,-0.03258433227065741,-0.23980765567819481,-102.50648718968027,
SEAFCO,Industrials,2.9800000190734863,280.42,-0.3,209762888.0,fcff,exit,8.0,790436319.0,,,688339981.0,231421000.0,-16024000.0,fcf_dcf,0.08,0.08,,6.08384086698382,6.738203045897708,6.083840866983821,5.429478688069935,104.15573248470484,
SEAOIL,Energy,3.440000057220459,0.456944,-0.3,-383136000.0,fcff,exit,8.0,738981791.0,,,434081000.0,-861165000.0,4000.0,fcf_dcf,0.08,0.08,,2.5054575501728844,2.9468441265202223,2.5054575501728844,2.064070973825546,-27.166932892515433,
SECURE,Technology,12.600000381469727,1.04,0.3,161991790.0,fcff,exit,8.0,102741000.0,,,151076163.0,-552759647.0,,fcf_dcf,0.08,0.08,,20.882503226816517,21.98743188801282,20.882503226816517,19.77757456562022,65.7341475761184,
SEI,Healthcare,1.6699999570846558,0.2,0.3,-66713840.0,fcff,exit,8.0,170000000.0,,,58855552.0,6457520.0,,fcf_dcf,0.1,0.09340000000000001,,0.3181127459317183,0.562705747675713,0.3181127459317183,0.07351974418772354,-80.95133208942995,
SELIC,Basic Materials,3.140000104904175,0.29375,-0.3,269582000.0,fcff,exit,8.0,637537436.0,,,472640000.0,359548000.0,535209000.0,fcf_dcf,0.08,0.08,,4.8399807359900135,5.39704700664117,4.8399807359900135,4.282914465338857,54.13950873538962,
SENA,Real Estate,1.6799999475479126,0.1711,0.3,1242201077.0,fcff,exit,8.0,1414915860.0,,,1168020185.0,18494514593.0,7306414934.0,fcf_dcf,0.08,0.08,,-9.562517901759904,-8.942217853805484,-9.562517901759904,-10.182817949714325,-669.1975119235643,
SENX,Real Estate,0.2199999988079071,0.0249,0.3,384444009.0,fcff,exit,8.0,4187305152.0,,,124886171.0,1353181006.0,150867054.0,fcf_dcf,0.08,0.08,,0.20808147670067453,0.23049250687192907,0.2080814767006745,0.18567044652942008,-5.41751007809742,
SFLEX,Consumer Cyclical,3.140000104904175,0.35000000000000003,-0.3,148640965.0,fcff,exit,8.0,729769852.0,,,366980936.0,679121000.0,,fcf_dcf,0.08,0.08,,2.953080274080812,3.3309478846876153,2.953080274080812,2.575212663474009,-5.952860655368257,
SFT,Industrials,1.5,0.16,-0.18549375000000012,13258560.910000011,fcff,exit,8.0,440000000.0,,,170906196.59,228951000.0,,fcf_dcf,0.08,0.08,,1.9419435791271886,2.23381207111209,1.9419435791271886,1.6500750871422873,29.462905275145907,
SGC,Financial Services,1.5099999904632568,0.092,-0.3,384743808.0,fcff,exit,8.0,6240028067.0,,,802197030.0,5960482000.0,,fcf_dcf,0.10930000000000001,0.09864000000000002,,0.002301347412540261,0.09097984574083054,0.002301347412540236,-0.08637715091574992,-99.84759288562418,
SGF,Financial Services,0.15000000596046448,-0.0877,-0.3,388182769.0,fcff,exit,8.0,1310000004.0,,,-25620368.0,31943809.0,,fcf_dcf,0.08,0.08,,1.110272397619412,1.095576498980833,1.110272397619412,1.1249682962579912,640.1815690007683,upside>300%|pe<0
SGP,Energy,8.800000190734863,1.8199999999999996,-0.3,2698679645.0,fcff,exit,8.0,1837863000.0,,,8296911648.0,20003464000.0,478996000.0,fcf_dcf,0.08,0.08,,22.19832569102202,25.59055664053521,22.19832569102202,18.806094741508833,152.25369556688955,
SHANG,Consumer Cyclical,43.75,2.160562,0.060315176206022114,530975986.0,fcff,exit,8.0,130000000.0,,,666994388.0,-146310000.0,2989000.0,fcf_dcf,0.08,0.08,,49.205375655049636,53.060699895065234,49.20537565504963,45.350051415034024,12.469430068684883,
SHR,Consumer Cyclical,1.6100000143051147,0.091,0.3,976291425.0,fcff,exit,8.0,3593640000.0,,,497913362.0,14119418000.0,,fcf_dcf,0.08,0.08,,-1.9480515729915937,-1.8439394520497718,-1.9480515729915937,-2.0521636939334154,-220.99699103620094,
SIAM,Consumer Cyclical,0.9100000262260437,0.068,-0.3,,fcff,exit,8.0,593125849.0,,,140287234.0,-404461000.0,221405000.0,fcf_dcf,0.08,0.08,,,,,,,no_intrinsic
SICT,Technology,2.9600000381469727,0.222,-4.440892098500626e-16,13899320.0,fcff,exit,8.0,479999884.0,,,102173634.0,-87872000.0,,fcf_dcf,0.08,0.08,,1.5850220590107005,1.744970418138952,1.5850220590107007,1.425073699882449,-46.45195815595461,
SIMAT,Technology,1.1799999475479126,0.06,0.3,-85507556.0,fcff,exit,8.0,648564609.0,,,173159975.0,221699000.0,266652000.0,fcf_dcf,0.08,0.08,,0.2948506578246868,0.49547163873020506,0.2948506578246868,0.09422967691916849,-75.01265500584145,
SINGER,Financial Services,10.699999809265137,0.411,-0.3,119739977.0,fcff,exit,8.0,815102226.0,,,945355888.0,53609000.0,1786553000.0,fcf_dcf,0.08,0.08,,5.335171976428417,6.206667851130133,5.335171976428417,4.463676101726701,-50.13857877073335,
SINO,Industrials,0.9700000286102295,0.044,0.3,8658901.0,fcff,exit,8.0,1040000000.0,,,164131245.0,104240000.0,470000.0,fcf_dcf,0.08,0.08,,0.8832038031083469,1.0017916013673858,0.8832038031083469,0.764616004849308,-8.948064220806277,
SIRI,Real Estate,1.4600000381469727,0.215,0.0,1597861486.0,fcff,exit,8.0,17578686250.0,,,6617829471.0,76881590000.0,542742000.0,fcf_dcf,0.08,0.08,,-1.7572341347621032,-1.4743482755805062,-1.7572341347621032,-2.0401199939437005,-220.35849923623147,
SIRIPRT,Real Estate,5.349999904632568,0.459488,-0.06953798140748668,,fcff,exit,8.0,170000000.0,,,93202172.0,-18359000.0,,fcf_dcf,0.1,0.08460000000000001,,,,,,,no_intrinsic
SIS,Technology,23.600000381469727,2.67,-0.2978750008753196,-223627000.0,fcff,exit,8.0,350198655.0,,,1428294000.0,2263779000.0,,fcf_dcf,0.08,0.08,,15.354646076962293,18.419326678589773,15.354646076962291,12.289965475334817,-34.93794140351595,
SISB,Consumer Defensive,9.100000381469727,0.98,0.15457006537354023,175780825.0,fcff,exit,8.0,940000000.0,,,1204872660.0,-697457000.0,,fcf_dcf,0.08,0.08,,9.237444440981832,10.200597653672494,9.237444440981832,8.274291228291172,1.5103742170383012,
SITHAI,Consumer Cyclical,1.149999976158142,0.13,-0.3,70418370.0,fcff,exit,8.0,2636756900.0,,,1115044648.0,446869000.0,247611000.0,fcf_dcf,0.08,0.08,,2.3915833997085754,2.709347073371047,2.391583399708575,2.073819726046103,107.96377819921771,
SJWD,Industrials,9.300000190734863,0.7100000000000001,-0.22071038345176786,1966164162.0,fcff,exit,8.0,1776525806.0,,,3818315750.0,14287094000.0,1038841000.0,fcf_dcf,0.08,0.08,,8.970358510628937,10.58539522595104,8.970358510628937,7.355321795306836,-3.5445341219920814,
SK,Basic Materials,0.5299999713897705,0.0624,-4.440892098500626e-16,44381246.7,fcff,exit,8.0,460000000.0,,,39588134.84,-166106416.51,610.96,fcf_dcf,0.08,0.08,,1.2861603860104855,1.3508283652954651,1.2861603860104855,1.2214924067255057,142.67178404517733,
SKE,Utilities,0.1899999976158142,-0.11500000000000002,-0.3,35292821.0,fcff,exit,8.0,1116001923.0,,,-12971229.0,666111000.0,83252000.0,fcf_dcf,0.08,0.08,,-0.6077000211865665,-0.6164337210882682,-0.6077000211865665,-0.5989663212848648,-419.842120427472,pe<0
SKIN,Consumer Defensive,0.8999999761581421,-0.07529700000000002,0.3,,fcff,exit,8.0,144000000.0,,,-16466092.32,-56049539.22,,fcf_dcf,0.1,0.09120000000000002,,,,,,,no_intrinsic
SKN,Basic Materials,5.099999904632568,0.29000000000000004,0.3,-765134434.0,fcff,exit,8.0,800000000.0,,,370647803.0,396632000.0,,fcf_dcf,0.08,0.08,,-1.7523801314430012,-1.4042404524104322,-1.752380131443001,-2.1005198104755705,-134.36039537669856,
SKR,Healthcare,7.849999904632568,0.33,0.3,1010432524.0,fcff,exit,8.0,2021889349.0,,,1398241130.0,-89308245.0,91478413.0,fcf_dcf,0.08,0.08,,6.26795623435012,6.787601254694678,6.267956234350119,5.748311214005562,-20.153422796207014,
SKY,Technology,17.600000381469727,1.1600000000000001,-0.26622046348931394,332328983.0,fcff,exit,8.0,717279904.0,,,2017549717.0,4806602524.0,367415442.0,fcf_dcf,0.08,0.08,,11.653140246339472,13.766715247167816,11.653140246339472,9.53956524551113,-33.78897730815645,
SLP,Industrials,0.49000000953674316,0.032136,0.0,-53288602.0,fcff,exit,8.0,1200000000.0,,,115172888.0,6182000.0,,fcf_dcf,0.08,0.08,,0.38414283822270207,0.45626207007755637,0.38414283822270207,0.3120236063678478,-21.6035039293409,
SMART,Unknown,0.6299999952316284,0.0264,0.3,44204000.0,fcff,exit,8.0,,,,68229000.0,-148767000.0,,fcf_dcf,0.1,0.09120000000000002,,,,,,,no_intrinsic
SMD100,Healthcare,1.6799999475479126,0.05000000000000002,0.3,-39018285.0,fcff,exit,8.0,207703317.0,,,136402179.0,254774000.0,0.0,fcf_dcf,0.08,0.08,,1.9272718817864152,2.420740975026991,1.9272718817864152,1.4338027885458395,14.718567973732066,
SMIT,Basic Materials,3.640000104904175,0.32,-0.09631210937500045,244283579.29,fcff,exit,8.0,530000000.0,,,197841502.86,-54453183.96,,fcf_dcf,0.08,0.08,,4.294454454740204,4.574948479536259,4.294454454740204,4.013960429944149,17.979514587218887,
SMO,Consumer Defensive,3.4600000381469727,0.806797,0.3,-362006503.0,fcff,exit,8.0,920000000.0,,,398358227.0,980877000.0,44053000.0,fcf_dcf,0.1,0.09120000000000002,,-0.25623194739146415,0.052772717398088136,-0.25623194739146415,-0.5652366121810166,-107.40554753082287,
SMPC,Consumer Cyclical,9.600000381469727,1.35,-0.2971371840476993,504608000.0,fcff,exit,8.0,535506333.0,,,777455000.0,302184000.0,,fcf_dcf,0.08,0.08,,12.145110114137491,13.236029680253734,12.145110114137491,11.05419054802125,26.511558661814526,
SMT,Technology,5.699999809265137,-0.1,0.3,-137410322.0,fcff,exit,8.0,813443863.0,,,196013742.0,-42301000.0,1928000.0,fcf_dcf,0.11657500000000001,0.10748875000000001,,0.6627836647194247,0.822468316272019,0.6627836647194247,0.5030990131668307,-88.37221601933926,pe<0
SNC,Technology,7.25,1.56,0.3,-247179575.0,fcff,exit,8.0,362026339.0,,,1094061214.0,2573779000.0,87093000.0,fcf_dcf,0.08,0.08,,7.931363662229742,10.202187972071151,7.931363662229742,5.660539352388333,9.398119479030928,
SNNP,Consumer Defensive,6.699999809265137,0.43000000000000005,0.3,107481463.0,fcff,exit,8.0,900005100.0,,,657248865.0,2310023841.0,226125012.0,fcf_dcf,0.08,0.08,,2.0766641536788324,2.6254045792460214,2.0766641536788324,1.5279237281116436,-69.0050117492973,
SNP,Consumer Cyclical,8.800000190734863,0.35000000000000003,0.3,631851880.0,fcff,exit,8.0,510630383.0,,,988743059.0,-6935593.0,34437113.0,fcf_dcf,0.08,0.08,,16.81511735926249,18.270103568427167,16.81511735926249,15.360131150097818,91.08087494096188,
SNPS,Consumer Defensive,4.320000171661377,0.26,-4.440892098500626e-16,53183000.0,fcff,exit,8.0,405000000.0,,,161246916.0,-274082167.0,26461871.0,fcf_dcf,0.1,0.09120000000000002,,3.423144153188096,3.707273089926376,3.423144153188096,3.1390152164498164,-20.760555158227454,
SO,Industrials,4.800000190734863,0.49999999999999994,0.21171520025399615,458145724.0,fcff,exit,8.0,472836804.0,,,568615703.0,1110097000.0,,fcf_dcf,0.08,0.08,,8.975866714333602,9.87949466788148,8.975866714333602,8.072238760785721,86.99721578468163,
SOLAR,Technology,0.2199999988079071,-0.1362,-0.3,-20022698.0,fcff,exit,8.0,1307120744.0,,,-353104886.0,559523565.0,-4500.0,fcf_dcf,0.08,0.08,,-2.116690373731228,-2.3196782507518163,-2.116690373731228,-1.9137024967106389,-1062.1319932730614,pe<0
SONIC,Industrials,1.5299999713897705,0.17700000000000002,-0.3,121711992.0,fcff,exit,8.0,731926092.0,,,231750351.0,-17646945.0,68250116.0,fcf_dcf,0.08,0.08,,2.53696339931812,2.7748857557912543,2.53696339931812,2.2990410428449866,65.81460436327183,
SORKON,Consumer Defensive,3.4000000953674316,0.06659999999999999,0.3,5807801.0,fcff,exit,8.0,312766300.0,,,248528023.0,1265451000.0,15968000.0,fcf_dcf,0.08,0.08,,0.7581161519114614,1.3552029846436215,0.7581161519114615,0.16102931917930083,-77.7024667456801,
SPA,Consumer Cyclical,3.0199999809265137,0.13799999999999998,0.11582706999695125,217215437.0,fcff,exit,8.0,1282499124.0,,,574251315.0,918355000.0,4000.0,fcf_dcf,0.08,0.08,,2.6913027104119465,3.027757722765072,2.6913027104119465,2.3548476980588213,-10.884015648692994,
SPACK,Consumer Cyclical,1.6200000047683716,0.137,-0.3,16247398.780000001,fcff,exit,8.0,300000000.0,,,101817023.99,198860100.01999998,0.0,fcf_dcf,0.08,0.08,,1.606190983262413,1.8612150844174027,1.606190983262413,1.3511668821074236,-0.8524087324266985,
SPALI,Real Estate,16.0,2.2684759999999997,-0.3,3692842885.0,fcff,exit,8.0,1901820930.0,,,6469938019.0,26388470000.0,1066794000.0,fcf_dcf,0.08,0.08,,14.219694382375767,16.775998849689294,14.219694382375769,11.663389915062245,-11.126910110151456,
SPC,Consumer Defensive,56.25,6.487161,-0.048336279213429756,1502816104.0,fcff,exit,8.0,330000000.0,,,2923524667.0,-1909593000.0,545158000.0,fcf_dcf,0.08,0.08,,76.63480970481561,83.29175371163016,76.63480970481562,69.97786569800108,36.23966169744997,
SPCG,Utilities,11.0,0.38,0.08076847975396406,887266462.0,fcff,exit,8.0,1055790000.0,,,1079856373.0,-26423561.0,2463128631.0,fcf_dcf,0.08,0.08,,7.391784014930021,8.160331194025625,7.391784014930021,6.623236835834418,-32.80196350063617,
SPG,Basic Materials,12.399999618530273,1.06,-0.14110584406197546,311476881.0,fcff,exit,8.0,345000000.0,,,491490791.0,-164336000.0,2000.0,fcf_dcf,0.08,0.08,,12.855424206279341,13.925903746663646,12.85542420627934,11.784944665895036,3.6727790464484524,
SPI,Real Estate,33.25,1.4400000000000002,0.3,-1064682410.0,fcff,exit,8.0,1286842169.0,,,2616554373.0,19029393000.0,1064179000.0,fcf_dcf,0.08,0.08,,-6.887997529030279,-5.360126973873231,-6.8879975290302795,-8.415868084187327,-120.71578204219632,
SPRC,Energy,13.399999618530273,3.4699999999999998,-0.3,10742468959.0,fcff,exit,8.0,4335902125.0,,,24770411576.0,-863896669.0,5202000.0,fcf_dcf,0.08,0.08,,45.00994309034656,49.30269543257062,45.00994309034656,40.7171907481225,235.89510725137842,
SPREME,Technology,1.4800000190734863,0.16,-0.3,-1518171032.0,fcff,exit,8.0,740000000.0,,,595638514.0,1237760000.0,,fcf_dcf,0.08,0.08,,-5.503751458434172,-4.898921724742076,-5.503751458434172,-6.108581192126266,-471.8750937503126,
SPRIME,Real Estate,4.199999809265137,0.56835,-0.1586004877048478,,fcff,exit,8.0,446750000.0,,,337717941.0,1256493000.0,,fcf_dcf,0.08,0.08,,,,,,,no_intrinsic
SPTX,Technology,0.009999999776482582,-0.001134,0.0,-62494364.0,fcff,exit,8.0,213644881541.0,,,38317820.0,9000.0,64870000.0,fcf_dcf,0.08,0.08,,-0.0004616577098255878,-0.00032688859316660373,-0.0004616577098255879,-0.0005964268264845719,-104.61657720144441,pe<0
SPVI,Technology,3.759999990463257,0.4,-0.3,182186346.0,fcff,exit,8.0,400000000.0,,,356950587.0,-22051000.0,,fcf_dcf,0.08,0.08,,7.3442593807666245,8.014807873340137,7.344259380766625,6.673710888193113,95.3260478562332,
SQ,Industrials,0.18000000715255737,-0.53,0.3,383855720.0,fcff,exit,8.0,1149160000.0,,,-225782123.0,4200684000.0,-18954000.0,fcf_dcf,0.08,0.08,,-3.408452651194156,-3.556088264681689,-3.408452651194156,-3.260817037706623,-1993.5847309746787,pe<0
SR,Industrials,0.38999998569488525,-0.014100000000000001,-0.3,23408000.0,fcff,exit,8.0,676700000.0,,,136857000.0,1016731000.0,-7867000.0,fcf_dcf,0.08,0.08,,-0.12893332356744142,0.02303494682204077,-0.1289333235674414,-0.28090159395692355,-133.05982776838147,pe<0
SRICHA,Industrials,17.600000381469727,3.49,-0.3,1521509314.0,fcff,exit,8.0,309879000.0,,,2265098986.0,-610550469.0,31220454.0,fcf_dcf,0.08,0.08,,66.55936596963119,72.05195520267125,66.55936596963119,61.06677673659113,278.17820753974894,
SRIPANWA,Real Estate,4.960000038146973,0.81489,0.10067965671899004,,fcff,exit,8.0,279064000.0,,,276298165.0,596715905.0,,fcf_dcf,0.08,0.08,,,,,,,no_intrinsic
SRS,Technology,2.9200000762939453,0.2,0.3,-197272932.0,fcff,exit,8.0,160000000.0,,,71238017.0,-47110000.0,,fcf_dcf,0.08,0.08,,-2.2394060423352458,-1.9048461154644978,-2.2394060423352458,-2.573965969205994,-176.69198574739394,
SSF,Consumer Defensive,5.050000190734863,0.49,0.3,293064324.0,fcff,exit,8.0,269999000.0,,,469248422.0,110477000.0,729517000.0,fcf_dcf,0.08,0.08,,11.923293861924376,13.229232425611308,11.923293861924376,10.617355298237444,136.10482003148854,
SSP,Utilities,5.75,0.3388,0.24637471403834454,-1213331713.0,fcff,exit,8.0,1248825638.0,,,2420664170.0,16660998000.0,404167000.0,fcf_dcf,0.08,0.08,,-6.118626358147043,-4.662111842314827,-6.118626358147043,-7.575140873979257,-206.410893185166,
SSSC,Basic Materials,2.3399999141693115,0.32,-0.2620975376190706,,fcff,exit,8.0,639997880.0,,,322837068.0,-594909000.0,1068000.0,fcf_dcf,0.08,0.08,,,,,,,no_intrinsic
SST,Consumer Defensive,1.0,-0.761,0.3,390419036.0,fcff,exit,8.0,526456550.0,,,-124800732.0,3488341000.0,324299000.0,fcf_dcf,0.08,0.08,,-5.533214669290722,-5.711344510439452,-5.533214669290722,-5.35508482814199,-653.3214669290721,pe<0
SSTRT,Real Estate,4.599999904632568,0.50145,-0.22434979167396207,,fcff,exit,8.0,198329343.0,,,119930659.8,59047000.0,,fcf_dcf,0.08,0.08,,,,,,,no_intrinsic
STA,Basic Materials,22.899999618530273,-0.06000000000000005,-0.3,3111837102.0,fcff,exit,8.0,1535999998.0,,,6391879482.0,28498345434.0,18586306773.0,fcf_dcf,0.08,0.08,,2.922803659775126,6.049742911141047,2.9228036597751252,-0.20413559159079156,-87.23666502854417,pe<0
STANLY,Consumer Cyclical,223.0,15.27,0.0,1295479365.0,fcff,exit,8.0,76625000.0,,,2788862891.0,-1094380390.0,,fcf_dcf,0.08,0.08,,304.51880345630195,331.86763381655066,304.51880345630195,277.16997309605324,36.555517244978454,
STARM,Financial Services,0.9599999785423279,0.1,-0.15653633777006204,379388381.0,fcff,exit,8.0,1100000000.0,,,158603733.0,1307554000.0,,fcf_dcf,0.08,0.08,,1.1355621047252331,1.2439055897421936,1.135562104725233,1.0272186197082727,18.2877218861484,
STC,Basic Materials,0.699999988079071,0.0031000000000000003,1.7763568394002505e-15,37059130.0,fcff,exit,8.0,568000000.0,,,66174996.0,277643000.0,,fcf_dcf,0.08,0.08,,0.487263266679904,0.5748075253388806,0.487263266679904,0.39971900802092725,-30.390960717435984,
STECH,Basic Materials,1.6200000047683716,0.27,0.060589186005595375,134112542.0,fcff,exit,8.0,725000000.0,,,347950316.0,932838835.0,428601.0,fcf_dcf,0.08,0.08,,2.3794860958198947,2.740115645901922,2.3794860958198947,2.0188565457378678,46.88185733432234,
STECON,Industrials,18.200000762939453,1.284,-0.3,840205774.0,fcff,exit,8.0,1519080194.0,,,3847496523.0,5486612000.0,427623000.0,fcf_dcf,0.10389999999999999,0.09192499999999999,,12.78340664582297,14.584906977139372,12.78340664582297,10.981906314506565,-29.761504890407807,
STELLA,Real Estate,0.2199999988079071,-0.024,-0.3,-894975939.0,fcff,exit,8.0,21783238767.0,,,-2326693020.0,4604376000.0,101090000.0,fcf_dcf,0.08,0.08,,-1.031715011780259,-1.1119749306747362,-1.031715011780259,-0.9514550928857817,-568.9613715321427,pe<0
STGT,Basic Materials,11.0,0.33000000000000007,-0.3,3072627990.0,fcff,exit,8.0,2755000000.0,,,2924979254.0,2428232364.0,,fcf_dcf,0.08,0.08,,10.213938297311039,11.011718524653736,10.213938297311039,9.416158069968343,-7.146015478990559,
STI,Industrials,1.7400000095367432,0.07,-0.3,228282514.0,fcff,exit,8.0,602997079.0,,,138272950.0,210516000.0,137412000.0,fcf_dcf,0.08,0.08,,2.4012946106538133,2.5736020789675385,2.4012946106538133,2.228987142340088,38.00543663750513,
STOWER,Basic Materials,0.03999999910593033,-0.017231,0.0,-66041440.89,fcff,exit,8.0,4062375325.0,,,-69813798.9,-170869656.14999998,-13190550.4,fcf_dcf,0.08,0.08,,-0.12669883176684998,-0.1396123121289056,-0.12669883176684998,-0.11378535140479444,-416.7470864969741,pe<0
STP,Basic Materials,11.800000190734863,1.84,-0.07664071244933224,141820097.46,fcff,exit,8.0,100000000.0,,,266901761.1,43807000.0,,fcf_dcf,0.08,0.08,,21.599477667233355,23.60502779197172,21.59947766723335,19.59392754249499,83.04641795000018,
STPI,Industrials,5.349999904632568,0.09,0.3,776319249.0,fcff,exit,8.0,1812272387.0,,,825681358.0,2945081000.0,449650000.0,fcf_dcf,0.08837500000000001,0.08028125000000001,,2.6709225505433114,3.0128277249042204,2.670922550543311,2.329017376182402,-50.07621311861038,
STX,Basic Materials,0.800000011920929,0.0402,0.3,-75692461.0,fcff,exit,8.0,307134600.0,,,54320308.0,25888465.0,,fcf_dcf,0.08,0.08,,-0.0625695490733547,0.07032756827936955,-0.0625695490733547,-0.19546666642607896,-107.82119351762447,
SUC,Industrials,27.5,5.720000000000001,0.3,403799073.0,fcff,exit,8.0,300000000.0,,,1986740267.0,-3798569000.0,1687481000.0,fcf_dcf,0.08,0.08,,52.53495624513627,57.51120315321582,52.534956245136264,47.55870933705671,91.03620452776826,
SUN,Consumer Defensive,2.2799999713897705,0.16,0.3,-53372272.0,fcff,exit,8.0,773996592.0,,,180311037.0,444917207.0,0.0,fcf_dcf,0.08,0.08,,0.5341766154418196,0.7092279169224815,0.5341766154418196,0.35912531396115777,-76.57120078312049,
SUPER,Utilities,0.11999999731779099,-0.0143,0.3,1983132000.0,fcff,exit,8.0,27349473107.0,,,7503719000.0,36998867000.0,2096448000.0,fcf_dcf,0.08,0.08,,0.5262495892428338,0.7324120928423713,0.5262495892428338,0.3200870856432964,338.54133417119084,upside>300%|pe<0
SUSCO,Energy,2.640000104904175,0.25,-0.3,1198971000.0,fcff,exit,8.0,949999956.0,,,986183000.0,2362762000.0,-9781000.0,fcf_dcf,0.08,0.08,,9.09686156403507,9.87690000929383,9.09686156403507,8.31682311877631,244.5780758544804,
SUTHA,Basic Materials,3.259999990463257,0.27,-0.3,122318353.0,fcff,exit,8.0,362393057.0,,,198409894.0,716722000.0,1036000.0,fcf_dcf,0.08,0.08,,2.736962218037272,3.1483634026758627,2.736962218037272,2.3255610333986825,-16.044103495584967,
SVOA,Technology,2.059999942779541,0.305,-0.3,-1001663187.0,fcff,exit,8.0,813473000.0,,,591905836.0,3465628000.0,,fcf_dcf,0.08,0.08,,-5.089760217378236,-4.5430067315849145,-5.0897602173782355,-5.636513703171557,-347.07574557068506,
SVR,Real Estate,0.3700000047683716,-0.11,0.3,,fcff,exit,8.0,510000000.0,,,-47888588.0,716101719.0,34611390.0,fcf_dcf,0.08,0.08,,,,,,,no_intrinsic
SVT,Industrials,1.600000023841858,0.16,-0.3,175554543.0,fcff,exit,8.0,700000000.0,,,368197736.0,-265523000.0,,fcf_dcf,0.08,0.08,,4.601087297591117,4.996331178614074,4.601087297591117,4.205843416568158,187.5679518143484,
SWC,Basic Materials,4.900000095367432,0.39,-0.3,157363901.0,fcff,exit,8.0,498732180.0,,,341411450.0,-358535000.0,23725000.0,fcf_dcf,0.08,0.08,,6.119827446924026,6.634217748922103,6.119827446924026,5.60543714492595,24.89443526153899,
SYMC,Communication Services,6.449999809265137,0.41000000000000003,-0.17574415773892693,-192672155.0,fcff,exit,8.0,433654887.0,,,743460116.0,1058837000.0,,fcf_dcf,0.08,0.08,,5.986680319007025,7.274916556620541,5.986680319007026,4.698444081393509,-7.183248123396437,
SYNEX,Technology,10.100000381469727,0.97,-0.1869337606977729,1051771403.0,fcff,exit,8.0,847361206.0,,,1182149918.0,6834644000.0,4964000.0,fcf_dcf,0.08,0.08,,5.5600482363035635,6.6083493824263195,5.560048236303564,4.511747090180807,-44.95001954153907,
SYNTEC,Industrials,1.940000057220459,0.359513,-0.16289607312723997,397588904.0,fcff,exit,8.0,1580595100.0,,,1052449457.0,836697000.0,530043000.0,fcf_dcf,0.08,0.08,,4.200990938225154,4.701328028420621,4.200990938225154,3.7006538480296864,116.5459182637415,
TACC,Consumer Defensive,6.5,0.62,-0.3,340325831.0,fcff,exit,8.0,606930500.0,,,478369544.0,-169576000.0,-497000.0,fcf_dcf,0.08,0.08,,7.387824676188856,7.980076819054338,7.387824676188856,6.795572533323374,13.658841172136249,
TAE,Basic Materials,1.7300000190734863,0.196,-0.3,337660317.0,fcff,exit,8.0,1000000000.0,,,521141277.0,712950000.0,,fcf_dcf,0.08,0.08,,3.846724872135689,4.238320247447606,3.8467248721356886,3.4551294968237714,122.3540364002903,
TAKUNI,Energy,0.46000000834465027,-0.28400000000000003,-0.3,1404937465.0,fcff,exit,8.0,800000236.0,,,-304313376.0,-902194000.0,379728000.0,fcf_dcf,0.08,0.08,,5.787783586262631,5.501950164520706,5.787783586262631,6.073617008004553,1158.213800275889,upside>300%|pe<0
TAN,Consumer Cyclical,4.079999923706055,0.10999999999999999,0.3,197596224.0,fcff,exit,8.0,299200000.0,,,440874053.0,839319000.0,8317000.0,fcf_dcf,0.08,0.08,,8.815609733139421,9.92283256314285,8.815609733139421,7.708386903135992,116.06887004869822,
TASCO,Basic Materials,17.100000381469727,0.92,-0.032918976658950494,3769890906.0,fcff,exit,8.0,1578361570.0,,,2628318872.0,940771000.0,186814000.0,fcf_dcf,0.08,0.08,,19.38926259348561,20.64054009726729,19.38926259348561,18.137985089703932,13.387498017231769,
TATG,Consumer Cyclical,1.0199999809265137,0.22000000000000003,-0.2192510400000005,129090156.0,fcff,exit,8.0,400000000.0,,,221305557.0,429171000.0,20346000.0,fcf_dcf,0.1,0.08900000000000001,,3.3985076136004517,3.7973430956030243,3.3985076136004513,2.9996721315978783,233.18702717165039,
TBN,Technology,3.5399999618530273,-0.13999999999999999,0.3,71809277.0,fcff,exit,8.0,100000000.0,,,7360584.0,-99732295.0,1531945.0,fcf_dcf,0.08,0.08,,4.459047660273687,4.514356475391682,4.459047660273686,4.403738845155692,25.96179967017798,pe<0
TBSP,Industrials,0.9800000190734863,-3.0100000000000002,-0.3,-10143678.0,fcff,exit,8.0,367316314.0,,,-656121419.0,10543000.0,0.0,fcf_dcf,0.08,0.08,,-10.883221870736074,-12.225449206214487,-10.883221870736074,-9.540994535257662,-1210.5328223386477,pe<0
TC,Consumer Defensive,8.100000381469727,0.8,-0.3,-180250780.0,fcff,exit,8.0,330000000.0,,,441336167.0,482335000.0,1000.0,fcf_dcf,0.08,0.08,,4.26961329750005,5.274547575997503,4.26961329750005,3.2646790190025974,-47.28872720466047,
TCAP,Financial Services,83.0,8.49,-0.3,12423698000.0,fcff,exit,8.0,1048605207.0,,,,43284671000.0,5544460000.0,fcf_dcf,0.08,0.08,,,,,,,no_intrinsic
TCC,Energy,0.28999999165534973,0.0052,0.3,51956273.0,fcff,exit,8.0,1395550150.0,,,43206739.0,318224000.0,,fcf_dcf,0.08,0.08,,0.11541528656280527,0.1386794865785777,0.11541528656280527,0.09215108654703284,-60.20162417798603,
TCJ,Industrials,2.799999952316284,0.15999999999999998,0.3,110928657.0,fcff,exit,8.0,105596336.0,,,158763578.0,347677775.0,404993518.0,fcf_dcf,0.08,0.08,,6.34949508251539,7.479249660965803,6.34949508251539,5.219740504064978,126.76768538023747,
TCMC,Consumer Cyclical,0.28999999165534973,-1.19,-0.3,367205949.94000006,fcff,exit,8.0,763201125.0,,,-349188350.46999997,2813557482.1000004,16939298.33,fcf_dcf,0.08,0.08,,-4.42586123161107,-4.769658820009928,-4.42586123161107,-4.082063643212213,-1626.1590892978304,pe<0
TCOAT,Consumer Cyclical,27.25,1.57,-0.3,32992000.0,fcff,exit,8.0,10500000.0,,,35880000.0,10020000.0,27791000.0,fcf_dcf,0.08,0.08,,30.21871302687275,32.78641855835629,30.21871302687275,27.651007495389212,10.894359731643116,
TEAM,Technology,5.550000190734863,0.33499999999999996,-0.3,-11169976.0,fcff,exit,8.0,637063385.0,,,308048172.0,-459112000.0,,fcf_dcf,0.161125,0.14535625,,2.8247412085702734,3.0955943641699486,2.8247412085702734,2.5538880529705974,-49.10376375687555,
TEAMG,Industrials,3.0,0.25,-0.12292194763302655,33413002.0,fcff,exit,8.0,817901829.0,,,329035019.0,210540000.0,0.0,fcf_dcf,0.08,0.08,,2.3335370628440586,2.6358265362987385,2.3335370628440586,2.0312475893893778,-22.21543123853138,
TEGH,Basic Materials,3.319999933242798,0.471,0.3,149607168.0,fcff,exit,8.0,1080000000.0,,,945815475.0,3564925000.0,1100000.0,fcf_dcf,0.08,0.08,,2.547986525962064,3.20604538684253,2.547986525962064,1.8899276650815982,-23.253416349520002,
TEKA,Industrials,1.8799999952316284,0.22226700000000002,0.3,-41947231.0,fcff,exit,8.0,300000000.0,,,153263632.0,34877000.0,,fcf_dcf,0.08,0.08,,2.3639349908636866,2.7478189275459055,2.3639349908636866,1.980051054181468,25.7412232372072,
TERA,Technology,1.2599999904632568,0.11,-0.3,1791213.0,fcff,exit,8.0,240000000.0,,,51322228.0,-82935000.0,,fcf_dcf,0.08,0.08,,1.6625848500197287,1.8232702215821615,1.6625848500197284,1.5018994784572957,31.951179571712203,
TFG,Consumer Defensive,10.0,1.3,0.3,5227161000.0,fcff,exit,8.0,5936785269.0,,,13388034000.0,20337249000.0,2007000.0,fcf_dcf,0.08,0.08,,13.850975201896382,15.545498510414546,13.850975201896382,12.156451893378218,38.50975201896382,
TFI,Consumer Cyclical,0.03999999910593033,-0.016999999999999998,0.3,-106916954.0,fcff,exit,8.0,16826223539.0,,,-194885498.0,341898000.0,,fcf_dcf,0.08,0.08,,-0.11679633644870954,-0.125499456019848,-0.11679633644870954,-0.10809321687757108,-391.9908476482779,pe<0
TFM,Consumer Defensive,6.150000095367432,0.47000000000000003,-0.3,630397000.0,fcff,exit,8.0,1000000000.0,,,896010000.0,-589755000.0,148953000.0,fcf_dcf,0.08,0.08,,8.491014246449451,9.164293043809483,8.491014246449451,7.81773544908942,38.06527015902681,
TFMAMA,Consumer Defensive,184.5,10.969999999999999,0.060089820851039644,3447896409.0,fcff,exit,8.0,329704014.0,,,6678769204.0,-6238148000.0,10849597000.0,fcf_dcf,0.08,0.08,,151.97682901120447,167.19821793481015,151.97682901120444,136.75544008759877,-17.627734953276708,
TGE,Utilities,1.1200000047683716,0.09,0.1945948022676045,311646727.0,fcff,exit,8.0,2511691156.0,,,395727102.0,409583173.0,71970.0,fcf_dcf,0.08,0.08,,1.3083538659163587,1.4267429442666861,1.3083538659163587,1.189964787566031,16.817308959471013,
TGH,Financial Services,10.5,2.0100000000000002,-0.17421768776973923,1848059000.0,fcff,exit,8.0,752097582.0,,,5720670000.0,15778684000.0,278121000.0,fcf_dcf,0.08,0.08,,34.75855319713876,40.47406051223377,34.75855319713876,29.043045882043753,231.03383997275012,
TGPRO,Basic Materials,0.029999999329447746,-0.0206,-0.3,19986129.0,fcff,exit,8.0,4719459894.0,,,9236713.0,662503000.0,-1107000.0,fcf_dcf,0.08,0.08,,-0.1104812656314135,-0.10901062272950121,-0.11048126563141349,-0.11195190853332578,-468.2708936695409,pe<0
TH,Financial Services,0.46000000834465027,-0.006499999999999999,0.3,5426074.0,fcff,exit,8.0,986345834.0,,,91932749.0,-8644868.0,13336634.0,fcf_dcf,0.08,0.08,,0.5787809398158119,0.6488172267753233,0.5787809398158119,0.5087446528563005,25.821941155741513,pe<0
THAI,Industrials,5.699999809265137,1.0,0.3,11143860460.0,fcff,exit,8.0,28303291567.0,,,47244306320.0,55120674990.0,75492348.0,fcf_dcf,0.08,0.08,,9.747931305960199,11.002211639434089,9.747931305960199,8.493650972486309,71.01634442364893,
THANA,Real Estate,1.6100000143051147,-0.07999999999999999,0.3,-22830711.0,fcff,exit,8.0,277375424.0,,,-10486310.0,460324000.0,-423000.0,fcf_dcf,0.08,0.08,,-2.233138451794247,-2.2615461989986607,-2.233138451794247,-2.204730704589834,-238.7042504318289,pe<0
THANI,Financial Services,2.0999999046325684,0.2,-0.3,7139464546.0,fcff,exit,8.0,6229328690.0,,,1083781530.0,22942572000.0,4000.0,fcf_dcf,0.08,0.08,,2.2061659743400956,2.3368981773871944,2.206165974340095,2.0754337712929973,5.055527358516851,
THCOM,Communication Services,10.100000381469727,0.38,-0.3,-793347113.0,fcff,exit,8.0,1096101954.0,,,1248756568.0,746321000.0,0.0,fcf_dcf,0.08,0.08,,3.1090203537190653,3.9650896380342364,3.1090203537190653,2.252951069403895,-69.21762142283553,
THE,Basic Materials,1.1100000143051147,0.14,-0.3,965573380.0,fcff,exit,8.0,1102061385.0,,,207272659.0,622377000.0,847000.0,fcf_dcf,0.08,0.08,,4.267603996428816,4.408928775334062,4.267603996428816,4.12627921752357,284.46882355226217,
THG,Healthcare,7.449999809265137,0.04,-0.3,784190929.0,fcff,exit,8.0,1789154360.0,,,1776808149.0,2581851901.0,1091187740.0,fcf_dcf,0.08,0.08,,5.769135453889828,6.515369067430254,5.769135453889828,5.022901840349401,-22.56193823367504,
THIP,Consumer Cyclical,22.0,2.029167,0.3,-249461916.0,fcff,exit,8.0,89999686.0,,,478541048.0,-144552000.0,,fcf_dcf,0.08,0.08,,21.856010081042704,25.851410248690375,21.8560100810427,17.860609913395027,-0.6544996316240705,
THMUI,Industrials,0.3100000023841858,0.00749,0.0,25022236.0,fcff,exit,8.0,425000000.0,,,45577119.0,147109000.0,-5617000.0,fcf_dcf,0.08,0.08,,0.5605388390728285,0.6411212061747057,0.5605388390728285,0.47995647197095126,80.81897895540907,
THRE,Financial Services,0.6700000166893005,0.076,-0.3,,fcff,exit,8.0,4214993832.0,,,,-586897239.0,269755296.0,fcf_dcf,0.08,0.08,,,,,,,no_intrinsic
THREL,Financial Services,1.350000023841858,-0.06000000000000001,-0.3,,fcff,exit,8.0,620000000.0,,,,-31286318.0,,fcf_dcf,0.08,0.08,,,,,,,no_intrinsic
TIDLOR,Financial Services,18.700000762939453,2.02,-0.2584147375671083,-559232000.0,fcff,exit,8.0,2876959570.0,,,11343221000.0,73834596000.0,196858000.0,fcf_dcf,0.1,0.09120000000000002,,-4.020156182117469,-1.206430808405917,-4.020156182117469,-6.833881555829023,-121.49816052459637,
TIF1,Financial Services,7.949999809265137,0.659355,-0.06953798140748702,,fcff,exit,8.0,90000000.0,,,56339000.0,-12113000.0,,fcf_dcf,0.08,0.08,,,,,,,no_intrinsic
TIGER,Industrials,0.4300000071525574,-0.088,0.21550625000000023,19052316.0,fcff,exit,8.0,460000000.0,,,-58201563.0,11328103.0,-2093453.0,fcf_dcf,0.08,0.08,,-0.6056344871140039,-0.7007078591142052,-0.6056344871140039,-0.5105611151138029,-240.8452272185973,pe<0
TIPCO,Consumer Defensive,6.800000190734863,0.685,0.3,-171933575.0,fcff,exit,8.0,482579640.0,,,530257669.0,841895000.0,-77424000.0,fcf_dcf,0.08,0.08,,3.515530064205007,4.341187781632333,3.5155300642050067,2.6898723467776824,-48.30102991769048,
TIPH,Financial Services,25.5,1.77,-0.14276177116902955,,fcff,exit,8.0,594292336.0,,,,129843058.0,208190121.0,fcf_dcf,0.08,0.08,,,,,,,no_intrinsic
TISCO,Financial Services,124.5,8.58,-0.07671066766438883,6868489000.0,fcff,exit,8.0,800703295.0,,,,18999767000.0,2893000.0,fcf_dcf,0.08,0.08,,,,,,,no_intrinsic
TITLE,Real Estate,9.0,0.773979,-0.3,-649467241.0,fcff,exit,8.0,782055617.0,,,1270801238.0,3376197470.0,195345252.0,fcf_dcf,0.08,0.08,,1.6918474896680566,2.9128655029164783,1.6918474896680566,0.47082947641963496,-81.20169455924382,
TK,Financial Services,4.480000019073486,0.21926600000000002,0.3,-355242000.0,fcff,exit,8.0,500000000.0,,,32547000.0,-477977000.0,10988000.0,fcf_dcf,0.08,0.08,,-1.6771390276190115,-1.6282261694641313,-1.6771390276190115,-1.726051885773891,-137.43613884996952,
TKC,Industrials,8.800000190734863,0.55,-0.3,-13367991.0,fcff,exit,8.0,400000000.0,,,353484097.0,1485460000.0,-7313000.0,fcf_dcf,0.08,0.08,,1.4756959189439245,2.1397324467562724,1.4756959189439243,0.8116593911315769,-83.2307285572832,
TKN,Consumer Defensive,4.139999866485596,0.3,-0.24409105594450065,194604314.0,fcff,exit,8.0,1365000000.0,,,751136351.0,1172436000.0,21222000.0,fcf_dcf,0.0847,0.08,,3.03594174065213,3.4494347865660866,3.0359417406521305,2.6224486947381735,-26.668071532347405,
TKS,Industrials,7.949999809265137,0.85,-0.3,144515735.0,fcff,exit,8.0,491105539.0,,,684128784.0,529657000.0,55057000.0,fcf_dcf,0.08,0.08,,8.426967020119104,9.47372218452555,8.426967020119104,7.380211855712657,5.999587701852487,
TKT,Consumer Cyclical,0.7099999785423279,-0.0009000000000000011,0.3,55703241.17,fcff,exit,8.0,350780000.0,,,59589496.86,99910185.13999999,,fcf_dcf,0.08,0.08,,1.407430228586959,1.5350790990330847,1.4074302285869593,1.2797813581408335,98.22961565104508,pe<0
TL,Technology,0.4699999988079071,0.027099999999999996,0.3,178439095.0,fcff,exit,8.0,5699252147.0,,,313865597.0,-245211489.0,-10468227.0,fcf_dcf,0.08,0.08,,0.5082242327834355,0.5496058943799669,0.5082242327834355,0.4668425711869041,8.132815760101947,
TLHPF,Unknown,4.98,0.12000000000000001,-0.3,,fcff,exit,8.0,,,,66484816.66,-9843000.0,,fcf_dcf,0.08,0.08,,,,,,,no_intrinsic
TLI,Financial Services,11.100000381469727,1.16,-0.12334253291701958,,fcff,exit,8.0,11450000000.0,,,,-12543321000.0,,fcf_dcf,0.08,0.08,,,,,,,no_intrinsic
TM,Healthcare,1.2999999523162842,0.1023,-0.3,425715482.0,fcff,exit,8.0,308000178.0,,,84832255.0,312527000.0,32490000.0,fcf_dcf,0.08,0.08,,6.376495797078953,6.583458518010802,6.376495797078953,6.169533076147106,390.4996946898026,upside>300%
TMAN,Healthcare,10.399999618530273,1.08,0.1529960096167482,86904940.0,fcff,exit,8.0,400003600.0,,,762955220.0,436316000.0,1000.0,fcf_dcf,0.1,0.09340000000000001,,10.575665534017077,11.923202413436359,10.575665534017075,9.228128654597795,1.6890954031749117,
TMC,Industrials,0.6899999976158142,-0.065,-0.3,-57677043.92,fcff,exit,8.0,458800000.0,,,16915503.89,-145831000.0,,fcf_dcf,0.08,0.08,,0.008238403291128184,0.03594247556408635,0.008238403291128179,-0.01946566898182996,-98.80602850440656,pe<0
TMD,Consumer Cyclical,27.25,2.55,-0.03069609315451982,206829172.32999998,fcff,exit,8.0,150000000.0,,,441754611.72,-129662505.63,253801623.79,fcf_dcf,0.08,0.08,,22.70291993313844,24.91587152748142,22.702919933138435,20.489968338795446,-16.68653235545527,
TMI,Industrials,0.5299999713897705,0.049999999999999996,0.3,85000203.0,fcff,exit,8.0,671442656.0,,,89283932.0,280011120.0,-9062325.0,fcf_dcf,0.08,0.08,,0.9307851687956614,1.0307037966439734,0.9307851687956614,0.8308665409473495,75.61985264922723,
TMILL,Consumer Defensive,2.5799999237060547,0.17,-0.3,145061046.0,fcff,exit,8.0,398664061.0,,,164973487.0,287481000.0,,fcf_dcf,0.08,0.08,,3.3041428810235187,3.6150918699729373,3.3041428810235187,2.9931938920740992,28.067557315167086,
TMT,Basic Materials,4.320000171661377,0.5,-0.3,46821630.0,fcff,exit,8.0,870758034.0,,,943732458.0,4759839784.0,2913900.0,fcf_dcf,0.08,0.08,,1.2727022426103685,2.087094213557349,1.2727022426103685,0.4583102716633881,-70.5393011102378,
TMW,Basic Materials,56.0,14.59,0.09612377429817331,217834914.0,fcff,exit,8.0,39900000.0,,,946654309.0,-599445000.0,,fcf_dcf,0.08,0.08,,180.71830121086222,198.5462181387947,180.71830121086222,162.89038428292972,222.71125216225397,
TNDT,Industrials,0.1899999976158142,-0.0248,-0.3,34630553.0,fcff,exit,8.0,1731582707.0,,,47223957.0,283683000.0,1437000.0,fcf_dcf,0.08,0.08,,0.08379866485483345,0.1042914608264779,0.08379866485483345,0.063305868883189,-55.89543899664835,pe<0
TNH,Healthcare,28.5,1.79,0.3,148242600.0,fcff,exit,8.0,180000000.0,,,551247251.0,-1198212000.0,2000.0,fcf_dcf,0.08,0.08,,28.54669978620349,30.84790851652088,28.54669978620349,26.2454910558861,0.1638588989596145,
TNITY,Financial Services,2.4800000190734863,-0.136,-0.18549375000000057,267089037.0,fcff,exit,8.0,214404846.0,,,74804081.0,2307742000.0,,fcf_dcf,0.08,0.08,,-3.401892791486789,-3.1397289596877576,-3.4018927914867896,-3.6640566232858207,-237.17309537593135,pe<0
TNL,Financial Services,18.899999618530273,1.55,-0.19767306835042742,-1254509815.0,fcff,exit,8.0,304622662.0,,,-306940255.0,3058813000.0,-53000.0,fcf_dcf,0.08,0.08,,-33.50142431399673,-34.25856001005551,-33.50142431399673,-32.744288617937954,-277.25621687923564,
TNP,Consumer Defensive,2.859999895095825,0.252,-0.12292194763302655,55894217.600000024,fcff,exit,8.0,800000000.0,,,336825924.7,74546845.35,0.0,fcf_dcf,0.08,0.08,,2.733042706449811,3.049414389664418,2.7330427064498104,2.416671023235203,-4.439062702894281,
TNPC,Consumer Cyclical,0.9200000166893005,-0.32,-0.3,-7660079.030000001,fcff,exit,8.0,340813930.0,,,61285233.370000005,366894000.0,,fcf_dcf,0.08,0.08,,-0.09054072152847763,0.0445795745849266,-0.09054072152847759,-0.22566101764188196,-109.84138259630649,pe<0
TNR,Consumer Defensive,6.050000190734863,0.75,-0.3,92113000.0,fcff,exit,8.0,300000000.0,,,366700000.0,578353000.0,,fcf_dcf,0.08,0.08,,6.71755923845556,7.636043537335868,6.71755923845556,5.7990749395752506,11.034033498759468,
TOA,Basic Materials,15.800000190734863,1.55,-0.1473308168351658,3615440087.0,fcff,exit,8.0,1938584500.0,,,4884975351.0,-3136107000.0,722145000.0,fcf_dcf,0.08,0.08,,24.27424596281632,26.16772160211874,24.27424596281632,22.3807703235139,53.63446626444196,
TOG,Healthcare,7.050000190734863,0.41000000000000003,0.3,148633070.0,fcff,exit,8.0,474318000.0,,,578014136.0,1462554000.0,,fcf_dcf,0.08,0.08,,5.566301879275248,6.481997073659338,5.566301879275248,4.65060668489116,-21.04536555062079,
TOP,Energy,66.75,16.29,-0.3,1881296524.0,fcff,exit,8.0,2233835566.0,,,52636360536.0,71572623000.0,21396810000.0,fcf_dcf,0.08,0.08,,103.58699998142511,121.29284804226859,103.58699998142512,85.88115192058163,55.186516826105034,
TOPP,Consumer Cyclical,134.0,23.93,-0.3,46599143.0,fcff,exit,8.0,6000000.0,,,279421281.0,-152398059.0,,fcf_dcf,0.08,0.08,,338.1699591955664,373.1636951338704,338.1699591955664,303.1762232572622,152.3656411907212,
TPA,Basic Materials,2.619999885559082,-0.049791,-0.3,14693820.0,fcff,exit,8.0,121500000.0,,,22329380.0,-66420517.0,,fcf_dcf,0.08,0.08,,2.162506726637244,2.3006031618686,2.162506726637244,2.0244102914058884,-17.46157171393209,pe<0
TPAC,Consumer Cyclical,9.899999618530273,1.52,-0.29799986471835904,433749173.0,fcff,exit,8.0,326549999.0,,,1365201016.0,3122930000.0,103997000.0,fcf_dcf,0.08,0.08,,20.862798882593587,24.004240532596008,20.862798882593587,17.721357232591163,110.7353503685369,
TPBI,Consumer Cyclical,3.700000047683716,0.577,-0.3,212536490.0,fcff,exit,8.0,416879900.0,,,531015580.0,206298000.0,54412000.0,fcf_dcf,0.08,0.08,,9.186253723936733,10.143400165024165,9.186253723936733,8.229107282849299,148.2771244742966,
TPCH,Utilities,0.9700000286102295,-2.29,0.3,587314173.1199999,fcff,exit,8.0,401200000.0,,,-317584573.21000004,2736195128.11,544091379.16,fcf_dcf,0.08,0.08,,-6.748453993093872,-7.343267134920073,-6.748453993093871,-6.153640851267669,-795.7168859842963,pe<0
TPCS,Consumer Cyclical,10.0,1.1400000000000001,0.10458783602079413,33712078.0,fcff,exit,8.0,108000000.0,,,167429459.0,-175454000.0,16542000.0,fcf_dcf,0.08,0.08,,12.109744331605059,13.27464850138905,12.109744331605059,10.944840161821068,21.09744331605059,
TPIPL,Basic Materials,0.8899999856948853,0.14,-0.29393325617283994,1098922000.0,fcff,exit,8.0,18935235000.0,,,9692046000.0,76143076000.0,10824997000.0,fcf_dcf,0.08,0.08,,-1.270745936856557,-0.8861303780884178,-1.2707459368565572,-1.6553614956246963,-242.7804446383667,
TPIPP,Utilities,1.7599999904632568,0.176,0.3,-898981000.0,fcff,exit,8.0,8400000000.0,,,3326937000.0,27060406000.0,4000.0,fcf_dcf,0.08,0.08,,-1.2928583723618443,-0.9952484734698,-1.2928583723618443,-1.5904682712538891,-173.45786246405294,
TPL,Industrials,0.47999998927116394,-0.0711,0.3,83588940.0,fcff,exit,8.0,1970603681.0,,,121858643.0,780915246.0,1920979.0,fcf_dcf,0.08,0.08,,0.15372731937874382,0.2001937303543253,0.15372731937874382,0.10726090840316235,-67.97347441357974,pe<0
TPLAS,Consumer Cyclical,1.159999966621399,0.063,-0.3,12128475.0,fcff,exit,8.0,270000000.0,,,40550923.0,-36372000.0,,fcf_dcf,0.08,0.08,,1.2273751742362056,1.3402297210368128,1.2273751742362056,1.1145206274355985,5.808207720129753,
TPOLY,Industrials,0.09000000357627869,-1.18,0.3,,fcff,exit,8.0,572759484.0,,,-432339812.39000005,4210485690.75,2243495167.34,fcf_dcf,0.08,0.08,,,,,,,no_intrinsic
TPP,Consumer Cyclical,12.899999618530273,1.676,-0.3,51531808.0,fcff,exit,8.0,37500000.0,,,95296491.0,-51961000.0,380000.0,fcf_dcf,0.08,0.08,,22.458902715394444,24.368438155195662,22.45890271539444,20.549367275593216,74.10002619793286,
TPRIME,Real Estate,8.300000190734863,0.811699,-0.3,,fcff,exit,8.0,547500000.0,,,563118835.0,1836284000.0,,fcf_dcf,0.08,0.08,,,,,,,no_intrinsic
TPS,Technology,3.0199999809265137,0.2808,0.1945948022676045,27173008.740000002,fcff,exit,8.0,419699735.0,,,164719307.46,42576335.400000006,5656401.82,fcf_dcf,0.08,0.08,,2.517949312647001,2.812858222710055,2.517949312647001,2.2230404025839468,-16.624194418884972,
TQM,Financial Services,15.5,1.1400000000000001,0.19733077550157385,705303235.0,fcff,exit,8.0,581242000.0,,,1198955701.0,456429000.0,534334000.0,fcf_dcf,0.08,0.08,,15.823197303213597,17.37318492531316,15.823197303213595,14.27320968111403,2.085143891700625,
TQR,Financial Services,6.25,0.48,-0.09189040317563202,126398056.0,fcff,exit,8.0,230000000.0,,,,-114169138.0,0.0,fcf_dcf,0.08,0.08,,,,,,,no_intrinsic
TR,Consumer Cyclical,26.25,-8.190000000000001,0.3,-161540000.0,fcff,exit,8.0,201600000.0,,,-487518000.0,3093007000.0,,fcf_dcf,0.08,0.08,,-33.26536355923723,-35.08247770316867,-33.26536355923724,-31.448249415305796,-226.72519451137993,pe<0
TRC,Industrials,0.550000011920929,-0.2246,0.3,-2726000.0,fcff,exit,8.0,1577723153.0,,,-193314000.0,1094956000.0,1551000.0,fcf_dcf,0.08,0.08,,-1.4388487619801413,-1.5309180086700636,-1.4388487619801411,-1.3467795152902189,-361.6088601443518,pe<0
TRITN,Industrials,0.019999999552965164,0.001,0.0,-34522465.0,fcff,exit,8.0,21896790985.0,,,188245456.0,190021734.0,15586771.0,fcf_dcf,0.08,0.08,,0.0356268265145359,0.042086731201554546,0.03562682651453589,0.029166921827517258,78.13413655428772,
TRP,Healthcare,4.019999980926514,0.23,-0.19292363306306048,-35739712.49000001,fcff,exit,8.0,329793200.0,,,133898607.48000002,-146596654.76000002,,fcf_dcf,0.08,0.08,,2.4272071824859855,2.7322890843825705,2.4272071824859855,2.122125280589401,-39.62171159198433,
TRT,Industrials,13.600000381469727,1.0638,-0.3,543179773.51,fcff,exit,8.0,308008272.0,,,525039348.16,310999214.4,-34960459.24,fcf_dcf,0.08,0.08,,16.803345084827665,18.0842342533894,16.803345084827665,15.522455916265937,23.554004511077515,
TRU,Consumer Cyclical,3.9000000953674316,0.37,0.3,161135549.0,fcff,exit,8.0,653052423.0,,,377537060.0,-177433000.0,61280000.0,fcf_dcf,0.08,0.08,,4.695794730925878,5.13019854102999,4.695794730925878,4.261390920821766,20.404990156377735,
TRUBB,Basic Materials,1.100000023841858,-0.212433,-0.3,311555541.0,fcff,exit,8.0,840487370.0,,,347286037.0,3447683000.0,549450000.0,fcf_dcf,0.08,0.08,,-0.7053985786645424,-0.39491530269101266,-0.7053985786645424,-1.0158818546380721,-164.12714212504,pe<0
TRUE,Communication Services,13.0,0.49,-0.3,39920908000.0,fcff,exit,8.0,34552100801.0,,,105658765000.0,412385612000.0,-324209000.0,fcf_dcf,0.08,0.08,,11.339149775740081,13.636954687456717,11.339149775740081,9.041344864023444,-12.77577095584553,
TRV,Consumer Cyclical,1.4700000286102295,0.0366,-0.3,-546417.0,fcff,exit,8.0,240000000.0,,,22933244.0,-157903000.0,0.0,fcf_dcf,0.08,0.08,,1.222723670237467,1.2945256355237742,1.222723670237467,1.1509217049511602,-16.821520650346038,
TSC,Consumer Cyclical,15.199999809265137,1.3399999999999999,0.17407426225326672,381545000.0,fcff,exit,8.0,259800000.0,,,432503000.0,-303215000.0,,fcf_dcf,0.08,0.08,,17.380698574553755,18.631625840829873,17.380698574553755,16.12977130827764,14.346702583241983,
TSE,Utilities,0.8600000143051147,0.05493700000000001,0.3,-572868672.0,fcff,exit,8.0,2117716281.0,,,533167809.0,3000262000.0,46710000.0,fcf_dcf,0.08,0.08,,-1.068503553308257,-0.8793222443364154,-1.0685035533082572,-1.2576848622800987,-224.24459715522383,
TSI,Financial Services,0.03999999910593033,-0.0474,0.3,,fcff,exit,8.0,1902913766.0,,,,28213875.0,,fcf_dcf,0.08,0.08,,,,,,,no_intrinsic
TSR,Unknown,0.03999999910593033,-0.5800000000000001,0.3,-14050000.0,fcff,exit,8.0,604358700.0,,,-100465000.0,1611481000.0,,fcf_dcf,0.1,0.09120000000000002,,-3.7108518888705273,-3.8294831323042358,-3.7108518888705273,-3.5922206454368184,-9377.129929536331,pe<0
TSTE,Consumer Defensive,10.5,0.48,-0.3,225557125.0,fcff,exit,8.0,383327181.0,,,427499165.0,1339900000.0,346378000.0,fcf_dcf,0.08,0.08,,4.7915900135191976,5.629597188056467,4.791590013519198,3.95358283898193,-54.365809395055265,
TSTH,Basic Materials,0.9900000095367432,0.18,-0.3,2025043928.0,fcff,exit,8.0,8421540848.0,,,2102327561.0,-4293048000.0,-7041000.0,fcf_dcf,0.08,0.08,,3.027416214604517,3.2149981039094695,3.0274162146045174,2.839834325299565,205.7996146910296,
TTA,Industrials,5.5,0.33,0.3,3007909000.0,fcff,exit,8.0,1805692464.0,,,3457815000.0,3528482000.0,3317451000.0,fcf_dcf,0.08,0.08,,14.759582707248587,16.19851397478501,14.759582707248587,13.320651439712169,168.35604922270159,
TTB,Financial Services,2.9200000762939453,0.21999999999999997,-0.2606842702001223,97585876000.0,fcff,exit,8.0,90628279312.0,,,,101729719000.0,45000000.0,fcf_dcf,0.08,0.08,,,,,,,no_intrinsic
TTCL,Industrials,0.07999999821186066,-7.81,-0.3,644673192.0,fcff,exit,8.0,616000043.0,,,-3926311029.0,2410244000.0,178046000.0,fcf_dcf,0.08,0.08,,-38.09482101405753,-42.88427537126117,-38.09482101405753,-33.30536665685389,-47718.52733192894,pe<0
TTI,Consumer Cyclical,25.0,-1.39,0.3,-18176917.0,fcff,exit,8.0,50000000.0,,,31787515.0,-157500149.0,144336214.0,fcf_dcf,0.08,0.08,,2.548727457028706,3.0264422117806387,2.548727457028706,2.0710127022767733,-89.80509017188518,pe<0
TTT,Consumer Cyclical,47.0,1.0,-0.3,675856877.0,fcff,exit,8.0,57840000.0,,,645241208.0,-1927285000.0,,fcf_dcf,0.08,0.08,,149.76047808684092,158.14302307056596,149.76047808684092,141.37793310311588,218.63931507838493,
TTW,Utilities,10.399999618530273,0.77,0.11070272911410539,3160780392.0,fcff,exit,8.0,3990000000.0,,,4668366243.0,5570584000.0,40203000.0,fcf_dcf,0.08,0.08,,8.974806387897095,9.853978909250593,8.974806387897095,8.095633866543599,-13.703781566432275,
TU,Consumer Defensive,13.100000381469727,1.18,-0.28782110480986756,2669275000.0,fcff,exit,8.0,3855093796.0,,,12170559000.0,69410485000.0,7402799000.0,fcf_dcf,0.08,0.08,,1.9787455889806171,4.350980311209114,1.9787455889806174,-0.39348913324787993,-84.8950722796955,
TU-PF,Unknown,1.1200000047683716,0.249339,0.1354111059737677,,fcff,exit,8.0,104229800.0,,,4758423.41,29008222.14,,fcf_dcf,0.1,0.09120000000000002,,,,,,,no_intrinsic
TURBO,Financial Services,1.7300000190734863,0.244248,-0.06248031846400004,-330789262.0,fcff,exit,8.0,2670000000.0,,,998426392.0,8963171897.0,,fcf_dcf,0.1,0.09120000000000002,,-1.7303561549670243,-1.463495920455739,-1.7303561549670246,-1.99721638947831,-200.02058588957294,
TURTLE,Consumer Cyclical,3.680000066757202,-0.04,0.0,,fcff,exit,8.0,1589549287.0,,,,-1908305763.0,,fcf_dcf,0.08,0.08,,,,,,,no_intrinsic
TVDH,Consumer Cyclical,0.03999999910593033,-0.0348,-0.3,-4091408.0,fcff,exit,8.0,2278074514.0,,,126433088.0,148586933.0,2914562.0,fcf_dcf,0.08,0.08,,0.25953599889206325,0.30123972899217893,0.25953599889206325,0.21783226879194756,548.8400117328625,upside>300%|pe<0
TVH,Financial Services,11.699999809265137,2.433,-0.3,,fcff,exit,8.0,299787556.0,,,,-297284000.0,900866000.0,fcf_dcf,0.08,0.08,,,,,,,no_intrinsic
TVO,Consumer Defensive,27.5,3.07,-0.3,508798701.0,fcff,exit,8.0,889471248.0,,,3569656018.0,-380577000.0,410995000.0,fcf_dcf,0.08,0.08,,26.508061385164638,29.523680833642256,26.508061385164638,23.49244193668702,-3.607049508492227,
TVT,Communication Services,0.23000000417232513,-0.027661,0.0,14435757.079999998,fcff,exit,8.0,800030075.0,,,-7246676.58,-27219000.0,0.0,fcf_dcf,0.08,0.08,,0.0558234735778397,0.04901711779168516,0.0558234735778397,0.06262982936399422,-75.72892497166454,pe<0
TWP,Basic Materials,1.7400000095367432,0.1867,-0.3,-295724485.0,fcff,exit,8.0,266953705.0,,,47730393.0,358233554.0,,fcf_dcf,0.08,0.08,,-4.948444189074662,-4.814093116196075,-4.948444189074662,-5.082795261953249,-384.3933426409655,
TWPC,Consumer Defensive,2.6600000858306885,0.26,0.3,-250054675.0,fcff,exit,8.0,880420930.0,,,746374997.0,1054377000.0,751446000.0,fcf_dcf,0.08,0.08,,1.8447970387457808,2.481810786885081,1.8447970387457808,1.20778329060648,-30.646730104534143,
TWZ,Consumer Cyclical,0.009999999776482582,-0.024380000000000002,0.3,1674118333.0,fcff,exit,8.0,19860911512.0,,,-2407327510.0,1523300000.0,-33856000.0,fcf_dcf,0.08,0.08,,-0.44741709753185305,-0.5384960618972661,-0.44741709753185305,-0.35633813316644,-4574.171075324047,pe<0
TYCN,Basic Materials,1.6799999475479126,0.12,0.3,-811476913.0,fcff,exit,8.0,596748900.0,,,393840201.0,1498604000.0,410828000.0,fcf_dcf,0.08,0.08,,-4.978851584257661,-4.48293286854061,-4.978851584257661,-5.474770299974711,-396.3602226014752,
UAC,Basic Materials,2.5399999618530273,0.10999999999999999,0.3,122010998.0,fcff,exit,8.0,667606199.0,,,248845325.0,-65987000.0,130000000.0,fcf_dcf,0.08,0.08,,2.9171198954622537,3.197205770090304,2.9171198954622537,2.637034020834204,14.847241703661402,
UBA,Industrials,1.3300000429153442,0.11,-0.3,8627609.540000001,fcff,exit,8.0,600000000.0,,,106418616.39999999,-358918716.75,,fcf_dcf,0.08,0.08,,1.7251626420762416,1.8584375647268636,1.7251626420762416,1.5918877194256194,29.711472662414778,
UBE,Consumer Defensive,0.5400000214576721,-0.047,0.3,631441845.0,fcff,exit,8.0,3914286000.0,,,397893383.0,158512000.0,177216000.0,fcf_dcf,0.08,0.08,,1.2070006995373268,1.2833836172448634,1.2070006995373268,1.1306177818297898,123.51863918063519,pe<0
UBIS,Basic Materials,1.4900000095367432,0.09999999999999998,-0.3,39188000.0,fcff,exit,8.0,285000000.0,,,101464000.0,123933000.0,7305000.0,fcf_dcf,0.08,0.08,,2.2607068923950457,2.528222546670279,2.2607068923950453,1.9931912381198122,51.725293820496255,
UEC,Basic Materials,0.7599999904632568,-0.134,0.3,32814632.0,fcff,exit,8.0,570510600.0,,,-60760768.0,-435580000.0,,fcf_dcf,0.08,0.08,,0.36633219167868974,0.28630425533579684,0.36633219167868974,0.4463601280215826,-51.798395226900915,pe<0
UKEM,Basic Materials,1.4800000190734863,0.35000000000000003,-0.3,61830537.0,fcff,exit,8.0,1083902251.0,,,512899587.0,482106000.0,5929000.0,fcf_dcf,0.08,0.08,,2.63536007972425,2.9909294253858367,2.6353600797242493,2.279790734062663,78.06486795682915,
UMI,Industrials,0.9300000071525574,0.45600000000000007,-0.3,269029686.0,fcff,exit,8.0,836504741.0,,,658971731.0,68184000.0,81071000.0,fcf_dcf,0.08,0.08,,5.916215465567561,6.508159242205049,5.916215465567561,5.324271688930073,536.1521957060656,upside>300%
UMS,Energy,0.7200000286102295,0.019000000000000003,0.3,-71257490.0,fcff,exit,8.0,2388349543.0,,,-195825895.0,260123596.0,15.0,fcf_dcf,0.1,0.08679999999999999,,-0.710391924963739,-0.7700988826443403,-0.710391924963739,-0.6506849672831376,-198.66554121323628,
UNIQ,Industrials,2.700000047683716,0.897633,0.3,-1868076821.0,fcff,exit,8.0,1081016253.0,,,2878008751.0,22246356000.0,85000.0,fcf_dcf,0.08,0.08,,-11.877701917395486,-9.877186199600875,-11.877701917395486,-13.878217635190097,-539.9148780602861,
UNIX,Consumer Cyclical,2.2799999713897705,0.22999999999999998,0.0,,fcff,exit,8.0,144000000.0,,,,1194728590.0,,fcf_dcf,0.1,0.08900000000000001,,,,,,,no_intrinsic
UP,Consumer Cyclical,26.0,2.3888,0.3,-44212076.0,fcff,exit,8.0,25000000.0,,,110390444.0,-63161000.0,,fcf_dcf,0.08,0.08,,21.596870571674618,24.91484895925332,21.596870571674618,18.278892184095913,-16.935113185866854,
UPF,Consumer Cyclical,23.700000762939453,-0.07000000000000006,0.3,25438314.0,fcff,exit,8.0,7500000.0,,,24345373.0,-60001000.0,,fcf_dcf,0.08,0.08,,41.84651067789787,44.28565361227306,41.84651067789787,39.40736774352268,76.56754991896358,pe<0
UPOIC,Consumer Defensive,6.75,0.543209,0.16295166485767343,37409746.0,fcff,exit,8.0,324050000.0,,,341664628.0,150891000.0,,fcf_dcf,0.08,0.08,,6.3603271112607445,7.152591389631823,6.3603271112607445,5.568062832889666,-5.772931685026008,
UREKA,Industrials,0.4000000059604645,0.0056700000000000006,0.0,87966665.0,fcff,exit,8.0,1882220881.0,,,55491303.0,241162000.0,1279000.0,fcf_dcf,0.08,0.08,,0.24591865471465507,0.2680718520933725,0.24591865471465507,0.22376545733593764,-38.5203372374546,
UTP,Basic Materials,8.75,1.01,-0.3,614859020.0,fcff,exit,8.0,650000000.0,,,1005855245.8199999,-1805995852.54,,fcf_dcf,0.08,0.08,,16.078253484916228,17.241051307783877,16.078253484916228,14.915455662048574,83.75146839904261,
UV,Utilities,0.9900000095367432,-0.048,-0.3,2795340859.0,fcff,exit,8.0,1911926537.0,,,2118750995.0,15340985000.0,4127329000.0,fcf_dcf,0.08,0.08,,2.6575369822659716,3.490241267753992,2.657536982265971,1.8248326967779507,168.43807643088098,pe<0
UVAN,Consumer Defensive,14.300000190734863,2.01,0.3,916197583.0,fcff,exit,8.0,940000000.0,,,1793734363.0,-913385000.0,343612000.0,fcf_dcf,0.08,0.08,,16.19604269846698,17.629921208447517,16.19604269846698,14.762164188486441,13.259038338758788,
VARO,Basic Materials,6.25,1.31,-0.3,181785289.0,fcff,exit,8.0,99902123.0,,,277398379.0,706349000.0,,fcf_dcf,0.08,0.08,,17.310870451136402,19.397336310824244,17.310870451136402,15.22440459144856,176.97392721818244,
VCOM,Technology,3.9200000762939453,0.42,-0.10849160368043431,-252606533.0,fcff,exit,8.0,307005200.0,,,249711471.0,258167000.0,41326000.0,fcf_dcf,0.08,0.08,,0.43688323136428203,1.0480712652446886,0.43688323136428187,-0.17430480251612404,-88.8550198249659,
VGI,Industrials,0.9900000095367432,0.022,0.3,-649523727.0,fcff,exit,8.0,21101284893.0,,,-258791908.0,-4765054000.0,1616237000.0,fcf_dcf,0.08,0.08,,-0.05457871634667245,-0.06379432179572543,-0.05457871634667244,-0.045363110897619456,-105.51300159807188,
VIBE,Consumer Cyclical,0.2800000011920929,-0.038000000000000006,0.3,-1425648.0,fcff,exit,8.0,547680522.0,,,-1275244.0,-27599672.0,56757849.0,fcf_dcf,0.08,0.08,,-0.07823672953076409,-0.0799863670152246,-0.07823672953076409,-0.07648709204630359,-127.941688999169,pe<0
VIBHA,Healthcare,1.350000023841858,0.062,-0.3,349007731.0,fcff,exit,8.0,13484805805.0,,,2857027011.0,7310947000.0,835372000.0,fcf_dcf,0.08,0.08,,0.7788867909474309,0.9380899683287957,0.7788867909474309,0.6196836135660659,-42.304683170978116,
VIH,Healthcare,8.399999618530273,0.7036,-0.045706649056204696,374333177.0,fcff,exit,8.0,626824035.0,,,756702296.0,-668273000.0,5097000.0,fcf_dcf,0.08,0.08,,10.838553553896036,11.745666765698262,10.838553553896036,9.93144034209381,29.030405310809172,
VL,Industrials,0.800000011920929,0.0409,-0.3,151236222.94,fcff,exit,8.0,1183626515.0,,,218165678.67000002,198771671.52,,fcf_dcf,0.08,0.08,,1.4800317506834415,1.6185330428840818,1.4800317506834415,1.3415304584828014,85.00396607865626,
VNG,Basic Materials,1.9700000286102295,-0.34,0.3,-1720679190.1299999,fcff,exit,8.0,1735237480.0,,,408743245.28,9563711000.0,62344000.0,fcf_dcf,0.08,0.08,,-8.3218230166971,-8.144822819363295,-8.3218230166971,-8.498823214030907,-522.4275581644471,pe<0
VPO,Consumer Defensive,0.47999998927116394,0.038000000000000006,0.3,-240432321.0,fcff,exit,8.0,940000000.0,,,-41565525.0,523699063.0,901298.0,fcf_dcf,0.08,0.08,,-1.9047908174183903,-1.9380175394364032,-1.9047908174183903,-1.8715640954003774,-496.83142916537156,
VRANDA,Real Estate,4.460000038146973,0.072,0.3,-219704473.0,fcff,exit,8.0,319681672.0,,,480547244.0,3337916000.0,,fcf_dcf,0.08,0.08,,-4.30935757310318,-3.179820644225258,-4.30935757310318,-5.438894501981102,-196.62236628351286,
VS,Industrials,0.25,-0.052461999999999995,-0.3,562751.0,fcff,exit,8.0,250000000.0,,,-2098237.0,22885293.0,2600.0,fcf_dcf,0.08,0.08,,-0.13249205414731619,-0.13879867342137037,-0.13249205414731619,-0.12618543487326203,-152.99682165892648,pe<0
WACOAL,Consumer Cyclical,16.100000381469727,-1.27,-0.3,-159534608.0,fcff,exit,8.0,120000000.0,,,138416090.0,-123439000.0,197000.0,fcf_dcf,0.08,0.08,,2.3427967373942242,3.209533888862752,2.3427967373942247,1.4760595859256962,-85.44846781438179,pe<0
WARRIX,Consumer Cyclical,1.25,-0.13,0.3,-56101919.79,fcff,exit,8.0,589080000.0,,,80888233.79,66099000.0,39579000.0,fcf_dcf,0.08,0.08,,0.24358250468952647,0.34676194217285,0.2435825046895265,0.14040306720620288,-80.51339962483787,pe<0
WASH,Industrials,3.6600000858306885,0.14,0.0,106911540.0,fcff,exit,8.0,352941176.0,,,617352501.0,1499890636.0,,fcf_dcf,0.1,0.08900000000000001,,7.087661276725773,8.348595242552376,7.087661276725773,5.826727310899171,93.65194291019063,
WAVE,Consumer Defensive,0.03999999910593033,0.0395,0.3,4668005.0,fcff,exit,8.0,11462937100.0,,,488841824.0,122519694.0,-247017425.0,fcf_dcf,0.08,0.08,,0.2689383875408546,0.30098296342139064,0.2689383875408546,0.23689381166031848,572.3459838802403,upside>300%
WFX,Consumer Cyclical,1.2300000190734863,-0.11,-0.3,73942913.0,fcff,exit,8.0,464200000.0,,,132772244.0,202721990.0,,fcf_dcf,0.08,0.08,,1.955821608141526,2.1707452745478557,1.955821608141526,1.7408979417351964,59.00988437502419,pe<0
WGE,Industrials,0.6800000071525574,0.2107,0.3,178367388.52,fcff,exit,8.0,600000000.0,,,208651630.79,-185156279.89000005,,fcf_dcf,0.08,0.08,,3.6553225614558142,3.916630506392255,3.6553225614558142,3.3940146165193728,437.5474298540332,upside>300%
WHA,Real Estate,4.820000171661377,0.253,0.3,-225312131.0,fcff,exit,8.0,14946834679.0,,,7547232713.0,49232619245.0,3742503654.0,fcf_dcf,0.08,0.08,,-0.5725762051392678,-0.19315588013194973,-0.5725762051392678,-0.9519965301465863,-111.87917395741316,
WHABT,Real Estate,6.25,0.434886,0.3,,fcff,exit,8.0,202000000.0,,,100358186.0,353579856.0,,fcf_dcf,0.08,0.08,,,,,,,no_intrinsic
WHAIR,Real Estate,8.0,0.6558569999999999,0.3,,fcff,exit,8.0,1058806116.0,,,487876045.0,4138106913.0,,fcf_dcf,0.08,0.08,,,,,,,no_intrinsic
WHART,Real Estate,10.800000190734863,0.768332,-0.08158837332433055,,fcff,exit,8.0,3468827441.0,,,2939613603.0,15055113585.0,,fcf_dcf,0.08,0.08,,,,,,,no_intrinsic
WHAUP,Utilities,7.400000095367432,0.39,-0.3,755885417.0,fcff,exit,8.0,3825000000.0,,,2724109243.0,16072907294.0,71.0,fcf_dcf,0.08,0.08,,0.9142351827132651,1.4493847291459896,0.914235182713265,0.37908563628054054,-87.64547066309369,
WICE,Industrials,3.1600000858306885,0.16,0.3,98748001.0,fcff,exit,8.0,640999500.0,,,278337176.0,-55036000.0,315633000.0,fcf_dcf,0.08,0.08,,2.8547332091758255,3.181017081012268,2.854733209175826,2.5284493373393833,-9.660343935548205,
WIIK,Industrials,1.2599999904632568,0.13069,-0.3,342337915.0,fcff,exit,8.0,837683469.0,,,250970912.0,173917000.0,40463000.0,fcf_dcf,0.08,0.08,,3.2720867912522795,3.497212723966475,3.2720867912522795,3.046960858538084,159.68942984271376,
WIN,Real Estate,0.28999999165534973,0.0007360000000000001,0.3,17980162.0,fcff,exit,8.0,561144020.0,,,15570861.0,84691223.0,56340085.0,fcf_dcf,0.08,0.08,,0.050882837403857926,0.07173352445994727,0.0508828374038579,0.03003215034776864,-82.45419349379513,
WINDOW,Basic Materials,0.7300000190734863,0.056398000000000004,-0.22752380371093783,26304853.0,fcff,exit,8.0,888000000.0,,,101974542.0,-126486602.0,989869.0,fcf_dcf,0.08,0.08,,0.9568272695328277,1.043117351005007,0.9568272695328279,0.8705371880606485,31.072225278463662,
WINMED,Healthcare,1.2300000190734863,0.032,-0.3,32847914.890000008,fcff,exit,8.0,400000000.0,,,89961952.77,370962555.74,,fcf_dcf,0.08,0.08,,0.7716040791254347,0.9406018452473125,0.7716040791254347,0.6026063130035567,-37.26796201949203,
WINNER,Consumer Defensive,2.200000047683716,0.21,-0.07204174593228674,125357403.0,fcff,exit,8.0,599974662.0,,,215937397.0,309587000.0,,fcf_dcf,0.08,0.08,,2.5304964176639793,2.800940220133224,2.5304964176639797,2.2600526151947347,15.022561946224894,
WORK,Communication Services,3.4800000190734863,0.010000000000000009,0.3,78748610.0,fcff,exit,8.0,441560485.0,,,190952935.0,-1036953000.0,-6901000.0,fcf_dcf,0.08,0.08,,5.717271593741616,6.042222848045597,5.717271593741617,5.392320339437637,64.28941271281315,
WP,Utilities,3.7799999713897705,0.31,-0.1451958089702745,90482142.0,fcff,exit,8.0,500634800.0,,,655760592.0,-98779913.0,-315442.0,fcf_dcf,0.08,0.08,,8.835720012358786,9.819972136284594,8.835720012358786,7.851467888432977,133.74920844536962,
WPH,Healthcare,6.349999904632568,0.39804000000000006,0.3,-179171784.0,fcff,exit,8.0,714125065.0,,,610287259.0,1225816000.0,114123000.0,fcf_dcf,0.08,0.08,,2.2006696653273745,2.842827976839512,2.2006696653273745,1.5585113538152373,-65.34378427750995,
WSOL,Industrials,0.029999999329447746,-0.7200000000000001,0.0,-98988000.0,fcff,exit,8.0,2431768238.0,,,-4471153000.0,5049998000.0,409450000.0,fcf_dcf,0.08,0.08,,-13.469798549039611,-14.85138934410597,-13.469798549039611,-12.08820775397325,-44999.32950037692,pe<0
XBIO,Consumer Cyclical,0.07000000029802322,-0.17824099999999998,-0.3,-311184298.0,fcff,exit,8.0,12190177039.0,,,-652446297.0,123960000.0,62901000.0,fcf_dcf,0.08,0.08,,-0.4449461163509479,-0.48516378012473893,-0.44494611635094794,-0.40472845257715684,-735.637306366573,pe<0
XO,Consumer Defensive,19.299999237060547,1.27,0.13726748998201677,495812162.0,fcff,exit,8.0,428264050.0,,,584385964.0,-549930000.0,,fcf_dcf,0.08,0.08,,14.379263296016795,15.404608815521211,14.379263296016795,13.353917776512379,-25.496042153176766,
XPG,Financial Services,0.5099999904632568,0.0191,-4.440892098500626e-16,-1352100199.0,fcff,exit,8.0,10700191101.0,,,352020930.0,-76542663.0,,fcf_dcf,0.0814,0.08,,-0.3290734502041299,-0.3043528487331694,-0.3290734502041299,-0.35379405167509037,-164.5242071289486,
XYZ,Basic Materials,0.25,-0.146,8.881784197001252e-16,-625663519.0,fcff,exit,8.0,1746739583.0,,,-87426326.0,81438000.0,271004000.0,fcf_dcf,0.08,0.08,,-2.0163114699146663,-2.053920847611697,-2.0163114699146663,-1.9787020922176357,-906.5245879658665,pe<0
YGG,Communication Services,0.17000000178813934,-0.058,0.3,,fcff,exit,8.0,601997187.0,,,-11733134.0,2522680.0,0.0,fcf_dcf,0.08,0.08,,,,,,,no_intrinsic
YONG,Basic Materials,0.7099999785423279,0.02,0.3,8324817.0,fcff,exit,8.0,680000000.0,,,112444527.0,259231000.0,,fcf_dcf,0.08,0.08,,0.664547302671042,0.7888016208480937,0.6645473026710419,0.5402929844939905,-6.401785527459158,
YUASA,Consumer Cyclical,15.0,2.61,-0.13578363927494475,258824009.0,fcff,exit,8.0,107625000.0,,,382414362.0,-768977832.0,,fcf_dcf,0.08,0.08,,38.66725955160209,41.33720944590057,38.66725955160209,35.997309657303624,157.78173034401394,
ZAA,Communication Services,1.6100000143051147,-0.08379999999999999,-0.2043800487730526,-30759966.0,fcff,exit,8.0,650059588.0,,,-39804566.0,-137816000.0,8121000.0,fcf_dcf,0.08,0.08,,-0.3685387106588154,-0.41454972484124025,-0.36853871065881544,-0.3225276964763905,-122.89060294312351,pe<0
ZEN,Consumer Cyclical,5.400000095367432,0.16,0.10381289062499954,361632000.0,fcff,exit,8.0,298184500.0,,,528059000.0,662615000.0,132782000.0,fcf_dcf,0.08,0.08,,13.103176655129321,14.43387453755971,13.103176655129321,11.772478772698934,142.65141525405366,
ZIGA,Basic Materials,1.159999966621399,0.05,-0.3,43989754.0,fcff,exit,8.0,737328449.0,,,71621407.0,65917742.0,0.0,fcf_dcf,0.08,0.08,,0.7466402037054845,0.8196303003746971,0.7466402037054843,0.6736501070362718,-35.634463345706884,
