symbol,period,eps
A,2026Q2,1.2
A,2026Q1,1.07
A,2025Q4,1.53
A,2025Q3,1.18
A,2025Q2,0.75
AA,2026Q2,1.53
AA,2026Q1,1.6
AA,2025Q4,0.85
AA,2025Q3,0.88
AA,2025Q2,0.62
AAMI,2026Q2,0.76
AAMI,2026Q1,0.68
AAMI,2025Q4,0.97
AAMI,2025Q3,0.42
AAMI,2025Q2,0.28
AAPL,2026Q2,2.02
AAPL,2026Q1,2.01
AAPL,2025Q4,2.84
AAPL,2025Q3,1.85
AAPL,2025Q2,1.57
AARD,2026Q1,-0.99
AARD,2025Q4,-0.81
AARD,2025Q3,-0.75
AARD,2025Q2,-0.66
AARD,2025Q1,-0.71
AAT,2026Q2,0.09
AAT,2026Q1,0.08
AAT,2025Q4,0.05
AAT,2025Q3,0.07
AAT,2025Q2,0.09
ABAT,2026Q1,-0.26
ABAT,2025Q4,-0.07
ABAT,2025Q3,-0.09
ABAT,2025Q1,-0.14
ABAT,2024Q4,-0.18
ABBV,2026Q2,2.03
ABBV,2026Q1,0.39
ABBV,2025Q4,1.02
ABBV,2025Q3,0.1
ABBV,2025Q2,0.52
ABCB,2026Q2,0.77
ABCB,2026Q1,1.63
ABCB,2025Q4,1.59
ABCB,2025Q3,1.54
ABCB,2025Q2,1.6
ABM,2026Q2,0.73
ABM,2026Q1,0.64
ABM,2025Q4,0.56
ABM,2025Q3,0.67
ABM,2025Q2,0.67
ABNB,2026Q2,1.37
ABNB,2026Q1,0.26
ABNB,2025Q4,0.56
ABNB,2025Q3,2.21
ABNB,2025Q2,1.03
ABOS,2026Q1,-0.33
ABOS,2025Q3,-0.44
ABOS,2025Q2,-0.68
ABOS,2025Q1,-0.48
ABT,2026Q2,0.53
ABT,2026Q1,0.61
ABT,2025Q4,1.01
ABT,2025Q3,0.94
ABT,2025Q2,1.01
ACET,2026Q2,-1.99
ACET,2026Q1,-1.88
ACET,2025Q4,-2.94
ACET,2025Q3,-4.64
ACET,2025Q2,-5.48
ACGL,2026Q2,3.0
ACGL,2026Q1,2.88
ACGL,2025Q4,3.35
ACGL,2025Q3,3.56
ACGL,2025Q2,3.23
ACHC,2026Q2,0.12
ACHC,2026Q1,0.05
ACHC,2025Q4,-13.02
ACHC,2025Q3,0.4
ACHC,2025Q2,0.33
ACHR,2026Q1,-0.28
ACHR,2025Q3,-0.2
ACHR,2025Q2,-0.36
ACHR,2025Q1,-0.17
ACI,2026Q2,0.17
ACI,2026Q1,-0.94
ACI,2025Q4,0.55
ACI,2025Q3,0.3
ACI,2025Q2,0.41
ACIU,2026Q1,-0.15
ACIU,2025Q3,-0.16
ACIU,2025Q2,-0.21
ACIU,2025Q1,-0.19
ACMR,2026Q2,1.23
ACMR,2026Q1,0.24
ACMR,2025Q4,0.11
ACMR,2025Q3,0.52
ACMR,2025Q2,0.44
ACN,2026Q2,3.8
ACN,2026Q1,2.93
ACN,2025Q4,3.54
ACN,2025Q3,2.25
ACN,2025Q2,3.49
ACNB,2026Q2,1.49
ACNB,2026Q1,1.32
ACNB,2025Q4,1.04
ACNB,2025Q3,1.42
ACNB,2025Q2,1.11
ACNT,2026Q2,0.07
ACNT,2026Q1,-0.21
ACNT,2025Q4,-0.11
ACNT,2025Q3,-0.22
ACNT,2025Q2,0.65
ACOG,2026Q1,-0.32
ACOG,2025Q3,-0.3
ACOG,2025Q2,-0.65
ACOG,2025Q1,-0.11
ACON,2026Q2,-1.12
ACON,2026Q1,-1.34
ACON,2025Q3,-2.93
ACON,2025Q2,-2.75
ACON,2025Q1,-9.32
ACRE,2026Q2,0.08
ACRE,2026Q1,-0.17
ACRE,2025Q4,-0.07
ACRE,2025Q3,0.08
ACRE,2025Q2,-0.2
ACRS,2026Q2,-0.15
ACRS,2026Q1,-0.15
ACRS,2025Q4,-0.16
ACRS,2025Q3,-0.12
ACRS,2025Q2,-0.13
ACT,2026Q2,1.25
ACT,2026Q1,1.18
ACT,2025Q4,1.22
ACT,2025Q3,1.1
ACT,2025Q2,1.11
ACTG,2026Q2,0.0
ACTG,2026Q1,-0.16
ACTG,2025Q4,0.04
ACTG,2025Q3,-0.03
ACTG,2025Q2,-0.03
ACTU,2026Q1,-0.24
ACTU,2025Q3,-0.25
ACTU,2025Q2,-0.3
ACTU,2025Q1,-0.32
ACVA,2026Q1,-0.06
ACVA,2025Q4,-0.11
ACVA,2025Q3,-0.14
ACVA,2025Q2,-0.04
ACVA,2025Q1,-0.09
ACXP,2026Q1,-0.62
ACXP,2025Q3,-1.23
ACXP,2025Q2,-1.89
ACXP,2025Q1,-2.15
ADBE,2026Q2,4.25
ADBE,2026Q1,4.6
ADBE,2025Q4,4.45
ADBE,2025Q3,4.18
ADBE,2025Q2,3.94
ADGM,2026Q1,-0.31
ADGM,2025Q4,-0.21
ADGM,2025Q3,-0.66
ADGM,2025Q2,-0.35
ADGM,2025Q1,-0.51
ADI,2026Q2,2.4
ADI,2026Q1,1.69
ADI,2025Q4,1.6
ADI,2025Q3,1.04
ADI,2025Q2,1.14
ADMA,2026Q2,0.16
ADMA,2026Q1,0.19
ADMA,2025Q4,0.2
ADMA,2025Q3,0.15
ADMA,2025Q2,0.14
ADP,2026Q2,2.45
ADP,2026Q1,3.38
ADP,2025Q4,2.62
ADP,2025Q3,2.49
ADP,2025Q2,2.23
ADSK,2026Q2,2.32
ADSK,2026Q1,1.48
ADSK,2025Q4,1.6
ADSK,2025Q3,1.46
ADSK,2025Q2,0.7
ADT,2026Q2,0.19
ADT,2026Q1,0.19
ADT,2025Q4,0.17
ADT,2025Q3,0.16
ADT,2025Q2,0.18
AEE,2026Q2,1.13
AEE,2026Q1,1.28
AEE,2025Q3,2.35
AEE,2025Q2,1.01
AEE,2025Q1,1.07
AEHR,2026Q2,0.04
AEHR,2026Q1,-0.1
AEHR,2025Q4,-0.11
AEHR,2025Q3,-0.07
AEHR,2025Q2,-0.1
AEM,2026Q2,3.17
AEM,2026Q1,3.38
AEM,2025Q4,3.04
AEM,2025Q3,2.1
AEM,2025Q2,2.12
AENT,2026Q1,0.05
AENT,2025Q4,0.18
AENT,2025Q3,0.1
AENT,2025Q1,0.04
AENT,2024Q4,0.14
AEP,2026Q2,1.3
AEP,2026Q1,1.6
AEP,2025Q3,1.81
AEP,2025Q2,2.29
AEP,2025Q1,1.5
AES,2026Q2,0.6
AES,2026Q1,0.68
AES,2025Q3,0.89
AES,2025Q2,-0.15
AES,2025Q1,0.07
AESI,2026Q2,-0.2
AESI,2026Q1,-0.38
AESI,2025Q4,-0.18
AESI,2025Q3,-0.19
AESI,2025Q2,-0.04
AFBI,2026Q1,0.36
AFBI,2025Q4,0.34
AFBI,2025Q3,0.34
AFBI,2025Q2,0.33
AFBI,2025Q1,0.28
AFL,2026Q2,1.63
AFL,2026Q1,1.98
AFL,2025Q4,2.64
AFL,2025Q3,3.08
AFL,2025Q2,1.11
AGCO,2026Q2,1.08
AGCO,2026Q1,0.76
AGCO,2025Q4,1.3
AGCO,2025Q3,4.09
AGCO,2025Q2,4.22
AGEN,2026Q2,-0.01
AGEN,2026Q1,1.02
AGEN,2025Q3,1.94
AGEN,2025Q2,-1.0
AGEN,2025Q1,-1.03
AGIO,2026Q2,-1.69
AGIO,2026Q1,-1.69
AGIO,2025Q3,-1.78
AGIO,2025Q1,-1.55
AGM,2026Q2,5.41
AGM,2026Q1,4.75
AGM,2025Q4,3.71
AGM,2025Q3,4.44
AGM,2025Q2,4.48
AGO,2026Q2,0.88
AGO,2026Q1,1.91
AGO,2025Q4,2.53
AGO,2025Q3,2.18
AGO,2025Q2,2.08
AHR,2026Q2,0.16
AHR,2026Q1,0.13
AHR,2025Q4,0.06
AHR,2025Q3,0.33
AHR,2025Q2,0.06
AHT,2026Q1,-11.03
AHT,2025Q4,-12.33
AHT,2025Q3,-11.35
AHT,2025Q2,-6.88
AHT,2025Q1,-4.91
AI,2026Q2,-0.79
AI,2026Q1,-0.94
AI,2025Q4,-0.75
AI,2025Q3,-0.86
AI,2025Q2,-0.6
AIG,2026Q2,1.78
AIG,2026Q1,1.41
AIG,2025Q3,0.93
AIG,2025Q2,1.98
AIG,2025Q1,1.16
AII,2026Q1,1.02
AII,2025Q4,1.07
AII,2025Q3,0.67
AII,2025Q2,1.62
AII,2025Q1,1.945477
AIMD,2026Q1,-0.41
AIMD,2025Q3,-0.64
AIMD,2025Q2,-0.99
AIMD,2025Q1,-1.04
AIN,2026Q1,0.54
AIN,2025Q4,0.48
AIN,2025Q3,-3.37
AIN,2025Q2,0.31
AIN,2025Q1,0.56
AIRE,2026Q1,-0.75
AIRE,2025Q3,-1.75
AIRE,2025Q2,-2.0
AIRE,2025Q1,-1.5
AISP,2026Q2,-0.07
AISP,2026Q1,-0.02
AISP,2025Q3,0.15
AISP,2025Q2,-0.75
AISP,2025Q1,0.61
AIT,2026Q1,2.65
AIT,2025Q4,2.51
AIT,2025Q3,2.63
AIT,2025Q2,2.8
AIT,2025Q1,2.57
AIZ,2026Q2,5.95
AIZ,2026Q1,5.41
AIZ,2025Q4,4.41
AIZ,2025Q3,5.17
AIZ,2025Q2,4.56
AJG,2026Q2,1.25
AJG,2026Q1,3.16
AJG,2025Q4,0.58
AJG,2025Q3,1.04
AJG,2025Q2,1.4
AKAM,2026Q2,0.52
AKAM,2026Q1,0.71
AKAM,2025Q4,0.58
AKAM,2025Q3,0.97
AKAM,2025Q2,0.71
AKO-B,2026Q2,224.94
AKO-B,2026Q1,629.16
AKO-B,2025Q4,654.0
AKO-B,2025Q3,345.18
AKO-B,2025Q2,224.76
ALB,2026Q2,3.72
ALB,2026Q1,2.34
ALB,2025Q4,-3.87
ALB,2025Q3,-1.72
ALB,2025Q2,-0.16
ALCO,2026Q1,1.49
ALCO,2025Q4,-0.45
ALCO,2025Q2,-2.39
ALCO,2025Q1,-14.58
ALCO,2024Q4,-1.2
ALGM,2026Q2,0.08
ALGM,2026Q1,-0.09
ALGM,2025Q4,0.04
ALGM,2025Q3,0.03
ALGM,2025Q2,-0.07
ALGN,2026Q2,1.51
ALGN,2026Q1,1.57
ALGN,2025Q4,1.89
ALGN,2025Q3,0.78
ALGN,2025Q2,1.72
ALIT,2026Q2,-0.38
ALIT,2026Q1,-0.8
ALIT,2025Q4,-35.640294
ALIT,2025Q3,-40.4
ALIT,2025Q2,-40.61
ALL,2026Q2,12.51
ALL,2026Q1,9.25
ALL,2025Q4,14.37
ALL,2025Q3,13.95
ALL,2025Q2,7.76
ALLR,2026Q1,-0.17
ALLR,2025Q3,-0.19
ALLR,2025Q2,-0.15
ALLR,2025Q1,-0.25
ALRM,2026Q2,0.48
ALRM,2026Q1,0.47
ALRM,2025Q4,0.66
ALRM,2025Q3,0.65
ALRM,2025Q2,0.63
ALSN,2026Q2,2.15
ALSN,2026Q1,1.33
ALSN,2025Q4,1.18
ALSN,2025Q3,1.63
ALSN,2025Q2,2.29
ALTO,2026Q2,0.15
ALTO,2026Q1,0.05
ALTO,2025Q4,0.28
ALTO,2025Q3,0.19
ALTO,2025Q2,-0.15
ALUR,2026Q1,-6.9
ALUR,2025Q3,-22.95
ALUR,2025Q2,-19.2
ALUR,2025Q1,3.0
ALUR,2024Q4,-119.25
AM,2026Q2,0.24
AM,2026Q1,0.25
AM,2025Q4,0.11
AM,2025Q3,0.24
AM,2025Q2,0.26
AMAL,2026Q2,1.15
AMAL,2026Q1,0.84
AMAL,2025Q3,0.88
AMAL,2025Q2,0.84
AMAL,2025Q1,0.81
AMAT,2026Q2,3.51
AMAT,2026Q1,2.54
AMAT,2025Q4,2.38
AMAT,2025Q3,2.22
AMAT,2025Q2,2.63
AMBQ,2026Q1,-0.5
AMBQ,2025Q3,-0.72
AMBQ,2025Q2,-0.48174
AMBQ,2025Q1,-0.469719
AMCX,2026Q2,-0.51
AMCX,2026Q1,-0.43
AMCX,2025Q4,-6.38
AMCX,2025Q3,1.38
AMCX,2025Q2,0.91
AMD,2026Q2,1.38
AMD,2026Q1,0.84
AMD,2025Q4,0.92
AMD,2025Q3,0.75
AMD,2025Q2,0.54
AMG,2026Q2,6.95
AMG,2026Q1,3.84
AMG,2025Q4,11.21
AMG,2025Q3,6.87
AMG,2025Q2,2.8
AMGN,2026Q2,4.37
AMGN,2026Q1,3.34
AMGN,2025Q4,2.45
AMGN,2025Q3,5.93
AMGN,2025Q2,2.65
AMIX,2025Q4,-7.56
AMIX,2025Q3,-28.98
AMIX,2025Q2,-22.47
AMIX,2024Q4,-30.66
AMOD,2026Q1,-3.2
AMOD,2025Q3,-4.0
AMOD,2025Q2,-8.8
AMOD,2025Q1,-0.8
AMP,2026Q2,1.198
AMP,2026Q1,0.968
AMP,2025Q4,10.47
AMP,2025Q3,0.933
AMP,2025Q2,1.073
AMPL,2026Q2,-0.27
AMPL,2026Q1,-0.17
AMPL,2025Q4,-0.13
AMPL,2025Q3,-0.18
AMPL,2025Q2,-0.19
AMRX,2026Q2,0.18
AMRX,2026Q1,0.19
AMRX,2025Q4,0.11
AMRX,2025Q3,0.01
AMRX,2025Q2,0.07
AMT,2026Q1,1.84
AMT,2025Q4,1.75
AMT,2025Q3,1.82
AMT,2025Q2,0.78
AMT,2025Q1,1.04
AMTB,2026Q2,0.53
AMTB,2026Q1,0.44
AMTB,2025Q4,0.07
AMTB,2025Q3,0.35
AMTB,2025Q2,0.55
AMTM,2026Q1,0.22
AMTM,2025Q4,0.18
AMTM,2025Q3,0.16
AMTM,2025Q2,0.04
AMTM,2025Q1,0.02
AMTX,2026Q2,-0.13
AMTX,2026Q1,-0.33
AMTX,2025Q4,-0.08
AMTX,2025Q3,-0.37
AMTX,2025Q2,-0.41
AMWL,2026Q2,-0.59
AMWL,2026Q1,-0.66
AMWL,2025Q4,-1.52
AMWL,2025Q3,-2.0
AMWL,2025Q2,-1.24
AMZN,2026Q2,5.75
AMZN,2026Q1,2.78
AMZN,2025Q4,1.95
AMZN,2025Q3,1.95
AMZN,2025Q2,1.68
AN,2026Q2,5.39
AN,2026Q1,5.85
AN,2025Q4,4.7
AN,2025Q3,5.65
AN,2025Q2,2.26
ANDE,2026Q1,0.97
ANDE,2025Q4,1.97
ANDE,2025Q3,0.59
ANDE,2025Q2,0.23
ANDE,2025Q1,0.01
ANET,2026Q2,0.95
ANET,2026Q1,0.8
ANET,2025Q4,0.75
ANET,2025Q3,0.67
ANET,2025Q2,0.7
ANF,2026Q2,1.47
ANF,2026Q1,3.68
ANF,2025Q4,2.36
ANF,2025Q3,2.91
ANF,2025Q2,1.59
ANGX,2026Q2,-0.129
ANGX,2026Q1,-0.082
ANGX,2025Q4,-0.466
ANGX,2025Q2,-0.098146
ANGX,2025Q1,-0.232171
ANRO,2026Q1,-0.8
ANRO,2025Q3,-0.52
ANRO,2025Q2,-0.65
ANRO,2025Q1,-0.56
ANTX,2026Q1,-0.29
ANTX,2025Q4,-0.29
ANTX,2025Q3,-0.31
ANTX,2025Q2,-0.21
ANTX,2025Q1,-0.35
AON,2026Q2,2.58
AON,2026Q1,5.63
AON,2025Q4,7.82
AON,2025Q3,2.11
AON,2025Q2,2.66
AOS,2026Q2,0.91
AOS,2026Q1,0.85
AOS,2025Q4,0.896143
AOS,2025Q3,0.936868
AOS,2025Q2,1.06819
APA,2026Q2,2.11
APA,2026Q1,1.26
APA,2025Q4,0.79
APA,2025Q3,0.57
APA,2025Q2,1.67
APD,2026Q2,-6.47
APD,2026Q1,3.19
APD,2025Q4,3.04
APD,2025Q3,0.02
APD,2025Q2,3.2
APG,2026Q2,0.2
APG,2026Q1,0.12
APG,2025Q4,-1.19
APG,2025Q3,0.2
APG,2025Q2,0.16
APGE,2026Q1,-1.06
APGE,2025Q3,-1.081022
APGE,2025Q2,-1.109227
APGE,2025Q1,-0.929658
APH,2026Q2,1.37
APH,2026Q1,0.72
APH,2025Q4,0.93
APH,2025Q3,0.97
APH,2025Q2,0.86
APLD,2026Q2,-0.39
APLD,2026Q1,-0.36
APLD,2025Q4,-0.07
APLD,2025Q3,-0.07
APLD,2025Q2,-0.24
APO,2026Q2,2.15
APO,2026Q1,-3.27
APO,2025Q3,2.78
APO,2025Q2,0.99
APO,2025Q1,0.68
APOG,2026Q2,0.54
APOG,2026Q1,0.78
APOG,2025Q4,0.77
APOG,2025Q3,1.1
APOG,2025Q2,-0.13
APP,2026Q2,3.76
APP,2026Q1,3.56
APP,2025Q4,3.24
APP,2025Q3,2.45
APP,2025Q2,2.39
APVO,2026Q1,-6.41
APVO,2025Q3,-40.14
APVO,2025Q2,-151.2
APVO,2025Q1,-1581.81
APYX,2026Q2,-0.07
APYX,2026Q1,-0.05
APYX,2025Q4,-0.03
APYX,2025Q3,-0.05
APYX,2025Q2,-0.09
AQB,2026Q2,-0.32
AQB,2026Q1,-0.26
AQB,2025Q3,-0.36
AQB,2025Q2,-0.87
AQB,2025Q1,0.11
AQMS,2026Q2,-1.31
AQMS,2026Q1,-1.22
AQMS,2025Q3,-2.19
AQMS,2025Q2,-7.44
AQMS,2025Q1,-10.27
AQST,2026Q1,-0.07
AQST,2025Q4,-0.26
AQST,2025Q3,-0.14
AQST,2025Q2,-0.14
AQST,2025Q1,-0.24
AR,2026Q2,0.9
AR,2026Q1,1.72
AR,2025Q4,0.62
AR,2025Q3,0.24
AR,2025Q2,0.5
ARAI,2026Q1,-0.18
ARAI,2025Q3,-0.13
ARAI,2025Q2,-0.12
ARAI,2025Q1,-0.065987
ARDT,2026Q2,0.12
ARDT,2026Q1,0.28
ARDT,2025Q3,-0.17
ARDT,2025Q2,0.52
ARDT,2025Q1,0.29
ARDX,2026Q2,-0.07
ARDX,2026Q1,-0.15
ARDX,2025Q4,0.0
ARDX,2025Q3,0.0
ARDX,2025Q2,-0.08
ARE,2026Q2,-0.43
ARE,2026Q1,2.1
ARE,2025Q4,-6.35
ARE,2025Q3,-1.38
ARE,2025Q2,-0.64
AREB,2026Q1,-71.28
AREB,2025Q3,-19810.708333
AREB,2025Q2,-106068.672515
AREB,2025Q1,-297603.294118
AREC,2025Q3,-0.05
AREC,2025Q2,-0.1
AREC,2025Q1,-0.08
ARES,2026Q2,0.49
ARES,2026Q1,0.46
ARES,2025Q4,0.08
ARES,2025Q3,1.15
ARES,2025Q2,0.46
ARKR,2026Q1,-0.5
ARKR,2025Q4,0.25
ARKR,2025Q3,-0.53
ARKR,2025Q2,-0.96
ARKR,2025Q1,-2.57
ARL,2026Q2,-0.06
ARL,2026Q1,-0.03
ARL,2025Q4,0.6
ARL,2025Q3,0.01
ARL,2025Q2,0.18
ARLO,2026Q2,0.03
ARLO,2026Q1,0.13
ARLO,2025Q4,0.05
ARLO,2025Q3,0.06
ARLO,2025Q2,0.03
ARMK,2026Q1,0.38
ARMK,2025Q4,0.36
ARMK,2025Q3,0.33
ARMK,2025Q2,0.27
ARMK,2025Q1,0.23
ARRY,2026Q2,0.05
ARRY,2026Q1,-0.09
ARRY,2025Q4,-1.06
ARRY,2025Q3,0.12
ARRY,2025Q2,0.19
ARTL,2026Q1,-4.0
ARTL,2025Q3,-11.91
ARTL,2025Q2,-16.83
ARTL,2025Q1,-12.55
ARTV,2026Q2,-0.63
ARTV,2026Q1,-0.95
ARTV,2025Q3,-0.88
ARTV,2025Q2,-0.87
ARTV,2025Q1,-0.83
ARW,2026Q2,5.26
ARW,2026Q1,4.55
ARW,2025Q4,3.75
ARW,2025Q3,2.09
ARW,2025Q2,3.59
ARWR,2026Q2,-1.36
ARWR,2026Q1,-0.93
ARWR,2025Q4,0.22
ARWR,2025Q2,-1.26
ARWR,2025Q1,2.75
ASAN,2026Q2,-0.06
ASAN,2026Q1,-0.14
ASAN,2025Q4,-0.29
ASAN,2025Q3,-0.2
ASAN,2025Q2,-0.17
ASBP,2026Q1,-20.57001
ASBP,2025Q3,-48.0
ASBP,2025Q2,-48.0
ASBP,2025Q1,-504.879991
ASIC,2026Q2,0.67
ASIC,2026Q1,0.51
ASIC,2025Q4,0.51
ASIC,2025Q2,0.39
ASIC,2025Q1,0.173499
ASPN,2026Q2,-0.28
ASPN,2026Q1,-0.29
ASPN,2025Q4,-0.88
ASPN,2025Q3,-0.08
ASPN,2025Q2,-0.11
ASRV,2026Q2,0.16
ASRV,2026Q1,0.11
ASRV,2025Q4,0.09
ASRV,2025Q3,0.15
ASRV,2025Q2,-0.02
ASTC,2026Q1,-2.25
ASTC,2025Q4,-2.34
ASTC,2025Q3,-2.07
ASTC,2025Q1,-2.18
ASTC,2024Q4,-2.45
ASTE,2026Q2,0.45
ASTE,2026Q1,0.06
ASTE,2025Q4,0.52
ASTE,2025Q3,-0.18
ASTE,2025Q2,0.72
ASTS,2026Q1,-0.66
ASTS,2025Q4,-0.26
ASTS,2025Q3,-0.45
ASTS,2025Q2,-0.41
ASTS,2025Q1,-0.2
ASUR,2026Q2,-0.15
ASUR,2026Q1,0.02
ASUR,2025Q4,0.03
ASUR,2025Q3,-0.19
ASUR,2025Q2,-0.22
ATEN,2026Q2,0.12
ATEN,2026Q1,0.17
ATEN,2025Q4,0.14
ATEN,2025Q3,0.17
ATEN,2025Q2,0.14
ATI,2026Q2,1.09
ATI,2026Q1,0.85
ATI,2025Q4,0.69
ATI,2025Q3,0.78
ATI,2025Q2,0.7
ATLC,2026Q2,2.5
ATLC,2026Q1,2.23
ATLC,2025Q3,1.21
ATLC,2025Q2,1.51
ATLC,2025Q1,1.49
ATLO,2026Q2,0.67
ATLO,2026Q1,0.67
ATLO,2025Q4,0.73
ATLO,2025Q3,0.51
ATLO,2025Q2,0.51
ATLX,2026Q1,-0.5
ATLX,2025Q3,-0.35
ATLX,2025Q2,-0.31
ATLX,2025Q1,-0.55
ATNI,2026Q2,10.71
ATNI,2026Q1,-0.29
ATNI,2025Q4,-0.32
ATNI,2025Q3,0.18
ATNI,2025Q2,-0.56
ATO,2026Q2,1.43
ATO,2026Q1,3.47
ATO,2025Q4,2.44
ATO,2025Q2,1.16
ATO,2025Q1,3.03
ATRA,2026Q1,-0.29
ATRA,2025Q3,-0.32
ATRA,2025Q2,0.19
ATRA,2025Q1,3.5
ATRA,2024Q4,-1.19
ATRC,2026Q2,0.18
ATRC,2026Q1,0.0
ATRC,2025Q4,0.04
ATRC,2025Q3,-0.01
ATRC,2025Q2,-0.13
ATRO,2026Q1,0.558333
ATRO,2025Q4,0.65
ATRO,2025Q3,-0.258333
ATRO,2025Q2,0.033333
ATRO,2025Q1,0.216667
AUID,2026Q1,-0.28
AUID,2025Q4,-0.28
AUID,2025Q3,-0.38
AUID,2025Q2,-0.33
AUID,2025Q1,-0.4
AUR,2026Q1,-0.11
AUR,2025Q3,-0.11
AUR,2025Q2,-0.11
AUR,2025Q1,-0.12
AVAH,2026Q1,0.19
AVAH,2025Q4,0.8
AVAH,2025Q3,0.06
AVAH,2025Q2,0.13
AVAH,2025Q1,0.03
AVAV,2026Q2,1.25
AVAV,2026Q1,-3.15
AVAV,2025Q4,-0.34
AVAV,2025Q1,-0.06
AVB,2026Q2,1.11
AVB,2026Q1,2.33
AVB,2025Q4,1.17
AVB,2025Q3,2.68
AVB,2025Q2,1.88
AVBC,2026Q2,0.39
AVBC,2026Q1,0.32
AVBC,2025Q4,0.29
AVBC,2025Q2,0.192865
AVBC,2025Q1,-0.57715
AVGO,2026Q2,1.91
AVGO,2026Q1,1.5
AVGO,2025Q4,1.74
AVGO,2025Q3,0.85
AVGO,2025Q2,1.03
AVNT,2026Q2,0.7
AVNT,2026Q1,0.61
AVNT,2025Q4,0.18
AVNT,2025Q3,0.36
AVNT,2025Q2,0.57
AVTR,2026Q2,0.06
AVTR,2026Q1,0.06
AVTR,2025Q4,0.08
AVTR,2025Q3,-1.04
AVTR,2025Q2,0.09
AVXL,2026Q1,-0.06
AVXL,2025Q4,-0.06
AVXL,2025Q3,-0.11
AVXL,2025Q2,-0.16
AVXL,2025Q1,-0.13
AVY,2026Q2,2.67
AVY,2026Q1,2.18
AVY,2025Q4,2.15
AVY,2025Q3,2.13
AVY,2025Q2,2.41
AWK,2026Q2,1.61
AWK,2026Q1,1.0
AWK,2025Q4,1.22
AWK,2025Q3,1.94
AWK,2025Q2,1.48
AWRE,2026Q2,-0.12
AWRE,2026Q1,-0.16
AWRE,2025Q4,-0.07
AWRE,2025Q3,-0.05
AWRE,2025Q2,-0.08
AX,2026Q2,2.16
AX,2026Q1,2.15
AX,2025Q4,2.22
AX,2025Q3,1.94
AX,2025Q1,1.81
AXGN,2026Q2,-0.03
AXGN,2026Q1,-0.38
AXGN,2025Q4,-0.28
AXGN,2025Q3,0.01
AXGN,2025Q2,0.01
AXON,2026Q2,0.36
AXON,2026Q1,2.05
AXON,2025Q4,0.03
AXON,2025Q3,-0.03
AXON,2025Q2,0.44
AXP,2026Q2,4.53
AXP,2026Q1,4.28
AXP,2025Q4,3.53
AXP,2025Q3,4.14
AXP,2025Q2,4.08
AXSM,2026Q1,-1.26
AXSM,2025Q4,-0.56
AXSM,2025Q3,-0.94
AXSM,2025Q2,-0.97
AXSM,2025Q1,-1.22
AYTU,2026Q1,-0.53
AYTU,2025Q4,-1.05
AYTU,2025Q3,-0.08
AYTU,2025Q1,0.21
AYTU,2024Q4,-0.26
AZO,2026Q2,38.07
AZO,2026Q1,27.63
AZO,2025Q4,31.04
AZO,2025Q3,48.71
AZO,2025Q2,35.36
BA,2026Q2,-0.67
BA,2026Q1,-0.11
BA,2025Q4,10.23
BA,2025Q3,-7.14
BA,2025Q2,-0.92
BAC,2026Q2,1.21
BAC,2026Q1,1.11
BAC,2025Q4,0.98
BAC,2025Q3,1.06
BAC,2025Q2,0.89
BAER,2026Q2,-0.13
BAER,2026Q1,-0.69
BAER,2025Q4,-0.4
BAER,2025Q3,0.37
BAER,2025Q2,-0.12
BALL,2026Q2,0.83
BALL,2026Q1,0.77
BALL,2025Q4,0.75
BALL,2025Q3,1.18
BALL,2025Q2,0.76
BAP,2026Q1,25.968882
BAP,2025Q4,19.995946
BAP,2025Q3,21.906711
BAP,2025Q2,22.8
BAP,2025Q1,22.398633
BATRK,2026Q2,-0.19
BATRK,2026Q1,-0.63
BATRK,2025Q4,-0.66
BATRK,2025Q3,0.47
BATRK,2025Q2,0.46
BAX,2026Q2,0.24
BAX,2026Q1,-0.03
BAX,2025Q4,-2.19
BAX,2025Q3,-0.09
BAX,2025Q2,0.18
BBCP,2026Q2,0.04
BBCP,2026Q1,-0.06
BBCP,2025Q4,0.09
BBCP,2025Q3,0.07
BBCP,2025Q2,-0.01
BBIO,2026Q1,-0.84
BBIO,2025Q4,-1.0
BBIO,2025Q3,-0.95
BBIO,2025Q2,-0.95
BBIO,2025Q1,-0.88
BBNX,2026Q2,-0.53
BBNX,2026Q1,-0.49
BBNX,2025Q4,-0.3
BBNX,2025Q3,-0.33
BBNX,2025Q2,-0.39
BBVA,2026Q2,0.53
BBVA,2026Q1,0.51
BBVA,2025Q4,0.42
BBVA,2025Q3,0.42
BBVA,2025Q2,0.46
BBY,2026Q2,1.31
BBY,2026Q1,2.56
BBY,2025Q4,0.66
BBY,2025Q3,0.87
BBY,2025Q2,0.95
BC,2026Q2,1.68
BC,2026Q1,0.32
BC,2025Q4,0.28
BC,2025Q3,-3.59
BC,2025Q2,0.89
BCAB,2026Q1,-4.22
BCAB,2025Q4,-8.0
BCAB,2025Q3,-13.5
BCAB,2025Q2,-16.0
BCAB,2025Q1,-13.0
BCBP,2026Q2,-0.85
BCBP,2026Q1,0.26
BCBP,2025Q4,-0.73
BCBP,2025Q3,0.22
BCBP,2025Q2,0.18
BCDA,2026Q1,-0.21
BCDA,2025Q3,-0.24
BCDA,2025Q2,-0.4
BCDA,2025Q1,-0.59
BCE,2026Q2,0.6
BCE,2026Q1,0.66
BCE,2025Q4,0.64
BCE,2025Q3,4.84
BCE,2025Q2,0.63
BCG,2026Q1,0.112206
BCG,2025Q4,0.01
BCG,2025Q3,0.08
BCG,2025Q2,-0.04
BCG,2025Q1,0.04
BCS,2026Q2,0.668
BCS,2026Q1,0.564
BCS,2025Q4,0.344
BCS,2025Q3,0.416
BCS,2025Q2,0.468
BDTX,2026Q2,-0.17
BDTX,2026Q1,-0.16
BDTX,2025Q4,-0.27
BDTX,2025Q3,-0.15
BDTX,2025Q2,-0.19
BDX,2026Q2,1.37
BDX,2026Q1,-1.11
BDX,2025Q4,1.34
BDX,2025Q2,2.0
BDX,2025Q1,1.07
BEAM,2026Q2,-1.18
BEAM,2026Q1,-0.91
BEAM,2025Q4,2.33
BEAM,2025Q3,-1.1
BEAM,2025Q2,-1.0
BEAT,2026Q1,-0.12
BEAT,2025Q3,-0.15
BEAT,2025Q2,-0.15
BEAT,2025Q1,-0.18
BEEP,2026Q1,-0.18
BEEP,2025Q4,-0.19
BEEP,2025Q3,-0.15
BEEP,2025Q2,-0.11
BEEP,2025Q1,-0.1
BELFA,2026Q2,1.89
BELFA,2026Q1,0.86
BELFA,2025Q4,-0.42
BELFA,2025Q3,1.77
BELFA,2025Q2,2.03
BEN,2026Q1,0.49
BEN,2025Q4,0.46
BEN,2025Q3,0.21
BEN,2025Q2,0.15
BEN,2025Q1,0.26
BF-A,2026Q2,0.12
BF-A,2026Q1,0.58
BF-A,2025Q4,0.47
BF-A,2025Q3,0.36
BF-A,2025Q2,0.31
BF-B,2026Q2,0.12
BF-B,2026Q1,0.58
BF-B,2025Q4,0.47
BF-B,2025Q3,0.36
BF-B,2025Q2,0.31
BFAM,2026Q2,0.79
BFAM,2026Q1,0.62
BFAM,2025Q4,0.38
BFAM,2025Q3,1.37
BFAM,2025Q2,0.95
BFC,2026Q2,2.21
BFC,2026Q1,1.78
BFC,2025Q4,1.87
BFC,2025Q3,1.83
BFC,2025Q2,1.71
BFLY,2026Q2,-0.05
BFLY,2026Q1,-0.05
BFLY,2025Q4,-0.06
BFLY,2025Q3,-0.13
BFLY,2025Q2,-0.06
BFS,2026Q2,0.24
BFS,2026Q1,0.26
BFS,2025Q4,0.15
BFS,2025Q3,0.32
BFS,2025Q2,0.33
BFST,2026Q2,0.7
BFST,2026Q1,0.68
BFST,2025Q4,0.71
BFST,2025Q3,0.73
BFST,2025Q2,0.7
BGMS,2026Q1,-0.04
BGMS,2025Q4,-2.21
BGMS,2025Q3,-1.31
BGMS,2025Q2,-14.7
BGMS,2025Q1,0.0
BGS,2026Q1,-0.41
BGS,2025Q4,-0.19
BGS,2025Q3,-0.24
BGS,2025Q2,-0.12
BGS,2025Q1,0.01
BH,2026Q2,31.63
BH,2026Q1,-11.16
BH,2025Q3,-4.08
BH,2025Q2,38.91
BH,2025Q1,-25.28
BHC,2026Q2,0.68
BHC,2026Q1,-3.82
BHC,2025Q4,-0.3
BHC,2025Q3,0.48
BHC,2025Q2,0.4
BIAF,2026Q2,-0.64
BIAF,2026Q1,-0.81
BIAF,2025Q3,-4.74
BIAF,2025Q2,-5.1
BIAF,2025Q1,-4.8
BIIB,2026Q2,0.66
BIIB,2026Q1,2.15
BIIB,2025Q4,-0.33
BIIB,2025Q3,3.17
BIIB,2025Q2,4.33
BIVI,2026Q1,-0.7
BIVI,2025Q4,-0.77
BIVI,2025Q3,-0.98
BIVI,2025Q1,-1.51
BIVI,2024Q4,-4.55
BJ,2026Q2,1.1
BJ,2026Q1,0.96
BJ,2025Q4,1.15
BJ,2025Q3,1.14
BJ,2025Q2,1.13
BJRI,2026Q2,0.86
BJRI,2026Q1,0.41
BJRI,2025Q4,0.58
BJRI,2025Q3,0.02
BJRI,2025Q2,0.97
BKE,2026Q2,0.92
BKE,2026Q1,1.59
BKE,2025Q4,0.96
BKE,2025Q3,0.89
BKE,2025Q2,0.7
BKKT,2026Q1,-0.41
BKKT,2025Q3,-1.15
BKKT,2025Q2,-2.16
BKKT,2025Q1,1.13
BKKT,2024Q4,-2.95
BKNG,2026Q2,2.53
BKNG,2026Q1,1.36
BKNG,2025Q3,3.3764
BKNG,2025Q2,1.1
BKNG,2025Q1,0.4
BKR,2026Q2,0.68
BKR,2026Q1,0.93
BKR,2025Q4,0.88
BKR,2025Q3,0.61
BKR,2025Q2,0.71
BL,2026Q2,0.27
BL,2026Q1,0.13
BL,2025Q4,0.08
BL,2025Q3,0.09
BL,2025Q2,0.13
BLBD,2026Q2,5.27
BLBD,2026Q1,0.9
BLBD,2025Q4,0.94
BLBD,2025Q3,1.11
BLBD,2025Q2,1.12
BLDR,2026Q2,-0.04
BLDR,2026Q1,-0.43
BLDR,2025Q4,0.28
BLDR,2025Q3,1.1
BLDR,2025Q1,0.84
BLIN,2026Q1,-0.04
BLIN,2025Q4,-0.01
BLIN,2025Q3,-0.03
BLIN,2025Q2,-0.07
BLIN,2025Q1,-0.1
BLK,2026Q2,12.19
BLK,2026Q1,14.06
BLK,2025Q4,7.16
BLK,2025Q3,8.43
BLK,2025Q2,10.19
BLKB,2026Q2,0.79
BLKB,2026Q1,0.67
BLKB,2025Q4,0.76
BLKB,2025Q3,0.98
BLKB,2025Q2,0.55
BLNE,2026Q1,-0.18
BLNE,2025Q3,-0.2
BLNE,2025Q2,-0.64
BLNE,2025Q1,-6.14
BLNK,2026Q2,-0.04
BLNK,2026Q1,-0.08
BLNK,2025Q4,-0.28
BLNK,2025Q3,0.0
BLNK,2025Q2,-0.28
BMBL,2026Q2,-0.84
BMBL,2026Q1,0.34
BMBL,2025Q4,-4.06
BMBL,2025Q3,0.33
BMBL,2025Q2,-2.45
BMI,2026Q2,1.02
BMI,2026Q1,0.93
BMI,2025Q4,1.14
BMI,2025Q3,1.19
BMI,2025Q2,1.17
BMO,2026Q2,3.53
BMO,2026Q1,3.39
BMO,2025Q3,3.14
BMO,2025Q2,2.5
BMO,2025Q1,2.83
BMRN,2026Q2,0.23
BMRN,2026Q1,0.54
BMRN,2025Q4,-0.24
BMRN,2025Q3,-0.16
BMRN,2025Q2,1.23
BMY,2026Q2,1.62
BMY,2026Q1,1.31
BMY,2025Q4,0.53
BMY,2025Q3,1.08
BMY,2025Q2,0.64
BNED,2026Q1,0.19
BNED,2025Q4,0.72
BNED,2025Q3,-0.54
BNED,2025Q1,0.59
BNGO,2026Q1,-0.76
BNGO,2025Q4,-0.738627
BNGO,2025Q3,-0.873859
BNGO,2025Q2,-1.99
BNGO,2025Q1,-1.15
BODI,2026Q1,0.3
BODI,2025Q4,0.71
BODI,2025Q3,0.51
BODI,2025Q2,-0.85
BODI,2025Q1,-0.84
BOKF,2026Q2,2.92
BOKF,2026Q1,2.58
BOKF,2025Q4,2.89
BOKF,2025Q3,2.22
BOKF,2025Q2,2.19
BOOT,2026Q2,2.29
BOOT,2026Q1,1.45
BOOT,2025Q4,2.79
BOOT,2025Q3,1.37
BOOT,2025Q2,1.74
BOTJ,2026Q2,0.71
BOTJ,2026Q1,0.61
BOTJ,2025Q4,0.6
BOTJ,2025Q3,0.61
BOTJ,2025Q2,0.6
BOW,2026Q2,0.48
BOW,2026Q1,0.48
BOW,2025Q4,0.44
BOW,2025Q3,0.45
BOW,2025Q2,0.36
BOX,2026Q2,0.08
BOX,2026Q1,0.47
BOX,2025Q4,0.05
BOX,2025Q3,0.05
BOX,2025Q2,0.02
BPRN,2026Q2,1.04
BPRN,2026Q1,0.91
BPRN,2025Q4,0.9
BPRN,2025Q3,0.95
BPRN,2025Q2,0.1
BR,2026Q2,3.44
BR,2026Q1,2.36
BR,2025Q4,2.42
BR,2025Q3,1.4
BR,2025Q2,3.16
BRBR,2026Q2,0.29
BRBR,2026Q1,0.29
BRBR,2025Q4,0.36
BRBR,2025Q3,0.48
BRBR,2025Q2,0.16
BRC,2026Q2,1.21
BRC,2026Q1,1.01
BRC,2025Q4,1.13
BRC,2025Q3,1.04
BRC,2025Q2,1.09
BRCB,2026Q1,0.02
BRCB,2025Q4,0.04
BRCB,2025Q3,-0.05
BRCB,2025Q1,0.0
BRK-B,2026Q2,11.912006
BRK-B,2026Q2,11.912006
BRK-B,2026Q1,4.684669
BRK-B,2026Q1,4.684669
BRK-B,2025Q2,5.734003
BRK-B,2025Q2,5.734003
BRK-B,2025Q1,2.133334
BRK-B,2025Q1,2.133334
BRO,2026Q2,0.84
BRO,2026Q1,1.06
BRO,2025Q4,0.59
BRO,2025Q3,0.68
BRO,2025Q2,0.78
BROS,2026Q2,0.28
BROS,2026Q1,0.13
BROS,2025Q4,0.17
BROS,2025Q3,0.14
BROS,2025Q2,0.2
BRT,2026Q1,-0.14
BRT,2025Q4,-0.23
BRT,2025Q3,-0.14
BRT,2025Q2,-0.14
BRT,2025Q1,-0.12
BRTX,2026Q1,-0.12
BRTX,2025Q3,-0.33
BRTX,2025Q2,-0.3
BRTX,2025Q1,-0.64
BRX,2026Q2,0.24
BRX,2026Q1,0.41
BRX,2025Q4,0.44
BRX,2025Q3,0.31
BRX,2025Q2,0.28
BSLK,2025Q3,-2.7
BSLK,2025Q2,-2.2
BSLK,2025Q1,-3.0
BSLK,2024Q4,-3.8
BSX,2026Q2,0.61
BSX,2026Q1,0.9
BSX,2025Q4,0.45
BSX,2025Q3,0.51
BSX,2025Q2,0.53
BTG,2026Q2,0.29
BTG,2026Q1,0.14
BTG,2025Q4,0.11
BTG,2025Q3,0.01
BTG,2025Q2,0.1
BTU,2026Q2,-0.74
BTU,2026Q1,-0.27
BTU,2025Q4,0.085526
BTU,2025Q3,-0.58
BTU,2025Q2,-0.23
BUSE,2026Q2,0.69
BUSE,2026Q1,0.52
BUSE,2025Q4,0.63
BUSE,2025Q3,0.58
BUSE,2025Q2,0.52
BVFL,2026Q2,0.42
BVFL,2026Q1,0.13
BVFL,2025Q4,0.56
BVFL,2025Q3,0.41
BVFL,2025Q2,0.29
BWA,2026Q2,1.34
BWA,2026Q1,1.16
BWA,2025Q4,-1.26535
BWA,2025Q3,0.73
BWA,2025Q2,1.03
BWB,2026Q2,0.45
BWB,2026Q1,0.58
BWB,2025Q4,0.43
BWB,2025Q3,0.38
BWB,2025Q2,0.38
BWFG,2026Q2,1.52
BWFG,2026Q1,1.41
BWFG,2025Q4,1.15
BWFG,2025Q3,1.27
BWFG,2025Q2,1.14
BWIN,2026Q2,-0.42
BWIN,2026Q1,0.02
BWIN,2025Q4,-0.37
BWIN,2025Q3,-0.27
BWIN,2025Q2,-0.05
BWMN,2026Q1,-0.22
BWMN,2025Q4,0.11
BWMN,2025Q3,0.37
BWMN,2025Q2,0.34
BWMN,2025Q1,-0.11
BX,2026Q2,1.54
BX,2026Q1,0.83
BX,2025Q4,1.3
BX,2025Q3,0.8
BX,2025Q2,0.98
BXC,2026Q2,0.81
BXC,2026Q1,-0.18
BXC,2025Q4,-1.080627
BXC,2025Q3,0.2
BXC,2025Q2,0.54
BXMT,2026Q2,-0.48
BXMT,2026Q1,-0.04
BXMT,2025Q3,0.37
BXMT,2025Q2,0.04
BXMT,2025Q1,0.0
BXP,2026Q2,0.43
BXP,2026Q1,0.64
BXP,2025Q4,1.56
BXP,2025Q3,-0.77
BXP,2025Q2,0.56
BYD,2026Q2,1.75
BYD,2026Q1,1.37
BYD,2025Q4,1.79
BYD,2025Q3,17.81
BYD,2025Q2,1.84
BZH,2026Q2,-0.16
BZH,2026Q1,-0.03
BZH,2025Q4,-1.13
BZH,2025Q3,1.02
BZH,2025Q2,-0.01
C,2026Q2,3.15
C,2026Q1,3.06
C,2025Q4,1.19
C,2025Q3,1.86
C,2025Q2,1.96
CAG,2026Q2,-3.37
CAG,2026Q1,0.42
CAG,2025Q4,-1.39
CAG,2025Q3,0.34
CAG,2025Q2,0.53
CAH,2026Q1,1.69
CAH,2025Q4,1.97
CAH,2025Q3,1.88
CAH,2025Q2,1.0
CAH,2025Q1,2.1
CAKE,2026Q2,1.41
CAKE,2026Q1,1.02
CAKE,2025Q4,0.6
CAKE,2025Q3,0.66
CAKE,2025Q2,1.14
CAL,2026Q2,0.42
CAL,2026Q1,-0.7
CAL,2025Q4,0.07
CAL,2025Q3,0.2
CAL,2025Q2,0.21
CAPR,2026Q1,-0.59
CAPR,2025Q4,-0.62
CAPR,2025Q3,-0.54
CAPR,2025Q2,-0.57
CAPR,2025Q1,-0.53
CARE,2026Q2,1.31
CARE,2026Q1,3.88
CARE,2025Q4,0.38
CARE,2025Q3,0.24
CARE,2025Q2,0.37
CARL,2026Q2,-0.39
CARL,2026Q1,-0.32
CARL,2025Q4,-0.32
CARL,2025Q3,-0.4
CARL,2025Q2,-0.255164
CARR,2026Q2,0.6
CARR,2026Q1,0.28
CARR,2025Q4,0.06
CARR,2025Q3,0.5
CARR,2025Q2,0.68
CASH,2026Q2,1.37
CASH,2026Q1,3.35
CASH,2025Q4,1.57
CASH,2025Q3,1.69
CASH,2025Q2,1.81
CAT,2026Q1,5.47
CAT,2025Q4,5.12
CAT,2025Q3,4.88
CAT,2025Q2,4.62
CAT,2025Q1,4.2
CATO,2026Q2,0.47
CATO,2026Q1,-0.55
CATO,2025Q4,-0.28
CATO,2025Q3,0.35
CATO,2025Q2,0.17
CATY,2026Q2,1.37
CATY,2026Q1,1.29
CATY,2025Q4,1.33
CATY,2025Q3,1.13
CATY,2025Q2,1.1
CB,2026Q2,7.3
CB,2026Q1,5.88
CB,2025Q4,8.095839
CB,2025Q3,6.99
CB,2025Q2,7.35
CBAN,2026Q2,0.51
CBAN,2026Q1,0.39
CBAN,2025Q4,0.42
CBAN,2025Q3,0.33
CBAN,2025Q2,0.46
CBFV,2026Q2,0.8
CBFV,2026Q1,0.73
CBFV,2025Q4,0.89
CBFV,2025Q3,-1.14
CBFV,2025Q2,0.74
CBIO,2026Q2,-0.74
CBIO,2026Q1,-0.7
CBIO,2025Q4,-4.01
CBIO,2025Q3,-1.27
CBIO,2025Q2,-4.93
CBLL,2026Q1,-0.52
CBLL,2025Q4,-0.36
CBLL,2025Q3,-0.37
CBLL,2025Q2,-0.38
CBLL,2025Q1,-0.36
CBNK,2026Q2,0.87
CBNK,2026Q1,0.73
CBNK,2025Q4,0.91
CBNK,2025Q3,0.89
CBNK,2025Q2,0.78
CBRE,2026Q2,0.69
CBRE,2026Q1,1.07
CBRE,2025Q4,1.39
CBRE,2025Q3,1.21
CBRE,2025Q2,0.72
CBT,2026Q1,1.27
CBT,2025Q4,1.37
CBT,2025Q3,0.79
CBT,2025Q2,1.86
CBT,2025Q1,1.69
CC,2026Q2,-1.81
CC,2026Q1,-0.19
CC,2025Q3,0.4
CC,2025Q2,-2.53
CC,2025Q1,-0.03
CCAP,2026Q1,-0.42
CCAP,2025Q3,0.19
CCAP,2025Q2,0.41
CCAP,2025Q1,0.11
CCI,2026Q2,0.22
CCI,2026Q1,0.34
CCI,2025Q4,0.67
CCI,2025Q3,0.74
CCI,2025Q2,0.67
CCL,2026Q2,0.39
CCL,2026Q1,0.19
CCL,2025Q4,0.31
CCL,2025Q3,1.33
CCL,2025Q2,0.42
CCNE,2026Q2,0.91
CCNE,2026Q1,0.88
CCNE,2025Q4,1.1
CCNE,2025Q3,0.22
CCNE,2025Q2,0.61
CCO,2026Q2,-0.01
CCO,2026Q1,-0.1
CCO,2025Q4,0.016093
CCO,2025Q3,-0.12
CCO,2025Q2,0.02
CCRN,2026Q1,-0.1320477957304174
CCRN,2025Q4,-2.5669460037805414
CCRN,2025Q3,-0.1477721933466978
CCRN,2025Q2,-0.2061196136354547
CCRN,2025Q1,-0.0151672339212153
CDE,2026Q2,0.12
CDE,2026Q1,0.35
CDE,2025Q3,0.41
CDE,2025Q2,0.11
CDE,2025Q1,0.06
CDNS,2026Q2,1.33
CDNS,2026Q1,1.23
CDNS,2025Q4,1.42
CDNS,2025Q3,1.05
CDNS,2025Q2,0.59
CDRE,2026Q2,0.26
CDRE,2026Q1,0.05
CDRE,2025Q4,0.27
CDRE,2025Q3,0.27
CDRE,2025Q2,0.3
CDW,2026Q2,2.15
CDW,2026Q1,1.82
CDW,2025Q4,2.14
CDW,2025Q3,2.21
CDW,2025Q2,2.05
CDXS,2026Q1,-0.1
CDXS,2025Q4,0.11
CDXS,2025Q3,-0.22
CDXS,2025Q2,-0.16
CDXS,2025Q1,-0.25
CECO,2026Q1,-0.01
CECO,2025Q4,0.08
CECO,2025Q3,0.04
CECO,2025Q2,0.26
CECO,2025Q1,0.98
CEG,2026Q2,1.42
CEG,2026Q1,4.49
CEG,2025Q4,1.38
CEG,2025Q3,2.97
CEG,2025Q2,2.67
CELC,2026Q1,-0.97
CELC,2025Q4,-0.97
CELC,2025Q3,-0.92
CELC,2025Q2,-1.04
CELC,2025Q1,-0.86
CENT,2026Q2,1.45
CENT,2026Q1,1.28
CENT,2025Q4,0.11
CENT,2025Q3,-0.16
CENT,2025Q2,1.52
CENTA,2026Q2,1.45
CENTA,2026Q1,1.28
CENTA,2025Q4,0.11
CENTA,2025Q3,-0.16
CENTA,2025Q2,1.52
CETX,2026Q1,0.8
CETX,2025Q4,-79.0
CETX,2025Q2,-270.0
CETX,2025Q1,195.7
CETX,2024Q4,-3874.7
CETY,2026Q1,-0.05
CETY,2025Q3,-0.439995
CETY,2025Q2,-0.27
CETY,2025Q1,-0.21
CF,2026Q2,4.73
CF,2026Q1,3.98
CF,2025Q4,2.59
CF,2025Q3,2.19
CF,2025Q2,2.37
CFG,2026Q2,1.3
CFG,2026Q1,1.13
CFG,2025Q4,1.13
CFG,2025Q3,1.05
CFG,2025Q2,0.92
CFR,2026Q2,2.7
CFR,2026Q1,2.65
CFR,2025Q4,2.56
CFR,2025Q3,2.67
CFR,2025Q2,2.39
CGNX,2026Q2,0.43
CGNX,2026Q1,0.31
CGNX,2025Q4,0.19
CGNX,2025Q3,0.1
CGNX,2025Q2,0.24
CHCO,2026Q2,2.35
CHCO,2026Q1,2.2
CHCO,2025Q4,2.18
CHCO,2025Q3,2.41
CHCO,2025Q2,2.29
CHCT,2026Q2,0.06
CHCT,2026Q1,0.07
CHCT,2025Q4,0.51
CHCT,2025Q3,0.03
CHCT,2025Q2,-0.5
CHD,2026Q2,0.85
CHD,2026Q1,0.91
CHD,2025Q4,0.6
CHD,2025Q3,0.75
CHD,2025Q2,0.78
CHDN,2026Q2,3.42
CHDN,2026Q1,1.16
CHDN,2025Q4,0.71
CHDN,2025Q3,0.54
CHDN,2025Q2,2.99
CHEF,2026Q2,0.76
CHEF,2026Q1,0.4
CHEF,2025Q4,0.5
CHEF,2025Q3,0.44
CHEF,2025Q2,0.49
CHGG,2026Q2,-0.03
CHGG,2026Q1,0.0
CHGG,2025Q4,-0.3
CHGG,2025Q3,-0.16
CHGG,2025Q2,-0.33
CHMI,2026Q1,-0.05
CHMI,2025Q4,0.14
CHMI,2025Q3,0.05
CHMI,2025Q2,-0.03
CHMI,2025Q1,-0.29
CHPT,2026Q2,-1.75
CHPT,2026Q1,-1.85
CHPT,2025Q4,-2.23
CHPT,2025Q3,-2.85
CHPT,2025Q2,-2.4
CHRW,2026Q2,1.56
CHRW,2026Q1,1.22
CHRW,2025Q4,1.12
CHRW,2025Q3,1.34
CHRW,2025Q2,1.26
CHTR,2026Q2,10.66
CHTR,2026Q1,9.17
CHTR,2025Q4,10.34
CHTR,2025Q3,8.34
CHTR,2025Q2,9.18
CHWY,2026Q2,0.23
CHWY,2026Q1,0.09
CHWY,2025Q4,0.14
CHWY,2025Q3,0.14
CHWY,2025Q2,0.15
CHYM,2026Q2,0.07
CHYM,2026Q1,0.13
CHYM,2025Q4,-0.12
CHYM,2025Q3,-0.15
CHYM,2025Q2,-7.29
CI,2026Q2,6.29
CI,2026Q1,6.26
CI,2025Q4,4.64
CI,2025Q3,6.98
CI,2025Q2,5.71
CIA,2026Q2,-0.01
CIA,2026Q1,0.04
CIA,2025Q4,0.14
CIA,2025Q3,0.04
CIA,2025Q2,0.13
CIEN,2026Q2,1.49
CIEN,2026Q1,1.03
CIEN,2025Q4,0.13
CIEN,2025Q3,0.35
CIEN,2025Q2,0.06
CIFR,2026Q2,-0.65
CIFR,2026Q1,-0.28
CIFR,2025Q3,-0.01
CIFR,2025Q2,-0.12
CIFR,2025Q1,-0.11
CIM,2026Q2,-0.05
CIM,2026Q1,-0.78
CIM,2025Q4,0.077948
CIM,2025Q3,-0.27
CIM,2025Q2,0.17
CINF,2026Q2,8.05
CINF,2026Q1,1.75
CINF,2025Q4,4.29
CINF,2025Q3,7.11
CINF,2025Q2,4.34
CION,2026Q1,-0.45
CION,2025Q4,-0.8
CION,2025Q3,0.69
CION,2025Q2,0.52
CION,2025Q1,-0.8
CISO,2026Q1,-0.04
CISO,2025Q3,0.07
CISO,2025Q2,-0.09
CISO,2025Q1,-0.38
CJMB,2026Q1,-0.59
CJMB,2025Q3,-0.61
CJMB,2025Q2,-0.31
CJMB,2025Q1,-0.32
CL,2026Q2,0.86
CL,2026Q1,0.8
CL,2025Q4,-0.05
CL,2025Q3,0.91
CL,2025Q2,0.91
CLAR,2026Q2,0.12
CLAR,2026Q1,-0.09
CLAR,2025Q4,-0.81
CLAR,2025Q3,-0.04
CLAR,2025Q2,-0.22
CLH,2026Q2,3.22
CLH,2026Q1,1.19
CLH,2025Q4,1.62
CLH,2025Q3,2.21
CLH,2025Q2,2.36
CLIR,2026Q1,-0.39
CLIR,2025Q3,-0.03
CLIR,2025Q2,-0.03
CLIR,2025Q1,-0.38
CLNE,2026Q2,-0.07
CLNE,2026Q1,-0.06
CLNE,2025Q4,-0.2
CLNE,2025Q3,-0.11
CLNE,2025Q2,-0.09
CLRB,2026Q1,-1.33
CLRB,2025Q3,-1.41
CLRB,2025Q2,-3.39
CLRB,2025Q1,-4.3
CLS,2026Q2,3.17
CLS,2026Q1,1.83
CLS,2025Q4,2.31
CLS,2025Q3,2.31
CLS,2025Q2,1.82
CLSK,2026Q2,-0.89
CLSK,2026Q1,-1.52
CLSK,2025Q4,-1.35
CLSK,2025Q2,0.78
CLSK,2025Q1,-0.49
CLX,2026Q1,1.54
CLX,2025Q4,1.29
CLX,2025Q3,0.65
CLX,2025Q2,2.68
CLX,2025Q1,1.5
CLYM,2026Q2,-0.18
CLYM,2026Q1,-0.2
CLYM,2025Q4,-0.26
CLYM,2025Q3,-0.19
CLYM,2025Q2,-0.13
CMCSA,2026Q2,0.99
CMCSA,2026Q1,0.6
CMCSA,2025Q4,0.6
CMCSA,2025Q3,0.9
CMCSA,2025Q2,2.98
CMDB,2026Q2,0.21
CMDB,2026Q1,0.41
CMDB,2025Q4,-0.75
CMDB,2025Q3,0.3
CMDB,2025Q1,0.000744
CME,2026Q2,2.88
CME,2026Q1,3.18
CME,2025Q4,3.24
CME,2025Q3,2.49
CME,2025Q2,2.81
CMG,2026Q2,0.32
CMG,2026Q1,0.23
CMG,2025Q4,0.25
CMG,2025Q3,0.29
CMG,2025Q2,0.32
CMI,2026Q1,4.71
CMI,2025Q4,4.27
CMI,2025Q3,3.86
CMI,2025Q2,6.43
CMI,2025Q1,5.96
CMPX,2026Q2,-0.13
CMPX,2026Q1,-0.1
CMPX,2025Q4,-0.09
CMPX,2025Q3,-0.08
CMPX,2025Q2,-0.14
CMRC,2026Q2,0.01
CMRC,2026Q1,0.05
CMRC,2025Q4,-0.1
CMRC,2025Q3,-0.03
CMRC,2025Q2,-0.1
CMRE,2026Q2,0.64
CMRE,2026Q1,0.62
CMRE,2025Q4,0.6
CMRE,2025Q3,0.77
CMRE,2025Q2,0.69
CMS,2026Q2,0.37
CMS,2026Q1,1.1
CMS,2025Q4,0.933393
CMS,2025Q3,0.903713
CMS,2025Q2,0.66
CMTG,2026Q2,-1.81
CMTG,2026Q1,-0.39
CMTG,2025Q3,-0.07
CMTG,2025Q2,-1.3
CMTG,2025Q1,-0.56
CMTL,2026Q2,-0.47
CMTL,2026Q1,-0.68
CMTL,2025Q4,-0.67
CMTL,2025Q3,-0.39
CMTL,2025Q2,-0.49
CNA,2026Q2,1.18
CNA,2026Q1,0.78
CNA,2025Q3,1.48
CNA,2025Q2,1.1
CNA,2025Q1,1.0
CNC,2026Q2,2.19
CNC,2026Q1,3.11
CNC,2025Q4,-2.24
CNC,2025Q3,-13.5
CNC,2025Q2,-0.51
CNET,2026Q1,0.04
CNET,2025Q3,-0.04
CNET,2025Q2,-0.27
CNET,2025Q1,-0.23
CNK,2026Q2,1.19
CNK,2026Q1,-0.06
CNK,2025Q4,0.16
CNK,2025Q3,0.4
CNK,2025Q1,-0.32
CNM,2026Q2,0.57
CNM,2026Q1,0.37
CNM,2025Q4,0.72
CNM,2025Q3,0.7
CNM,2025Q2,0.52
CNNE,2026Q1,-0.7
CNNE,2025Q4,-1.93
CNNE,2025Q3,-1.25
CNNE,2025Q2,-3.93
CNNE,2025Q1,-1.81
CNP,2026Q2,0.37
CNP,2026Q1,0.48
CNP,2025Q3,0.45
CNP,2025Q2,0.3
CNP,2025Q1,0.45
CNQ,2026Q2,2.15
CNQ,2026Q1,0.64
CNQ,2025Q4,2.54
CNQ,2025Q3,0.29
CNQ,2025Q2,1.17
CNR,2026Q2,2.51
CNR,2026Q1,0.41
CNR,2025Q4,-1.54
CNR,2025Q3,0.61
CNR,2025Q2,-0.7
CNS,2026Q2,0.95
CNS,2026Q1,0.82
CNS,2025Q4,0.68
CNS,2025Q3,0.81
CNS,2025Q2,0.72
CNSP,2026Q1,-7.3
CNSP,2025Q3,-5.76
CNSP,2025Q2,-6.42
CNSP,2025Q1,-18.93
CNTX,2026Q2,-0.15
CNTX,2026Q1,-0.09
CNTX,2025Q3,-0.1
CNTX,2025Q2,-0.09
CNTX,2025Q1,-0.05
CNVS,2026Q1,0.05
CNVS,2025Q4,-0.05
CNVS,2025Q3,-0.31
CNVS,2025Q2,-0.21
CNVS,2025Q1,0.04
CNXC,2026Q2,0.86
CNXC,2026Q1,0.33
CNXC,2025Q4,-23.85
CNXC,2025Q3,1.34
CNXC,2025Q2,0.63
COCH,2026Q1,-0.08
COCH,2025Q3,-0.35
COCH,2025Q2,-0.32
COCH,2025Q1,-0.29
COF,2026Q2,4.73
COF,2026Q1,3.34
COF,2025Q4,3.26
COF,2025Q3,4.83
COF,2025Q2,-8.58
COGT,2026Q1,-0.570064
COGT,2025Q4,-0.636675
COGT,2025Q3,-0.578784
COGT,2025Q2,-0.645396
COGT,2025Q1,-0.632252
COHU,2026Q2,0.0
COHU,2026Q1,-0.26
COHU,2025Q4,-0.48
COHU,2025Q3,-0.09
COHU,2025Q2,-0.36
COIN,2026Q2,-1.36
COIN,2026Q1,-1.49
COIN,2025Q4,-2.49
COIN,2025Q3,1.5
COIN,2025Q2,5.14
COLB,2026Q2,0.73
COLB,2026Q1,0.66
COLB,2025Q4,0.72
COLB,2025Q3,0.4
COLB,2025Q2,0.73
COLD,2026Q2,-1.19
COLD,2026Q1,-0.05
COLD,2025Q4,-0.31
COLD,2025Q3,-0.04
COLD,2025Q2,0.01
COLL,2026Q2,-0.46
COLL,2026Q1,0.4
COLL,2025Q4,0.46
COLL,2025Q3,0.84
COLL,2025Q2,0.34
COO,2026Q2,-0.4
COO,2026Q1,0.66
COO,2025Q4,0.43
COO,2025Q3,0.49
COO,2025Q2,0.43964
COOK,2026Q2,-3.12
COOK,2026Q1,1.08
COOK,2025Q3,-33.5
COOK,2025Q2,-2.77
COOK,2025Q1,-0.3
COP,2026Q2,3.23
COP,2026Q1,1.78
COP,2025Q4,1.17
COP,2025Q3,1.38
COP,2025Q2,1.56
COR,2026Q2,3.94
COR,2026Q1,8.4
COR,2025Q4,2.87
COR,2025Q3,-1.75
COR,2025Q2,3.52
CORT,2026Q2,0.36
CORT,2026Q1,-0.3
CORT,2025Q4,0.2
CORT,2025Q3,0.16
CORT,2025Q2,0.29
COSM,2026Q1,-0.06
COSM,2025Q3,-0.17
COSM,2025Q2,-0.1
COSM,2025Q1,-0.03
COST,2026Q2,4.93
COST,2026Q1,4.58
COST,2025Q4,4.5
COST,2025Q3,5.87
COST,2025Q2,4.28
COTY,2026Q1,-0.47
COTY,2025Q4,-0.14
COTY,2025Q3,0.07
COTY,2025Q1,-0.47
COTY,2024Q4,0.02
CPAY,2026Q2,3.7
CPAY,2026Q1,5.07
CPAY,2025Q4,3.75
CPAY,2025Q3,3.91
CPAY,2025Q2,3.98
CPB,2026Q2,0.41
CPB,2026Q1,0.48
CPB,2025Q4,0.65
CPB,2025Q3,0.48
CPB,2025Q2,0.22
CPBI,2025Q4,0.31
CPBI,2025Q3,0.23
CPBI,2025Q2,0.26
CPBI,2024Q4,0.25
CPNG,2026Q2,-0.32
CPNG,2026Q1,-0.15
CPNG,2025Q4,-0.01
CPNG,2025Q3,0.05
CPNG,2025Q2,0.02
CPRT,2026Q2,0.43
CPRT,2026Q1,0.36
CPRT,2025Q4,0.41
CPRT,2025Q3,0.41
CPRT,2025Q2,0.42
CPT,2026Q2,0.18
CPT,2026Q1,0.4
CPT,2025Q4,1.44
CPT,2025Q3,1.0
CPT,2025Q2,0.74
CR,2026Q2,1.63
CR,2026Q1,1.14
CR,2025Q4,1.39
CR,2025Q3,1.56
CR,2025Q2,1.47
CRBU,2026Q1,-0.26
CRBU,2025Q4,-0.28
CRBU,2025Q3,-0.3
CRBU,2025Q2,-0.58
CRBU,2025Q1,-0.43
CRCT,2026Q2,0.19
CRCT,2026Q1,0.1
CRCT,2025Q4,0.04
CRCT,2025Q3,0.1
CRCT,2025Q2,0.11
CRD-A,2026Q1,0.1
CRD-A,2025Q4,-0.15
CRD-A,2025Q2,0.16
CRD-A,2025Q1,0.13
CRD-A,2024Q4,0.11
CRD-B,2026Q1,0.1
CRD-B,2025Q4,-0.15
CRD-B,2025Q2,0.16
CRD-B,2025Q1,0.13
CRD-B,2024Q4,0.11
CRDF,2026Q1,-0.18
CRDF,2025Q3,-0.17
CRDF,2025Q2,-0.21
CRDF,2025Q1,-0.2
CREG,2026Q1,-0.3
CREG,2025Q3,-0.8
CREG,2025Q2,-5.0
CREG,2025Q1,-9.0
CRL,2026Q2,-0.03
CRL,2026Q1,-0.3
CRL,2025Q4,-5.62
CRL,2025Q3,1.1
CRL,2025Q2,1.06
CRM,2026Q2,2.42
CRM,2026Q1,2.07
CRM,2025Q4,2.19
CRM,2025Q3,1.96
CRM,2025Q2,1.59
CRNC,2026Q2,0.03
CRNC,2026Q1,0.04
CRNC,2025Q4,-0.12
CRNC,2025Q3,-0.31
CRNC,2025Q2,-0.06
CROX,2026Q2,4.13
CROX,2026Q1,2.71
CROX,2025Q4,2.03
CROX,2025Q3,2.7
CROX,2025Q2,-8.82
CRS,2026Q2,3.23
CRS,2026Q1,2.77
CRS,2025Q4,2.09
CRS,2025Q3,2.43
CRS,2025Q2,2.21
CRVO,2026Q2,-0.64
CRVO,2026Q1,-0.86
CRVO,2025Q3,-0.84
CRVO,2025Q2,-0.84
CRVO,2025Q1,-0.56
CRWD,2026Q2,0.0275
CRWD,2026Q1,0.0375
CRWD,2025Q4,-0.035
CRWD,2025Q3,-0.0775
CRWD,2025Q2,-0.11
CRWS,2026Q1,0.03
CRWS,2025Q4,0.14
CRWS,2025Q3,0.11
CRWS,2025Q2,-0.1
CRWS,2025Q1,-1.04
CRWV,2026Q1,-1.4
CRWV,2025Q4,-0.89
CRWV,2025Q3,-0.22
CRWV,2025Q2,-0.6
CRWV,2025Q1,-1.49
CSCO,2026Q2,0.85
CSCO,2026Q1,0.8
CSCO,2025Q4,0.72
CSCO,2025Q3,0.71
CSCO,2025Q2,0.62
CSGP,2026Q2,0.14
CSGP,2026Q1,0.01
CSGP,2025Q4,0.11
CSGP,2025Q3,-0.07
CSGP,2025Q2,0.01
CSL,2026Q2,6.3
CSL,2026Q1,3.1
CSL,2025Q4,3.05
CSL,2025Q3,4.98
CSL,2025Q2,5.88
CSTL,2026Q2,-0.07
CSTL,2026Q1,-0.49
CSTL,2025Q4,-0.08
CSTL,2025Q3,-0.02
CSTL,2025Q2,0.15
CSV,2026Q2,0.77
CSV,2026Q1,0.84
CSV,2025Q4,0.77
CSV,2025Q3,0.41
CSV,2025Q2,0.74
CSX,2026Q2,0.54
CSX,2026Q1,0.43
CSX,2025Q4,0.387151
CSX,2025Q3,0.37
CSX,2025Q2,0.44
CTAS,2026Q2,1.26
CTAS,2026Q1,1.24
CTAS,2025Q4,1.21
CTAS,2025Q3,1.2
CTAS,2025Q2,1.09
CTBI,2026Q2,1.64
CTBI,2026Q1,1.5
CTBI,2025Q4,1.51
CTBI,2025Q3,1.32
CTBI,2025Q2,1.38
CTEV,2026Q2,-3.49
CTEV,2026Q1,-4.41
CTEV,2025Q4,-4.88
CTEV,2025Q3,-4.23
CTEV,2025Q2,-3.81
CTKB,2026Q2,-0.09
CTKB,2026Q1,-0.15
CTKB,2025Q4,-0.34
CTKB,2025Q3,-0.04
CTKB,2025Q2,-0.04
CTO,2026Q2,0.38
CTO,2026Q1,0.13
CTO,2025Q4,0.82
CTO,2025Q3,0.03
CTO,2025Q2,-0.77
CTOS,2026Q2,0.05
CTOS,2026Q1,-0.02
CTOS,2025Q4,0.09
CTOS,2025Q3,-0.03
CTOS,2025Q2,-0.13
CTRE,2026Q2,0.38
CTRE,2026Q1,0.36
CTRE,2025Q4,0.5
CTRE,2025Q3,0.35
CTRE,2025Q2,0.35
CTRN,2026Q2,0.91
CTRN,2026Q1,0.88
CTRN,2025Q4,-0.86
CTRN,2025Q3,0.46
CTRN,2025Q2,0.11
CTS,2026Q2,0.66
CTS,2026Q1,0.59
CTS,2025Q4,0.67
CTS,2025Q3,0.46
CTS,2025Q2,0.62
CTSH,2026Q2,1.36
CTSH,2026Q1,1.39
CTSH,2025Q4,1.34
CTSH,2025Q3,0.56
CTSH,2025Q2,1.31
CTVA,2026Q2,1.73
CTVA,2026Q1,1.07
CTVA,2025Q4,-0.82
CTVA,2025Q3,-0.47
CTVA,2025Q2,1.92
CTXR,2026Q1,-0.95
CTXR,2025Q4,-0.38
CTXR,2025Q2,-0.8
CTXR,2025Q1,-1.27
CTXR,2024Q4,-1.3
CUBI,2026Q2,2.05
CUBI,2026Q1,1.97
CUBI,2025Q4,1.98
CUBI,2025Q3,2.2
CUBI,2025Q2,1.73
CURI,2026Q1,-0.02
CURI,2025Q3,-0.06
CURI,2025Q2,0.01
CURI,2025Q1,0.01
CURV,2026Q2,0.0
CURV,2026Q1,-0.08
CURV,2025Q4,-0.06
CURV,2025Q3,0.02
CURV,2025Q2,0.06
CVBF,2026Q2,0.29
CVBF,2026Q1,0.38
CVBF,2025Q4,0.4
CVBF,2025Q3,0.38
CVBF,2025Q2,0.36
CVGI,2026Q1,0.03
CVGI,2025Q4,-0.2
CVGI,2025Q3,-0.21
CVGI,2025Q2,-0.14
CVGI,2025Q1,-0.12
CVLG,2026Q2,0.32
CVLG,2026Q1,0.17
CVLG,2025Q4,-0.73
CVLG,2025Q3,0.35
CVLG,2025Q2,0.36
CVLT,2026Q2,0.5
CVLT,2026Q1,0.34
CVLT,2025Q4,0.4
CVLT,2025Q3,0.33
CVLT,2025Q2,0.52
CVNA,2026Q2,0.42
CVNA,2026Q1,0.338
CVNA,2025Q4,0.844
CVNA,2025Q3,0.206
CVNA,2025Q2,0.256
CVS,2026Q1,2.3
CVS,2025Q4,2.3
CVS,2025Q3,-3.13
CVS,2025Q2,0.8
CVS,2025Q1,1.41
CVX,2026Q2,6.11
CVX,2026Q1,1.11
CVX,2025Q4,1.39
CVX,2025Q3,1.82
CVX,2025Q2,1.45
CWD,2026Q1,-0.52
CWD,2025Q4,-1.24
CWD,2025Q3,-1.65
CWD,2025Q2,-4.15
CWD,2025Q1,-3.85
CXAI,2026Q1,-0.09
CXAI,2025Q3,-0.13
CXAI,2025Q2,-0.16
CXAI,2025Q1,-0.08
CXM,2026Q2,0.02
CXM,2026Q1,0.04
CXM,2025Q4,0.01
CXM,2025Q3,0.05
CXM,2025Q2,-0.01
CXT,2026Q2,0.61
CXT,2026Q1,0.11
CXT,2025Q4,0.83
CXT,2025Q3,0.87
CXT,2025Q2,0.43
CXW,2026Q2,0.37
CXW,2026Q1,0.38
CXW,2025Q4,0.26
CXW,2025Q3,0.24
CXW,2025Q2,0.35
CYH,2026Q2,0.51
CYH,2026Q1,-0.43
CYH,2025Q4,0.81
CYH,2025Q3,0.96
CYH,2025Q2,2.09
CYN,2026Q1,-0.59
CYN,2025Q3,-1.2
CYN,2025Q2,-2.7
CYN,2025Q1,-3.4
CYRX,2026Q2,-0.2
CYRX,2026Q1,-0.25
CYRX,2025Q4,-0.27
CYRX,2025Q3,-0.18
CYRX,2025Q2,2.13
CZNC,2026Q2,0.79
CZNC,2026Q1,0.02
CZNC,2025Q4,0.25
CZNC,2025Q3,0.42
CZNC,2025Q2,0.4
CZR,2026Q2,-0.3
CZR,2026Q1,-0.48
CZR,2025Q4,-1.23
CZR,2025Q3,-0.27
CZR,2025Q2,-0.39
D,2026Q2,0.37
D,2026Q1,0.69
D,2025Q4,0.645051
D,2025Q3,1.16
D,2025Q2,0.88
DAC,2026Q2,8.32
DAC,2026Q1,7.7
DAC,2025Q3,7.11
DAC,2025Q2,7.12
DAC,2025Q1,6.13
DAIO,2026Q1,-0.34
DAIO,2025Q4,-0.27
DAIO,2025Q3,-0.15
DAIO,2025Q2,-0.08
DAIO,2025Q1,-0.04
DAL,2026Q2,2.44
DAL,2026Q1,-0.44
DAL,2025Q4,1.86
DAL,2025Q3,2.17
DAL,2025Q2,3.27
DAN,2026Q2,-0.05
DAN,2026Q1,9.89
DAN,2025Q3,0.64
DAN,2025Q2,0.19
DAN,2025Q1,0.17
DAR,2026Q2,2.41
DAR,2026Q1,0.83
DAR,2025Q4,0.35
DAR,2025Q3,0.12
DAR,2025Q2,0.08
DASH,2026Q2,0.46
DASH,2026Q1,0.42
DASH,2025Q4,0.48
DASH,2025Q3,0.55
DASH,2025Q2,0.65
DAVE,2026Q2,0.49
DAVE,2026Q1,4.02
DAVE,2025Q4,4.57
DAVE,2025Q3,6.34
DAVE,2025Q2,0.62
DB,2026Q2,0.84737
DB,2026Q1,0.977255
DB,2025Q4,0.669219
DB,2025Q3,0.782039
DB,2025Q2,0.739984
DBD,2026Q2,0.44
DBD,2026Q1,0.14
DBD,2025Q4,1.37
DBD,2025Q3,1.11
DBD,2025Q2,0.33
DBGI,2026Q1,-42.4
DBGI,2025Q3,-47.2
DBGI,2025Q2,-32.4
DBGI,2025Q1,-36.8
DBI,2026Q2,0.02
DBI,2026Q1,-0.401488
DBI,2025Q4,0.35
DBI,2025Q3,0.22
DBI,2025Q2,-0.36
DD,2026Q2,1.05
DD,2026Q1,1.17
DD,2025Q4,-0.9
DD,2025Q3,-0.87
DD,2025Q2,0.42
DDOG,2026Q2,0.12
DDOG,2026Q1,0.15
DDOG,2025Q4,0.13
DDOG,2025Q3,0.1
DDOG,2025Q2,0.01
DDS,2026Q2,16.04
DDS,2026Q1,13.05
DDS,2025Q4,8.31
DDS,2025Q3,4.66
DDS,2025Q2,10.39
DE,2026Q2,6.55
DE,2026Q1,2.42
DE,2025Q4,3.93
DE,2025Q3,4.75
DE,2025Q2,6.64
DECK,2026Q2,0.94
DECK,2026Q1,0.96
DECK,2025Q4,3.33
DECK,2025Q3,1.82
DECK,2025Q2,0.93
DEI,2026Q2,-0.02
DEI,2026Q1,-0.02
DEI,2025Q4,-0.04
DEI,2025Q3,-0.07
DEI,2025Q2,-0.04
DELL,2026Q2,5.24
DELL,2026Q1,3.37
DELL,2025Q4,2.28
DELL,2025Q3,1.7
DELL,2025Q2,1.37
DFIN,2026Q2,1.44
DFIN,2026Q1,1.27
DFIN,2025Q4,0.23
DFIN,2025Q3,-1.49
DFIN,2025Q2,1.28
DG,2026Q2,2.0
DG,2026Q1,1.93
DG,2025Q4,1.28
DG,2025Q3,1.86
DG,2025Q2,1.78
DGX,2026Q2,2.84
DGX,2026Q1,2.24
DGX,2025Q4,2.18
DGX,2025Q3,2.16
DGX,2025Q2,2.47
DHI,2026Q2,3.2
DHI,2026Q1,2.24
DHI,2025Q4,2.03
DHI,2025Q3,3.04
DHI,2025Q2,3.36
DHR,2026Q2,1.23
DHR,2026Q1,1.45
DHR,2025Q4,1.68
DHR,2025Q3,1.27
DHR,2025Q2,0.77
DIN,2026Q2,0.35
DIN,2026Q1,0.57
DIN,2025Q4,-0.93
DIN,2025Q3,0.48
DIN,2025Q2,0.89
DINO,2026Q2,4.93
DINO,2026Q1,3.56
DINO,2025Q4,-0.16
DINO,2025Q3,2.15
DINO,2025Q2,1.1
DIOD,2026Q2,1.0
DIOD,2026Q1,0.32
DIOD,2025Q4,0.22
DIOD,2025Q3,0.31
DIOD,2025Q2,0.99
DIS,2026Q2,1.51
DIS,2026Q1,1.27
DIS,2025Q4,1.34
DIS,2025Q3,0.73
DIS,2025Q2,2.92
DKNG,2026Q2,-0.14
DKNG,2026Q1,0.03
DKNG,2025Q4,0.25
DKNG,2025Q3,-0.52
DKNG,2025Q2,0.3
DLB,2026Q2,0.3
DLB,2026Q1,0.99
DLB,2025Q4,0.55
DLB,2025Q3,0.51
DLB,2025Q2,0.48
DLPN,2026Q1,-0.22
DLPN,2025Q3,-0.03
DLPN,2025Q2,-0.13
DLPN,2025Q1,-0.21
DLR,2026Q2,0.3025
DLR,2026Q1,0.115
DLR,2025Q4,0.24
DLR,2025Q3,0.0375
DLR,2025Q2,0.735
DLTR,2026Q2,1.76
DLTR,2026Q1,2.53
DLTR,2025Q4,1.2
DLTR,2025Q3,0.91
DLTR,2025Q2,1.61
DNOW,2026Q2,-0.11
DNOW,2026Q1,-0.24
DNOW,2025Q4,-0.95
DNOW,2025Q3,0.23
DNOW,2025Q2,0.13
DNUT,2026Q2,-0.12
DNUT,2026Q1,-0.16
DNUT,2025Q4,-0.17
DNUT,2025Q3,-0.11
DNUT,2025Q2,-2.55
DOC,2026Q2,0.08
DOC,2026Q1,0.28
DOC,2025Q4,0.16
DOC,2025Q3,-0.17
DOC,2025Q2,0.05
DOCN,2026Q2,0.29
DOCN,2026Q1,0.15
DOCN,2025Q4,0.24
DOCN,2025Q3,1.51
DOCN,2025Q2,0.39
DORM,2026Q2,2.93
DORM,2026Q1,1.43
DORM,2025Q4,0.38
DORM,2025Q3,2.48
DORM,2025Q2,1.91
DOV,2026Q2,2.3
DOV,2026Q1,1.75
DOV,2025Q4,2.06
DOV,2025Q3,2.19
DOV,2025Q2,2.02
DOW,2026Q2,0.99
DOW,2026Q1,-0.74
DOW,2025Q4,-2.15
DOW,2025Q3,0.08
DOW,2025Q2,-1.18
DPZ,2026Q2,4.07
DPZ,2026Q1,4.13
DPZ,2025Q4,5.35
DPZ,2025Q3,4.08
DPZ,2025Q2,3.81
DRCT,2026Q1,-41.28
DRCT,2025Q4,-88.0
DRCT,2025Q3,-52.8
DRCT,2025Q2,-50.6
DRCT,2025Q1,-77.0
DRI,2026Q2,3.51
DRI,2026Q1,2.65
DRI,2025Q4,2.03
DRI,2025Q3,2.19
DRI,2025Q2,2.58
DRIO,2026Q1,-1.25
DRIO,2025Q3,-2.96
DRIO,2025Q2,-3.6
DRIO,2025Q1,-2.87
DRMA,2026Q1,-0.48
DRMA,2025Q3,-1.65
DRMA,2025Q2,-1.66
DRMA,2025Q1,-4.47
DRUG,2026Q1,-1.09
DRUG,2025Q4,-0.97
DRUG,2025Q2,-0.74
DRUG,2025Q1,-0.42
DRUG,2024Q4,0.01
DRVN,2026Q2,0.21
DRVN,2026Q1,0.33
DRVN,2025Q4,0.13
DRVN,2025Q3,0.37
DRVN,2025Q2,0.33
DSGR,2026Q2,0.18
DSGR,2026Q1,0.01
DSGR,2025Q4,-0.14
DSGR,2025Q3,0.14
DSGR,2025Q2,0.11
DT,2026Q2,0.12
DT,2026Q1,0.06
DT,2025Q4,0.13
DT,2025Q3,0.19
DT,2025Q2,0.16
DTE,2026Q2,1.35
DTE,2026Q1,1.19
DTE,2025Q3,2.01
DTE,2025Q2,1.1
DTE,2025Q1,2.14
DTI,2026Q2,-0.05
DTI,2026Q1,-0.04
DTI,2025Q4,0.03
DTI,2025Q3,-0.03
DTI,2025Q2,-0.07
DUK,2026Q2,1.38
DUK,2026Q1,1.97
DUK,2025Q4,1.5
DUK,2025Q3,1.81
DUK,2025Q2,1.25
DUOL,2026Q2,0.66
DUOL,2026Q1,0.89
DUOL,2025Q4,0.89976
DUOL,2025Q3,5.95
DUOL,2025Q2,0.91
DUOT,2026Q1,-0.15
DUOT,2025Q3,-0.06
DUOT,2025Q2,-0.3
DUOT,2025Q1,-0.18
DVA,2026Q2,4.02
DVA,2026Q1,2.87
DVA,2025Q4,3.29
DVA,2025Q3,2.04
DVA,2025Q2,2.58
DVN,2026Q2,2.03
DVN,2026Q1,0.19
DVN,2025Q4,0.9
DVN,2025Q3,1.09
DVN,2025Q2,1.41
DX,2026Q2,0.8
DX,2026Q1,-0.41
DX,2025Q4,1.16
DX,2025Q3,1.08
DX,2025Q2,-0.14
DXC,2026Q2,0.73
DXC,2026Q1,-0.84
DXC,2025Q4,0.61
DXC,2025Q3,0.2
DXC,2025Q2,0.09
DXCM,2026Q2,0.64
DXCM,2026Q1,0.51
DXCM,2025Q4,0.68
DXCM,2025Q3,0.7
DXCM,2025Q2,0.45
DXPE,2026Q2,1.76
DXPE,2026Q1,1.22
DXPE,2025Q4,1.39
DXPE,2025Q3,1.31
DXPE,2025Q2,1.43
DY,2026Q2,3.0
DY,2026Q1,0.55
DY,2025Q4,3.63
DY,2025Q3,3.33
DY,2025Q2,2.09
E,2026Q2,2.18
E,2026Q1,0.68
E,2025Q4,0.02
E,2025Q3,0.48
E,2025Q2,0.32
EA,2026Q2,1.56
EA,2026Q1,1.81
EA,2025Q4,0.35
EA,2025Q3,0.54
EA,2025Q2,0.79
EAF,2026Q2,-1.54
EAF,2026Q1,-1.66
EAF,2025Q4,-2.5
EAF,2025Q3,-1.1
EAF,2025Q2,-3.35
EBAY,2026Q2,1.21
EBAY,2026Q1,1.12
EBAY,2025Q4,1.15
EBAY,2025Q3,1.35
EBAY,2025Q2,0.78
EBC,2026Q2,0.48
EBC,2026Q1,0.29
EBC,2025Q4,0.46
EBC,2025Q3,0.53
EBC,2025Q2,0.5
EBF,2026Q2,0.39
EBF,2025Q4,0.42
EBF,2025Q3,0.51
EBF,2025Q2,0.38
EBF,2025Q1,0.35
EBMT,2026Q2,0.47
EBMT,2026Q1,0.51
EBMT,2025Q4,0.6
EBMT,2025Q3,0.46
EBMT,2025Q2,0.41
ECG,2026Q2,1.64
ECG,2026Q1,1.14
ECG,2025Q4,1.08
ECG,2025Q3,1.11
ECG,2025Q2,1.03
ECL,2026Q2,1.9
ECL,2026Q1,1.52
ECL,2025Q4,1.98
ECL,2025Q3,2.05
ECL,2025Q2,1.84
ECO,2026Q2,5.9
ECO,2026Q1,2.31
ECO,2025Q4,1.76
ECO,2025Q3,0.75
ECO,2025Q2,0.84
ECOR,2026Q2,-0.33
ECOR,2026Q1,-0.59
ECOR,2025Q3,-0.4
ECOR,2025Q2,-0.44
ECOR,2025Q1,-0.47
ED,2026Q2,0.83
ED,2026Q1,2.54
ED,2025Q4,0.82
ED,2025Q3,1.9
ED,2025Q2,0.68
EEFT,2026Q2,1.71
EEFT,2026Q1,0.83
EEFT,2025Q4,1.08
EEFT,2025Q3,2.75
EEFT,2025Q2,2.27
EFSC,2026Q2,1.09
EFSC,2026Q1,1.3
EFSC,2025Q4,1.45
EFSC,2025Q3,1.19
EFSC,2025Q2,1.36
EFX,2026Q2,1.54
EFX,2026Q1,1.42
EFX,2025Q4,1.44
EFX,2025Q3,1.29
EFX,2025Q2,1.53
EG,2026Q2,14.22
EG,2026Q1,16.21
EG,2025Q4,10.77
EG,2025Q3,6.09
EG,2025Q2,16.1
EGP,2026Q2,1.4
EGP,2026Q1,1.77
EGP,2025Q4,1.27
EGP,2025Q3,1.26
EGP,2025Q2,1.2
EHC,2026Q2,1.54
EHC,2026Q1,1.93
EHC,2025Q4,1.43
EHC,2025Q3,1.24
EHC,2025Q2,1.39
EIG,2026Q2,1.59
EIG,2026Q1,0.52
EIG,2025Q4,-1.06
EIG,2025Q3,-0.36
EIG,2025Q2,1.23
EIX,2026Q2,1.38
EIX,2026Q1,1.37
EIX,2025Q3,2.16
EIX,2025Q2,0.89
EIX,2025Q1,3.72
EL,2026Q1,0.24
EL,2025Q4,0.44
EL,2025Q3,0.13
EL,2025Q2,-1.51
EL,2025Q1,0.44
ELAN,2026Q2,0.11
ELAN,2026Q1,0.11
ELAN,2025Q4,-0.56
ELAN,2025Q3,-0.07
ELAN,2025Q2,0.02
ELDN,2026Q1,-0.33
ELDN,2025Q3,-0.21
ELDN,2025Q2,-0.13
ELDN,2025Q1,-0.08
ELF,2026Q2,1.12
ELF,2026Q1,-0.84
ELF,2025Q4,0.65
ELF,2025Q3,0.05
ELF,2025Q2,0.58
ELTX,2026Q1,-0.65
ELTX,2025Q3,-0.6
ELTX,2025Q2,-0.66
ELTX,2025Q1,-0.87
ELUT,2026Q1,-0.17
ELUT,2025Q4,1.48
ELUT,2025Q3,-0.19
ELUT,2025Q2,-0.26
ELUT,2025Q1,-0.21
ELV,2026Q2,6.71
ELV,2026Q1,8.0
ELV,2025Q4,2.47
ELV,2025Q3,5.32
ELV,2025Q2,7.72
EMBJ,2026Q1,0.1856
EMBJ,2025Q4,0.4548
EMBJ,2025Q2,0.44
EMBJ,2025Q1,0.3996
EMBJ,2024Q4,0.2484
EME,2026Q2,9.06
EME,2026Q1,6.84
EME,2025Q4,9.68
EME,2025Q3,6.57
EME,2025Q2,6.72
EMN,2026Q2,1.59
EMN,2026Q1,0.93
EMN,2025Q4,0.92
EMN,2025Q3,0.4
EMN,2025Q2,1.2
EMPD,2026Q2,-1.53
EMPD,2026Q1,-2.59
EMPD,2025Q3,-0.96
EMPD,2025Q2,-7.57
EMPD,2025Q1,-7.27
EMR,2026Q2,1.28
EMR,2026Q1,1.1
EMR,2025Q4,1.07
EMR,2025Q3,1.12
EMR,2025Q2,1.04
ENGN,2026Q2,-0.43
ENGN,2026Q1,-0.44
ENGN,2025Q3,-0.57
ENGN,2025Q2,-0.51
ENGN,2025Q1,-0.48
ENOV,2026Q2,-0.02
ENOV,2026Q1,-0.152915
ENOV,2025Q4,-9.1
ENOV,2025Q3,-9.99
ENOV,2025Q2,-0.64
ENPH,2026Q2,0.27
ENPH,2026Q1,-0.06
ENPH,2025Q4,0.29
ENPH,2025Q3,0.5
ENPH,2025Q2,0.28
ENS,2026Q1,2.05
ENS,2025Q4,2.4
ENS,2025Q3,1.8
ENS,2025Q2,1.46
ENS,2025Q1,2.41
ENTG,2026Q2,0.61
ENTG,2026Q1,0.6
ENTG,2025Q4,0.32
ENTG,2025Q3,0.46
ENTG,2025Q2,0.35
ENVA,2026Q2,4.0
ENVA,2026Q1,3.46
ENVA,2025Q4,3.0
ENVA,2025Q3,3.03
ENVA,2025Q2,2.86
EOG,2026Q2,5.15
EOG,2026Q1,3.7
EOG,2025Q4,1.3
EOG,2025Q3,2.7
EOG,2025Q2,2.46
EPAC,2026Q2,0.58
EPAC,2026Q1,0.31
EPAC,2025Q4,0.36
EPAC,2025Q3,0.52
EPAC,2025Q2,0.41
EPAM,2026Q2,1.97
EPAM,2026Q1,1.52
EPAM,2025Q4,1.98
EPAM,2025Q3,1.91
EPAM,2025Q2,1.56
EPC,2026Q2,0.29
EPC,2026Q1,-0.23
EPC,2025Q4,-1.41
EPC,2025Q3,-0.66
EPC,2025Q2,0.62
EPD,2026Q2,0.84
EPD,2026Q1,0.68
EPD,2025Q4,0.75
EPD,2025Q3,0.61
EPD,2025Q2,0.66
EPRT,2026Q2,0.34
EPRT,2026Q1,0.28
EPRT,2025Q4,0.34
EPRT,2025Q3,0.33
EPRT,2025Q2,0.32
EQBK,2026Q2,1.27
EQBK,2026Q1,0.8
EQBK,2025Q4,1.15
EQBK,2025Q3,-1.55
EQBK,2025Q2,0.86
EQH,2026Q2,-1.68
EQH,2026Q1,2.14
EQH,2025Q4,0.7
EQH,2025Q3,-4.47
EQH,2025Q2,-1.21
EQIX,2026Q2,4.83
EQIX,2026Q1,4.2
EQIX,2025Q4,2.69
EQIX,2025Q3,3.81
EQIX,2025Q2,3.75
EQT,2026Q2,0.34
EQT,2026Q1,2.36
EQT,2025Q4,1.08
EQT,2025Q3,0.53
EQT,2025Q2,1.3
ERAS,2026Q1,-0.6
ERAS,2025Q4,-0.1
ERAS,2025Q3,-0.11
ERAS,2025Q2,-0.12
ERAS,2025Q1,-0.11
ERIE,2026Q2,3.45
ERIE,2026Q1,2.88
ERIE,2025Q4,1.21
ERIE,2025Q3,3.5
ERIE,2025Q2,3.34
ES,2026Q1,1.61
ES,2025Q4,1.12
ES,2025Q3,0.99
ES,2025Q2,0.96
ES,2025Q1,1.5
ESE,2026Q2,1.26
ESE,2026Q1,1.34
ESE,2025Q4,1.107943
ESE,2025Q3,8.43
ESE,2025Q2,1.005672
ESEA,2026Q1,4.65
ESEA,2025Q4,5.79
ESEA,2025Q3,4.25
ESEA,2025Q2,4.29
ESEA,2025Q1,5.29
ESLA,2026Q1,-0.05
ESLA,2025Q3,-0.13
ESLA,2025Q2,-0.15
ESLA,2025Q1,-0.06
ESOA,2026Q1,0.01
ESOA,2025Q4,0.16
ESOA,2025Q3,0.25
ESOA,2025Q2,0.12
ESOA,2025Q1,-0.41
ESQ,2026Q2,1.49
ESQ,2026Q1,1.4
ESQ,2025Q4,1.55
ESQ,2025Q3,1.62
ESQ,2025Q2,1.38
ESRT,2026Q2,-0.15
ESRT,2026Q1,0.01
ESRT,2025Q4,0.12
ESRT,2025Q3,0.05
ESRT,2025Q2,0.04
ESS,2026Q2,0.97
ESS,2026Q1,1.65
ESS,2025Q4,1.25
ESS,2025Q3,2.56
ESS,2025Q2,3.44
ETD,2026Q2,0.46
ETD,2026Q1,0.23
ETD,2025Q4,0.46
ETD,2025Q3,0.41
ETD,2025Q2,0.48
ETN,2026Q2,2.11
ETN,2026Q1,2.22
ETN,2025Q4,2.91
ETN,2025Q3,2.59
ETN,2025Q2,2.51
ETON,2026Q1,0.05
ETON,2025Q4,0.05
ETON,2025Q3,-0.07
ETON,2025Q2,-0.1
ETON,2025Q1,-0.06
ETR,2026Q2,1.03
ETR,2026Q1,0.83
ETR,2025Q4,0.51
ETR,2025Q3,1.53
ETR,2025Q2,1.05
ETS,2026Q2,-0.15
ETS,2026Q1,-0.01
ETS,2025Q3,-0.01
ETS,2025Q2,-0.006437
ETS,2025Q1,-0.012263
ETSY,2026Q2,-0.49
ETSY,2026Q1,0.6
ETSY,2025Q4,0.92
ETSY,2025Q3,0.63
ETSY,2025Q2,0.28
EVER,2026Q2,0.53
EVER,2026Q1,0.51
EVER,2025Q4,1.54
EVER,2025Q3,0.5
EVER,2025Q2,0.39
EVGO,2026Q2,-0.15
EVGO,2026Q1,-0.12
EVGO,2025Q4,-0.04
EVGO,2025Q3,-0.09
EVGO,2025Q2,-0.1
EVH,2026Q2,-0.25
EVH,2026Q1,-0.24
EVH,2025Q4,-3.84
EVH,2025Q3,-0.24
EVH,2025Q2,-0.44
EVLV,2026Q1,-0.03
EVLV,2025Q4,0.06
EVLV,2025Q3,-0.01
EVLV,2025Q2,-0.25
EVLV,2025Q1,-0.01
EVMN,2026Q2,-0.89
EVMN,2026Q1,-0.64
EVMN,2025Q4,-1.43
EVMN,2025Q3,-0.414761
EVMN,2025Q2,-0.451001
EVRG,2026Q2,0.91
EVRG,2026Q1,0.64
EVRG,2025Q3,2.03
EVRG,2025Q2,0.74
EVRG,2025Q1,0.54
EW,2026Q2,0.42
EW,2026Q1,0.66
EW,2025Q4,0.16
EW,2025Q3,0.5
EW,2025Q2,0.56
EWTX,2026Q2,-0.53
EWTX,2026Q1,-0.46
EWTX,2025Q4,-0.47
EWTX,2025Q3,-0.39
EWTX,2025Q2,-0.34
EXC,2026Q2,0.39
EXC,2026Q1,0.9
EXC,2025Q4,0.58
EXC,2025Q3,0.86
EXC,2025Q2,0.39
EXE,2026Q2,2.19
EXE,2026Q1,4.81
EXE,2025Q4,2.3
EXE,2025Q3,2.28
EXE,2025Q2,4.02
EXOZ,2026Q1,-0.28
EXOZ,2025Q3,-0.27
EXOZ,2025Q2,-0.28
EXOZ,2025Q1,-0.22
EXP,2026Q2,3.29
EXP,2026Q1,1.91
EXP,2025Q4,3.22
EXP,2025Q3,4.23
EXP,2025Q2,3.76
EXPD,2026Q2,2.03
EXPD,2026Q1,1.71
EXPD,2025Q4,1.49
EXPD,2025Q3,1.64
EXPD,2025Q2,1.34
EXPE,2026Q2,7.16
EXPE,2026Q1,-0.05
EXPE,2025Q4,1.6
EXPE,2025Q3,7.33
EXPE,2025Q2,2.48
EXPO,2026Q2,0.6
EXPO,2026Q1,0.59
EXPO,2025Q4,0.49
EXPO,2025Q3,0.55
EXPO,2025Q2,0.52
EXR,2026Q2,0.416667
EXR,2026Q1,0.38
EXR,2025Q4,1.36
EXR,2025Q3,0.26
EXR,2025Q2,0.393333
EZPW,2026Q2,0.48
EZPW,2026Q1,0.61
EZPW,2025Q4,0.55
EZPW,2025Q3,0.34
EZPW,2025Q2,0.34
F,2026Q2,-0.33
F,2026Q1,0.63
F,2025Q3,0.6
F,2025Q2,-0.01
F,2025Q1,0.12
FA,2026Q2,0.1
FA,2026Q1,0.01
FA,2025Q4,0.02
FA,2025Q3,0.01
FA,2025Q2,0.0
FANG,2026Q2,0.83125
FANG,2026Q1,0.01
FANG,2025Q4,-0.63875
FANG,2025Q3,0.43875
FANG,2025Q2,0.2975
FAST,2026Q2,0.33
FAST,2026Q1,0.3
FAST,2025Q4,0.26
FAST,2025Q3,0.29
FAST,2025Q2,0.29
FBK,2026Q2,1.13
FBK,2026Q1,1.1
FBK,2025Q4,1.07
FBK,2025Q3,0.43
FBK,2025Q2,0.06
FBLA,2026Q2,0.0
FBLA,2026Q1,0.01
FBLA,2025Q4,-0.08
FBLA,2025Q3,0.06
FBLA,2025Q2,0.05
FBNC,2026Q2,1.22
FBNC,2026Q1,1.13
FBNC,2025Q4,0.38
FBNC,2025Q3,0.49
FBNC,2025Q2,0.93
FBP,2026Q2,0.62
FBP,2026Q1,0.57
FBP,2025Q3,0.63
FBP,2025Q2,0.5
FBP,2025Q1,0.47
FBRT,2026Q2,0.12
FBRT,2026Q1,0.07
FBRT,2025Q3,0.12
FBRT,2025Q2,0.19
FBRT,2025Q1,0.2
FBRX,2026Q1,-1.24
FBRX,2025Q3,-0.99
FBRX,2025Q2,-0.96
FBRX,2025Q1,-1.37
FBYD,2026Q1,0.05
FBYD,2025Q4,-0.01
FBYD,2025Q3,-0.13
FBYD,2025Q2,0.3
FBYD,2025Q1,-0.13
FC,2026Q2,0.27
FC,2026Q1,-0.17
FC,2025Q4,-0.27
FC,2025Q3,0.34
FC,2025Q2,-0.11
FCAP,2026Q2,1.43
FCAP,2026Q1,1.3
FCAP,2025Q4,1.46
FCAP,2025Q3,1.34
FCAP,2025Q2,1.13
FCF,2026Q2,0.44
FCF,2026Q1,0.369278
FCF,2025Q4,0.43
FCF,2025Q3,0.39
FCF,2025Q2,0.31834
FCNCA,2026Q2,55.52
FCNCA,2026Q1,42.63
FCNCA,2025Q4,45.81
FCNCA,2025Q3,43.08
FCNCA,2025Q2,42.36
FCUV,2026Q1,-5.92
FCUV,2025Q3,-6.4
FCUV,2025Q2,-8.0
FCUV,2025Q1,-6.72
FDS,2026Q2,3.5
FDS,2026Q1,3.59
FDS,2025Q4,4.06
FDS,2025Q3,4.03
FDS,2025Q2,3.87
FDX,2026Q2,6.6
FDX,2026Q1,4.41
FDX,2025Q4,4.04
FDX,2025Q3,3.46
FDX,2025Q2,6.88
FE,2026Q2,0.125
FE,2026Q1,0.175
FE,2025Q3,0.19
FE,2025Q2,0.115
FE,2025Q1,0.155
FEMY,2026Q1,0.0
FEMY,2025Q3,-2.0
FEMY,2025Q2,-3.2
FEMY,2025Q1,-4.6
FENC,2026Q1,0.01
FENC,2025Q4,-0.17
FENC,2025Q3,-0.02
FENC,2025Q2,-0.11
FENC,2025Q1,-0.04
FERG,2026Q2,3.43
FERG,2026Q1,2.13
FERG,2025Q4,1.99
FERG,2025Q4,2.9
FERG,2025Q3,3.55
FFAI,2026Q1,-27.0
FFAI,2025Q3,-232.499999
FFAI,2025Q2,-179.999999
FFAI,2025Q1,-21.0
FFIN,2026Q2,0.5
FFIN,2026Q1,0.5
FFIN,2025Q4,0.51
FFIN,2025Q3,0.36
FFIN,2025Q2,0.47
FFIV,2026Q2,3.62
FFIV,2026Q1,2.58
FFIV,2025Q4,3.1
FFIV,2025Q3,3.26
FFIV,2025Q2,3.25
FG,2026Q2,-0.62
FG,2026Q1,1.78
FG,2025Q3,0.85
FG,2025Q2,0.26
FG,2025Q1,-0.2
FGBI,2026Q2,0.17
FGBI,2026Q1,0.14
FGBI,2025Q4,0.12
FGBI,2025Q3,-3.01
FGBI,2025Q2,-0.5
FHI,2026Q2,1.38
FHI,2026Q1,1.27
FHI,2025Q4,1.39
FHI,2025Q3,1.34
FHI,2025Q2,1.16
FHTX,2026Q2,-0.1
FHTX,2026Q1,-0.29
FHTX,2025Q3,-0.25
FHTX,2025Q2,-0.28
FHTX,2025Q1,-0.3
FIBK,2026Q2,0.87
FIBK,2026Q1,0.61
FIBK,2025Q4,1.08
FIBK,2025Q3,0.69
FIBK,2025Q2,0.69
FICO,2026Q2,10.45
FICO,2026Q1,11.14
FICO,2025Q4,6.61
FICO,2025Q3,6.42
FICO,2025Q2,7.4
FIG,2026Q2,-0.21
FIG,2026Q1,-0.27
FIG,2025Q4,-0.44
FIG,2025Q3,-2.72
FIG,2025Q2,0.001805
FIP,2026Q2,-1.41
FIP,2026Q1,-1.32
FIP,2025Q4,-1.08
FIP,2025Q3,-1.38
FIP,2025Q2,-0.73
FIS,2026Q1,4.58
FIS,2025Q4,0.98
FIS,2025Q3,0.5
FIS,2025Q2,-0.9
FIS,2025Q1,0.15
FITB,2026Q2,0.83
FITB,2026Q1,0.15
FITB,2025Q4,1.04
FITB,2025Q3,0.91
FITB,2025Q2,0.88
FIVE,2026Q2,2.21
FIVE,2026Q1,4.28
FIVE,2025Q4,0.66
FIVE,2025Q3,0.77
FIVE,2025Q2,0.75
FIVN,2026Q2,0.04
FIVN,2026Q1,0.21
FIVN,2025Q4,0.23
FIVN,2025Q3,0.21
FIVN,2025Q2,0.01
FIX,2026Q2,12.53
FIX,2026Q1,10.51
FIX,2025Q4,9.37
FIX,2025Q3,8.25
FIX,2025Q2,6.53
FIZZ,2026Q1,0.44
FIZZ,2025Q4,0.49
FIZZ,2025Q3,0.6
FIZZ,2025Q1,0.42
FKWL,2026Q1,-0.13
FKWL,2025Q4,0.05
FKWL,2025Q3,0.05
FKWL,2025Q1,-0.05
FKWL,2024Q4,0.02
FLG,2026Q2,0.06
FLG,2026Q1,0.03
FLG,2025Q4,0.05
FLG,2025Q3,-0.11
FLG,2025Q2,-0.19
FLNT,2026Q1,-0.17
FLNT,2025Q4,-0.13
FLNT,2025Q3,-0.27
FLNT,2025Q2,-0.3
FLNT,2025Q1,-0.39
FLOC,2026Q1,0.23
FLOC,2025Q4,0.41
FLOC,2025Q3,0.32
FLOC,2025Q2,0.21
FLOC,2025Q1,0.24
FLR,2026Q2,0.81
FLR,2026Q1,1.08
FLR,2025Q3,-4.3
FLR,2025Q2,14.81
FLR,2025Q1,-1.42
FLWS,2026Q1,-1.56
FLWS,2025Q4,1.1
FLWS,2025Q3,-0.83
FLWS,2025Q2,-0.82
FLWS,2025Q1,-2.8
FLYW,2026Q2,-0.07
FLYW,2026Q1,0.1
FLYW,2025Q4,0.0
FLYW,2025Q3,0.23
FLYW,2025Q2,-0.1
FMAO,2026Q1,0.7
FMAO,2025Q4,0.71
FMAO,2025Q3,0.64
FMAO,2025Q2,0.56
FMAO,2025Q1,0.51
FMC,2026Q2,-1.49
FMC,2026Q1,-2.25
FMC,2025Q4,-13.74
FMC,2025Q3,-4.52
FMC,2025Q2,0.53
FNB,2026Q2,0.42
FNB,2026Q1,0.38
FNB,2025Q4,0.47
FNB,2025Q3,0.41
FNB,2025Q2,0.36
FNKO,2026Q2,0.27
FNKO,2026Q1,-0.33
FNKO,2025Q4,0.0
FNKO,2025Q3,0.02
FNKO,2025Q2,-0.74
FNV,2026Q1,2.43
FNV,2025Q4,1.9
FNV,2025Q3,1.49
FNV,2025Q2,1.28
FNV,2025Q1,1.09
FNWB,2026Q2,0.03
FNWB,2026Q1,0.0
FNWB,2025Q4,0.04
FNWB,2025Q3,0.09
FNWB,2025Q2,0.42
FNWD,2026Q2,0.48
FNWD,2026Q1,0.52
FNWD,2025Q4,0.46
FNWD,2025Q3,0.81
FNWD,2025Q2,0.5
FOR,2026Q2,0.7
FOR,2026Q1,0.63
FOR,2025Q4,0.3
FOR,2025Q3,1.7
FOR,2025Q2,0.65
FORM,2026Q2,0.71
FORM,2026Q1,0.26
FORM,2025Q4,0.29
FORM,2025Q3,0.2
FORM,2025Q2,0.12
FOSL,2026Q1,-0.01
FOSL,2025Q4,-0.33
FOSL,2025Q3,-0.76
FOSL,2025Q2,-0.04
FOSL,2025Q1,-0.33
FOUR,2026Q2,0.08
FOUR,2026Q1,-0.01
FOUR,2025Q3,0.17
FOUR,2025Q2,0.32
FOUR,2025Q1,0.2
FOX,2026Q2,1.61
FOX,2026Q1,0.38
FOX,2025Q4,0.52
FOX,2025Q3,1.32
FOX,2025Q2,1.57
FOXA,2026Q2,1.61
FOXA,2026Q1,0.38
FOXA,2025Q4,0.52
FOXA,2025Q3,1.32
FOXA,2025Q2,1.57
FPI,2026Q2,0.07
FPI,2026Q1,0.01
FPI,2025Q3,0.0
FPI,2025Q2,0.14
FPI,2025Q1,0.03
FRD,2026Q2,1.79
FRD,2026Q1,1.3
FRD,2025Q4,0.43
FRD,2025Q3,0.32
FRD,2025Q2,0.71
FRHC,2025Q4,1.25
FRHC,2025Q3,0.63
FRHC,2025Q2,0.5
FRHC,2024Q4,1.29
FRMI,2026Q1,-0.3
FRMI,2025Q3,-0.585043
FRMI,2025Q1,-0.000132
FRPT,2026Q2,0.39
FRPT,2026Q1,0.91
FRPT,2025Q4,0.64
FRPT,2025Q3,1.86
FRPT,2025Q2,0.33
FRT,2026Q2,0.97
FRT,2026Q1,1.81
FRT,2025Q4,1.48
FRT,2025Q3,0.69
FRT,2025Q2,1.78
FSBW,2026Q2,1.04
FSBW,2026Q1,1.02
FSBW,2025Q4,1.1
FSBW,2025Q3,1.18
FSBW,2025Q2,0.99
FSLR,2026Q2,0.392
FSLR,2026Q1,3.22
FSLR,2025Q4,4.84
FSLR,2025Q3,4.24
FSLR,2025Q1,1.95
FSS,2026Q2,1.4
FSS,2026Q1,1.14
FSS,2025Q3,1.11
FSS,2025Q2,1.16
FSS,2025Q1,0.75
FTAI,2026Q2,1.13
FTAI,2026Q1,1.29
FTAI,2025Q3,1.1
FTAI,2025Q2,1.57
FTAI,2025Q1,0.87
FTCI,2026Q2,-1.69
FTCI,2026Q1,-0.72
FTCI,2025Q4,-2.23
FTCI,2025Q3,-1.61
FTCI,2025Q2,-1.18
FTEK,2026Q2,-0.04
FTEK,2026Q1,-0.04
FTEK,2025Q4,-0.04
FTEK,2025Q3,0.01
FTEK,2025Q2,-0.02
FTFT,2026Q1,-1.0
FTFT,2025Q3,-5.28
FTFT,2025Q2,9.76
FTFT,2025Q1,-30.2
FTLF,2026Q1,0.17
FTLF,2025Q3,0.09
FTLF,2025Q2,0.18
FTLF,2025Q1,0.2
FTNT,2026Q2,0.82
FTNT,2026Q1,0.72
FTNT,2025Q4,0.68
FTNT,2025Q3,0.62
FTNT,2025Q2,0.57
FTV,2026Q2,0.51
FTV,2026Q1,0.44
FTV,2025Q4,0.58
FTV,2025Q3,0.16
FTV,2025Q2,0.49
FUBO,2026Q2,-0.25
FUBO,2026Q1,-0.07
FUBO,2025Q4,-0.24
FUBO,2025Q3,-0.72
FUBO,2025Q2,-0.24
FUL,2026Q2,1.23
FUL,2026Q1,0.38
FUL,2025Q4,0.54
FUL,2025Q3,1.22
FUL,2025Q2,0.76
FULC,2026Q2,-0.34
FULC,2026Q1,-0.25
FULC,2025Q4,-0.31
FULC,2025Q3,-0.31
FULC,2025Q2,-0.28
FUN,2026Q2,-1.99
FUN,2026Q1,-2.65
FUN,2025Q4,-0.908433
FUN,2025Q3,-11.77
FUN,2025Q2,-0.99
FUNC,2026Q2,0.87
FUNC,2026Q1,1.03
FUNC,2025Q4,0.89
FUNC,2025Q3,1.07
FUNC,2025Q2,0.92
FUSB,2026Q2,0.31
FUSB,2026Q1,0.33
FUSB,2025Q4,0.36
FUSB,2025Q3,0.32
FUSB,2025Q2,0.03
FWONK,2026Q2,0.02
FWONK,2026Q1,0.03
FWONK,2025Q3,0.24
FWONK,2025Q2,1.52
FWONK,2025Q1,0.05
G,2026Q2,0.86
G,2026Q1,0.86
G,2025Q4,0.82
G,2025Q3,0.83
G,2025Q2,0.75
GABC,2026Q2,1.02
GABC,2026Q1,0.88
GABC,2025Q4,0.95
GABC,2025Q3,0.94
GABC,2025Q2,0.84
GANX,2026Q1,-0.13
GANX,2025Q3,-0.15
GANX,2025Q2,-0.19
GANX,2025Q1,-0.16
GAP,2026Q2,0.9
GAP,2026Q1,0.45
GAP,2025Q4,0.62
GAP,2025Q3,0.57
GAP,2025Q2,0.51
GASS,2026Q1,0.43
GASS,2025Q4,0.34
GASS,2025Q3,0.36
GASS,2025Q2,0.55
GASS,2025Q1,0.38
GBFH,2026Q2,0.38
GBFH,2026Q1,0.09
GBFH,2025Q4,0.51
GBFH,2025Q2,0.33
GBFH,2025Q1,0.31
GBX,2026Q2,0.6
GBX,2026Q1,0.47
GBX,2025Q4,1.14
GBX,2025Q2,1.86
GBX,2025Q1,1.56
GCBC,2026Q2,0.67
GCBC,2026Q1,0.62
GCBC,2025Q4,0.6
GCBC,2025Q3,0.52
GCBC,2025Q2,0.55
GCMG,2026Q1,0.06
GCMG,2025Q3,0.16
GCMG,2025Q2,0.05
GCMG,2025Q1,-0.02
GCMG,2024Q4,0.09
GCTK,2026Q1,-2.65
GCTK,2025Q3,-4.64
GCTK,2025Q2,-9.62
GCTK,2025Q1,-40.14
GD,2026Q2,4.24
GD,2026Q1,4.1
GD,2025Q4,4.17
GD,2025Q3,3.88
GD,2025Q2,3.74
GDC,2026Q1,-632.5
GDC,2025Q3,120.0
GDC,2025Q2,-25.0
GDC,2025Q1,-20.0
GDDY,2026Q2,1.83
GDDY,2026Q1,1.6
GDDY,2025Q4,1.8
GDDY,2025Q3,1.51
GDDY,2025Q2,1.41
GDOT,2026Q1,0.93
GDOT,2025Q4,-0.84
GDOT,2025Q3,-0.56
GDOT,2025Q2,-0.85
GDOT,2025Q1,0.47
GDRX,2026Q2,0.02
GDRX,2026Q1,0.0
GDRX,2025Q4,0.02
GDRX,2025Q3,0.0
GDRX,2025Q2,0.04
GE,2026Q2,2.26
GE,2026Q1,1.81
GE,2025Q4,2.4
GE,2025Q3,2.02
GE,2025Q2,1.89
GEF,2026Q2,1.35
GEF,2026Q1,0.22
GEF,2025Q4,2.97
GEF,2025Q3,1.1
GEF,2025Q2,0.94
GEF-B,2026Q2,2.025
GEF-B,2026Q1,0.33
GEF-B,2025Q4,4.455
GEF-B,2025Q3,1.65
GEF-B,2025Q2,1.41
GEHC,2026Q2,1.24
GEHC,2026Q1,0.85
GEHC,2025Q4,1.29
GEHC,2025Q3,0.98
GEHC,2025Q2,1.06
GEN,2026Q2,0.36
GEN,2026Q1,0.84
GEN,2025Q4,0.31
GEN,2025Q3,0.21
GEN,2025Q2,0.22
GETY,2026Q1,-0.01
GETY,2025Q4,-0.22
GETY,2025Q3,0.05
GETY,2025Q2,-0.08
GETY,2025Q1,-0.25
GEV,2026Q2,2.47
GEV,2026Q1,17.44
GEV,2025Q4,13.39
GEV,2025Q3,1.64
GEV,2025Q2,1.86
GEVO,2026Q2,-0.75
GEVO,2026Q1,-0.09
GEVO,2025Q3,-0.03
GEVO,2025Q2,0.01
GEVO,2025Q1,-0.09
GFF,2026Q2,1.14
GFF,2026Q1,0.42
GFF,2025Q4,1.41
GFF,2025Q3,0.95
GFF,2025Q2,-2.65
GGB,2026Q2,0.74
GGB,2026Q1,0.51
GGB,2025Q4,-0.655012
GGB,2025Q3,0.54
GGB,2025Q2,0.43
GIFT,2026Q2,-0.04
GIFT,2026Q1,-0.08
GIFT,2025Q3,-0.08
GIFT,2025Q2,-0.09
GIFT,2025Q1,-0.11
GIII,2026Q2,1.5
GIII,2026Q1,-0.76
GIII,2025Q4,1.84
GIII,2025Q3,0.25
GIII,2025Q2,0.17
GIL,2026Q2,-0.27
GIL,2026Q1,-0.36
GIL,2025Q4,0.35
GIL,2025Q3,0.8
GIL,2025Q2,0.91
GILD,2026Q2,-8.45
GILD,2026Q1,1.61
GILD,2025Q4,1.74
GILD,2025Q3,2.43
GILD,2025Q2,1.56
GIPR,2026Q1,-3.1
GIPR,2025Q3,-5.2
GIPR,2025Q2,-8.1
GIPR,2025Q1,-5.0
GIPR,2024Q4,-0.5
GIS,2026Q2,-3.74
GIS,2026Q1,0.56
GIS,2025Q4,0.78
GIS,2025Q3,2.22
GIS,2025Q2,0.53
GL,2026Q2,3.65
GL,2026Q1,3.39
GL,2025Q4,3.29
GL,2025Q3,4.73
GL,2025Q2,3.05
GLBZ,2026Q1,0.03
GLBZ,2025Q3,0.04
GLBZ,2025Q2,-0.07
GLBZ,2025Q1,0.05
GLBZ,2024Q4,-0.01
GLPI,2026Q2,0.8
GLPI,2026Q1,0.82
GLPI,2025Q4,0.94
GLPI,2025Q3,0.85
GLPI,2025Q2,0.54
GLW,2026Q2,0.64
GLW,2026Q1,0.43
GLW,2025Q4,0.62
GLW,2025Q3,0.5
GLW,2025Q2,0.54
GM,2026Q2,1.41
GM,2026Q1,2.82
GM,2025Q3,1.35
GM,2025Q2,1.91
GM,2025Q1,3.35
GMED,2026Q2,1.1
GMED,2026Q1,0.9
GMED,2025Q4,1.03
GMED,2025Q3,0.88
GMED,2025Q2,1.49
GNE,2026Q2,0.43
GNE,2026Q1,0.11
GNE,2025Q3,0.26
GNE,2025Q2,0.09
GNE,2025Q1,0.4
GNRC,2026Q2,2.4
GNRC,2026Q1,1.24
GNRC,2025Q4,-0.42
GNRC,2025Q3,1.12
GNRC,2025Q2,1.25
GNW,2026Q2,0.12
GNW,2026Q1,0.12
GNW,2025Q4,0.0
GNW,2025Q3,0.28
GNW,2025Q2,0.12
GO,2026Q1,-1.83
GO,2025Q4,-2.22
GO,2025Q3,0.12
GO,2025Q2,0.05
GO,2025Q1,-0.24
GOGO,2026Q2,-0.01
GOGO,2026Q1,0.1
GOGO,2025Q4,-0.07
GOGO,2025Q3,-0.01
GOGO,2025Q2,0.09
GOLD,2026Q1,2.09
GOLD,2025Q4,0.46
GOLD,2025Q3,-0.04
GOLD,2025Q1,-0.36
GOLD,2024Q4,0.27
GOLF,2026Q2,2.08
GOLF,2026Q1,1.36
GOLF,2025Q4,-0.58
GOLF,2025Q3,0.81
GOLF,2025Q2,1.25
GOOGL,2026Q2,9.11
GOOGL,2026Q1,5.11
GOOGL,2025Q4,2.82
GOOGL,2025Q3,2.87
GOOGL,2025Q2,2.31
GOVX,2026Q2,-0.97
GOVX,2026Q1,-2.62
GOVX,2025Q3,-7.75
GOVX,2025Q2,-8.75
GOVX,2025Q1,-11.2
GPC,2026Q2,1.65
GPC,2026Q1,1.37
GPC,2025Q4,-4.39
GPC,2025Q3,1.62
GPC,2025Q2,1.83
GPI,2026Q2,8.64
GPI,2026Q1,10.85
GPI,2025Q4,3.52
GPI,2025Q3,1.0
GPI,2025Q2,10.82
GPMT,2026Q2,-1.29
GPMT,2026Q1,-0.13
GPMT,2025Q4,-0.58
GPMT,2025Q3,-0.01
GPMT,2025Q2,-0.35
GPN,2026Q2,0.05
GPN,2026Q1,-6.59
GPN,2025Q4,0.92
GPN,2025Q3,2.64
GPN,2025Q2,0.99
GRDN,2026Q2,0.34
GRDN,2026Q1,0.21
GRDN,2025Q4,0.33
GRDN,2025Q3,0.15
GRDN,2025Q2,0.14
GRMN,2026Q2,2.8
GRMN,2026Q1,2.09
GRMN,2025Q4,2.73
GRMN,2025Q3,2.08
GRMN,2025Q2,2.07
GRND,2026Q2,0.1
GRND,2026Q1,0.14
GRND,2025Q3,0.16
GRND,2025Q2,0.08
GRND,2025Q1,0.09
GRNT,2026Q2,0.23
GRNT,2026Q1,-0.36
GRNT,2025Q4,-0.19
GRNT,2025Q3,0.11
GRNT,2025Q2,0.19
GROV,2026Q2,-0.03
GROV,2026Q1,-0.03
GROV,2025Q4,-0.05
GROV,2025Q3,-0.08
GROV,2025Q2,-0.1
GROW,2026Q1,0.21
GROW,2025Q4,-0.07
GROW,2025Q3,0.12
GROW,2025Q1,-0.03
GROW,2024Q4,-0.01
GRWG,2026Q1,-0.08
GRWG,2025Q4,-0.12
GRWG,2025Q3,-0.04
GRWG,2025Q2,-0.08
GRWG,2025Q1,-0.16
GS,2026Q2,20.98
GS,2026Q1,17.55
GS,2025Q4,14.01
GS,2025Q3,12.25
GS,2025Q2,10.91
GSBC,2026Q2,1.43
GSBC,2026Q1,1.58
GSBC,2025Q4,1.45
GSBC,2025Q3,1.56
GSBC,2025Q2,1.72
GSIT,2026Q2,-0.13
GSIT,2026Q1,-0.13
GSIT,2025Q4,-0.09
GSIT,2025Q3,-0.11
GSIT,2025Q2,-0.08
GUTS,2026Q1,0.06
GUTS,2025Q4,-0.285104
GUTS,2025Q3,-0.71
GUTS,2025Q2,-0.558699
GUTS,2025Q1,-0.485178
GVA,2026Q2,-6.36
GVA,2026Q1,-0.96
GVA,2025Q4,1.03
GVA,2025Q3,1.98
GVA,2025Q2,1.42
GWRE,2026Q2,0.19
GWRE,2026Q1,0.7
GWRE,2025Q4,0.36
GWRE,2025Q3,0.6
GWRE,2025Q2,0.54
GWW,2026Q2,12.01
GWW,2026Q1,11.65
GWW,2025Q4,9.44
GWW,2025Q3,6.12
GWW,2025Q2,9.97
GXAI,2026Q1,-0.25
GXAI,2025Q3,-0.14
GXAI,2025Q2,-0.11
GXAI,2025Q1,-0.17
GYRE,2026Q2,-0.12
GYRE,2026Q1,-0.1
GYRE,2025Q4,-0.02
GYRE,2025Q3,0.03
GYRE,2025Q2,-0.03
H,2026Q2,1.14
H,2026Q1,0.4
H,2025Q4,-0.21
H,2025Q3,-0.51
H,2025Q2,-0.03
HAE,2026Q2,0.72
HAE,2026Q1,-0.44
HAE,2025Q4,0.95
HAE,2025Q3,0.81
HAE,2025Q2,0.7
HAL,2026Q2,0.64
HAL,2026Q1,0.55
HAL,2025Q4,0.7
HAL,2025Q3,0.02
HAL,2025Q2,0.55
HAS,2026Q2,1.12
HAS,2026Q1,1.39
HAS,2025Q4,1.41
HAS,2025Q3,1.64
HAS,2025Q2,-6.1
HASI,2026Q2,0.92
HASI,2026Q1,-0.57
HASI,2025Q4,-0.43
HASI,2025Q3,0.61
HASI,2025Q2,0.74
HAYW,2026Q2,0.21
HAYW,2026Q1,0.11
HAYW,2025Q4,0.31
HAYW,2025Q3,0.11
HAYW,2025Q2,0.2
HBAN,2026Q2,0.33
HBAN,2026Q1,0.25
HBAN,2025Q4,0.3
HBAN,2025Q3,0.41
HBAN,2025Q2,0.34
HBB,2026Q2,2.5
HBB,2026Q1,0.26
HBB,2025Q4,1.38
HBB,2025Q3,0.12
HBB,2025Q2,0.33
HBNC,2026Q2,0.49
HBNC,2026Q1,0.51
HBNC,2025Q4,0.53
HBNC,2025Q3,-4.69
HBNC,2025Q2,0.47
HCA,2026Q2,7.62
HCA,2026Q1,7.15
HCA,2025Q4,8.14
HCA,2025Q3,6.96
HCA,2025Q2,6.83
HCC,2026Q2,1.65
HCC,2026Q1,1.37
HCC,2025Q4,0.44
HCC,2025Q3,0.7
HCC,2025Q2,0.11
HCKT,2026Q2,0.18
HCKT,2026Q1,0.17
HCKT,2025Q4,0.21
HCKT,2025Q3,0.09
HCKT,2025Q2,0.06
HCSG,2026Q2,0.32
HCSG,2026Q1,0.37
HCSG,2025Q4,0.44
HCSG,2025Q3,0.59
HCSG,2025Q2,-0.44
HCWB,2026Q1,2.22
HCWB,2025Q4,-6.12
HCWB,2025Q3,-12.12
HCWB,2025Q2,-5.388243
HCWB,2025Q1,-11.82
HD,2026Q2,3.3
HD,2026Q1,2.58
HD,2025Q4,3.62
HD,2025Q3,4.58
HD,2025Q2,3.45
HDSN,2026Q2,0.12
HDSN,2026Q1,0.01
HDSN,2025Q4,-0.2
HDSN,2025Q3,0.27
HDSN,2025Q2,0.23
HE,2026Q2,0.71
HE,2026Q1,0.18
HE,2025Q4,0.23
HE,2025Q3,0.18
HE,2025Q2,0.15
HELE,2026Q2,1.51
HELE,2026Q1,-2.41
HELE,2025Q4,-3.65
HELE,2025Q3,-13.44
HELE,2025Q2,-19.65
HHS,2026Q1,-0.08
HHS,2025Q4,0.3
HHS,2025Q3,-0.31
HHS,2025Q2,-0.05
HHS,2025Q1,-0.05
HIG,2026Q2,4.68
HIG,2026Q1,3.04
HIG,2025Q4,3.98
HIG,2025Q3,3.77
HIG,2025Q2,3.44
HII,2026Q2,5.27
HII,2026Q1,3.79
HII,2025Q4,4.04
HII,2025Q3,3.68
HII,2025Q2,3.86
HIT,2026Q1,-0.03
HIT,2025Q4,-0.01
HIT,2025Q3,0.01
HIT,2025Q2,0.01
HIT,2025Q1,0.01
HIW,2026Q2,0.85
HIW,2026Q1,0.29
HIW,2025Q3,0.12
HIW,2025Q2,0.17
HIW,2025Q1,0.91
HLI,2026Q2,1.15
HLI,2026Q1,1.47
HLI,2025Q4,1.7
HLI,2025Q3,1.63
HLI,2025Q2,1.42
HLIO,2026Q1,0.59
HLIO,2025Q4,0.58
HLIO,2025Q3,0.31
HLIO,2025Q2,0.34
HLIO,2025Q1,0.22
HLT,2026Q2,2.1
HLT,2026Q1,1.66
HLT,2025Q4,1.27
HLT,2025Q3,1.78
HLT,2025Q2,1.84
HLX,2026Q2,0.15
HLX,2026Q1,-0.09
HLX,2025Q4,0.06
HLX,2025Q3,0.15
HLX,2025Q2,-0.02
HMC,2026Q2,347.52
HMC,2025Q2,140.4
HNGE,2026Q2,0.52
HNGE,2026Q1,0.41
HNGE,2025Q4,0.37
HNGE,2025Q3,-0.02
HNGE,2025Q2,-13.1
HNI,2026Q2,0.7
HNI,2026Q1,-0.55
HNI,2025Q4,-0.94
HNI,2025Q3,0.88
HNI,2025Q2,1.02
HNRG,2026Q1,-0.2
HNRG,2025Q3,0.55
HNRG,2025Q2,0.19
HNRG,2025Q1,0.23
HOFT,2026Q2,0.1
HOFT,2026Q1,0.05
HOFT,2025Q4,-1.99
HOFT,2025Q3,-0.31
HOFT,2025Q2,-0.29
HOMB,2026Q2,0.59
HOMB,2026Q1,0.6
HOMB,2025Q4,0.6
HOMB,2025Q3,0.63
HOMB,2025Q2,0.6
HON,2026Q2,17.83
HON,2026Q1,2.58
HON,2025Q4,0.92
HON,2025Q3,5.72
HON,2025Q2,4.9
HOOD,2026Q2,0.62
HOOD,2026Q1,0.38
HOOD,2025Q4,0.66
HOOD,2025Q3,0.61
HOOD,2025Q2,0.42
HOUR,2026Q1,0.02
HOUR,2025Q3,0.01
HOUR,2025Q2,0.04
HOUR,2025Q1,0.02
HPE,2026Q2,0.44
HPE,2026Q1,0.31
HPE,2025Q4,0.11
HPE,2025Q3,0.21
HPE,2025Q2,-0.82
HPK,2026Q1,-1.02
HPK,2025Q4,-0.21
HPK,2025Q3,-0.15
HPK,2025Q2,0.19
HPK,2025Q1,0.26
HPP,2026Q2,-1.62
HPP,2026Q1,-0.82
HPP,2025Q4,-4.31
HPP,2025Q3,-2.1
HPP,2025Q2,-2.87
HPQ,2026Q2,0.49
HPQ,2026Q1,0.58
HPQ,2025Q4,0.84
HPQ,2025Q3,0.8
HPQ,2025Q2,0.42
HRL,2026Q2,0.29
HRL,2026Q1,0.33
HRL,2025Q4,-0.1
HRL,2025Q3,0.33
HRL,2025Q2,0.33
HRMY,2026Q2,1.28
HRMY,2026Q1,0.55
HRMY,2025Q4,0.38
HRMY,2025Q3,0.87
HRMY,2025Q2,0.68
HRTG,2026Q2,2.05
HRTG,2026Q1,1.19
HRTG,2025Q4,2.15
HRTG,2025Q3,1.63
HRTG,2025Q2,1.55
HSBC,2026Q1,2.0
HSBC,2025Q3,1.4
HSBC,2025Q1,1.95
HSCS,2026Q1,-0.63
HSCS,2025Q4,-0.85
HSCS,2025Q3,-1.58
HSCS,2025Q1,-2.57
HSIC,2026Q2,0.82
HSIC,2026Q1,0.92
HSIC,2025Q4,0.85
HSIC,2025Q3,0.84
HSIC,2025Q2,0.7
HST,2026Q2,0.35
HST,2026Q1,0.72
HST,2025Q4,0.2
HST,2025Q3,0.23
HST,2025Q2,0.32
HSTM,2026Q2,0.23
HSTM,2026Q1,0.2
HSTM,2025Q4,0.09
HSTM,2025Q3,0.2
HSTM,2025Q2,0.18
HSY,2026Q2,2.26
HSY,2026Q1,2.13
HSY,2025Q4,1.57
HSY,2025Q3,1.36
HSY,2025Q2,0.31
HTB,2026Q2,0.94
HTB,2026Q1,0.99
HTB,2025Q4,0.93
HTB,2025Q2,1.0
HTB,2025Q1,0.84
HTLD,2026Q2,0.14
HTLD,2026Q1,-0.06
HTLD,2025Q4,-0.25
HTLD,2025Q3,-0.11
HTLD,2025Q2,-0.14
HTO,2026Q2,0.62
HTO,2026Q1,0.49
HTO,2025Q4,0.45
HTO,2025Q2,0.71
HTO,2025Q1,0.49
HUBB,2026Q2,4.52
HUBB,2026Q1,3.41
HUBB,2025Q4,4.19
HUBB,2025Q3,4.77
HUBB,2025Q2,4.56
HUBS,2026Q2,0.86
HUBS,2026Q1,0.62
HUBS,2025Q4,1.04
HUBS,2025Q3,0.31
HUBS,2025Q2,-0.06
HUM,2026Q2,5.73
HUM,2026Q1,9.83
HUM,2025Q3,1.62
HUM,2025Q2,4.51
HUM,2025Q1,10.3
HUN,2026Q2,-0.03
HUN,2026Q1,-0.31
HUN,2025Q4,-0.56
HUN,2025Q3,-0.14
HUN,2025Q2,-0.92
HURA,2026Q1,-0.13
HURA,2025Q3,-0.14
HURA,2025Q2,-0.21
HURA,2025Q1,-0.15
HURN,2026Q2,1.91
HURN,2026Q1,1.34
HURN,2025Q4,1.72
HURN,2025Q3,1.71
HURN,2025Q2,1.09
HUT,2026Q2,-1.27
HUT,2026Q1,-1.98
HUT,2025Q4,-2.540445
HUT,2025Q3,0.43
HUT,2025Q2,1.18
HVT,2026Q2,0.32
HVT,2026Q1,0.26
HVT,2025Q4,0.51
HVT,2025Q3,0.28
HVT,2025Q2,0.16
HWM,2026Q2,1.33
HWM,2026Q1,1.44
HWM,2025Q4,0.92
HWM,2025Q3,0.95
HWM,2025Q2,1.0
HYFM,2026Q1,-3.07
HYFM,2025Q4,-51.89
HYFM,2025Q3,-3.51
HYFM,2025Q2,-3.63
HYFM,2025Q1,-3.12
HYPR,2026Q2,-0.09
HYPR,2026Q1,-0.09
HYPR,2025Q4,-0.06
HYPR,2025Q3,-0.14
HYPR,2025Q2,-0.12
HZO,2026Q2,0.66
HZO,2026Q1,-0.12
HZO,2025Q4,-0.36
HZO,2025Q3,-0.04
HZO,2025Q2,-2.42
IART,2026Q2,0.057625
IART,2026Q1,-0.06
IART,2025Q4,-0.021878
IART,2025Q3,-0.07
IART,2025Q2,-6.31
IBAC,2026Q1,-0.11
IBAC,2025Q4,-0.01
IBAC,2025Q2,0.05
IBAC,2025Q1,0.05
IBAC,2024Q4,0.06
IBKR,2026Q2,0.69
IBKR,2026Q1,0.59
IBKR,2025Q4,0.63
IBKR,2025Q3,0.59
IBKR,2025Q2,0.51
IBM,2026Q2,2.27
IBM,2026Q1,1.28
IBM,2025Q4,5.88
IBM,2025Q3,1.84
IBM,2025Q2,2.31
IBOC,2026Q2,1.54
IBOC,2026Q1,1.64
IBOC,2025Q3,1.74
IBOC,2025Q2,1.61
IBOC,2025Q1,1.56
IBTA,2026Q2,-0.05
IBTA,2026Q1,-0.43
IBTA,2025Q4,-0.04
IBTA,2025Q3,0.05
IBTA,2025Q2,0.08
ICE,2026Q2,1.69
ICE,2026Q1,2.48
ICE,2025Q4,1.49
ICE,2025Q3,1.42
ICE,2025Q1,1.38
IDCC,2026Q2,3.4
IDCC,2026Q1,2.14
IDCC,2025Q4,1.2
IDCC,2025Q3,1.93
IDCC,2025Q2,5.35
IDN,2026Q1,0.03
IDN,2025Q3,0.01
IDN,2025Q2,-0.01
IDN,2025Q1,-0.02
IDT,2026Q2,0.87
IDT,2026Q1,0.84
IDT,2025Q4,0.89
IDT,2025Q2,0.86
IDT,2025Q1,0.8
IDXX,2026Q2,4.27
IDXX,2026Q1,3.47
IDXX,2025Q4,3.08
IDXX,2025Q3,3.4
IDXX,2025Q2,3.63
IESC,2026Q2,7.57
IESC,2026Q1,5.44
IESC,2025Q4,4.51
IESC,2025Q3,4.99
IESC,2025Q1,3.5
IEX,2026Q2,1.93
IEX,2026Q1,1.61
IEX,2025Q4,1.71
IEX,2025Q3,1.7
IEX,2025Q2,1.74
IFF,2026Q2,0.2
IFF,2026Q1,0.66
IFF,2025Q4,0.07
IFF,2025Q3,0.16
IFF,2025Q2,2.33
IIIN,2026Q2,0.46
IIIN,2026Q1,0.27
IIIN,2025Q4,0.39
IIIN,2025Q3,0.74
IIIN,2025Q2,0.78
IMAX,2026Q2,0.27
IMAX,2026Q1,0.08
IMAX,2025Q4,0.01
IMAX,2025Q3,0.37
IMAX,2025Q2,0.2
IMRX,2026Q2,-0.27
IMRX,2026Q1,-0.21
IMRX,2025Q4,-0.18
IMRX,2025Q3,-0.38
IMRX,2025Q2,-0.4
IMSR,2026Q1,-0.1
IMSR,2025Q2,-0.103438
IMSR,2025Q1,-0.103486
IMXI,2026Q1,0.02
IMXI,2025Q3,0.17
IMXI,2025Q2,0.37
IMXI,2025Q1,0.25
IMXI,2024Q4,0.49
INBK,2026Q2,0.27
INBK,2026Q1,0.29
INBK,2025Q4,0.6
INBK,2025Q3,-4.76
INBK,2025Q2,0.02
INCY,2026Q2,2.81
INCY,2026Q1,1.47
INCY,2025Q4,1.46
INCY,2025Q3,2.11
INCY,2025Q2,2.04
INDP,2026Q1,-0.23
INDP,2025Q3,-2.98
INDP,2025Q2,-9.09
INDP,2025Q1,-9.11
INGM,2026Q2,0.48
INGM,2026Q1,0.42
INGM,2025Q4,0.51
INGM,2025Q3,0.42
INGM,2025Q2,0.16
INGN,2026Q2,-0.14
INGN,2026Q1,-0.3
INGN,2025Q4,-0.26
INGN,2025Q3,-0.2
INGN,2025Q2,-0.15
INGR,2026Q2,1.78
INGR,2026Q1,2.22
INGR,2025Q4,2.56
INGR,2025Q3,2.61
INGR,2025Q2,2.99
INMB,2026Q2,-0.05
INMB,2026Q1,-0.2
INMB,2025Q3,-0.24
INMB,2025Q2,-1.05
INMB,2025Q1,-0.43
INOD,2026Q2,0.41
INOD,2026Q1,0.42
INOD,2025Q4,0.25
INOD,2025Q3,0.24
INOD,2025Q2,0.2
INSM,2026Q2,-0.06
INSM,2026Q1,-0.76
INSM,2025Q4,-1.54
INSM,2025Q3,-1.75
INSM,2025Q2,-1.7
INTA,2026Q2,-0.07
INTA,2026Q1,-0.2
INTA,2025Q4,-0.07
INTA,2025Q3,-0.18
INTA,2025Q2,-0.01
INTC,2026Q2,-2.16
INTC,2026Q1,-0.73
INTC,2025Q4,-0.12
INTC,2025Q3,0.9
INTC,2025Q2,-0.67
INTU,2026Q2,11.09
INTU,2026Q1,2.48
INTU,2025Q4,1.59
INTU,2025Q3,1.35
INTU,2025Q2,10.02
INVA,2026Q2,-1.14
INVA,2026Q1,2.22
INVA,2025Q4,1.94
INVA,2025Q3,1.08
INVA,2025Q2,0.77
INVE,2026Q1,-0.15
INVE,2025Q4,-0.16
INVE,2025Q3,-0.15
INVE,2025Q2,-0.26
INVE,2025Q1,-0.21
INVH,2026Q2,0.37
INVH,2026Q1,0.26
INVH,2025Q4,0.24
INVH,2025Q3,0.22
INVH,2025Q2,0.23
IONQ,2026Q2,-5.08
IONQ,2026Q1,2.07
IONQ,2025Q4,1.93
IONQ,2025Q3,-3.58
IONQ,2025Q2,-0.7
IOVA,2026Q2,-0.11
IOVA,2026Q1,-0.19
IOVA,2025Q4,-0.18
IOVA,2025Q3,-0.25
IOVA,2025Q2,-0.33
IP,2026Q2,-0.02
IP,2026Q1,0.11
IP,2025Q4,-4.52
IP,2025Q3,-2.09
IP,2025Q2,0.14
IPI,2026Q2,1.17
IPI,2026Q1,0.56
IPI,2025Q4,-0.03
IPI,2025Q3,0.28
IPI,2025Q2,0.25
IQV,2026Q2,1.53
IQV,2026Q1,1.61
IQV,2025Q4,2.99
IQV,2025Q3,1.93
IQV,2025Q2,1.54
IR,2026Q2,0.66
IR,2026Q1,0.49
IR,2025Q4,0.67
IR,2025Q3,0.61
IR,2025Q2,-0.29
IRM,2026Q2,0.34
IRM,2026Q1,0.48
IRM,2025Q4,0.3
IRM,2025Q3,0.28
IRM,2025Q2,-0.15
ISBA,2026Q2,0.69
ISBA,2026Q1,0.68
ISBA,2025Q4,0.64
ISBA,2025Q2,0.68
ISBA,2025Q1,0.53
ISPC,2026Q1,-266.4
ISPC,2025Q3,-19.2
ISPC,2025Q2,-16.8
ISPC,2025Q1,-28.55
ISRG,2026Q2,2.29
ISRG,2026Q1,2.28
ISRG,2025Q4,2.21
ISRG,2025Q3,1.95
ISRG,2025Q2,1.81
IT,2026Q2,4.14
IT,2026Q1,3.18
IT,2025Q4,3.36
IT,2025Q3,0.47
IT,2025Q2,3.11
ITGR,2026Q2,0.69
ITGR,2026Q1,0.48
ITGR,2025Q4,1.38
ITGR,2025Q3,1.11
ITGR,2025Q2,1.04
ITRI,2026Q2,1.19
ITRI,2026Q1,1.18
ITRI,2025Q4,2.21
ITRI,2025Q3,1.41
ITRI,2025Q2,1.47
ITT,2026Q2,0.95
ITT,2026Q1,0.89
ITT,2025Q4,1.64
ITT,2025Q3,1.62
ITT,2025Q2,1.52
ITW,2026Q2,2.84
ITW,2026Q1,2.66
ITW,2025Q4,2.72
ITW,2025Q3,2.81
ITW,2025Q2,2.58
IVF,2026Q1,-3.38
IVF,2025Q3,-30.8
IVF,2025Q2,-1596.0
IVF,2025Q1,-3473.93
IVF,2024Q4,-1084.799521
IVT,2026Q2,0.02
IVT,2026Q1,0.07
IVT,2025Q4,0.03
IVT,2025Q3,0.08
IVT,2025Q2,1.23
IVZ,2026Q2,0.76
IVZ,2026Q1,0.51
IVZ,2025Q4,-2.63
IVZ,2025Q3,0.66
IVZ,2025Q2,-0.03
IZEA,2026Q1,-0.04
IZEA,2025Q4,-0.07
IZEA,2025Q3,0.01
IZEA,2025Q2,0.07
IZEA,2025Q1,-0.01
J,2026Q2,1.15
J,2026Q1,-0.34
J,2025Q4,1.12
J,2025Q3,0.92
J,2025Q2,1.55
JAKK,2026Q2,0.49
JAKK,2026Q1,-0.37
JAKK,2025Q4,-0.47
JAKK,2025Q3,1.74
JAKK,2025Q2,-0.21
JBHT,2026Q2,1.91
JBHT,2026Q1,1.49
JBHT,2025Q4,1.9
JBHT,2025Q3,1.76
JBHT,2025Q2,1.31
JBI,2026Q1,0.0
JBI,2025Q4,0.05
JBI,2025Q3,0.11
JBI,2025Q2,0.15
JBI,2025Q1,0.08
JBL,2026Q2,2.59
JBL,2026Q1,2.08
JBL,2025Q4,1.35
JBL,2025Q3,1.99
JBL,2025Q2,2.03
JBLU,2026Q2,-0.66
JBLU,2026Q1,-0.86
JBLU,2025Q4,-0.48
JBLU,2025Q3,-0.39
JBLU,2025Q2,-0.21
JBTM,2026Q2,0.54
JBTM,2026Q1,0.86
JBTM,2025Q4,1.01
JBTM,2025Q2,0.07
JBTM,2025Q1,-3.35
JJSF,2026Q2,1.88
JJSF,2026Q1,0.09
JJSF,2025Q4,0.05
JJSF,2025Q3,0.58
JJSF,2025Q2,2.26
JKHY,2026Q1,1.71
JKHY,2025Q4,1.72
JKHY,2025Q3,1.97
JKHY,2025Q2,1.75
JKHY,2025Q1,1.52
JNJ,2026Q2,2.27
JNJ,2026Q1,2.14
JNJ,2025Q4,2.1
JNJ,2025Q3,2.12
JNJ,2025Q2,2.29
JOE,2026Q2,0.71
JOE,2026Q1,0.24
JOE,2025Q4,0.52
JOE,2025Q3,0.67
JOE,2025Q2,0.51
JPM,2026Q2,7.7
JPM,2026Q1,5.94
JPM,2025Q4,4.63
JPM,2025Q3,5.07
JPM,2025Q2,5.24
JRSH,2026Q1,0.12
JRSH,2025Q4,0.09
JRSH,2025Q3,0.04
JRSH,2025Q2,0.03
JRSH,2025Q1,-0.01
JSPR,2026Q1,-0.04
JSPR,2025Q4,-0.32
JSPR,2025Q3,-1.13
JSPR,2025Q2,-1.74
JSPR,2025Q1,-1.41
JYNT,2026Q2,0.05
JYNT,2026Q1,0.09
JYNT,2025Q4,0.07
JYNT,2025Q3,0.06
JYNT,2025Q2,0.01
KBR,2026Q2,0.75
KBR,2026Q1,0.8
KBR,2025Q4,0.87
KBR,2025Q3,0.892569
KBR,2025Q2,0.56
KD,2026Q2,-0.25
KD,2026Q1,0.08
KD,2025Q4,0.25
KD,2025Q3,0.29
KD,2025Q2,0.23
KDP,2026Q2,0.04
KDP,2026Q1,0.2
KDP,2025Q4,0.26
KDP,2025Q3,0.49
KDP,2025Q2,0.4
KELYA,2026Q2,0.31
KELYA,2026Q1,-0.17
KELYA,2025Q4,-3.69
KELYA,2025Q3,-4.26
KELYA,2025Q2,0.52
KEY,2026Q2,0.44
KEY,2026Q1,0.44
KEY,2025Q4,0.43
KEY,2025Q3,0.41
KEY,2025Q2,0.35
KEYS,2026Q2,2.02
KEYS,2026Q1,1.63
KEYS,2025Q4,1.33
KEYS,2025Q3,1.1
KEYS,2025Q2,1.49
KFFB,2026Q1,0.07
KFFB,2025Q4,0.04
KFFB,2025Q3,0.04
KFFB,2025Q2,0.02
KFFB,2025Q1,0.0
KFRC,2026Q2,0.73
KFRC,2026Q1,0.46
KFRC,2025Q4,0.281316
KFRC,2025Q3,0.605139
KFRC,2025Q2,0.561442
KFY,2026Q2,1.39
KFY,2026Q1,1.23
KFY,2025Q4,1.36
KFY,2025Q3,1.26
KFY,2025Q2,1.21
KGC,2026Q2,0.71
KGC,2026Q1,0.7
KGC,2025Q3,0.48
KGC,2025Q2,0.43
KGC,2025Q1,0.3
KGEI,2026Q1,0.11
KGEI,2025Q4,0.09
KGEI,2025Q3,0.1
KGEI,2025Q2,0.08
KGEI,2025Q1,0.16
KHC,2026Q2,-4.6
KHC,2026Q1,0.67
KHC,2025Q4,0.55
KHC,2025Q3,0.52
KHC,2025Q2,-6.6
KIDS,2026Q2,-0.3
KIDS,2026Q1,-0.45
KIDS,2025Q4,-0.43
KIDS,2025Q3,-0.5
KIDS,2025Q2,-0.3
KIDZ,2026Q1,-23473410.0
KIDZ,2025Q3,326800000.0
KIDZ,2025Q2,-117.234793
KIDZ,2025Q1,-6.72414
KIM,2026Q2,0.22
KIM,2026Q1,0.23
KIM,2025Q4,0.21
KIM,2025Q3,0.19
KIM,2025Q2,0.23
KINS,2026Q2,1.05
KINS,2026Q1,-0.4
KINS,2025Q4,1.03
KINS,2025Q3,0.74
KINS,2025Q2,0.78
KITT,2026Q1,-19.68
KITT,2025Q3,-20.8
KITT,2025Q2,-18.72
KITT,2025Q1,-19.85
KKR,2026Q2,0.7
KKR,2026Q1,0.38
KKR,2025Q4,1.16
KKR,2025Q3,0.9
KKR,2025Q2,0.5
KLAC,2026Q2,1.04
KLAC,2026Q1,0.912
KLAC,2025Q4,0.868
KLAC,2025Q3,0.847
KLAC,2025Q2,0.906
KLIC,2026Q2,1.07
KLIC,2026Q1,0.66
KLIC,2025Q4,0.32
KLIC,2025Q3,0.12
KLIC,2025Q2,-0.06
KLRS,2026Q1,-0.46
KLRS,2025Q3,-0.64
KLRS,2025Q2,-0.61
KLRS,2025Q1,-2.52
KMB,2026Q2,1.04
KMB,2026Q1,2.0
KMB,2025Q4,1.5
KMB,2025Q3,1.34
KMB,2025Q2,1.53
KMI,2026Q2,0.39
KMI,2026Q1,0.44
KMI,2025Q4,0.45
KMI,2025Q3,0.28
KMI,2025Q2,0.32
KMT,2026Q2,2.91
KMT,2026Q1,0.75
KMT,2025Q4,0.44
KMT,2025Q3,0.3
KMT,2025Q2,0.28
KNF,2026Q2,0.77
KNF,2026Q1,-1.4
KNF,2025Q4,0.56
KNF,2025Q3,2.52
KNF,2025Q2,0.89
KO,2026Q2,1.03
KO,2026Q1,0.91
KO,2025Q4,0.53
KO,2025Q3,0.86
KO,2025Q2,0.88
KOD,2026Q1,-0.94
KOD,2025Q4,-1.04
KOD,2025Q3,-1.16
KOD,2025Q2,-1.03
KOD,2025Q1,-1.09
KOPN,2026Q1,-0.02
KOPN,2025Q3,0.02
KOPN,2025Q2,-0.03
KOPN,2025Q1,-0.02
KR,2026Q2,1.46
KR,2026Q1,1.35
KR,2025Q4,-2.02
KR,2025Q3,0.91
KR,2025Q2,1.29
KRMD,2026Q2,0.01
KRMD,2026Q1,-0.02
KRMD,2025Q3,-0.02
KRMD,2025Q2,0.0
KRMD,2025Q1,-0.03
KRNY,2026Q2,0.11
KRNY,2026Q1,0.16
KRNY,2025Q4,0.15
KRNY,2025Q3,0.15
KRNY,2025Q1,0.11
KRO,2026Q2,0.13
KRO,2026Q1,-0.04
KRO,2025Q4,-0.72
KRO,2025Q3,-0.32
KRO,2025Q2,-0.08
KRRO,2026Q2,-1.07
KRRO,2026Q1,-1.69
KRRO,2025Q3,-1.92
KRRO,2025Q2,-2.74
KRRO,2025Q1,-2.49
KRYS,2026Q2,1.79
KRYS,2026Q1,1.83
KRYS,2025Q4,1.7
KRYS,2025Q3,2.66
KRYS,2025Q2,1.29
KSS,2026Q2,-0.13
KSS,2026Q1,1.07
KSS,2025Q4,0.07
KSS,2025Q3,1.35
KSS,2025Q2,-0.13
KT,2026Q1,729.0
KT,2025Q3,810.0
KT,2025Q2,1409.5
KT,2025Q1,1097.0
KT,2024Q4,-1266.30708
KTOS,2026Q2,0.02
KTOS,2026Q1,0.07
KTOS,2025Q4,0.03
KTOS,2025Q3,0.05
KTOS,2025Q2,0.02
KTTA,2026Q1,-0.12
KTTA,2025Q3,-0.41
KTTA,2025Q2,-0.66
KTTA,2025Q1,-1.61
KURA,2026Q1,-0.83
KURA,2025Q4,-0.92
KURA,2025Q3,-0.85
KURA,2025Q2,-0.75
KURA,2025Q1,-0.66
KVHI,2026Q2,0.01
KVHI,2026Q1,0.03
KVHI,2025Q4,0.02
KVHI,2025Q3,-0.36
KVHI,2025Q2,0.05
KVUE,2026Q2,0.24
KVUE,2026Q1,0.25
KVUE,2025Q4,0.17
KVUE,2025Q3,0.21
KVUE,2025Q2,0.22
L,2026Q2,2.16
L,2026Q1,1.63
L,2025Q3,2.43
L,2025Q2,1.87
L,2025Q1,1.74
LAD,2026Q2,11.54
LAD,2026Q1,4.28
LAD,2025Q4,5.72
LAD,2025Q3,8.61
LAD,2025Q2,9.87
LARK,2026Q2,0.88
LARK,2026Q1,0.83
LARK,2025Q4,0.77
LARK,2025Q3,0.809524
LARK,2025Q2,0.714286
LASE,2026Q1,-0.16
LASE,2025Q3,-0.27
LASE,2025Q2,-0.12
LASE,2025Q1,-0.12
LAW,2026Q2,-0.13
LAW,2026Q1,-0.15
LAW,2025Q4,-0.13
LAW,2025Q3,-0.22
LAW,2025Q2,-0.18
LAZ,2026Q2,0.03
LAZ,2026Q1,0.91
LAZ,2025Q4,0.45
LAZ,2025Q3,0.65
LAZ,2025Q2,0.52
LBRDK,2026Q2,-14.86
LBRDK,2026Q1,1.41
LBRDK,2025Q3,-1.08
LBRDK,2025Q2,2.68
LBRDK,2025Q1,1.88
LBRT,2026Q2,0.26
LBRT,2026Q1,0.14
LBRT,2025Q3,0.26
LBRT,2025Q2,0.43
LBRT,2025Q1,0.12
LBRX,2026Q1,-0.67
LBRX,2025Q4,-0.45
LBRX,2025Q3,-0.61
LBRX,2025Q1,-0.236421
LCNB,2026Q2,0.53
LCNB,2026Q1,0.31
LCNB,2025Q4,0.4
LCNB,2025Q3,0.49
LCNB,2025Q2,0.41
LCUT,2026Q2,0.87
LCUT,2026Q1,-0.22
LCUT,2025Q4,0.83
LCUT,2025Q3,-0.05
LCUT,2025Q2,-1.83
LDI,2026Q2,-0.02
LDI,2026Q1,-0.16
LDI,2025Q4,-0.1
LDI,2025Q3,-0.02
LDI,2025Q2,-0.06
LDOS,2026Q2,2.81
LDOS,2026Q1,2.56
LDOS,2025Q4,2.53
LDOS,2025Q3,2.82
LDOS,2025Q2,3.01
LEE,2026Q2,0.21
LEE,2026Q1,-0.16
LEE,2025Q4,-0.92
LEE,2025Q3,-1.06
LEE,2025Q2,-0.31
LEN,2026Q2,1.24
LEN,2026Q1,0.93
LEN,2025Q4,1.93
LEN,2025Q3,2.29
LEN,2025Q2,1.81
LENZ,2026Q1,-1.32
LENZ,2025Q4,-1.16
LENZ,2025Q3,-0.59
LENZ,2025Q2,-0.53
LENZ,2025Q1,-0.53
LESL,2026Q1,-5.63
LESL,2025Q4,-8.92
LESL,2025Q3,-17.54
LESL,2025Q2,2.4
LESL,2025Q1,-5.54
LEVI,2026Q2,0.22
LEVI,2026Q1,0.45
LEVI,2025Q4,0.4
LEVI,2025Q3,0.55
LEVI,2025Q2,0.17
LFMD,2026Q2,-0.16
LFMD,2026Q1,-0.2
LFMD,2025Q4,0.41
LFMD,2025Q3,-0.1
LFMD,2025Q2,-0.05
LFST,2026Q2,0.06
LFST,2026Q1,0.04
LFST,2025Q3,0.0
LFST,2025Q2,-0.01
LFST,2025Q1,0.0
LFT,2026Q1,-0.02
LFT,2025Q3,0.01
LFT,2025Q2,0.05
LFT,2025Q1,-0.03
LFVN,2026Q1,0.11
LFVN,2025Q4,0.02
LFVN,2025Q3,0.17
LFVN,2025Q2,0.15
LFVN,2025Q1,0.26
LGIH,2026Q2,1.16
LGIH,2026Q1,0.09
LGIH,2025Q4,0.75
LGIH,2025Q3,0.85
LGIH,2025Q2,1.36
LGND,2026Q2,2.22
LGND,2026Q1,-0.67
LGND,2025Q4,2.12
LGND,2025Q3,5.68
LGND,2025Q2,0.24
LH,2026Q2,3.64
LH,2026Q1,3.35
LH,2025Q4,1.98
LH,2025Q3,3.12
LH,2025Q2,2.84
LHAI,2026Q1,-0.01
LHAI,2025Q3,0.0
LHAI,2025Q2,0.000901
LHAI,2025Q1,0.005038
LHX,2026Q2,3.13
LHX,2026Q1,2.72
LHX,2025Q4,1.59
LHX,2025Q3,2.46
LHX,2025Q2,2.44
LIF,2026Q1,0.03
LIF,2025Q3,0.11
LIF,2025Q2,0.08
LIF,2025Q1,0.05
LII,2026Q2,7.72
LII,2026Q1,3.35
LII,2025Q4,4.07
LII,2025Q3,6.98
LII,2025Q2,7.71
LILA,2026Q2,-0.13
LILA,2026Q1,-0.11
LILA,2025Q3,0.02
LILA,2025Q2,-2.12
LILA,2025Q1,-0.69
LILAK,2026Q2,-0.13
LILAK,2026Q1,-0.11
LILAK,2025Q3,0.02
LILAK,2025Q2,-2.12
LILAK,2025Q1,-0.69
LIN,2026Q2,4.15
LIN,2026Q1,3.98
LIN,2025Q4,3.26
LIN,2025Q3,4.09
LIN,2025Q2,3.73
LIND,2026Q2,-0.02
LIND,2026Q1,0.09
LIND,2025Q4,-0.45
LIND,2025Q3,0.0
LIND,2025Q2,-0.18
LINE,2026Q2,-0.13
LINE,2026Q1,-0.18
LINE,2025Q4,0.03
LINE,2025Q3,-0.44
LINE,2025Q2,-0.03
LITS,2026Q1,-0.66
LITS,2025Q4,-0.82
LITS,2025Q3,-0.12
LITS,2025Q1,-0.39
LITS,2024Q4,-0.4
LIXT,2026Q1,-0.18
LIXT,2025Q3,-0.33
LIXT,2025Q2,-0.29
LIXT,2025Q1,-0.29
LKFN,2026Q2,1.13
LKFN,2026Q1,1.04
LKFN,2025Q4,1.16
LKFN,2025Q3,1.03
LKFN,2025Q2,1.04
LKQ,2026Q2,0.53
LKQ,2026Q1,0.31
LKQ,2025Q4,0.26
LKQ,2025Q3,0.7
LKQ,2025Q2,0.75
LLY,2026Q2,7.94
LLY,2026Q1,8.26
LLY,2025Q4,7.39
LLY,2025Q3,6.21
LLY,2025Q2,6.29
LLYVA,2026Q2,-2.92
LLYVA,2026Q1,-3.2
LLYVA,2025Q2,-1.96
LLYVA,2025Q1,-0.32
LMAT,2026Q2,0.74
LMAT,2026Q1,0.68
LMAT,2025Q4,0.68
LMAT,2025Q3,0.75
LMAT,2025Q2,0.6
LMB,2026Q2,0.39
LMB,2026Q1,0.36
LMB,2025Q4,1.02
LMB,2025Q3,0.73
LMB,2025Q2,0.64
LMNR,2026Q2,-1.2
LMNR,2026Q1,-0.53
LMNR,2025Q4,-0.49
LMNR,2025Q3,-0.06
LMNR,2025Q2,-0.2
LMT,2026Q2,7.94
LMT,2026Q1,6.44
LMT,2025Q4,5.8
LMT,2025Q3,6.95
LMT,2025Q2,1.46
LNAI,2026Q1,-0.8
LNAI,2025Q4,-0.64
LNAI,2025Q3,1.04
LNAI,2025Q1,0.0
LNAI,2024Q4,-3.6
LNG,2026Q2,14.65
LNG,2026Q1,-16.65
LNG,2025Q4,10.68
LNG,2025Q3,4.75
LNG,2025Q2,7.3
LNT,2026Q1,0.87
LNT,2025Q4,0.55
LNT,2025Q3,1.09
LNT,2025Q2,0.68
LNT,2025Q1,0.83
LOAN,2026Q2,0.1
LOAN,2026Q1,0.11
LOAN,2025Q3,0.11
LOAN,2025Q2,0.12
LOAN,2025Q1,0.12
LOCL,2026Q1,-0.53
LOCL,2025Q4,-0.38
LOCL,2025Q3,-1.18
LOCL,2025Q2,-1.63
LOCL,2025Q1,-4.32
LOVE,2026Q2,-0.76
LOVE,2026Q1,2.19
LOVE,2025Q4,-0.72
LOVE,2025Q3,-0.45
LOVE,2025Q2,-0.73
LOW,2026Q2,2.9
LOW,2026Q1,1.78
LOW,2025Q4,2.88
LOW,2025Q3,4.27
LOW,2025Q2,2.92
LPG,2026Q2,3.24
LPG,2026Q1,1.9
LPG,2025Q4,1.11
LPG,2025Q3,1.3
LPG,2025Q2,0.24
LPSN,2026Q2,-6.11
LPSN,2026Q1,-0.73
LPSN,2025Q4,-4.14
LPSN,2025Q3,-2.76
LPSN,2025Q2,-2.5
LQDA,2026Q1,0.52
LQDA,2025Q4,0.15
LQDA,2025Q3,-0.04
LQDA,2025Q2,-0.49
LQDA,2025Q1,-0.45
LRCX,2026Q2,1.81
LRCX,2026Q1,1.45
LRCX,2025Q4,1.26
LRCX,2025Q3,1.24
LRCX,2025Q2,1.35
LTC,2026Q2,0.56
LTC,2026Q1,0.48
LTC,2025Q4,2.11
LTC,2025Q3,-0.44
LTC,2025Q2,0.32
LTH,2026Q2,0.45
LTH,2026Q1,0.39
LTH,2025Q4,0.54
LTH,2025Q3,0.45
LTH,2025Q2,0.32
LTM,2026Q2,0.436
LTM,2026Q1,2.006
LTM,2025Q4,1.68
LTM,2025Q3,1.304
LTM,2025Q2,0.808
LUCD,2026Q1,-0.17
LUCD,2025Q4,-0.1
LUCD,2025Q3,-0.1
LUCD,2025Q2,-0.08
LUCD,2025Q1,-0.52
LUCK,2026Q1,0.123264
LUCK,2025Q4,-0.092056
LUCK,2025Q3,-0.12
LUCK,2025Q2,-0.53291
LUCK,2025Q1,0.094255
LULU,2026Q2,1.69
LULU,2026Q1,5.01
LULU,2025Q4,2.59
LULU,2025Q3,3.1
LULU,2025Q2,2.6
LUMN,2026Q1,-0.2
LUMN,2025Q4,0.0
LUMN,2025Q3,-0.62
LUMN,2025Q2,-0.92
LUMN,2025Q1,-0.2
LUNG,2026Q2,-0.24
LUNG,2026Q1,-0.33
LUNG,2025Q4,-0.25
LUNG,2025Q3,-0.34
LUNG,2025Q2,-0.38
LUNR,2026Q1,-0.25
LUNR,2025Q4,-0.330099
LUNR,2025Q3,-0.06
LUNR,2025Q2,-0.22
LUNR,2025Q1,-0.11
LUV,2026Q2,0.47
LUV,2026Q1,0.45
LUV,2025Q4,0.61
LUV,2025Q3,0.1
LUV,2025Q2,0.39
LVS,2026Q2,0.53
LVS,2026Q1,0.85
LVS,2025Q4,0.58
LVS,2025Q3,0.61
LVS,2025Q2,0.66
LW,2026Q2,0.79
LW,2026Q1,0.39
LW,2025Q4,0.44
LW,2025Q3,0.46
LW,2025Q2,0.85
LWAY,2026Q1,0.3
LWAY,2025Q4,0.16
LWAY,2025Q3,0.23
LWAY,2025Q2,0.28
LWAY,2025Q1,0.23
LXU,2026Q2,-0.09
LXU,2026Q1,0.27
LXU,2025Q4,0.22
LXU,2025Q3,0.1
LXU,2025Q2,0.04
LYFT,2026Q2,0.13
LYFT,2026Q1,0.04
LYFT,2025Q3,0.11
LYFT,2025Q2,0.1
LYFT,2025Q1,0.01
LYTS,2026Q1,0.06
LYTS,2025Q4,0.2
LYTS,2025Q3,0.23
LYTS,2025Q2,0.26
LYTS,2025Q1,0.13
LYV,2026Q2,1.05
LYV,2026Q1,-1.85
LYV,2025Q3,0.73
LYV,2025Q2,0.41
LYV,2025Q1,-0.32
MA,2026Q2,4.97
MA,2026Q1,4.35
MA,2025Q4,4.52
MA,2025Q3,4.34
MA,2025Q1,3.59
MAC,2026Q2,-0.1
MAC,2026Q1,-0.14
MAC,2025Q4,-0.07
MAC,2025Q3,-0.34
MAC,2025Q2,-0.16
MAGN,2025Q3,-1.123596
MAGN,2025Q2,-0.51
MAGN,2025Q1,-1.15
MAGN,2024Q4,-1.69
MAIN,2026Q2,1.58
MAIN,2026Q1,0.54
MAIN,2025Q4,1.46
MAIN,2025Q3,1.38
MAIN,2025Q2,1.37
MAMA,2026Q2,0.05
MAMA,2025Q4,0.01
MAMA,2025Q3,0.03
MAMA,2025Q2,0.03
MAMA,2025Q1,0.04
MAMO,2026Q1,-0.02
MAMO,2025Q3,0.04
MAMO,2025Q2,0.0
MAMO,2025Q1,-0.05
MAN,2026Q2,1.13
MAN,2026Q1,0.05
MAN,2025Q4,0.64
MAN,2025Q3,0.38
MAN,2025Q2,-1.44
MAR,2026Q2,2.9
MAR,2026Q1,2.43
MAR,2025Q4,1.65
MAR,2025Q3,2.67
MAR,2025Q2,2.78
MARA,2026Q2,-1.6
MARA,2026Q1,-3.31
MARA,2025Q4,-4.52
MARA,2025Q3,0.27
MARA,2025Q2,1.84
MAS,2026Q2,1.6
MAS,2026Q1,1.05
MAS,2025Q4,0.8
MAS,2025Q3,0.9
MAS,2025Q2,1.28
MATW,2026Q1,-0.69
MATW,2025Q4,1.39
MATW,2025Q3,-0.892003
MATW,2025Q2,0.49
MATW,2025Q1,-0.29
MATX,2026Q1,1.85
MATX,2025Q4,4.6
MATX,2025Q3,4.24
MATX,2025Q2,2.92
MATX,2025Q1,2.18
MBC,2026Q2,-0.38
MBC,2026Q1,-0.12
MBC,2025Q4,-0.33
MBC,2025Q3,0.14
MBC,2025Q2,0.29
MBI,2026Q2,-0.91
MBI,2026Q1,-0.8
MBI,2025Q3,-0.17
MBI,2025Q2,-1.12
MBI,2025Q1,-1.28
MBIN,2026Q2,1.48
MBIN,2026Q1,1.25
MBIN,2025Q4,1.28
MBIN,2025Q3,0.97
MBIN,2025Q2,0.6
MBIO,2026Q2,-0.16
MBIO,2026Q1,-0.14
MBIO,2025Q3,-0.07
MBIO,2025Q2,-0.19
MBIO,2025Q1,-0.05
MBRX,2026Q1,-3.54
MBRX,2025Q3,-17.0
MBRX,2025Q2,-12.25
MBRX,2025Q1,-15.8
MBX,2026Q2,-0.78
MBX,2026Q1,-0.5
MBX,2025Q4,-0.49
MBX,2025Q3,-0.63
MBX,2025Q2,-0.58
MCB,2026Q2,1.54
MCB,2026Q1,2.92
MCB,2025Q4,2.77
MCB,2025Q3,0.67
MCB,2025Q2,1.76
MCD,2026Q2,3.32
MCD,2026Q1,2.78
MCD,2025Q4,3.03
MCD,2025Q3,3.18
MCD,2025Q2,3.14
MCHB,2026Q2,0.25
MCHB,2026Q1,0.2
MCHB,2025Q4,0.54
MCHB,2025Q3,0.26
MCHB,2025Q2,0.2
MCHP,2026Q2,0.37
MCHP,2026Q1,0.21
MCHP,2025Q4,0.06
MCHP,2025Q3,0.03
MCHP,2025Q2,-0.09
MCHX,2026Q1,-0.04
MCHX,2025Q4,-0.05
MCHX,2025Q3,-0.02
MCHX,2025Q2,0.0
MCHX,2025Q1,-0.05
MCK,2026Q2,5.15
MCK,2026Q1,13.71
MCK,2025Q4,9.59
MCK,2025Q3,8.92
MCK,2025Q2,6.25
MCO,2026Q2,5.03
MCO,2026Q1,3.73
MCO,2025Q4,3.41
MCO,2025Q3,3.6
MCO,2025Q2,3.21
MCRB,2026Q2,0.47
MCRB,2026Q1,-2.08
MCRB,2025Q3,0.94
MCRB,2025Q2,-2.27
MCRB,2025Q1,3.75
MCS,2026Q2,0.51
MCS,2026Q1,-0.51
MCS,2025Q4,0.19
MCS,2025Q3,0.52
MCS,2025Q2,0.23
MDAI,2026Q1,-0.11
MDAI,2025Q4,0.02
MDAI,2025Q3,-0.13
MDAI,2025Q2,-0.31
MDAI,2025Q1,0.11
MDB,2026Q2,0.05
MDB,2026Q1,0.18
MDB,2025Q4,-0.02
MDB,2025Q3,-0.58
MDB,2025Q2,-0.46
MDLZ,2026Q2,0.4
MDLZ,2026Q1,0.440018
MDLZ,2025Q4,0.51002
MDLZ,2025Q3,0.570023
MDLZ,2025Q2,0.49002
MDRR,2026Q1,4.85
MDRR,2025Q3,-0.33
MDRR,2025Q2,-0.34
MDRR,2025Q1,-0.74
MDT,2026Q2,0.96
MDT,2026Q1,0.89
MDT,2025Q4,1.07
MDT,2025Q3,0.81
MDT,2025Q2,0.82
MDU,2026Q2,0.1
MDU,2026Q1,0.39
MDU,2025Q4,0.37
MDU,2025Q3,0.09
MDU,2025Q2,0.07
MDV,2026Q1,-0.11
MDV,2025Q4,0.02
MDV,2025Q3,0.0
MDV,2025Q2,-0.32
MDV,2025Q1,-0.01
MEC,2026Q2,-0.09
MEC,2026Q1,-0.4
MEC,2025Q4,-0.22
MEC,2025Q3,-0.13
MEC,2025Q2,-0.05
MED,2026Q2,-0.28
MED,2026Q1,-0.19
MED,2025Q4,-1.65
MED,2025Q3,-0.21
MED,2025Q2,0.22
MEI,2026Q2,0.01
MEI,2026Q1,-0.45
MEI,2025Q4,-0.28
MEI,2025Q3,-0.29
MEI,2025Q2,-0.8
MELI,2026Q2,9.19
MELI,2026Q1,8.23
MELI,2025Q4,11.03
MELI,2025Q3,8.32
MELI,2025Q2,10.31
MEOH,2026Q2,2.45
MEOH,2026Q1,-0.18
MEOH,2025Q4,-1.15
MEOH,2025Q3,-0.09
MEOH,2025Q2,0.93
MET,2026Q2,1.097106
MET,2026Q1,1.7386
MET,2025Q4,1.17
MET,2025Q3,1.22
MET,2025Q2,1.03
META,2026Q2,6.18
META,2026Q1,10.44
META,2025Q4,8.88
META,2025Q3,1.05
META,2025Q2,7.14
MFIN,2026Q2,0.31
MFIN,2026Q1,0.2
MFIN,2025Q4,0.5
MFIN,2025Q3,0.32
MFIN,2025Q2,0.46
MG,2026Q1,0.07
MG,2025Q4,0.12
MG,2025Q3,0.41
MG,2025Q2,0.1
MG,2025Q1,-0.1
MGM,2026Q2,1.11
MGM,2026Q1,0.48
MGM,2025Q4,1.11
MGM,2025Q3,-1.05
MGM,2025Q2,0.18
MGRX,2026Q1,-0.22
MGRX,2025Q3,-0.69
MGRX,2025Q2,-0.57
MGRX,2025Q1,-1.12
MGYR,2026Q2,0.49
MGYR,2026Q1,0.48
MGYR,2025Q4,0.5
MGYR,2025Q3,0.4
MGYR,2025Q2,0.4
MH,2026Q1,-0.26
MH,2025Q4,-0.11
MH,2025Q3,0.57
MH,2025Q2,0.002628
MH,2024Q4,-0.277108
MHK,2026Q2,3.22
MHK,2026Q1,1.9
MHK,2025Q4,0.68
MHK,2025Q3,1.75
MHK,2025Q2,2.34
MIDD,2026Q1,-1.06
MIDD,2025Q4,0.74
MIDD,2025Q3,-10.15
MIDD,2025Q2,1.99
MIDD,2025Q1,1.69
MIND,2026Q2,-0.05
MIND,2026Q1,-0.03
MIND,2025Q4,0.01
MIND,2025Q3,0.24
MIND,2025Q2,-0.12
MIRM,2026Q2,-1.06
MIRM,2026Q1,-13.43
MIRM,2025Q4,-0.110412
MIRM,2025Q3,0.05
MIRM,2025Q2,-0.12
MITK,2026Q2,0.17
MITK,2026Q1,0.2
MITK,2025Q4,0.06
MITK,2025Q2,0.05
MITK,2025Q1,0.2
MITT,2026Q1,-0.27
MITT,2025Q4,0.25
MITT,2025Q3,0.47
MITT,2025Q2,-0.05
MITT,2025Q1,0.21
MKC,2026Q2,0.56
MKC,2026Q1,3.77
MKC,2025Q3,0.84
MKC,2025Q2,0.65
MKC,2025Q1,0.6
MKC-V,2026Q2,0.56
MKC-V,2026Q1,3.77
MKC-V,2025Q2,0.65
MKC-V,2025Q1,0.6
MKC-V,2024Q4,0.8
MKL,2026Q2,92.76
MKL,2026Q1,-18.9
MKL,2025Q4,48.75
MKL,2025Q3,59.25
MKL,2025Q2,49.67
MKTX,2026Q2,1.93
MKTX,2026Q1,2.2
MKTX,2025Q4,2.51
MKTX,2025Q3,1.84
MKTX,2025Q2,1.91
MLI,2026Q2,1.13
MLI,2026Q1,1.08
MLI,2025Q4,0.69
MLI,2025Q3,0.94
MLI,2025Q2,1.11
MLM,2026Q2,4.17
MLM,2026Q1,25.06
MLM,2025Q4,4.62
MLM,2025Q3,6.85
MLM,2025Q2,5.43
MLR,2026Q2,0.63
MLR,2026Q1,0.05
MLR,2025Q4,0.29
MLR,2025Q3,0.27
MLR,2025Q2,0.73
MLYS,2026Q1,-0.47
MLYS,2025Q4,-0.4
MLYS,2025Q3,-0.52
MLYS,2025Q2,-0.66
MLYS,2025Q1,-0.79
MMI,2026Q2,0.1
MMI,2026Q1,-0.08
MMI,2025Q4,0.34
MMI,2025Q3,0.01
MMI,2025Q2,-0.28
MMM,2026Q2,1.78
MMM,2026Q1,1.23
MMM,2025Q4,1.07
MMM,2025Q3,1.55
MMM,2025Q2,1.34
MMS,2026Q2,1.95
MMS,2026Q1,1.8
MMS,2025Q4,1.7
MMS,2025Q3,1.32
MMS,2025Q2,1.86
MNKD,2026Q2,-0.06
MNKD,2026Q1,-0.05
MNKD,2025Q4,-0.05
MNKD,2025Q3,0.03
MNKD,2025Q2,0.0
MNOV,2026Q1,-0.05
MNOV,2025Q3,-0.06
MNOV,2025Q2,-0.07
MNOV,2025Q1,-0.06
MNSB,2026Q2,0.58
MNSB,2026Q1,0.48
MNSB,2025Q4,0.46
MNSB,2025Q3,0.52
MNSB,2025Q2,0.53
MNST,2026Q2,0.59
MNST,2026Q1,0.58
MNST,2025Q4,0.46
MNST,2025Q3,0.53
MNST,2025Q2,0.5
MO,2026Q2,1.37
MO,2026Q1,1.3
MO,2025Q3,1.41
MO,2025Q2,1.41
MO,2025Q1,0.63
MOD,2026Q2,1.37
MOD,2026Q1,1.36
MOD,2025Q4,-0.9
MOD,2025Q3,0.83
MOD,2025Q2,0.95
MOG-A,2026Q1,2.55
MOG-A,2025Q4,2.46
MOG-A,2025Q3,2.01
MOG-A,2025Q2,1.83
MOG-A,2025Q1,1.71
MOH,2026Q2,1.19
MOH,2026Q1,0.27
MOH,2025Q4,-3.15
MOH,2025Q3,1.51
MOH,2025Q2,4.75
MOS,2026Q2,-0.86
MOS,2026Q1,-0.81
MOS,2025Q4,-1.64
MOS,2025Q3,1.29
MOS,2025Q2,1.29
MOVE,2026Q1,-2.30486
MOVE,2025Q1,-3.154188
MPC,2026Q2,17.73
MPC,2026Q1,1.73
MPC,2025Q4,5.12
MPC,2025Q3,4.51
MPC,2025Q2,3.96
MPWR,2026Q2,5.22
MPWR,2026Q1,3.92
MPWR,2025Q4,3.46
MPWR,2025Q3,3.71
MPWR,2025Q2,2.81
MRAM,2026Q2,-0.15
MRAM,2026Q1,-0.01
MRAM,2025Q4,0.05
MRAM,2025Q3,0.0
MRAM,2025Q2,-0.03
MRBK,2026Q2,0.48
MRBK,2026Q1,0.17
MRBK,2025Q4,0.61
MRBK,2025Q3,0.58
MRBK,2025Q2,0.49
MRCY,2026Q1,-0.04
MRCY,2025Q4,-0.26
MRCY,2025Q3,-0.21
MRCY,2025Q2,0.27
MRCY,2025Q1,-0.33
MRK,2026Q2,-0.540783
MRK,2026Q1,-1.72
MRK,2025Q4,1.19
MRK,2025Q3,2.32
MRK,2025Q2,1.76
MRKR,2026Q1,-0.16
MRKR,2025Q3,-0.12
MRKR,2025Q2,-0.29
MRKR,2025Q1,-0.4
MRNA,2026Q2,-1.97
MRNA,2026Q1,-3.4
MRNA,2025Q4,-2.11
MRNA,2025Q3,-0.51
MRNA,2025Q2,-2.13
MRTN,2026Q2,0.07
MRTN,2026Q1,0.02
MRTN,2025Q4,0.05
MRTN,2025Q3,0.03
MRTN,2025Q2,0.09
MRVI,2026Q2,-0.08
MRVI,2026Q1,-0.02
MRVI,2025Q4,-0.24
MRVI,2025Q3,-0.18
MRVI,2025Q2,-0.27
MRVL,2026Q2,0.04
MRVL,2026Q1,0.46
MRVL,2025Q4,2.2
MRVL,2025Q3,0.22
MRVL,2025Q2,0.2
MS,2026Q2,3.46
MS,2026Q1,3.43
MS,2025Q4,2.68
MS,2025Q3,2.8
MS,2025Q2,2.13
MSA,2026Q2,2.23
MSA,2026Q1,1.83
MSA,2025Q4,2.21
MSA,2025Q3,1.77
MSA,2025Q2,1.59
MSCI,2026Q2,4.69
MSCI,2026Q1,5.53
MSCI,2025Q4,3.81
MSCI,2025Q3,4.25
MSCI,2025Q2,3.92
MSDL,2026Q2,0.09
MSDL,2026Q1,-0.05
MSDL,2025Q3,0.32
MSDL,2025Q2,0.41
MSDL,2025Q1,0.34
MSEX,2026Q2,0.79
MSEX,2026Q1,0.57
MSEX,2025Q4,0.46
MSEX,2025Q3,0.77
MSEX,2025Q2,0.6
MSFT,2026Q2,4.81
MSFT,2026Q1,4.27
MSFT,2025Q4,5.16
MSFT,2025Q3,3.72
MSFT,2025Q2,3.65
MSGS,2026Q1,-0.83
MSGS,2025Q4,0.34
MSGS,2025Q3,-0.37
MSGS,2025Q2,-0.07
MSGS,2025Q1,-0.59
MSI,2026Q2,3.33
MSI,2026Q1,2.18
MSI,2025Q4,3.86
MSI,2025Q3,3.33
MSI,2025Q2,3.04
MSIF,2026Q2,0.65
MSIF,2026Q1,0.29
MSIF,2025Q4,0.64
MSIF,2025Q3,0.56
MSIF,2025Q2,0.35
MSPR,2025Q3,-132.71
MSPR,2025Q2,-204.05
MSPR,2025Q1,-235.9
MSTR,2026Q2,-24.45
MSTR,2026Q1,-38.25
MSTR,2025Q4,-42.93
MSTR,2025Q3,8.42
MSTR,2025Q2,32.6
MTB,2026Q2,5.32
MTB,2026Q1,4.13
MTB,2025Q4,4.67
MTB,2025Q3,4.82
MTB,2025Q2,4.24
MTCH,2026Q2,0.7
MTCH,2026Q1,0.68
MTCH,2025Q4,0.83
MTCH,2025Q3,0.62
MTCH,2025Q2,0.49
MTEX,2026Q1,0.49
MTEX,2025Q4,-5.94
MTEX,2025Q3,1.01
MTEX,2025Q2,-2.27
MTEX,2025Q1,-0.8
MTG,2026Q2,0.86
MTG,2026Q1,0.76
MTG,2025Q4,0.75
MTG,2025Q3,0.83
MTG,2025Q2,0.81
MTH,2026Q2,1.37
MTH,2026Q1,0.82
MTH,2025Q4,1.2
MTH,2025Q3,1.39
MTH,2025Q2,2.04
MTR,2026Q1,0.0003
MTR,2025Q3,0.0477
MTR,2025Q2,0.1051
MTR,2025Q1,0.0435
MTSI,2026Q2,1.28
MTSI,2026Q1,0.6
MTSI,2025Q4,0.64
MTSI,2025Q3,0.59
MTSI,2025Q2,0.48
MTVA,2026Q2,-0.9
MTVA,2026Q1,-0.79
MTVA,2025Q3,-1.54
MTVA,2025Q2,-2.87
MTVA,2025Q1,-3.93
MTW,2026Q2,0.39
MTW,2026Q1,-0.17
MTW,2025Q4,0.19
MTW,2025Q3,0.14
MTW,2025Q2,0.04
MTX,2026Q2,-5.9
MTX,2026Q1,1.17
MTX,2025Q4,1.19
MTX,2025Q3,1.37
MTX,2025Q2,1.44
MTZ,2026Q2,1.65
MTZ,2026Q1,0.77
MTZ,2025Q4,1.81
MTZ,2025Q3,2.04
MTZ,2025Q2,1.09
MU,2026Q2,24.67
MU,2026Q1,12.07
MU,2025Q4,4.6
MU,2025Q3,2.83
MU,2025Q2,1.68
MUSA,2026Q2,11.27
MUSA,2026Q1,7.28
MUSA,2025Q4,7.53
MUSA,2025Q3,6.76
MUSA,2025Q2,7.36
MUX,2026Q2,0.14
MUX,2026Q1,0.47
MUX,2025Q3,-0.01
MUX,2025Q2,0.06
MUX,2025Q1,-0.12
MVBF,2026Q2,0.93
MVBF,2026Q1,0.39
MVBF,2025Q4,0.32
MVBF,2025Q3,1.32
MVBF,2025Q2,0.15
MX,2026Q2,-0.13
MX,2026Q1,-0.13
MX,2025Q4,-0.22
MX,2025Q3,-0.36
MX,2025Q2,0.01
MXL,2026Q2,0.02
MXL,2026Q1,-0.52
MXL,2025Q4,-0.17
MXL,2025Q3,-0.52
MXL,2025Q2,-0.31
MYPS,2026Q1,-0.08
MYPS,2025Q4,-0.11
MYPS,2025Q3,-0.07
MYPS,2025Q2,-0.02
MYPS,2025Q1,-0.02
MYSE,2026Q1,-0.67
MYSE,2025Q3,-0.28
MYSE,2025Q2,-0.29
MYSE,2025Q1,-0.36
MYSZ,2026Q1,-0.31
MYSZ,2025Q3,-0.4
MYSZ,2025Q2,-0.15
MYSZ,2025Q1,-0.51
MZTI,2026Q1,1.35
MZTI,2025Q4,2.15
MZTI,2025Q2,1.18
MZTI,2025Q1,1.49
MZTI,2024Q4,1.78
NAII,2026Q1,-0.72
NAII,2025Q4,-0.42
NAII,2025Q3,-0.05
NAII,2025Q1,-0.37
NAII,2024Q4,-0.37
NAT,2026Q1,0.218611
NAT,2025Q4,0.06
NAT,2025Q3,-0.01
NAT,2025Q2,0.0
NAT,2025Q1,0.02
NATR,2026Q2,0.19
NATR,2026Q1,0.29
NATR,2025Q4,0.23
NATR,2025Q3,0.3
NATR,2025Q2,0.28
NAVI,2026Q2,0.26
NAVI,2026Q1,0.17
NAVI,2025Q4,-0.06
NAVI,2025Q3,-0.87
NAVI,2025Q2,0.13
NBHC,2026Q2,0.58
NBHC,2026Q1,0.46
NBHC,2025Q4,0.42
NBHC,2025Q3,0.92
NBHC,2025Q2,0.88
NBN,2026Q2,4.05
NBN,2026Q1,3.53
NBN,2025Q4,2.47
NBN,2025Q3,2.67
NBN,2025Q1,2.23
NCDL,2026Q2,0.07
NCDL,2026Q1,0.18
NCDL,2025Q4,0.32
NCDL,2025Q3,0.38
NCDL,2025Q2,0.32
NCMI,2026Q1,-0.31
NCMI,2025Q4,0.31
NCMI,2025Q3,0.02
NCMI,2025Q2,-0.11
NCMI,2025Q1,-0.32
NCNO,2026Q2,0.12
NCNO,2026Q1,0.07
NCNO,2025Q4,0.06
NCNO,2025Q3,-0.13
NCNO,2025Q2,0.05
NDAQ,2026Q2,0.89
NDAQ,2026Q1,0.91
NDAQ,2025Q4,0.9
NDAQ,2025Q3,0.73
NDAQ,2025Q2,0.78
NDSN,2026Q2,2.09
NDSN,2026Q1,2.38
NDSN,2025Q4,2.69
NDSN,2025Q3,2.22
NDSN,2025Q2,1.97
NECB,2026Q2,0.72
NECB,2026Q1,0.74
NECB,2025Q4,0.79
NECB,2025Q3,0.87
NECB,2025Q2,0.82
NEE,2026Q2,1.5
NEE,2026Q1,1.04
NEE,2025Q4,0.73
NEE,2025Q3,1.18
NEE,2025Q2,0.98
NEM,2026Q2,2.06
NEM,2026Q1,3.01
NEM,2025Q4,1.19
NEM,2025Q3,1.67
NEM,2025Q2,1.85
NEON,2026Q1,-0.11
NEON,2025Q3,0.85
NEON,2025Q2,-0.11
NEON,2025Q1,-0.1
NEPH,2026Q2,0.11
NEPH,2026Q1,0.01
NEPH,2025Q3,0.03
NEPH,2025Q2,0.02
NEPH,2025Q1,0.05
NFE,2026Q2,-1.3
NFE,2026Q1,-1.4
NFE,2025Q3,-1.07
NFE,2025Q2,-1.99
NFE,2025Q1,-0.65
NFLX,2026Q2,0.8
NFLX,2026Q1,1.23
NFLX,2025Q4,0.56
NFLX,2025Q3,0.587
NFLX,2025Q2,0.719
NGNE,2026Q1,-1.39
NGNE,2025Q3,-0.99
NGNE,2025Q2,-1.05
NGNE,2025Q1,-1.08
NGVC,2026Q2,0.48
NGVC,2026Q1,0.58
NGVC,2025Q4,0.49
NGVC,2025Q3,0.51
NGVC,2025Q2,0.5
NHI,2026Q1,0.82
NHI,2025Q4,0.8
NHI,2025Q3,0.69
NHI,2025Q2,0.79
NHI,2025Q1,0.74
NI,2026Q2,0.09
NI,2026Q1,1.06
NI,2025Q3,0.2
NI,2025Q2,0.22
NI,2025Q1,1.0
NINE,2026Q2,-0.44
NINE,2025Q3,-0.35
NINE,2025Q2,-0.25
NINE,2025Q1,-0.18
NINE,2024Q4,-0.22
NKE,2026Q2,0.72
NKE,2026Q1,0.35
NKE,2025Q4,0.53
NKE,2025Q3,0.49
NKE,2025Q2,0.14
NKSH,2026Q2,0.79
NKSH,2026Q1,0.78
NKSH,2025Q4,0.92
NKSH,2025Q3,0.69
NKSH,2025Q2,0.36
NKTR,2026Q1,-1.82
NKTR,2025Q4,-1.78
NKTR,2025Q3,-1.87
NKTR,2025Q2,-2.95
NKTR,2025Q1,-3.6
NL,2026Q2,0.18
NL,2026Q1,0.09
NL,2025Q4,-0.63
NL,2025Q3,-0.16
NL,2025Q2,0.01
NNBR,2026Q2,-0.13
NNBR,2026Q1,-0.25
NNBR,2025Q4,-0.35
NNBR,2025Q3,-0.23
NNBR,2025Q2,-0.26
NNI,2026Q2,1.85
NNI,2026Q1,1.97
NNI,2025Q4,1.6
NNI,2025Q3,2.94
NNI,2025Q2,4.97
NNN,2026Q2,0.52
NNN,2026Q1,0.5
NNN,2025Q4,0.51
NNN,2025Q3,0.51
NNN,2025Q2,0.54
NOC,2026Q2,7.68
NOC,2026Q1,6.14
NOC,2025Q3,7.67
NOC,2025Q2,8.15
NOC,2025Q1,3.32
NOEM,2026Q1,0.03
NOEM,2025Q3,0.05
NOEM,2025Q2,0.04
NOEM,2025Q1,0.04
NOG,2026Q2,2.19
NOG,2026Q1,-5.31
NOG,2025Q4,-0.73
NOG,2025Q3,-1.33
NOG,2025Q2,1.0
NOMA,2026Q1,-0.1
NOMA,2025Q3,-0.031468
NOMA,2025Q1,-0.021955
NOTE,2026Q1,-2.39
NOTE,2025Q4,-1.45
NOTE,2025Q3,-1.73
NOTE,2025Q2,-0.96
NOTE,2025Q1,-0.36
NOW,2026Q2,0.29
NOW,2026Q1,0.45
NOW,2025Q4,0.38
NOW,2025Q3,0.48
NOW,2025Q2,0.368
NPB,2026Q2,0.6
NPB,2026Q1,0.62
NPB,2025Q4,0.52
NPB,2025Q2,0.51
NPB,2025Q1,0.49
NPK,2026Q1,0.93
NPK,2025Q3,0.74
NPK,2025Q2,0.72
NPK,2025Q1,1.07
NPKI,2026Q2,0.14
NPKI,2026Q1,0.12
NPKI,2025Q4,0.17
NPKI,2025Q2,0.1
NPKI,2025Q1,0.11
NPWR,2026Q1,-0.12
NPWR,2025Q3,-5.28
NPWR,2025Q2,-0.36
NPWR,2025Q1,-1.55
NRC,2026Q2,-0.15
NRC,2026Q1,0.14
NRC,2025Q4,0.08
NRC,2025Q3,0.18
NRC,2025Q2,-0.01
NRG,2026Q2,2.31
NRG,2026Q1,0.52
NRG,2025Q3,0.69
NRG,2025Q2,-0.62
NRG,2025Q1,3.61
NRGV,2026Q1,-0.2
NRGV,2025Q4,-0.13
NRGV,2025Q3,-0.16
NRGV,2025Q2,-0.22
NRGV,2025Q1,-0.14
NRIX,2026Q2,-0.81
NRIX,2026Q1,-0.79
NRIX,2025Q4,-0.82
NRIX,2025Q3,-1.03
NRIX,2025Q2,-0.52
NRXP,2026Q1,-0.04
NRXP,2025Q3,-0.27
NRXP,2025Q2,-0.98
NRXP,2025Q1,-0.34
NSC,2026Q2,3.26
NSC,2026Q1,2.43
NSC,2025Q4,2.869611
NSC,2025Q3,3.16
NSC,2025Q2,3.41
NSP,2026Q2,0.1
NSP,2026Q1,0.88
NSP,2025Q4,-0.88
NSP,2025Q3,-0.53
NSP,2025Q2,-0.14
NSSC,2026Q1,-0.01
NSSC,2025Q4,0.38
NSSC,2025Q3,0.34
NSSC,2025Q1,0.28
NSSC,2024Q4,0.28
NTAP,2026Q2,2.03
NTAP,2026Q1,1.67
NTAP,2025Q4,1.51
NTAP,2025Q3,1.15
NTAP,2025Q2,1.65
NTGR,2026Q2,-0.27
NTGR,2026Q1,-0.47
NTGR,2025Q4,-0.02
NTGR,2025Q3,-0.17
NTGR,2025Q2,-0.22
NTLA,2026Q2,-0.8
NTLA,2026Q1,-0.81
NTLA,2025Q4,-0.83
NTLA,2025Q3,-0.92
NTLA,2025Q2,-0.98
NTNX,2026Q2,0.25
NTNX,2026Q1,0.36
NTNX,2025Q4,0.21
NTNX,2025Q3,0.13
NTNX,2025Q2,0.22
NTRS,2026Q2,4.23
NTRS,2026Q1,2.71
NTRS,2025Q4,2.42
NTRS,2025Q3,2.29
NTRS,2025Q2,2.13
NTST,2026Q2,0.06
NTST,2026Q1,0.06
NTST,2025Q3,0.01
NTST,2025Q2,0.04
NTST,2025Q1,0.02
NUAI,2026Q1,-0.16
NUAI,2025Q3,-0.2
NUAI,2025Q2,-0.21
NUAI,2025Q1,-0.24
NUE,2026Q2,5.04
NUE,2026Q1,3.23
NUE,2025Q4,1.64
NUE,2025Q3,2.63
NUE,2025Q2,2.6
NUS,2026Q1,0.04
NUS,2025Q4,0.29
NUS,2025Q3,0.34
NUS,2025Q2,0.43
NUS,2025Q1,2.14
NUTR,2025Q3,-0.17
NUTR,2025Q2,0.04891
NUTR,2025Q1,-0.028497
NUVB,2026Q2,-0.18
NUVB,2026Q1,0.01
NUVB,2025Q4,-0.11
NUVB,2025Q3,-0.16
NUVB,2025Q2,-0.17
NVDA,2026Q2,2.39
NVDA,2026Q1,1.76
NVDA,2025Q4,1.3
NVDA,2025Q3,1.08
NVDA,2025Q2,0.76
NVEC,2026Q2,1.32
NVEC,2025Q4,0.7
NVEC,2025Q3,0.68
NVEC,2025Q2,0.74
NVEC,2025Q1,0.8
NVO,2026Q2,4.74
NVO,2026Q1,10.91
NVO,2025Q4,6.04
NVO,2025Q3,4.5
NVO,2025Q2,5.96
NVR,2026Q2,83.96
NVR,2026Q1,67.76
NVR,2025Q4,121.54
NVR,2025Q3,112.33
NVR,2025Q2,108.54
NVST,2026Q2,0.33
NVST,2026Q1,0.23
NVST,2025Q4,0.2
NVST,2025Q3,-0.18
NVST,2025Q2,0.16
NVTS,2026Q2,-0.95
NVTS,2026Q1,-0.15
NVTS,2025Q4,-0.14
NVTS,2025Q3,-0.09
NVTS,2025Q2,-0.25
NVVE,2026Q1,-521.28
NVVE,2025Q4,-114.84
NVVE,2025Q3,-172.8
NVVE,2025Q2,-1526.399999
NVVE,2025Q1,-1589.133642
NWL,2026Q2,0.25
NWL,2026Q1,-0.08
NWL,2025Q4,-0.75
NWL,2025Q3,0.05
NWL,2025Q2,0.11
NWPX,2026Q2,1.62
NWPX,2026Q1,1.08
NWPX,2025Q4,0.91
NWPX,2025Q3,1.38
NWPX,2025Q2,0.91
NWS,2026Q2,0.33
NWS,2026Q1,0.16
NWS,2025Q4,0.34
NWS,2025Q3,0.2
NWS,2025Q2,1.31
NWSA,2026Q2,0.33
NWSA,2026Q1,0.16
NWSA,2025Q4,0.34
NWSA,2025Q3,0.2
NWSA,2025Q2,1.31
NXDT,2026Q1,-0.46
NXDT,2025Q3,-0.29
NXDT,2025Q2,-0.99
NXDT,2025Q1,-0.8
NXPI,2026Q2,0.302
NXPI,2026Q1,4.43
NXPI,2025Q4,1.79
NXPI,2025Q3,2.48
NXPI,2025Q2,1.75
NXST,2026Q2,3.61
NXST,2026Q1,5.09
NXST,2025Q4,-5.63
NXST,2025Q3,2.14
NXST,2025Q2,3.06
NXTC,2026Q2,-2.8
NXTC,2026Q1,-1.87
NXTC,2025Q3,-3.22
NXTC,2025Q2,-11.29
NXTC,2025Q1,-4.7
NXXT,2026Q1,-0.07
NXXT,2025Q3,-0.12
NXXT,2025Q2,-0.3
NXXT,2025Q1,-1.59
NYC,2026Q1,-3.04
NYC,2025Q4,-2.62
NYC,2025Q3,13.6
NYC,2025Q2,-16.39
NYC,2025Q1,-3.39
NYT,2026Q2,0.57
NYT,2026Q1,0.54
NYT,2025Q4,0.79
NYT,2025Q3,0.5
NYT,2025Q2,0.5
O,2026Q2,0.37
O,2026Q1,0.33
O,2025Q4,0.32
O,2025Q3,0.35
O,2025Q2,0.22
OBDC,2026Q2,0.13
OBDC,2026Q1,-0.05
OBDC,2025Q3,0.25
OBDC,2025Q2,0.27
OBDC,2025Q1,0.49
OBK,2026Q2,1.09
OBK,2026Q1,0.89
OBK,2025Q4,0.95
OBK,2025Q3,0.27
OBK,2025Q2,0.47
OC,2026Q2,2.8
OC,2026Q1,-1.3
OC,2025Q4,-3.65
OC,2025Q3,-5.92
OC,2025Q2,4.25
OCC,2026Q2,0.12
OCC,2026Q1,-0.05
OCC,2025Q4,0.01
OCC,2025Q3,0.04
OCC,2025Q2,-0.09
OCFC,2026Q2,-0.04
OCFC,2026Q1,0.36
OCFC,2025Q4,0.23
OCFC,2025Q3,0.3
OCFC,2025Q2,0.28
OCUL,2026Q2,-0.35
OCUL,2026Q1,-0.4
OCUL,2025Q4,-0.29
OCUL,2025Q3,-0.38
OCUL,2025Q2,-0.39
ODFL,2026Q2,1.68
ODFL,2026Q1,1.14
ODFL,2025Q4,1.09
ODFL,2025Q3,1.28
ODFL,2025Q2,1.27
OFG,2026Q2,1.39
OFG,2026Q1,1.26
OFG,2025Q4,1.27
OFG,2025Q3,1.16
OFG,2025Q2,1.15
OGN,2026Q2,0.4
OGN,2026Q1,0.55
OGN,2025Q4,-0.79
OGN,2025Q3,0.61
OGN,2025Q2,0.56
OGS,2026Q2,0.74
OGS,2026Q1,2.04
OGS,2025Q4,1.42
OGS,2025Q3,0.44
OGS,2025Q2,0.53
OHI,2026Q2,1.19
OHI,2026Q1,0.47
OHI,2025Q4,0.55
OHI,2025Q3,0.59
OHI,2025Q2,0.46
OKE,2026Q2,1.53
OKE,2026Q1,1.23
OKE,2025Q4,1.55
OKE,2025Q3,1.49
OKE,2025Q2,1.34
OKLO,2026Q2,-0.28
OKLO,2026Q1,-0.19
OKLO,2025Q3,-0.2
OKLO,2025Q2,-0.18
OKLO,2025Q1,-0.07
OKTA,2026Q2,0.42
OKTA,2026Q1,0.35
OKTA,2025Q4,0.24
OKTA,2025Q3,0.37
OKTA,2025Q2,0.35
OLED,2026Q2,1.06
OLED,2026Q1,0.76
OLED,2025Q4,1.39
OLED,2025Q3,0.92
OLED,2025Q2,1.41
OLMA,2026Q1,-0.52
OLMA,2025Q3,-0.49
OLMA,2025Q2,-0.51
OLMA,2025Q1,-0.36
OLN,2026Q2,-0.12
OLN,2026Q1,-0.73
OLN,2025Q4,-0.75
OLN,2025Q3,0.37
OLN,2025Q2,-0.01
OLP,2026Q2,0.71
OLP,2026Q1,0.28
OLP,2025Q4,0.1
OLP,2025Q3,0.48
OLP,2025Q2,0.39
OMC,2026Q2,2.08
OMC,2026Q1,1.35
OMC,2025Q4,-4.02
OMC,2025Q3,1.75
OMC,2025Q2,1.31
OMCC,2025Q3,-0.11
OMCC,2025Q2,-0.11
OMCC,2025Q1,-0.15
OMCC,2024Q4,-0.04
OMDA,2026Q2,0.08
OMDA,2026Q1,-0.05
OMDA,2025Q4,0.08
OMDA,2025Q3,-0.06
OMDA,2025Q2,-0.24
OMER,2026Q1,0.62
OMER,2025Q4,0.98
OMER,2025Q3,-0.47
OMER,2025Q2,-0.43
OMER,2025Q1,-0.58
OMF,2026Q2,1.32
OMF,2026Q1,1.93
OMF,2025Q4,1.72
OMF,2025Q3,1.67
OMF,2025Q2,1.4
ON,2026Q2,0.56
ON,2026Q1,-0.08
ON,2025Q4,0.45
ON,2025Q3,0.63
ON,2025Q2,0.41
ONCO,2026Q1,-67.1
ONCO,2025Q3,-312.5
ONCO,2025Q2,-238.0
ONCO,2025Q1,-2272.5
ONEW,2026Q2,0.69
ONEW,2026Q1,-0.78
ONEW,2025Q4,-0.47
ONEW,2025Q3,-6.9
ONEW,2025Q2,0.65
ONTO,2026Q2,1.21
ONTO,2026Q1,0.67
ONTO,2025Q4,0.21
ONTO,2025Q3,0.57
ONTO,2025Q2,0.69
OPBK,2026Q2,0.53
OPBK,2026Q1,0.48
OPBK,2025Q4,0.47
OPBK,2025Q3,0.45
OPBK,2025Q2,0.42
OPCH,2026Q2,0.35
OPCH,2026Q1,0.29
OPCH,2025Q4,0.37
OPCH,2025Q3,0.32
OPCH,2025Q2,0.31
OPRT,2026Q2,0.17
OPRT,2026Q1,0.05
OPRT,2025Q4,0.07
OPRT,2025Q3,0.11
OPRT,2025Q2,0.14
OPRX,2026Q1,-0.03
OPRX,2025Q4,0.26
OPRX,2025Q3,0.04
OPRX,2025Q2,0.08
OPRX,2025Q1,-0.12
OPTX,2026Q1,-0.02
OPTX,2025Q3,-0.04
OPY,2026Q2,2.38
OPY,2026Q1,-1.93
OPY,2025Q4,6.51
OPY,2025Q3,1.9
OPY,2025Q2,1.91
ORBS,2026Q2,0.04
ORBS,2026Q1,-0.32
ORBS,2025Q3,-0.58
ORBS,2025Q2,-0.38
ORBS,2025Q1,-0.84
ORC,2026Q2,0.44
ORC,2026Q1,-0.11
ORC,2025Q4,0.62
ORC,2025Q3,0.53
ORC,2025Q2,-0.29
ORCL,2026Q2,1.45
ORCL,2026Q1,1.27
ORCL,2025Q4,2.1
ORCL,2025Q3,1.01
ORCL,2025Q1,1.02
ORIC,2026Q2,-0.38
ORIC,2026Q1,-0.34
ORIC,2025Q4,-0.3
ORIC,2025Q3,-0.33
ORIC,2025Q2,-0.47
ORKA,2026Q1,-0.48
ORKA,2025Q3,-0.55
ORKA,2025Q2,-0.46
ORKA,2025Q1,-0.4
ORLY,2026Q2,0.86
ORLY,2026Q1,0.72
ORLY,2025Q4,0.71
ORLY,2025Q3,0.85
ORLY,2025Q2,0.78
ORRF,2026Q2,1.09
ORRF,2026Q1,1.12
ORRF,2025Q4,1.11
ORRF,2025Q3,1.13
ORRF,2025Q2,1.01
OSRH,2026Q1,-0.09
OSRH,2025Q3,-0.1
OSRH,2025Q2,0.02
OSRH,2025Q1,-1.04
OTIS,2026Q2,1.12
OTIS,2026Q1,0.87
OTIS,2025Q4,0.95
OTIS,2025Q3,0.95
OTIS,2025Q2,0.99
OTLK,2026Q1,-0.05
OTLK,2025Q4,-0.38
OTLK,2025Q2,-0.55
OTLK,2025Q1,-1.5
OTLK,2024Q4,0.72
OVBC,2026Q2,0.62
OVBC,2026Q1,0.91
OVBC,2025Q4,0.84
OVBC,2025Q3,0.64
OVBC,2025Q2,0.89
OVID,2026Q1,-0.12
OVID,2025Q4,0.06
OVID,2025Q3,-0.17
OVID,2025Q2,-0.06
OVID,2025Q1,-0.14
OWLT,2026Q1,-0.25
OWLT,2025Q4,-0.39
OWLT,2025Q3,-0.06
OWLT,2025Q2,-2.37
OWLT,2025Q1,0.11
OXM,2026Q2,1.0
OXM,2026Q1,-0.48
OXM,2025Q4,-4.28
OXM,2025Q3,1.12
OXM,2025Q2,1.7
OXY,2026Q2,2.75
OXY,2026Q1,3.13
OXY,2025Q4,-0.07
OXY,2025Q3,0.65
OXY,2025Q2,0.26
PAAS,2026Q1,1.08
PAAS,2025Q4,1.07
PAAS,2025Q3,0.44
PAAS,2025Q2,0.52
PAAS,2025Q1,0.47
PACK,2026Q2,-0.09
PACK,2026Q1,-0.12
PACK,2025Q4,-0.11
PACK,2025Q3,-0.12
PACK,2025Q2,-0.09
PACS,2026Q2,0.47
PACS,2026Q1,0.5
PACS,2025Q3,0.32
PACS,2025Q2,0.31
PACS,2025Q1,0.17
PANL,2026Q1,0.21
PANL,2025Q4,0.19
PANL,2025Q3,0.19
PANL,2025Q2,-0.04
PANL,2025Q1,-0.03
PANW,2026Q2,-0.22
PANW,2026Q1,0.61
PANW,2025Q4,0.47
PANW,2025Q3,0.36
PANW,2025Q2,0.37
PAR,2026Q2,-0.41
PAR,2026Q1,-0.39
PAR,2025Q4,-0.51
PAR,2025Q3,-0.45
PAR,2025Q2,-0.52
PARR,2026Q2,9.35
PARR,2026Q1,1.1
PARR,2025Q4,1.53
PARR,2025Q3,5.16
PARR,2025Q2,1.17
PATH,2026Q2,0.04
PATH,2026Q1,0.19
PATH,2025Q4,0.37
PATH,2025Q3,0.0
PATH,2025Q2,-0.04
PAYC,2026Q2,2.34
PAYC,2026Q1,3.04
PAYC,2025Q4,2.07
PAYC,2025Q3,1.96
PAYC,2025Q2,1.58
PAYX,2026Q2,1.17
PAYX,2026Q1,1.56
PAYX,2025Q4,1.1
PAYX,2025Q3,1.06
PAYX,2025Q2,0.82
PB,2026Q2,1.67
PB,2026Q1,1.16
PB,2025Q4,1.49
PB,2025Q3,1.45
PB,2025Q2,1.42
PBF,2026Q2,7.54
PBF,2026Q1,1.65
PBF,2025Q4,0.66
PBF,2025Q3,1.45
PBF,2025Q1,-3.53
PBH,2026Q2,0.61
PBH,2026Q1,1.13
PBH,2025Q4,0.97
PBH,2025Q3,0.86
PBH,2025Q2,0.95
PBHC,2026Q2,0.42
PBHC,2026Q1,0.38
PBHC,2025Q4,-1.12
PBHC,2025Q3,0.1
PBHC,2025Q2,0.0
PBI,2026Q2,0.36
PBI,2026Q1,0.39
PBI,2025Q3,0.3
PBI,2025Q2,0.17
PBI,2025Q1,0.19
PBT,2026Q1,0.06
PBT,2025Q3,0.15
PBT,2025Q2,0.05
PBT,2025Q1,0.06
PCAR,2026Q2,1.43
PCAR,2026Q1,1.15
PCAR,2025Q4,1.06
PCAR,2025Q3,1.12
PCAR,2025Q2,1.37
PCB,2026Q2,0.73
PCB,2026Q1,0.74
PCB,2025Q4,0.64
PCB,2025Q3,0.78
PCB,2025Q2,0.62
PCG,2026Q2,0.33
PCG,2026Q1,0.39
PCG,2025Q3,0.37
PCG,2025Q2,0.24
PCG,2025Q1,0.28
PCRX,2026Q2,0.12
PCRX,2026Q1,0.07
PCRX,2025Q4,0.04
PCRX,2025Q3,0.12
PCRX,2025Q2,-0.11
PCSA,2026Q1,-1.29
PCSA,2025Q3,-1.75
PCSA,2025Q2,-6.25
PCSA,2025Q1,-7.58
PCT,2026Q2,-0.8
PCT,2026Q1,-0.21
PCT,2025Q3,-0.31
PCT,2025Q2,-0.81
PCT,2025Q1,0.05
PCTY,2026Q1,2.05
PCTY,2025Q4,0.92
PCTY,2025Q3,0.86
PCTY,2025Q1,1.61
PCTY,2024Q4,0.66
PCYO,2026Q2,0.12
PCYO,2026Q1,0.05
PCYO,2025Q4,0.19
PCYO,2025Q2,0.09
PCYO,2025Q1,0.03
PD,2026Q2,0.13
PD,2026Q1,0.12
PD,2025Q4,1.69
PD,2025Q3,0.1
PD,2025Q2,-0.07
PDFS,2026Q2,0.1
PDFS,2026Q1,0.12
PDFS,2025Q4,0.0
PDFS,2025Q3,0.03
PDFS,2025Q2,0.03
PDLB,2026Q2,0.35
PDLB,2026Q1,0.36
PDLB,2025Q4,0.42
PDLB,2025Q3,0.27
PDLB,2025Q2,0.25
PDSB,2026Q1,-0.13
PDSB,2025Q3,-0.19
PDSB,2025Q2,-0.21
PDSB,2025Q1,-0.21
PEBO,2026Q2,0.78
PEBO,2026Q1,0.81
PEBO,2025Q4,0.89
PEBO,2025Q3,0.83
PEBO,2025Q2,0.59
PECO,2026Q2,0.33
PECO,2026Q1,0.24
PECO,2025Q4,0.38
PECO,2025Q3,0.2
PECO,2025Q2,0.1
PEG,2026Q2,0.67
PEG,2026Q1,1.48
PEG,2025Q4,0.628743
PEG,2025Q3,1.24
PEG,2025Q2,1.17
PEGA,2026Q2,0.08
PEGA,2026Q1,0.18
PEGA,2025Q4,1.27
PEGA,2025Q3,0.24
PEGA,2025Q2,0.17
PEN,2026Q2,0.88
PEN,2026Q1,0.82
PEN,2025Q4,1.2
PEN,2025Q3,1.17
PEN,2025Q2,1.15
PEP,2026Q2,2.18
PEP,2026Q1,1.7
PEP,2025Q4,1.85
PEP,2025Q3,1.9
PEP,2025Q2,0.92
PEPG,2026Q2,-0.26
PEPG,2026Q1,-0.26
PEPG,2025Q4,-0.27
PEPG,2025Q3,-0.52
PEPG,2025Q2,-0.7
PEW,2026Q1,-0.06
PEW,2025Q4,0.01
PEW,2025Q3,-0.12
PEW,2025Q2,-0.000676
PEW,2025Q1,0.003012
PFBC,2026Q1,2.53
PFBC,2025Q3,2.84
PFBC,2025Q2,2.57
PFBC,2025Q1,2.23
PFE,2026Q2,-0.04
PFE,2026Q1,0.47
PFE,2025Q4,-0.29
PFE,2025Q3,0.62
PFE,2025Q2,0.51
PFG,2026Q2,1.84
PFG,2026Q1,1.93
PFG,2025Q3,0.95
PFG,2025Q2,1.79
PFG,2025Q1,0.21
PFGC,2026Q1,0.27
PFGC,2025Q4,0.39
PFGC,2025Q3,0.6
PFGC,2025Q2,0.84
PFGC,2025Q1,0.37
PFLT,2026Q1,0.29
PFLT,2025Q4,-0.04
PFLT,2025Q3,0.18
PFLT,2025Q2,0.19
PFLT,2025Q1,0.01
PG,2026Q2,1.26
PG,2026Q1,1.63
PG,2025Q4,1.78
PG,2025Q3,1.95
PG,2025Q2,1.48
PGC,2026Q2,0.86
PGC,2026Q1,0.8
PGC,2025Q4,0.69
PGC,2025Q2,0.45
PGC,2025Q1,0.43
PGNY,2026Q2,0.34
PGNY,2026Q1,0.29
PGNY,2025Q4,0.14
PGNY,2025Q3,0.15
PGNY,2025Q2,0.19
PGR,2026Q2,5.67
PGR,2026Q1,4.8
PGR,2025Q3,4.45
PGR,2025Q2,5.4
PGR,2025Q1,4.37
PHIN,2026Q2,1.05
PHIN,2026Q1,0.96
PHIN,2025Q4,1.15
PHIN,2025Q3,0.33
PHIN,2025Q2,1.14
PHIO,2026Q1,-0.34
PHIO,2025Q3,-0.44
PHIO,2025Q2,-0.45
PHIO,2025Q1,-0.41
PHM,2026Q2,2.48
PHM,2026Q1,1.79
PHM,2025Q4,2.56
PHM,2025Q3,2.96
PHM,2025Q2,3.03
PHR,2026Q2,0.05
PHR,2026Q1,0.02
PHR,2025Q4,0.07
PHR,2025Q3,0.01
PHR,2025Q2,-0.07
PHUN,2026Q2,-0.26
PHUN,2026Q1,-0.16
PHUN,2025Q3,-0.12
PHUN,2025Q2,-0.16
PHUN,2025Q1,-0.18
PII,2026Q2,1.82
PII,2026Q1,-0.83
PII,2025Q4,-5.34
PII,2025Q3,-0.28
PII,2025Q2,-1.39
PIII,2026Q1,0.32
PIII,2025Q4,-23.02
PIII,2025Q3,-9.67
PIII,2025Q2,-6.23
PIII,2025Q1,-6.28
PJT,2026Q2,1.66
PJT,2026Q1,2.21
PJT,2025Q4,1.97
PJT,2025Q3,1.47
PJT,2025Q2,1.21
PK,2026Q2,0.24
PK,2026Q1,0.05
PK,2025Q4,-1.04
PK,2025Q3,-0.08
PK,2025Q2,-0.02
PKE,2026Q2,0.17
PKE,2026Q1,0.19
PKE,2025Q4,0.15
PKE,2025Q3,0.12
PKE,2025Q2,0.1
PKG,2026Q2,2.15
PKG,2026Q1,1.91
PKG,2025Q4,1.13
PKG,2025Q3,2.51
PKG,2025Q2,2.67
PKX,2026Q1,1544.5
PKX,2025Q3,1391.25
PKX,2025Q1,999.5
PLAB,2026Q2,0.54
PLAB,2026Q1,0.74
PLAB,2025Q4,1.07
PLAB,2025Q3,0.39
PLAB,2025Q2,0.15
PLBY,2026Q1,-0.03
PLBY,2025Q4,0.03
PLBY,2025Q3,0.0
PLBY,2025Q2,-0.08
PLBY,2025Q1,-0.1
PLD,2026Q2,1.13
PLD,2026Q1,1.05
PLD,2025Q3,0.82
PLD,2025Q2,0.61
PLD,2025Q1,0.63
PLMR,2026Q2,1.94
PLMR,2026Q1,1.57
PLMR,2025Q4,2.06
PLMR,2025Q3,1.87
PLMR,2025Q2,1.68
PLNT,2026Q2,0.87
PLNT,2026Q1,0.65
PLNT,2025Q4,0.73
PLNT,2025Q3,0.7
PLNT,2025Q2,0.69
PLOW,2026Q2,1.07
PLOW,2026Q1,0.26
PLOW,2025Q4,0.54
PLOW,2025Q3,0.33
PLOW,2025Q2,1.09
PLSE,2026Q2,-0.36
PLSE,2026Q1,-0.27
PLSE,2025Q4,-0.26
PLSE,2025Q3,-0.29
PLSE,2025Q2,-0.28
PLTK,2026Q2,0.13
PLTK,2026Q1,-0.15
PLTK,2025Q4,-0.82
PLTK,2025Q3,0.11
PLTK,2025Q2,0.09
PLTR,2026Q2,0.41
PLTR,2026Q1,0.34
PLTR,2025Q4,0.24
PLTR,2025Q3,0.180263
PLTR,2025Q2,0.13
PLUG,2026Q1,-0.18
PLUG,2025Q3,-0.31
PLUG,2025Q2,-0.2
PLUG,2025Q1,-0.21
PM,2026Q2,1.8
PM,2026Q1,1.56
PM,2025Q4,1.37
PM,2025Q3,2.23
PM,2025Q2,1.95
PNBK,2026Q1,-0.02
PNBK,2025Q3,-0.03
PNBK,2025Q2,-0.06
PNBK,2025Q1,-0.21
PNC,2026Q2,4.81
PNC,2026Q1,4.13
PNC,2025Q4,4.88
PNC,2025Q3,4.35
PNC,2025Q2,3.85
PNFP,2026Q2,2.07
PNFP,2026Q1,0.89
PNFP,2025Q3,2.19
PNFP,2025Q2,2.0
PNFP,2025Q1,1.77
PNTG,2026Q2,0.25
PNTG,2026Q1,0.24
PNTG,2025Q4,0.24
PNTG,2025Q3,0.17
PNTG,2025Q2,0.2
PNW,2026Q2,1.43
PNW,2026Q1,0.27
PNW,2025Q4,0.13
PNW,2025Q3,3.39
PNW,2025Q2,1.58
PODD,2026Q2,1.37
PODD,2026Q1,1.3
PODD,2025Q4,1.44
PODD,2025Q3,1.24
PODD,2025Q2,0.32
POOL,2026Q2,5.17
POOL,2026Q1,1.45
POOL,2025Q4,0.85
POOL,2025Q3,3.4
POOL,2025Q2,5.17
POR,2026Q2,0.59
POR,2026Q1,0.38
POR,2025Q3,0.94
POR,2025Q2,0.56
POR,2025Q1,0.91
POST,2026Q2,1.29
POST,2026Q1,1.56
POST,2025Q4,1.71
POST,2025Q3,0.88
POST,2025Q2,1.79
POWI,2026Q2,0.17
POWI,2026Q1,0.06
PPCB,2026Q1,-7.0
PPCB,2025Q4,-7.5
PPCB,2025Q3,-9.75
PPCB,2025Q1,-312.5
PPCB,2024Q4,-741.694828
PPG,2026Q2,1.95
PPG,2026Q1,1.7
PPG,2025Q4,1.33
PPG,2025Q3,2.0
PPG,2025Q2,1.98
PPIH,2026Q2,0.22
PPIH,2026Q1,0.6
PPIH,2025Q4,0.77
PPIH,2025Q3,0.1
PPIH,2025Q2,0.61
PPL,2026Q2,0.3
PPL,2026Q1,0.6
PPL,2025Q4,0.36
PPL,2025Q3,0.43
PPL,2025Q2,0.25
PR,2026Q2,0.93
PR,2026Q1,0.05
PR,2025Q4,0.45
PR,2025Q3,0.08
PR,2025Q2,0.28
PRDO,2026Q2,0.75
PRDO,2026Q1,0.85
PRDO,2025Q4,0.54
PRDO,2025Q3,0.6
PRDO,2025Q2,0.62
PRI,2026Q2,6.45
PRI,2026Q1,5.97
PRI,2025Q4,6.13
PRI,2025Q3,6.35
PRI,2025Q2,5.4
PRIM,2026Q2,-0.45
PRIM,2026Q1,0.32
PRIM,2025Q4,0.95
PRIM,2025Q3,1.73
PRIM,2025Q2,1.54
PRKS,2026Q2,1.34
PRKS,2026Q1,-0.69
PRKS,2025Q4,0.28
PRKS,2025Q3,1.61
PRKS,2025Q2,1.45
PRLB,2026Q2,0.37
PRLB,2026Q1,0.33
PRLB,2025Q4,0.25
PRLB,2025Q3,0.3
PRLB,2025Q1,0.15
PRLD,2026Q1,-0.13
PRLD,2025Q3,-0.26
PRLD,2025Q2,-0.41
PRLD,2025Q1,-0.42
PRM,2026Q2,-1.11
PRM,2026Q1,0.44
PRM,2025Q4,-0.94
PRM,2025Q3,-0.62
PRM,2025Q2,-0.22
PRMB,2026Q2,0.19
PRMB,2026Q1,0.07
PRMB,2025Q4,-0.04
PRMB,2025Q3,0.04
PRMB,2025Q2,0.07
PRME,2026Q2,-0.24
PRME,2026Q1,-0.28
PRME,2025Q3,-0.32
PRME,2025Q2,-0.41
PRME,2025Q1,-0.4
PRPH,2026Q1,-0.42
PRPH,2025Q3,-1.6
PRPH,2025Q2,-1.1
PRPH,2025Q1,1.1
PRPO,2026Q1,-0.81
PRPO,2025Q3,-0.05
PRPO,2025Q2,0.05
PRPO,2025Q1,-0.59
PRSU,2026Q2,0.54
PRSU,2026Q1,-0.9
PRSU,2025Q4,-0.91
PRSU,2025Q2,0.2
PRSU,2025Q1,-1.11
PRTH,2026Q2,0.12
PRTH,2026Q1,0.12
PRTH,2025Q4,0.11
PRTH,2025Q3,0.34
PRTH,2025Q2,0.14
PRU,2026Q2,2.795174
PRU,2026Q1,1.68
PRU,2025Q4,2.55
PRU,2025Q3,4.01
PRU,2025Q2,1.48
PSA,2026Q2,2.55
PSA,2026Q1,2.71
PSA,2025Q4,2.6
PSA,2025Q3,2.62
PSA,2025Q2,1.76
PSKY,2026Q2,0.04
PSKY,2026Q1,0.15
PSKY,2025Q4,-0.52
PSKY,2025Q2,0.08
PSKY,2025Q1,0.22
PSMT,2026Q2,1.28
PSMT,2026Q1,1.62
PSMT,2025Q4,1.29
PSMT,2025Q3,1.02
PSMT,2025Q2,1.14
PSQH,2026Q2,-1.540005
PSQH,2026Q1,-1.8
PSQH,2025Q4,-3.75
PSQH,2025Q3,-3.9
PSQH,2025Q2,-2.779995
PSX,2026Q2,9.55
PSX,2026Q1,0.51
PSX,2025Q4,7.17
PSX,2025Q3,0.32
PSX,2025Q2,2.15
PTC,2026Q2,1.03
PTC,2026Q1,4.98
PTC,2025Q4,1.39
PTC,2025Q3,2.94
PTC,2025Q2,1.17
PTRN,2026Q2,0.15
PTRN,2026Q1,0.16
PTRN,2025Q4,0.16
PTRN,2025Q3,-2.19
PTRN,2025Q2,0.093382
PULM,2026Q1,-0.32
PULM,2025Q3,-0.24
PULM,2025Q2,-0.42
PULM,2025Q1,-0.5
PUMP,2026Q2,-0.07
PUMP,2026Q1,-0.03
PUMP,2025Q3,-0.02
PUMP,2025Q2,-0.07
PUMP,2025Q1,0.09
PVH,2026Q2,1.9
PVH,2026Q1,-3.46
PVH,2025Q4,0.088795
PVH,2025Q3,4.63
PVH,2025Q2,-0.88
PVLA,2026Q2,-1.52
PVLA,2026Q1,-1.2
PVLA,2025Q3,-1.03
PVLA,2025Q2,-0.86
PVLA,2025Q1,-0.74
PWR,2026Q2,2.96
PWR,2026Q1,1.45
PWR,2025Q4,2.08
PWR,2025Q3,2.24
PWR,2025Q2,1.52
PXED,2026Q2,1.01
PXED,2026Q1,0.28
PXED,2025Q4,0.4
PXED,2025Q3,0.491512
PXED,2025Q2,1.512547
PYPL,2026Q2,1.25
PYPL,2026Q1,1.21
PYPL,2025Q4,1.53
PYPL,2025Q3,1.3
PYPL,2025Q2,1.29
PYXS,2026Q1,-0.37
PYXS,2025Q3,-0.35
PYXS,2025Q2,-0.3
PYXS,2025Q1,-0.35
Q,2026Q2,0.59
Q,2026Q1,0.72
Q,2025Q4,0.48
Q,2025Q3,1.007479
Q,2025Q2,0.897659
QCLS,2026Q1,-0.19
QCLS,2025Q3,-2.5
QCLS,2025Q2,-18.0
QCLS,2025Q1,-0.36
QCOM,2026Q2,1.87
QCOM,2026Q1,6.88
QCOM,2025Q4,2.78
QCOM,2025Q3,-2.89
QCOM,2025Q2,2.43
QETA,2026Q1,-0.004
QETA,2025Q3,-0.01
QETA,2025Q2,-0.16
QETA,2025Q1,-0.04
QRHC,2026Q2,-0.57
QRHC,2026Q1,-0.11
QRHC,2025Q4,-0.08
QRHC,2025Q3,-0.06
QRHC,2025Q2,-0.09
QS,2026Q2,-0.16
QS,2026Q1,-0.16
QS,2025Q4,-0.17
QS,2025Q3,-0.18
QS,2025Q2,-0.2
QTRX,2026Q1,-0.37
QTRX,2025Q4,-0.49
QTRX,2025Q3,-0.73
QTRX,2025Q2,-0.77
QTRX,2025Q1,-0.53
QTTB,2026Q2,-0.44
QTTB,2026Q1,-0.54
QTTB,2025Q3,-0.6
QTTB,2025Q2,-0.78
QTTB,2025Q1,-0.9
QUIK,2026Q1,-0.13
QUIK,2025Q4,-0.35
QUIK,2025Q3,-0.24
QUIK,2025Q2,-0.17
QUIK,2025Q1,-0.14
QXO,2026Q1,-0.35
QXO,2025Q4,-0.17
QXO,2025Q3,-0.24
QXO,2025Q2,-0.15
QXO,2025Q1,-0.03
RAPP,2026Q2,-1.19
RAPP,2026Q1,-0.42
RAPP,2025Q4,-0.72
RAPP,2025Q3,-0.71
RAPP,2025Q2,-0.75
RARE,2026Q2,-0.9
RARE,2026Q1,-1.84
RARE,2025Q4,-1.29
RARE,2025Q3,-1.81
RARE,2025Q2,-1.17
RBA,2026Q2,0.71
RBA,2026Q1,0.66
RBA,2025Q4,0.53
RBA,2025Q3,0.43
RBA,2025Q2,0.53
RBBN,2026Q2,-0.15
RBBN,2026Q1,-0.2
RBBN,2025Q4,0.5
RBBN,2025Q3,-0.07
RBBN,2025Q2,-0.06
RBNE,2026Q1,0.45
RBNE,2025Q4,-3.0
RBNE,2025Q3,0.01
RBNE,2025Q2,0.15
RBNE,2025Q1,-2.579172
RBOT,2026Q1,-1.03
RBOT,2025Q4,-1.57
RBOT,2025Q3,-1.86
RBOT,2025Q2,-2.23
RBOT,2025Q1,-2.6
RCAT,2026Q2,-0.26
RCAT,2026Q1,-0.22
RCAT,2025Q4,-0.17
RCAT,2025Q3,-0.16
RCAT,2025Q2,-0.15
RCL,2026Q2,4.2
RCL,2026Q1,3.48
RCL,2025Q4,2.76
RCL,2025Q3,5.74
RCL,2025Q2,4.41
RCMT,2026Q1,0.52
RCMT,2025Q4,0.8
RCMT,2025Q3,0.3
RCMT,2025Q2,0.5
RCMT,2025Q1,0.54
RCUS,2026Q2,-0.72
RCUS,2026Q1,-1.02
RCUS,2025Q4,-0.89
RCUS,2025Q3,-1.27
RCUS,2025Q2,0.0
RDDT,2026Q2,1.25
RDDT,2026Q1,1.01
RDDT,2025Q4,1.24
RDDT,2025Q3,0.8
RDDT,2025Q2,0.45
RDI,2026Q1,-0.36
RDI,2025Q3,-0.18
RDI,2025Q2,-0.12
RDI,2025Q1,-0.21
RDIB,2026Q1,-0.36
RDIB,2025Q3,-0.18
RDIB,2025Q2,-0.12
RDIB,2025Q1,-0.21
RDNT,2026Q1,-0.43
RDNT,2025Q3,0.07
RDNT,2025Q2,0.19
RDNT,2025Q1,-0.51
RDY,2026Q2,5.32
RDY,2026Q1,2.65
RDY,2025Q4,14.52
RDY,2025Q3,17.25
RDY,2025Q2,17.02
REAL,2026Q2,-0.23
REAL,2026Q1,-0.07
REAL,2025Q4,-0.33
REAL,2025Q3,-0.49
REAL,2025Q2,-0.13
REBN,2026Q1,-0.222509
REBN,2025Q3,-0.68
REBN,2025Q2,-1.15
REBN,2025Q1,-0.512607
REFI,2026Q1,0.23
REFI,2025Q4,0.38
REFI,2025Q3,0.42
REFI,2025Q2,0.41
REFI,2025Q1,0.47
REFR,2026Q2,-0.02
REFR,2026Q1,-0.02
REFR,2025Q3,-0.01
REFR,2025Q2,-0.02
REFR,2025Q1,-0.01
REG,2026Q2,0.61
REG,2026Q1,0.68
REG,2025Q4,1.088385
REG,2025Q3,0.58
REG,2025Q2,0.56
REGN,2026Q2,12.23
REGN,2026Q1,6.75
REGN,2025Q4,7.86
REGN,2025Q3,13.62
REGN,2025Q2,12.81
RELY,2026Q2,0.93
RELY,2026Q1,0.23
RELY,2025Q4,0.19
RELY,2025Q3,0.04
RELY,2025Q2,0.03
RENT,2026Q2,-0.57
RENT,2026Q1,-0.04
RENT,2025Q4,13.65
RENT,2025Q3,-6.55
RENT,2025Q2,-5.905833
RES,2026Q2,0.05
RES,2026Q1,0.0
RES,2025Q4,-0.02
RES,2025Q3,0.06
RES,2025Q2,0.05
REXR,2026Q2,-2.26
REXR,2026Q1,0.38
REXR,2025Q4,-0.3
REXR,2025Q3,0.37
REXR,2025Q2,0.48
REYN,2026Q2,0.42
REYN,2026Q1,0.28
REYN,2025Q4,0.56
REYN,2025Q3,0.38
REYN,2025Q2,0.35
REZI,2026Q1,0.17
REZI,2025Q4,0.73
REZI,2025Q3,0.85
REZI,2025Q2,-5.59
REZI,2025Q1,-0.02
RF,2026Q2,0.64
RF,2026Q1,0.62
RF,2025Q4,0.58
RF,2025Q3,0.61
RF,2025Q2,0.59
RFIL,2026Q2,0.08
RFIL,2026Q1,0.0
RFIL,2025Q4,0.02
RFIL,2025Q3,0.04
RFIL,2025Q2,-0.02
RGA,2026Q2,7.01
RGA,2026Q1,4.98
RGA,2025Q4,6.97
RGA,2025Q3,3.81
RGA,2025Q2,2.7
RGEN,2026Q2,0.09
RGEN,2026Q1,0.15
RGEN,2025Q4,0.23
RGEN,2025Q3,0.26
RGEN,2025Q2,0.26
RGLD,2026Q2,2.78
RGLD,2026Q1,3.3
RGLD,2025Q4,1.16
RGLD,2025Q3,1.92
RGLD,2025Q2,2.01
RGNX,2026Q2,0.43
RGNX,2026Q1,-1.72
RGNX,2025Q4,-1.3
RGNX,2025Q3,-1.2
RGNX,2025Q2,-1.38
RGTI,2026Q2,-0.16
RGTI,2026Q1,-0.06
RGTI,2025Q4,-0.06
RGTI,2025Q3,-0.62
RGTI,2025Q2,-0.13
RHLD,2026Q2,-1.53
RHLD,2026Q1,7.19
RHLD,2025Q2,-0.07
RHLD,2025Q1,-0.39
RHLD,2024Q4,-274.982781
RICK,2026Q2,0.83
RICK,2026Q1,-0.04
RICK,2025Q4,-0.57
RICK,2025Q3,-0.63
RICK,2025Q2,0.46
RITM,2026Q2,0.04
RITM,2026Q1,0.12
RITM,2025Q4,0.09
RITM,2025Q3,0.35
RITM,2025Q2,0.53
RIVN,2026Q2,-0.63
RIVN,2026Q1,-0.33
RIVN,2025Q4,-0.66
RIVN,2025Q3,-0.96
RIVN,2025Q2,-0.97
RJF,2026Q2,3.01
RJF,2026Q1,2.72
RJF,2025Q4,2.79
RJF,2025Q3,2.95
RJF,2025Q2,2.12
RKDA,2026Q1,-2.11
RKDA,2025Q3,0.62
RKDA,2025Q2,-3.26
RKDA,2025Q1,1.9
RKLB,2026Q1,-0.07
RKLB,2025Q4,-0.09
RKLB,2025Q3,-0.03
RKLB,2025Q2,-0.13
RKLB,2025Q1,-0.12
RL,2026Q2,4.28
RL,2026Q1,2.45
RL,2025Q4,5.82
RL,2025Q3,3.32
RL,2025Q2,3.52
RLMD,2026Q2,-0.11
RLMD,2026Q1,-0.22
RLMD,2025Q3,-0.3
RLMD,2025Q2,-0.3
RLMD,2025Q1,-0.58
RMAX,2026Q2,-0.2
RMAX,2026Q1,-0.48
RMAX,2025Q4,0.07
RMAX,2025Q3,0.19
RMAX,2025Q2,0.23
RMBS,2026Q2,0.61
RMBS,2026Q1,0.55
RMBS,2025Q4,0.58
RMBS,2025Q3,0.44
RMBS,2025Q2,0.53
RMCF,2026Q2,-0.12
RMCF,2026Q1,-0.38
RMCF,2025Q4,-0.02
RMCF,2025Q3,-0.09
RMCF,2025Q2,-0.04
RMCO,2026Q1,-0.04
RMCO,2025Q3,-0.01
RMCO,2025Q2,0.0
RMCO,2025Q1,0.0
RMD,2026Q2,2.64
RMD,2026Q1,2.74
RMD,2025Q4,2.68
RMD,2025Q3,2.37
RMD,2025Q2,2.58
RNAC,2026Q2,0.46
RNAC,2026Q1,-1.46
RNAC,2025Q3,-1.38
RNAC,2025Q2,0.5
RNAC,2025Q1,-0.68
RNG,2026Q2,0.45
RNG,2026Q1,0.35
RNG,2025Q4,0.26
RNG,2025Q3,0.19
RNG,2025Q2,0.14
RNR,2026Q2,15.48
RNR,2026Q1,6.57
RNR,2025Q4,16.75
RNR,2025Q3,19.4
RNR,2025Q2,17.2
RNST,2026Q2,0.94
RNST,2026Q1,0.94
RNST,2025Q4,0.83
RNST,2025Q3,0.63
RNST,2025Q2,0.01
RNTX,2026Q1,-0.19
RNTX,2025Q3,-0.21
RNTX,2025Q2,-0.28
RNTX,2025Q1,-0.25
RNXT,2026Q1,-0.09
RNXT,2025Q3,-0.08
RNXT,2025Q2,-0.08
RNXT,2025Q1,-0.08
ROK,2026Q2,3.65
ROK,2026Q1,3.1
ROK,2025Q4,2.69
ROK,2025Q3,1.227382
ROK,2025Q2,2.6
ROKU,2026Q2,1.08
ROKU,2026Q1,0.57
ROKU,2025Q4,0.53
ROKU,2025Q3,0.16
ROKU,2025Q2,0.07
ROL,2026Q2,0.3
ROL,2026Q1,0.22
ROL,2025Q4,0.24
ROL,2025Q3,0.34
ROL,2025Q2,0.29
ROP,2026Q2,11.62
ROP,2026Q1,4.87
ROP,2025Q4,3.97
ROP,2025Q3,3.68
ROP,2025Q2,3.49
ROST,2026Q2,2.02
ROST,2026Q1,2.0
ROST,2025Q4,1.58
ROST,2025Q3,1.56
ROST,2025Q2,1.47
RPAY,2026Q1,-0.12
RPAY,2025Q4,-1.71
RPAY,2025Q3,-0.08
RPAY,2025Q2,-1.15
RPAY,2025Q1,-0.09
RPID,2026Q2,-0.27
RPID,2026Q1,-0.31
RPID,2025Q4,-0.28
RPID,2025Q3,-0.26
RPID,2025Q2,-0.27
RPM,2026Q2,1.73
RPM,2026Q1,0.4
RPM,2025Q4,1.26
RPM,2025Q3,1.77
RPM,2025Q2,1.76
RR,2025Q4,-0.05
RR,2025Q2,-0.04
RR,2025Q1,-0.04
RR,2024Q4,-0.31
RRC,2026Q2,0.83
RRC,2026Q1,1.44
RRC,2025Q4,0.75
RRC,2025Q3,0.6
RRC,2025Q2,0.99
RSG,2026Q2,1.84
RSG,2026Q1,1.7
RSG,2025Q4,1.76
RSG,2025Q3,1.76
RSG,2025Q2,1.75
RSSS,2026Q1,0.03
RSSS,2025Q4,0.02
RSSS,2025Q3,0.02
RSSS,2025Q1,0.01
RSSS,2024Q4,-0.07
RSVR,2026Q2,0.0
RSVR,2026Q1,0.07
RSVR,2025Q4,0.03
RSVR,2025Q3,0.03
RSVR,2025Q2,-0.01
RTX,2026Q2,1.57
RTX,2026Q1,1.51
RTX,2025Q4,1.19
RTX,2025Q3,1.41
RTX,2025Q2,1.22
RVLV,2026Q2,0.26
RVLV,2026Q1,0.2
RVLV,2025Q4,0.26
RVLV,2025Q3,0.29
RVLV,2025Q2,0.14
RVMD,2026Q2,-3.06
RVMD,2026Q1,-2.29
RVMD,2025Q4,-1.86
RVMD,2025Q3,-1.61
RVMD,2025Q2,-1.31
RVPH,2026Q1,-0.46
RVPH,2025Q3,-1.2
RVPH,2025Q2,-2.4
RVPH,2025Q1,-2.61
RVSB,2026Q2,0.08
RVSB,2026Q1,-0.39
RVSB,2025Q4,0.07
RVSB,2025Q3,0.05
RVSB,2025Q2,0.06
RVTY,2026Q2,0.464504
RVTY,2026Q1,0.36
RVTY,2025Q4,0.87
RVTY,2025Q3,0.4
RVTY,2025Q2,0.46
RWT,2026Q2,-0.03
RWT,2026Q1,-0.07
RWT,2025Q3,-0.08
RWT,2025Q2,-0.76
RWT,2025Q1,0.1
RXO,2026Q2,-0.05
RXO,2026Q1,-0.21
RXO,2025Q4,-0.27
RXO,2025Q3,-0.08
RXO,2025Q2,-0.05
RXST,2026Q2,-0.29
RXST,2026Q1,-0.38
RXST,2025Q4,-0.22
RXST,2025Q3,-0.24
RXST,2025Q2,-0.29
RXT,2026Q1,0.03
RXT,2025Q4,-0.13
RXT,2025Q3,-0.28
RXT,2025Q2,-0.23
RXT,2025Q1,-0.31
RY,2026Q2,3.85
RY,2026Q1,4.03
RY,2025Q4,3.76
RY,2025Q3,3.75
RY,2025Q2,3.02
RYM,2026Q2,0.09
RYM,2026Q1,1.33
RYM,2025Q4,-6.62
RYM,2025Q3,-5.33
RYM,2025Q2,-3.74
RYN,2026Q2,0.06
RYN,2026Q1,-0.05
RYN,2025Q4,0.16
RYN,2025Q3,0.28
RYN,2025Q2,2.63
SABS,2026Q2,-0.28
SABS,2026Q1,-0.35
SABS,2025Q3,-0.21
SABS,2025Q2,-1.09
SABS,2025Q1,-0.56
SAFE,2026Q2,0.42
SAFE,2026Q1,0.4
SAFE,2025Q3,0.41
SAFE,2025Q2,0.39
SAFE,2025Q1,0.41
SAFT,2026Q2,2.36
SAFT,2026Q1,-0.99
SAFT,2025Q4,1.36
SAFT,2025Q3,1.91
SAFT,2025Q2,1.95
SAFX,2026Q1,-0.07
SAFX,2025Q3,-0.08165
SAFX,2025Q1,-0.050026
SAH,2026Q2,1.79
SAH,2026Q1,1.79
SAH,2025Q4,1.36
SAH,2025Q3,1.33
SAH,2025Q2,-1.34
SAIC,2026Q2,2.61
SAIC,2026Q1,1.87
SAIC,2025Q4,1.69
SAIC,2025Q3,2.71
SAIC,2025Q2,1.42
SANA,2026Q1,-0.17
SANA,2025Q4,-0.21
SANA,2025Q3,-0.16
SANA,2025Q2,-0.39
SANA,2025Q1,-0.21
SANM,2026Q2,2.12
SANM,2026Q1,1.7
SANM,2025Q4,0.89
SANM,2025Q3,0.88
SANM,2025Q2,1.26
SARO,2026Q2,0.29
SARO,2026Q1,0.24
SARO,2025Q4,0.24
SARO,2025Q3,0.2
SARO,2025Q2,0.2
SB,2026Q2,0.33
SB,2026Q1,0.2
SB,2025Q4,0.1
SB,2025Q3,0.15
SB,2025Q2,0.0
SBAC,2026Q2,1.87
SBAC,2026Q1,1.74
SBAC,2025Q4,3.47
SBAC,2025Q3,2.2
SBAC,2025Q2,2.09
SBCF,2026Q2,0.55
SBCF,2026Q1,0.29
SBCF,2025Q4,0.31
SBCF,2025Q3,0.42
SBCF,2025Q2,0.5
SBDS,2026Q1,-2.18
SBDS,2025Q4,-35.03
SBDS,2025Q3,-9.22
SBDS,2025Q2,-8.93
SBDS,2025Q1,-8.27
SBET,2026Q2,-1.88
SBET,2026Q1,-3.25
SBET,2025Q3,0.62
SBET,2025Q2,-4.27
SBET,2025Q1,-1.84
SBGI,2026Q2,-1.06
SBGI,2026Q1,0.28
SBGI,2025Q4,1.55
SBGI,2025Q3,-0.02
SBGI,2025Q2,-0.91
SBR,2026Q2,1.43
SBR,2026Q1,0.89
SBR,2025Q3,1.7
SBR,2025Q2,1.22
SBR,2025Q1,1.24
SBSI,2026Q2,0.9
SBSI,2026Q1,0.78
SBSI,2025Q4,0.7
SBSI,2025Q3,0.16
SBSI,2025Q2,0.72
SBUX,2026Q2,0.91
SBUX,2026Q1,0.448355
SBUX,2025Q4,0.257484
SBUX,2025Q3,0.117073
SBUX,2025Q2,0.49
SCCO,2026Q2,2.01
SCCO,2026Q1,1.90099
SCCO,2025Q4,1.531536
SCCO,2025Q3,1.314197
SCCO,2025Q2,1.17
SCHW,2026Q2,1.54
SCHW,2026Q1,1.37
SCHW,2025Q4,1.33
SCHW,2025Q3,1.26
SCHW,2025Q2,1.08
SCI,2026Q2,0.9
SCI,2026Q1,0.97
SCI,2025Q4,1.13
SCI,2025Q3,0.83
SCI,2025Q2,0.86
SCKT,2026Q2,-0.16
SCKT,2026Q1,-0.11
SCKT,2025Q4,-1.43
SCKT,2025Q3,-0.15
SCKT,2025Q2,-0.1
SCL,2026Q2,1.0
SCL,2026Q1,-1.81
SCL,2025Q4,0.22
SCL,2025Q3,0.47
SCL,2025Q2,0.5
SCNX,2026Q1,-0.08
SCNX,2025Q3,-0.19
SCNX,2025Q2,-0.48
SCNX,2025Q1,-0.33
SCOR,2026Q1,-0.41
SCOR,2025Q3,-0.86
SCOR,2025Q2,-2.73
SCOR,2025Q1,-1.66
SD,2026Q2,0.72
SD,2026Q1,0.5
SD,2025Q3,0.43
SD,2025Q2,0.53
SD,2025Q1,0.35
SDGR,2026Q2,0.08
SDGR,2026Q1,-0.81
SDGR,2025Q3,-0.45
SDGR,2025Q2,-0.59
SDGR,2025Q1,-0.82
SDHC,2026Q2,0.03
SDHC,2026Q1,0.06
SDHC,2025Q4,0.39
SDHC,2025Q3,0.24
SDHC,2025Q2,0.26
SDOT,2026Q1,-53.8
SDOT,2025Q3,-348.4
SDOT,2025Q2,14.0
SDOT,2025Q1,36.0
SEAT,2026Q2,-1.3
SEAT,2026Q1,-1.35
SEAT,2025Q4,-25.566384
SEAT,2025Q3,-1.91
SEAT,2025Q2,-25.47
SEG,2026Q2,-0.82
SEG,2026Q1,-3.47
SEG,2025Q4,-2.89
SEG,2025Q3,-2.61
SEG,2025Q2,-1.16
SEI,2026Q2,0.26
SEI,2026Q1,0.32
SEI,2025Q4,-0.04
SEI,2025Q3,0.31
SEI,2025Q2,0.3
SENEB,2026Q2,2.85
SENEB,2025Q4,6.48
SENEB,2025Q3,4.29
SENEB,2025Q2,2.14
SENEB,2024Q4,2.1
SEPN,2026Q1,-0.19
SEPN,2025Q4,-0.24
SEPN,2025Q3,0.18
SEPN,2025Q2,-0.56
SEPN,2025Q1,-0.49
SERA,2026Q1,-0.17
SERA,2025Q4,-0.16
SERA,2025Q3,-0.16
SERA,2025Q2,-0.16
SERA,2025Q1,-0.2
SF,2026Q2,1.34
SF,2026Q1,1.48
SF,2025Q4,1.54
SF,2025Q3,1.226667
SF,2025Q2,0.89
SFBS,2026Q2,1.57
SFBS,2026Q1,1.52
SFBS,2025Q4,1.58
SFBS,2025Q3,1.2
SFBS,2025Q2,1.12
SFM,2026Q2,1.37
SFM,2026Q1,1.71
SFM,2025Q4,0.92
SFM,2025Q3,1.22
SFM,2025Q2,1.35
SFNC,2026Q2,0.46
SFNC,2026Q1,0.47
SFNC,2025Q4,0.54
SFNC,2025Q3,-4.01
SFNC,2025Q2,0.43
SGI,2026Q2,0.52
SGI,2026Q1,0.49
SGI,2025Q4,0.66
SGI,2025Q3,0.83
SGI,2025Q2,0.47
SGLY,2026Q1,11.62
SGLY,2025Q4,-1.68
SGLY,2025Q3,-31.5
SGLY,2025Q1,-6.44
SGLY,2024Q4,-1.26
SGMO,2026Q1,-0.0748149515113545
SGMO,2025Q4,-0.0903210411551339
SGMO,2025Q3,-0.0843131555506248
SGMO,2025Q2,-0.0482417041750583
SGMO,2025Q1,-0.0738542691205974
SGRP,2026Q1,-0.02
SGRP,2025Q4,-0.68
SGRP,2025Q3,-0.37
SGRP,2025Q2,0.0
SGRP,2025Q1,0.02
SGU,2026Q2,-0.84
SGU,2026Q1,2.66
SGU,2025Q4,0.89
SGU,2025Q2,-0.48
SGU,2025Q1,2.01
SHBI,2026Q2,0.56
SHBI,2026Q1,0.51
SHBI,2025Q4,0.48
SHBI,2025Q3,0.43
SHBI,2025Q2,0.46
SHFS,2026Q1,-0.43
SHFS,2025Q3,0.057703
SHFS,2025Q2,-0.33
SHFS,2025Q1,-0.3
SHLS,2026Q2,0.07
SHLS,2026Q1,0.0
SHLS,2025Q4,0.05
SHLS,2025Q3,0.07
SHLS,2025Q2,0.08
SI,2026Q2,-0.49
SI,2026Q1,-0.41
SI,2025Q4,-0.38
SI,2025Q3,-0.64
SI,2025Q2,-0.948958
SIBN,2026Q2,-0.09
SIBN,2026Q1,-0.1
SIBN,2025Q4,-0.04
SIBN,2025Q3,-0.11
SIBN,2025Q2,-0.14
SID,2026Q1,-0.464168
SID,2025Q4,-0.543864
SID,2025Q3,-0.10337
SID,2025Q2,-0.12518
SID,2025Q1,-0.466895
SILO,2026Q1,-1.8
SILO,2025Q3,-1.8
SILO,2025Q2,-2.85
SILO,2025Q1,-3.45
SINT,2026Q1,-0.7
SINT,2025Q3,-3.46
SINT,2025Q2,-0.91
SINT,2025Q1,-1.29
SIRI,2026Q2,0.7
SIRI,2026Q1,0.72
SIRI,2025Q4,0.24
SIRI,2025Q3,0.84
SIRI,2025Q2,0.57
SITC,2026Q2,-0.03
SITC,2026Q1,0.02
SITC,2025Q4,2.55
SITC,2025Q3,-0.13
SITC,2025Q2,0.88
SITM,2026Q2,0.66
SITM,2026Q1,-0.2
SITM,2025Q4,0.34
SITM,2025Q3,-0.31
SITM,2025Q2,-0.84
SJM,2026Q2,3.64
SJM,2026Q1,-6.79
SJM,2025Q4,2.26
SJM,2025Q3,-0.41
SJM,2025Q2,-6.85
SKIL,2026Q2,-4.89
SKIL,2026Q1,-4.19
SKIL,2025Q4,-4.74
SKIL,2025Q3,-2.78
SKIL,2025Q2,-4.57
SKLZ,2026Q1,-0.69
SKLZ,2025Q4,-1.07
SKLZ,2025Q3,-1.14
SKLZ,2025Q2,-0.58
SKLZ,2025Q1,-0.92
SKM,2026Q1,825.84
SKM,2025Q3,-425.13
SKM,2025Q2,220.335
SKM,2025Q1,934.62
SKT,2026Q2,0.29
SKT,2026Q1,0.24
SKT,2025Q4,0.29
SKT,2025Q3,0.28
SKT,2025Q2,0.26
SKWD,2026Q2,1.07
SKWD,2026Q1,1.09
SKWD,2025Q4,1.03
SKWD,2025Q3,1.1
SKWD,2025Q2,0.93
SKYT,2026Q2,-0.13
SKYT,2026Q1,-0.25
SKYT,2025Q4,-0.16
SKYT,2025Q3,2.95
SKYT,2025Q2,-0.21
SKYX,2026Q1,-0.07
SKYX,2025Q3,-0.07
SKYX,2025Q2,-0.08
SKYX,2025Q1,-0.09
SLB,2026Q2,0.52
SLB,2026Q1,0.5
SLB,2025Q4,0.55
SLB,2025Q3,0.5
SLB,2025Q2,0.74
SLDB,2026Q2,-0.38
SLDB,2026Q1,-0.52
SLDB,2025Q3,-0.48
SLDB,2025Q2,-0.42
SLDB,2025Q1,-0.59
SLG,2026Q2,-0.19
SLG,2026Q1,-0.6
SLG,2025Q4,-0.745
SLG,2025Q3,0.17
SLG,2025Q2,-0.08
SLGN,2026Q2,0.72
SLGN,2026Q1,0.6
SLGN,2025Q4,0.17
SLGN,2025Q3,1.06
SLGN,2025Q2,0.83
SLM,2026Q2,0.29
SLM,2026Q1,1.54
SLM,2025Q4,1.12
SLM,2025Q3,0.63
SLM,2025Q2,0.32
SLVM,2026Q2,-0.28
SLVM,2026Q1,-0.08
SLVM,2025Q4,0.83
SLVM,2025Q3,1.41
SLVM,2025Q2,0.37
SMA,2026Q1,0.17
SMA,2025Q4,0.05
SMA,2025Q3,0.09
SMA,2025Q2,-0.16
SMA,2025Q1,-0.35
SMBK,2026Q2,0.96
SMBK,2026Q1,0.81
SMBK,2025Q4,0.81
SMBK,2025Q3,0.81
SMBK,2025Q2,0.69
SMCI,2026Q1,0.72
SMCI,2025Q4,0.6
SMCI,2025Q3,0.26
SMCI,2025Q1,0.17
SMCI,2024Q4,0.51
SMHI,2026Q2,0.12
SMHI,2026Q1,-0.61
SMHI,2025Q4,-0.57
SMHI,2025Q3,0.35
SMHI,2025Q2,-0.26
SMMT,2026Q2,-0.28
SMMT,2026Q1,-0.244274
SMMT,2025Q4,-0.29
SMMT,2025Q3,-0.31
SMMT,2025Q2,-0.76
SMP,2026Q2,1.33
SMP,2026Q1,0.75
SMP,2025Q4,0.35
SMP,2025Q3,-0.2
SMP,2025Q2,1.13
SMR,2026Q2,-0.13
SMR,2026Q1,-0.14
SMR,2025Q3,-1.85
SMR,2025Q2,-0.13
SMR,2025Q1,-0.11
SMRT,2026Q2,-0.03
SMRT,2026Q1,-0.02
SMRT,2025Q4,-0.02
SMRT,2025Q3,-0.03
SMRT,2025Q2,-0.06
SMSI,2026Q1,-0.75
SMSI,2025Q4,-1.0
SMSI,2025Q3,-1.25
SMSI,2025Q2,-3.9
SMSI,2025Q1,-1.4
SMXT,2026Q1,-0.01
SMXT,2025Q3,-0.04
SMXT,2025Q2,-0.04
SMXT,2025Q1,-0.03
SNAP,2026Q2,-0.1
SNAP,2026Q1,-0.05
SNAP,2025Q4,0.03
SNAP,2025Q3,-0.06
SNAP,2025Q2,-0.16
SND,2026Q1,-0.1
SND,2025Q4,0.03
SND,2025Q3,0.08
SND,2025Q2,0.54
SND,2025Q1,-0.62
SNDK,2026Q2,43.97
SNDK,2026Q1,23.03
SNDK,2025Q4,5.15
SNDK,2025Q3,0.75
SNDK,2025Q2,-0.16
SNDR,2026Q2,0.28
SNDR,2026Q1,0.12
SNDR,2025Q4,0.13
SNDR,2025Q3,0.11
SNDR,2025Q2,0.2
SNES,2026Q2,-0.35
SNES,2026Q1,-0.39
SNES,2025Q4,-0.35
SNES,2025Q3,-0.28
SNES,2025Q2,-0.87
SNFCA,2026Q1,0.257143
SNFCA,2025Q3,0.295238
SNFCA,2025Q2,0.238095
SNFCA,2025Q1,0.238095
SNPS,2026Q2,0.09
SNPS,2026Q1,0.34
SNPS,2025Q4,2.39
SNPS,2025Q3,1.5
SNPS,2025Q2,2.21
SNTI,2026Q1,-0.14
SNTI,2025Q4,-0.53
SNTI,2025Q3,-0.69
SNTI,2025Q2,-0.56
SNTI,2025Q1,-1.41
SNX,2026Q2,4.15
SNX,2026Q1,4.04
SNX,2025Q4,3.04
SNX,2025Q3,2.74
SNX,2025Q2,2.21
SO,2026Q2,1.03
SO,2026Q1,1.2
SO,2025Q4,0.38
SO,2025Q3,1.54
SO,2025Q2,0.79
SOC,2026Q1,-1.37
SOC,2025Q3,-1.11
SOC,2025Q2,-1.4
SOC,2025Q1,-1.3
SOLS,2026Q2,0.75
SOLS,2026Q1,0.53
SOLS,2025Q4,0.26
SOLS,2025Q3,-0.220516
SOLS,2025Q2,0.611143
SOLV,2026Q2,0.53
SOLV,2026Q1,0.07
SOLV,2025Q4,0.36
SOLV,2025Q3,7.22
SOLV,2025Q2,0.51
SOTK,2026Q2,0.05
SOTK,2025Q4,0.02
SOTK,2025Q3,0.03
SOTK,2025Q2,0.03
SOTK,2024Q4,0.02
SPB,2026Q2,-1.16
SPB,2026Q1,0.94
SPB,2025Q4,1.21
SPB,2025Q3,2.29
SPB,2025Q2,0.8
SPFI,2026Q2,0.96
SPFI,2026Q1,0.85
SPFI,2025Q4,0.9
SPFI,2025Q3,0.96
SPFI,2025Q2,0.86
SPG,2026Q1,1.48
SPG,2025Q4,9.35
SPG,2025Q3,1.86
SPG,2025Q2,1.7
SPG,2025Q1,1.27
SPGI,2026Q2,4.12
SPGI,2026Q1,4.69
SPGI,2025Q4,3.75
SPGI,2025Q3,3.86
SPGI,2025Q2,3.5
SPRY,2026Q1,-0.61
SPRY,2025Q3,-0.52
SPRY,2025Q2,-0.46
SPRY,2025Q1,-0.35
SPSC,2026Q2,0.19
SPSC,2026Q1,0.53
SPSC,2025Q4,0.68
SPSC,2025Q3,0.67
SPSC,2025Q2,0.52
SPXC,2026Q2,1.55
SPXC,2026Q1,1.19
SPXC,2025Q4,1.54
SPXC,2025Q3,1.28
SPXC,2025Q2,1.1
SQFT,2026Q1,-0.1
SQFT,2025Q3,-1.53
SQFT,2025Q2,-5.13
SQFT,2025Q1,1.31
SRBK,2026Q2,0.13
SRBK,2026Q1,0.12
SRBK,2025Q4,0.11
SRBK,2025Q3,0.09
SRBK,2025Q2,0.1
SRE,2026Q2,1.21
SRE,2026Q1,1.58
SRE,2025Q4,0.54
SRE,2025Q3,0.12
SRE,2025Q2,0.71
SRFM,2026Q1,-0.26
SRFM,2025Q3,-0.64
SRFM,2025Q2,-1.34
SRFM,2025Q1,-1.09
SRG,2026Q1,-0.56
SRG,2025Q3,-0.24
SRG,2025Q2,-0.53
SRG,2025Q1,-0.42
SRRK,2026Q2,-0.84
SRRK,2026Q1,-0.83
SRRK,2025Q4,-0.88
SRRK,2025Q3,-0.9
SRRK,2025Q2,-0.98
SRTA,2026Q2,-0.12
SRTA,2026Q1,0.03
SRTA,2025Q4,-0.101877
SRTA,2025Q3,0.7
SRTA,2025Q2,-0.05
SRZN,2026Q2,-0.41
SRZN,2026Q1,-11.65
SRZN,2025Q3,-8.36
SRZN,2025Q2,2.55
SRZN,2025Q1,-7.43
SSD,2026Q2,3.09
SSD,2026Q1,2.13
SSD,2025Q4,1.35
SSD,2025Q3,2.58
SSD,2025Q2,2.47
SSNC,2026Q2,0.97
SSNC,2026Q1,0.91
SSNC,2025Q4,0.77
SSNC,2025Q3,0.83
SSNC,2025Q2,0.72
SST,2026Q2,-1.54
SST,2026Q1,-5.82
SST,2025Q4,-1.667038
SST,2025Q3,-2.3
SST,2025Q2,-2.23
SSTI,2026Q1,-0.54
SSTI,2025Q4,-0.22
SSTI,2025Q3,-0.16
SSTI,2025Q2,-0.24
SSTI,2025Q1,-0.12
STI,2026Q2,-0.35
STI,2026Q1,-0.18
STI,2025Q3,-1.33
STI,2025Q2,-0.7
STI,2025Q1,-0.3
STIM,2026Q1,-0.16
STIM,2025Q4,-0.1
STIM,2025Q3,-0.13
STIM,2025Q2,-0.15
STIM,2025Q1,-0.21
STLD,2026Q2,3.69
STLD,2026Q1,2.78
STLD,2025Q4,1.82
STLD,2025Q3,2.74
STLD,2025Q2,2.01
STM,2026Q2,0.24
STM,2026Q1,0.04
STM,2025Q4,-0.03
STM,2025Q3,0.26
STM,2025Q2,-0.11
STRS,2026Q1,0.82
STRS,2025Q3,-0.62
STRS,2025Q2,0.03
STRS,2025Q1,-0.36
STT,2026Q2,3.65
STT,2026Q1,2.49
STT,2025Q4,2.42
STT,2025Q3,2.78
STT,2025Q2,2.17
STTK,2026Q1,-0.13
STTK,2025Q4,-0.12
STTK,2025Q3,-0.14
STTK,2025Q2,-0.24
STTK,2025Q1,-0.27
STZ,2026Q2,3.79
STZ,2026Q1,1.16
STZ,2025Q4,2.88
STZ,2025Q3,2.65
STZ,2025Q2,2.9
SU,2026Q2,3.17
SU,2026Q1,1.77
SU,2025Q4,1.23
SU,2025Q3,1.34
SU,2025Q2,0.93
SUNE,2026Q1,-1.2
SUNE,2025Q3,-0.12
SUNE,2025Q2,-3.14
SUNE,2025Q1,-106.71
SUPN,2026Q2,-1.01
SUPN,2026Q1,-0.04
SUPN,2025Q4,-0.07
SUPN,2025Q3,-0.8
SUPN,2025Q2,0.4
SVCO,2026Q2,-0.11
SVCO,2026Q1,-0.19
SVCO,2025Q4,-0.24
SVCO,2025Q3,-0.18
SVCO,2025Q2,-0.32
SVRA,2026Q1,-0.15
SVRA,2025Q3,-0.14
SVRA,2025Q2,-0.14
SVRA,2025Q1,-0.12
SVV,2026Q2,0.14
SVV,2026Q1,-0.03
SVV,2025Q4,0.14
SVV,2025Q3,-0.09
SVV,2025Q2,0.12
SWK,2026Q2,2.33
SWK,2026Q1,0.39
SWK,2025Q4,1.04
SWK,2025Q3,0.34
SWK,2025Q2,0.67
SWKS,2026Q2,0.22
SWKS,2026Q1,0.24
SWKS,2025Q4,0.53
SWKS,2025Q3,0.94
SWKS,2025Q2,0.7
SWX,2026Q2,0.58
SWX,2026Q1,1.91
SWX,2025Q4,1.43
SWX,2025Q3,3.74
SWX,2025Q2,-0.56
SXC,2026Q2,0.15
SXC,2026Q1,-0.05
SXC,2025Q4,-1.0
SXC,2025Q3,0.26
SXC,2025Q2,0.02
SXI,2026Q2,1.7
SXI,2026Q1,5.56
SXI,2025Q4,0.17
SXI,2025Q3,1.25
SXI,2025Q2,1.23
SXTP,2026Q1,-1.28
SXTP,2025Q3,-2.520892
SXTP,2025Q2,-5.0
SXTP,2025Q1,-6.25
SYF,2026Q2,0.431667
SYF,2026Q1,0.378333
SYF,2025Q4,0.34
SYF,2025Q3,0.476667
SYF,2025Q2,0.416667
SYK,2026Q2,3.3
SYK,2026Q1,1.93
SYK,2025Q4,2.2
SYK,2025Q3,2.22
SYK,2025Q2,2.29
SYRE,2026Q2,-0.425428
SYRE,2026Q1,-0.74
SYRE,2025Q4,-0.7
SYRE,2025Q3,-0.184001
SYRE,2025Q2,-0.604927
SYY,2026Q2,1.15
SYY,2026Q1,0.71
SYY,2025Q4,0.81
SYY,2025Q3,0.99
SYY,2025Q2,1.1
TACT,2026Q1,0.07
TACT,2025Q4,-0.11
TACT,2025Q3,0.0
TACT,2025Q2,-0.01
TACT,2025Q1,0.0
TAIT,2025Q3,-0.01
TAIT,2025Q2,-0.05
TAIT,2025Q1,-0.05
TALK,2026Q2,-0.01
TALK,2026Q1,-0.04
TALK,2025Q4,0.03
TALK,2025Q3,0.02
TALK,2025Q2,0.0
TALO,2026Q2,0.88
TALO,2026Q1,-1.52
TALO,2025Q4,-1.19
TALO,2025Q3,-0.55
TALO,2025Q2,-1.05
TAP,2026Q2,1.23
TAP,2026Q1,0.8
TAP,2025Q4,1.22
TAP,2025Q3,-14.79
TAP,2025Q2,2.13
TAP-A,2026Q2,1.23
TAP-A,2026Q1,0.8
TAP-A,2025Q4,1.22
TAP-A,2025Q2,2.13
TAP-A,2025Q1,0.59
TASK,2026Q2,0.24
TASK,2026Q1,0.26
TASK,2025Q4,0.32
TASK,2025Q3,0.34
TASK,2025Q2,0.22
TAYD,2026Q1,0.79
TAYD,2025Q4,0.64
TAYD,2025Q3,0.7
TAYD,2025Q1,0.64
TAYD,2024Q4,0.34
TBCH,2026Q2,-0.38
TBCH,2026Q1,-0.78
TBCH,2025Q4,0.87
TBCH,2025Q3,0.08
TBCH,2025Q2,-0.14
TBI,2026Q2,-0.11
TBI,2026Q1,-0.66
TBI,2025Q4,-1.05
TBI,2025Q3,-0.06
TBI,2025Q2,-0.01
TCBS,2026Q1,0.289735
TCBS,2025Q3,0.24
TCBS,2025Q2,0.24
TCBS,2025Q1,0.22
TCBX,2026Q2,1.08
TCBX,2026Q1,0.88
TCBX,2025Q4,1.02
TCBX,2025Q3,1.03
TCBX,2025Q2,0.96
TCI,2026Q2,-0.13
TCI,2026Q1,0.02
TCI,2025Q4,0.97
TCI,2025Q3,0.08
TCI,2025Q2,0.02
TD,2026Q2,2.43
TD,2026Q1,2.34
TD,2025Q3,1.89
TD,2025Q2,6.27
TD,2025Q1,1.55
TDC,2026Q2,0.48
TDC,2026Q1,3.47
TDC,2025Q4,0.38
TDC,2025Q3,0.42
TDC,2025Q2,0.09
TDG,2026Q2,9.39
TDG,2026Q1,9.2
TDG,2025Q4,6.62
TDG,2025Q3,7.75
TDG,2025Q2,8.47
TDOC,2026Q2,-0.21
TDOC,2026Q1,-10.8
TDOC,2025Q4,-0.14
TDOC,2025Q3,-0.28
TDOC,2025Q2,-0.19
TDUP,2026Q2,-0.05
TDUP,2026Q1,-0.05
TDUP,2025Q4,-0.04
TDUP,2025Q3,-0.03
TDUP,2025Q2,-0.04
TDY,2026Q2,5.37
TDY,2026Q1,4.85
TDY,2025Q4,5.84
TDY,2025Q3,4.65
TDY,2025Q2,4.43
TE,2026Q1,-0.08
TE,2025Q4,-0.87
TE,2025Q3,-0.87
TE,2025Q2,-0.21
TE,2025Q1,-0.11
TEAM,2026Q2,0.55
TEAM,2026Q1,-0.38
TEAM,2025Q4,-0.16
TEAM,2025Q3,-0.2
TEAM,2025Q2,-0.09
TECH,2026Q1,0.32
TECH,2025Q4,0.24
TECH,2025Q3,0.24
TECH,2025Q2,-0.11
TECH,2025Q1,0.14
TECX,2026Q2,-1.18
TECX,2026Q1,-1.34
TECX,2025Q4,-1.03
TECX,2025Q3,-1.02
TECX,2025Q2,-1.07
TELA,2026Q1,-0.21
TELA,2025Q4,-0.17
TELA,2025Q3,-0.19
TELA,2025Q2,-0.22
TELA,2025Q1,-0.25
TENX,2026Q2,-0.35
TENX,2026Q1,-0.35
TENX,2025Q3,-0.4
TENX,2025Q2,-0.27
TENX,2025Q1,-0.28
TER,2026Q2,2.38
TER,2026Q1,2.53
TER,2025Q4,1.63
TER,2025Q3,0.75
TER,2025Q2,0.49
TFC,2026Q2,1.23
TFC,2026Q1,1.09
TFC,2025Q4,1.0
TFC,2025Q3,1.04
TFC,2025Q2,0.9
TFIN,2026Q2,0.44
TFIN,2026Q1,0.23
TFIN,2025Q4,0.77
TFIN,2025Q3,0.04
TFIN,2025Q2,0.15
TFSL,2026Q2,0.11
TFSL,2026Q1,0.08
TFSL,2025Q4,0.08
TFSL,2025Q3,0.09
TFSL,2025Q2,0.08
TFX,2026Q2,2.28
TFX,2026Q1,-0.18
TFX,2025Q4,-16.15
TFX,2025Q3,-9.24
TFX,2025Q2,2.77
TG,2026Q2,0.17
TG,2026Q1,0.17
TG,2025Q4,0.42
TG,2025Q3,0.2
TG,2025Q2,0.05
TGT,2026Q2,1.71
TGT,2026Q1,2.3
TGT,2025Q4,1.51
TGT,2025Q3,2.05
TGT,2025Q2,2.27
TH,2026Q1,-0.13
TH,2025Q4,-0.15
TH,2025Q3,-0.01
TH,2025Q2,-0.15
TH,2025Q1,-0.07
THC,2026Q2,9.84
THC,2026Q1,8.01
THC,2025Q4,4.22
THC,2025Q3,3.86
THC,2025Q2,3.14
THO,2026Q2,1.86
THO,2026Q1,0.34
THO,2025Q4,0.41
THO,2025Q3,2.36
THO,2025Q2,2.53
TIL,2026Q1,-0.62
TIL,2025Q3,-2.01
TIL,2025Q2,-3.24
TIL,2025Q1,-4.32
TIL,2024Q4,-1.82
TITN,2026Q2,-0.55
TITN,2026Q1,-1.59
TITN,2025Q4,0.05
TITN,2025Q3,-0.26
TITN,2025Q2,-0.58
TJX,2026Q2,1.19
TJX,2026Q1,1.58
TJX,2025Q4,1.28
TJX,2025Q3,1.1
TJX,2025Q2,0.92
TKO,2026Q2,1.34
TKO,2026Q1,1.12
TKO,2025Q4,-0.08
TKO,2025Q3,0.47
TKO,2025Q2,1.17
TKR,2026Q2,0.41
TKR,2026Q1,1.4
TKR,2025Q4,0.89
TKR,2025Q3,0.99
TKR,2025Q2,1.12
TLPH,2026Q1,-0.04
TLPH,2025Q4,-0.06
TLPH,2025Q3,-0.11
TLPH,2025Q2,-0.1
TLPH,2025Q1,-0.1
TLS,2026Q1,0.03
TLS,2025Q4,-0.22
TLS,2025Q3,-0.03
TLS,2025Q2,-0.13
TLS,2025Q1,-0.12
TLYS,2026Q2,-0.26
TLYS,2026Q1,0.1
TLYS,2025Q4,-0.05
TLYS,2025Q3,0.1
TLYS,2025Q2,-0.74
TMC,2026Q1,0.05
TMC,2025Q3,-0.46
TMC,2025Q2,-0.2
TMC,2025Q1,0.06
TMDX,2026Q2,0.41
TMDX,2026Q1,0.2
TMDX,2025Q4,2.62
TMDX,2025Q3,0.66
TMDX,2025Q2,0.92
TMO,2026Q2,4.68
TMO,2026Q1,4.43
TMO,2025Q4,5.21
TMO,2025Q3,4.27
TMO,2025Q2,4.28
TMUS,2026Q2,2.99
TMUS,2026Q1,2.27
TMUS,2025Q4,1.88
TMUS,2025Q3,2.41
TMUS,2025Q2,2.84
TNC,2026Q2,0.44
TNC,2026Q1,0.01
TNC,2025Q4,-0.23
TNC,2025Q3,0.8
TNC,2025Q2,1.08
TNDM,2026Q2,-0.31
TNDM,2026Q1,-0.3
TNDM,2025Q4,-0.01
TNDM,2025Q3,-0.31
TNDM,2025Q2,-0.78
TNGX,2026Q1,-0.32
TNGX,2025Q4,-0.29
TNGX,2025Q3,0.13
TNGX,2025Q2,-0.35
TNGX,2025Q1,-0.36
TNYA,2026Q2,-0.2
TNYA,2026Q1,-0.09
TNYA,2025Q4,-0.12
TNYA,2025Q3,-0.12
TNYA,2025Q2,-0.14
TOL,2026Q2,2.72
TOL,2026Q1,2.19
TOL,2025Q4,4.58
TOL,2025Q3,3.73
TOL,2025Q2,3.5
TOMZ,2026Q1,-0.12
TOMZ,2025Q3,-0.06
TOMZ,2025Q2,-0.18
TOMZ,2025Q1,-0.03
TOMZ,2024Q4,-0.48
TORO,2026Q1,-0.023
TORO,2025Q4,0.03
TORO,2025Q3,0.0011
TORO,2025Q1,0.018
TORO,2024Q4,-0.011
TOST,2026Q2,0.26
TOST,2026Q1,0.2
TOST,2025Q4,0.16
TOST,2025Q3,0.16
TOST,2025Q2,0.13
TPC,2026Q2,1.23
TPC,2026Q1,0.48
TPC,2025Q4,0.54
TPC,2025Q3,0.07
TPC,2025Q2,0.38
TPG,2026Q1,-0.22
TPG,2025Q3,0.2
TPG,2025Q2,-0.05
TPG,2025Q1,0.0
TPG,2024Q4,-0.06
TPL,2026Q2,2.23
TPL,2026Q1,2.07
TPL,2025Q4,1.79
TPL,2025Q3,1.756667
TPL,2025Q2,1.68
TPR,2026Q1,1.65
TPR,2025Q4,2.68
TPR,2025Q3,1.28
TPR,2025Q2,-2.49
TPR,2025Q1,0.95
TRAK,2026Q1,0.1
TRAK,2025Q4,0.09
TRAK,2025Q3,0.09
TRAK,2025Q1,0.1
TRAK,2024Q4,0.08
TRC,2026Q2,0.1
TRC,2026Q1,0.01
TRC,2025Q4,0.06
TRC,2025Q3,0.06
TRC,2025Q2,-0.06
TRDA,2026Q2,-1.01
TRDA,2026Q1,-0.95
TRDA,2025Q4,-0.94
TRDA,2025Q3,-1.06
TRDA,2025Q2,-1.04
TRGP,2026Q2,3.565859
TRGP,2026Q1,2.233508
TRGP,2025Q4,2.538873
TRGP,2025Q3,2.2
TRGP,2025Q2,2.91913
TRIN,2026Q2,0.49
TRIN,2026Q1,0.36
TRIN,2025Q4,0.51
TRIN,2025Q3,0.39
TRIN,2025Q2,0.63
TRMB,2026Q1,0.42
TRMB,2025Q4,0.65
TRMB,2025Q3,0.46
TRMB,2025Q2,0.37
TRMB,2025Q1,0.27
TRN,2026Q2,1.2
TRN,2026Q1,0.3
TRN,2025Q4,2.28
TRN,2025Q3,0.37
TRN,2025Q2,0.17
TRNO,2026Q2,0.54
TRNO,2026Q1,0.66
TRNO,2025Q3,1.0
TRNO,2025Q2,0.9
TRNO,2025Q1,0.47
TRNS,2026Q2,0.14
TRNS,2026Q1,0.21
TRNS,2025Q4,-0.12
TRNS,2025Q3,0.14
TRNS,2025Q2,0.35
TROW,2026Q2,2.88
TROW,2026Q1,2.23
TROW,2025Q4,1.99
TROW,2025Q3,2.87
TROW,2025Q2,2.24
TRP,2026Q2,0.95
TRP,2026Q1,0.86
TRP,2025Q4,0.94
TRP,2025Q3,0.58
TRP,2025Q2,0.8
TRST,2026Q2,0.98
TRST,2026Q1,0.91
TRST,2025Q4,0.85
TRST,2025Q3,0.86
TRST,2025Q2,0.79
TRTX,2026Q2,0.12
TRTX,2026Q1,0.19
TRTX,2025Q3,0.23
TRTX,2025Q2,0.21
TRTX,2025Q1,0.12
TRUP,2026Q2,0.16
TRUP,2026Q1,0.11
TRUP,2025Q4,0.13
TRUP,2025Q3,0.13
TRUP,2025Q2,0.22
TRV,2026Q2,10.26
TRV,2026Q1,7.78
TRV,2025Q4,11.06
TRV,2025Q3,8.24
TRV,2025Q2,6.53
TSBK,2026Q2,0.98
TSBK,2026Q1,0.9
TSBK,2025Q4,1.04
TSBK,2025Q3,1.07
TSBK,2025Q2,0.9
TSCO,2026Q2,0.69
TSCO,2026Q1,0.31
TSCO,2025Q4,0.43
TSCO,2025Q3,0.49
TSCO,2025Q2,0.81
TSLA,2026Q2,0.32
TSLA,2026Q1,0.13
TSLA,2025Q4,0.24
TSLA,2025Q3,0.39
TSLA,2025Q2,0.33
TSN,2026Q2,0.52
TSN,2026Q1,0.73
TSN,2025Q4,0.24
TSN,2025Q3,0.13
TSN,2025Q2,0.17
TSSI,2026Q1,0.08
TSSI,2025Q4,0.41
TSSI,2025Q3,-0.06
TSSI,2025Q2,0.06
TSSI,2025Q1,0.12
TTD,2026Q2,0.14
TTD,2026Q1,0.08
TTD,2025Q4,0.39
TTD,2025Q3,0.23
TTD,2025Q2,0.18
TTEK,2026Q2,0.42
TTEK,2026Q1,0.36
TTEK,2025Q4,0.4
TTEK,2025Q3,0.48
TTEK,2025Q2,0.43
TTI,2026Q2,0.07
TTI,2026Q1,0.06
TTI,2025Q4,-0.12
TTI,2025Q3,0.03
TTI,2025Q2,0.08
TTWO,2026Q2,-0.18
TTWO,2026Q1,-0.32
TTWO,2025Q4,-0.5
TTWO,2025Q3,-0.73
TTWO,2025Q2,-0.07
TUSK,2026Q2,-0.01
TUSK,2026Q1,0.11
TUSK,2025Q4,0.18
TUSK,2025Q3,-0.26
TUSK,2025Q2,0.18
TWI,2026Q2,0.09
TWI,2026Q1,-0.38
TWI,2025Q4,-0.88
TWI,2025Q3,-0.04
TWI,2025Q2,-0.07
TWIN,2026Q1,0.23
TWIN,2025Q4,1.55
TWIN,2025Q3,-0.04
TWIN,2025Q2,0.1
TWIN,2025Q1,-0.11
TWST,2026Q2,-0.56
TWST,2026Q1,-0.71
TWST,2025Q4,-0.5
TWST,2025Q3,-0.45
TWST,2025Q2,0.33
TXN,2026Q2,2.14
TXN,2026Q1,1.68
TXN,2025Q4,1.27
TXN,2025Q3,1.48
TXN,2025Q2,1.41
TXT,2026Q2,1.42
TXT,2026Q1,1.248744
TXT,2025Q4,1.326747
TXT,2025Q3,1.31
TXT,2025Q2,1.35
TYL,2026Q2,2.23
TYL,2026Q1,1.88
TYL,2025Q4,1.5
TYL,2025Q3,1.93
TYL,2025Q2,1.93
TYRA,2026Q2,-0.69
TYRA,2026Q1,-0.64
TYRA,2025Q4,-0.57
TYRA,2025Q3,-0.5
TYRA,2025Q2,-0.47
TZOO,2026Q2,-0.21
TZOO,2026Q1,0.23
TZOO,2025Q4,0.0
TZOO,2025Q3,0.01
TZOO,2025Q2,0.12
UA,2026Q2,0.0
UA,2026Q1,-0.1
UA,2025Q4,-1.01
UA,2025Q3,-0.04
UA,2025Q2,-0.01
UAA,2026Q2,0.0
UAA,2026Q1,-0.1
UAA,2025Q4,-1.01
UAA,2025Q3,-0.04
UAA,2025Q2,-0.01
UAL,2026Q2,2.46
UAL,2026Q1,2.14
UAL,2025Q4,3.19
UAL,2025Q3,2.9
UAL,2025Q2,2.97
UBER,2026Q2,1.17
UBER,2026Q1,0.13
UBER,2025Q4,0.14
UBER,2025Q3,3.11
UBER,2025Q2,0.63
UCB,2026Q2,0.95
UCB,2026Q1,0.69
UCB,2025Q4,0.7
UCB,2025Q3,0.7
UCB,2025Q2,0.63
UCFI,2026Q1,-0.0059
UCFI,2025Q3,0.07
UCFI,2025Q1,0.015101
UDR,2026Q2,0.21
UDR,2026Q1,0.57
UDR,2025Q4,0.67
UDR,2025Q3,0.12
UDR,2025Q2,0.11
UFI,2026Q1,-0.12
UFI,2025Q4,-0.53
UFI,2025Q3,-0.62
UFI,2025Q2,0.82
UFI,2025Q1,-0.92
UFPI,2026Q2,1.48
UFPI,2026Q1,0.89
UFPI,2025Q4,0.7
UFPI,2025Q3,1.29
UFPI,2025Q2,1.7
UG,2026Q2,0.16
UG,2026Q1,0.18
UG,2025Q3,0.06
UG,2025Q2,0.14
UG,2025Q1,0.12
UGI,2026Q2,-0.62
UGI,2026Q1,2.33
UGI,2025Q4,1.34
UGI,2025Q3,-0.06
UGI,2025Q2,-0.76
UHS,2026Q2,5.98
UHS,2026Q1,5.65
UHS,2025Q4,7.06
UHS,2025Q3,5.86
UHS,2025Q2,5.43
UIS,2026Q2,-1.31
UIS,2026Q1,-0.5
UIS,2025Q4,0.25
UIS,2025Q3,-4.33
UIS,2025Q2,-0.28
ULS,2026Q2,1.21
ULS,2026Q1,0.45
ULS,2025Q4,0.32
ULS,2025Q3,0.49
ULS,2025Q2,0.45
ULTA,2026Q2,7.74
ULTA,2026Q1,8.01
ULTA,2025Q4,5.14
ULTA,2025Q3,5.78
ULTA,2025Q2,6.7
UMBF,2026Q2,3.56
UMBF,2026Q1,3.35
UMBF,2025Q4,2.74
UMBF,2025Q3,2.36
UMBF,2025Q2,2.82
UMH,2026Q2,0.05
UMH,2026Q1,0.03
UMH,2025Q4,-0.01
UMH,2025Q3,0.05
UMH,2025Q2,0.03
UNCY,2026Q1,-0.54
UNCY,2025Q3,-0.33
UNCY,2025Q2,-0.52
UNCY,2025Q1,-0.5
UNF,2026Q2,1.09
UNF,2026Q1,1.13
UNF,2025Q4,1.89
UNF,2025Q3,2.23
UNF,2025Q2,2.13
UNFI,2026Q2,0.52
UNFI,2026Q1,0.31
UNFI,2025Q4,-0.06
UNFI,2025Q3,-1.43
UNFI,2025Q2,-0.12
UNH,2026Q1,6.9
UNH,2025Q4,0.01
UNH,2025Q3,2.59
UNH,2025Q2,3.74
UNH,2025Q1,6.85
UNIT,2026Q2,-0.68
UNIT,2026Q1,-0.34
UNIT,2025Q4,-1.19
UNIT,2025Q3,4.92
UNIT,2025Q2,-0.07
UNP,2026Q2,3.36
UNP,2026Q1,2.87
UNP,2025Q4,3.11
UNP,2025Q3,3.01
UNP,2025Q2,3.15
UNTY,2026Q2,1.42
UNTY,2026Q1,1.4
UNTY,2025Q4,1.52
UNTY,2025Q3,1.41
UNTY,2025Q2,1.61
UONEK,2026Q2,-1.58
UONEK,2026Q1,-0.69
UONEK,2025Q4,-12.24
UONEK,2025Q3,-0.6
UONEK,2025Q2,-17.41
UP,2026Q2,-2.97
UP,2026Q1,-2.29
UP,2025Q4,-0.8
UP,2025Q3,-2.4
UP,2025Q2,-2.35
UPS,2026Q2,0.71
UPS,2026Q1,1.02
UPS,2025Q4,2.1
UPS,2025Q3,1.55
UPS,2025Q2,1.51
URI,2026Q2,12.028754
URI,2026Q1,8.43
URI,2025Q4,10.27
URI,2025Q3,10.91
URI,2025Q2,9.583975
USB,2026Q2,1.35
USB,2026Q1,1.18
USB,2025Q4,1.26
USB,2025Q3,1.22
USB,2025Q2,1.11
USGO,2026Q1,-0.14
USGO,2025Q3,-0.22
USGO,2025Q2,-0.07
USGO,2025Q1,-0.1
UTHR,2026Q2,7.27
UTHR,2026Q1,5.82
UTHR,2025Q4,7.7
UTHR,2025Q3,7.16
UTHR,2025Q2,6.41
UTI,2026Q2,0.04
UTI,2026Q1,0.01
UTI,2025Q4,0.23
UTI,2025Q3,0.34
UTI,2025Q2,0.19
UVE,2026Q2,2.04
UVE,2026Q1,1.88
UVE,2025Q4,2.28
UVE,2025Q3,1.38
UVE,2025Q2,1.21
UVV,2026Q2,-0.2
UVV,2026Q1,-1.73
UVV,2025Q4,1.32
UVV,2025Q3,1.36
UVV,2025Q2,0.34
V,2026Q2,2.97
V,2026Q1,3.14
V,2025Q4,3.03
V,2025Q3,2.62
V,2025Q2,2.69
VABK,2026Q2,1.65
VABK,2026Q1,0.97
VABK,2025Q4,1.1
VABK,2025Q3,0.84
VABK,2025Q2,0.78
VANI,2026Q1,-0.08
VANI,2025Q3,-0.11
VANI,2025Q2,-0.12
VANI,2025Q1,-0.11
VANI,2024Q4,-0.11
VC,2026Q2,1.8
VC,2026Q1,1.14
VC,2025Q4,2.67
VC,2025Q3,2.04
VC,2025Q2,2.36
VECO,2026Q1,-0.01
VECO,2025Q4,0.02
VECO,2025Q3,0.17
VECO,2025Q2,0.2
VECO,2025Q1,0.2
VEEV,2026Q2,1.57
VEEV,2026Q1,1.45
VEEV,2025Q4,1.4
VEEV,2025Q3,1.19
VEEV,2025Q2,1.37
VERU,2026Q1,-0.12
VERU,2025Q4,-0.26
VERU,2025Q2,-0.5
VERU,2025Q1,-0.5
VERU,2024Q4,-0.6
VFC,2026Q2,-0.25
VFC,2025Q4,0.76
VFC,2025Q3,0.48
VFC,2025Q2,-0.3
VFC,2025Q1,-0.39
VG,2026Q1,0.19
VG,2025Q4,0.41
VG,2025Q3,0.16
VG,2025Q2,0.14
VG,2025Q1,0.15
VGAS,2026Q1,-0.054689
VGAS,2025Q4,-0.17
VGAS,2025Q3,-0.061318
VGAS,2025Q2,-0.07
VGAS,2025Q1,-0.08421
VHI,2026Q2,0.78
VHI,2026Q1,0.07
VHI,2025Q4,-1.86
VHI,2025Q3,-0.78
VHI,2025Q2,0.03
VICI,2026Q2,0.48
VICI,2026Q1,0.82
VICI,2025Q4,0.57
VICI,2025Q3,0.71
VICI,2025Q2,0.82
VIR,2026Q2,0.47
VIR,2026Q1,-0.85
VIR,2025Q4,-0.31
VIR,2025Q3,-1.17
VIR,2025Q2,-0.8
VIRC,2026Q2,-0.18
VIRC,2025Q4,-0.08
VIRC,2025Q3,0.65
VIRC,2025Q2,0.05
VIRT,2026Q2,1.63
VIRT,2026Q1,1.99
VIRT,2025Q4,1.54
VIRT,2025Q3,0.86
VIRT,2025Q2,1.65
VITL,2026Q2,-0.72
VITL,2026Q1,-0.03
VITL,2025Q4,0.35
VITL,2025Q3,0.36
VITL,2025Q2,0.36
VKTX,2026Q2,-1.1
VKTX,2026Q1,-1.37
VKTX,2025Q4,-1.38
VKTX,2025Q3,-0.81
VKTX,2025Q2,-0.58
VLGEA,2026Q2,0.61
VLGEA,2026Q1,1.21
VLGEA,2025Q4,0.81
VLGEA,2025Q2,0.75
VLGEA,2025Q1,1.14
VLO,2026Q2,12.62
VLO,2026Q1,4.22
VLO,2025Q4,3.73
VLO,2025Q3,3.53
VLO,2025Q2,2.28
VLTO,2026Q2,0.98
VLTO,2026Q1,1.02
VLTO,2025Q4,1.01
VLTO,2025Q3,0.95
VLTO,2025Q2,0.89
VLY,2026Q2,0.29
VLY,2026Q1,0.28
VLY,2025Q4,0.33
VLY,2025Q3,0.28
VLY,2025Q2,0.22
VMC,2026Q2,2.48
VMC,2026Q1,1.26
VMC,2025Q4,1.91
VMC,2025Q3,2.82
VMC,2025Q2,2.42
VMI,2026Q2,6.14
VMI,2026Q1,5.51
VMI,2025Q4,9.05
VMI,2025Q3,4.98
VMI,2025Q2,-1.53
VNO,2026Q2,0.08
VNO,2026Q1,-0.12
VNO,2025Q4,0.0
VNO,2025Q3,0.06
VNO,2025Q2,3.7
VNOM,2026Q2,0.73
VNOM,2026Q1,0.53
VNOM,2025Q4,-0.61
VNOM,2025Q3,-0.52
VNOM,2025Q2,0.28
VNT,2026Q2,0.2
VNT,2026Q1,0.66
VNT,2025Q4,0.85
VNT,2025Q3,0.7
VNT,2025Q2,0.62
VOYA,2026Q2,0.97
VOYA,2026Q1,1.75
VOYA,2025Q4,1.41
VOYA,2025Q3,1.8
VOYA,2025Q2,1.66
VPG,2026Q2,-0.13
VPG,2026Q1,-0.02
VPG,2025Q4,-0.14
VPG,2025Q3,0.59
VPG,2025Q2,0.02
VRDN,2026Q2,-1.05
VRDN,2026Q1,-0.9
VRDN,2025Q4,-1.08
VRDN,2025Q3,-0.34
VRDN,2025Q2,-1.0
VRM,2026Q2,-0.01
VRM,2026Q1,-3.77
VRM,2025Q3,-5.15
VRM,2025Q2,-1.65
VRM,2025Q1,-1.23
VRNS,2026Q2,-0.41
VRNS,2026Q1,-0.32
VRNS,2025Q4,-0.24
VRNS,2025Q3,-0.26
VRNS,2025Q2,-0.32
VRRM,2026Q2,-0.32
VRRM,2026Q1,0.17
VRRM,2025Q4,0.12
VRRM,2025Q3,0.29
VRRM,2025Q2,0.24
VRSK,2026Q2,1.75
VRSK,2026Q1,1.73
VRSK,2025Q4,1.42
VRSK,2025Q3,1.61
VRSK,2025Q2,1.81
VRSN,2026Q2,2.38
VRSN,2026Q1,2.34
VRSN,2025Q4,2.23
VRSN,2025Q3,2.27
VRSN,2025Q2,2.21
VRTS,2026Q2,6.68
VRTS,2026Q1,1.05
VRTS,2025Q4,5.17
VRTS,2025Q3,4.65
VRTS,2025Q2,6.12
VRTX,2026Q2,4.31
VRTX,2026Q1,4.02
VRTX,2025Q4,4.65
VRTX,2025Q3,4.2
VRTX,2025Q2,3.99
VSEC,2026Q2,0.91
VSEC,2026Q1,1.04
VSEC,2025Q4,0.9529
VSEC,2025Q3,0.19
VSEC,2025Q2,0.15
VST,2026Q2,0.76
VST,2026Q1,2.87
VST,2025Q3,1.75
VST,2025Q2,0.81
VST,2025Q1,-0.93
VSTD,2025Q2,-0.25
VSTD,2025Q1,-0.24
VSTS,2026Q1,0.02
VSTS,2025Q4,-0.05
VSTS,2025Q3,-0.1
VSTS,2025Q2,-0.01
VSTS,2025Q1,-0.21
VTR,2026Q2,0.14
VTR,2026Q1,0.11
VTR,2025Q4,0.15
VTR,2025Q3,0.14
VTR,2025Q2,0.15
VTRS,2026Q2,-0.1
VTRS,2026Q1,0.15
VTRS,2025Q4,-0.3
VTRS,2025Q3,-0.11
VTRS,2025Q2,0.0
VTS,2026Q2,0.77
VTS,2026Q1,-1.05
VTS,2025Q3,-0.03
VTS,2025Q2,0.6
VTS,2025Q1,0.08
VTSI,2026Q1,-0.12
VTSI,2025Q3,-0.03
VTSI,2025Q2,0.02
VTSI,2025Q1,0.11
VUZI,2026Q1,-0.09
VUZI,2025Q4,-0.12
VUZI,2025Q3,-0.09
VUZI,2025Q2,-0.1
VUZI,2025Q1,-0.11
VZ,2026Q2,0.92
VZ,2026Q1,1.2
VZ,2025Q4,0.55
VZ,2025Q3,1.17
VZ,2025Q2,1.18
W,2026Q2,-0.01
W,2026Q1,-0.8
W,2025Q4,-0.89
W,2025Q3,-0.76
W,2025Q2,0.11
WAB,2026Q2,2.33
WAB,2026Q1,2.12
WAB,2025Q4,1.18
WAB,2025Q3,1.81
WAB,2025Q2,1.96
WABC,2026Q2,1.17
WABC,2026Q1,1.13
WABC,2025Q4,1.12
WABC,2025Q3,1.12
WABC,2025Q2,1.12
WAL,2026Q2,2.36
WAL,2026Q1,1.65
WAL,2025Q4,2.59
WAL,2025Q3,2.28
WAL,2025Q2,2.07
WAT,2026Q2,-1.39
WAT,2026Q1,-0.87
WAT,2025Q4,3.77
WAT,2025Q3,2.5
WAT,2025Q2,2.47
WATT,2026Q1,-0.43
WATT,2025Q3,-1.31
WATT,2025Q2,-2.4
WATT,2025Q1,-3.55
WAY,2026Q2,0.21
WAY,2026Q1,0.22
WAY,2025Q4,0.1
WAY,2025Q3,0.17
WAY,2025Q2,0.18
WBD,2026Q2,0.06
WBD,2026Q1,-1.17
WBD,2025Q3,-0.06
WBD,2025Q2,0.63
WBD,2025Q1,-0.18
WBS,2026Q2,1.56
WBS,2026Q1,1.5
WBS,2025Q4,1.55
WBS,2025Q3,1.54
WBS,2025Q2,1.52
WBTN,2026Q1,-0.07
WBTN,2025Q4,-2.36
WBTN,2025Q3,-0.09
WBTN,2025Q2,-0.03
WBTN,2025Q1,-0.17
WCC,2026Q2,4.23
WCC,2026Q1,3.11
WCC,2025Q4,3.34
WCC,2025Q3,3.79
WCC,2025Q2,3.83
WDAY,2026Q2,0.87
WDAY,2026Q1,0.55
WDAY,2025Q4,0.94
WDAY,2025Q3,0.84
WDAY,2025Q2,0.25
WDC,2026Q2,8.213368
WDC,2026Q1,8.2
WDC,2025Q4,4.73
WDC,2025Q3,3.07
WDC,2025Q2,0.754144
WEAV,2026Q2,-0.05
WEAV,2026Q1,-0.07
WEAV,2025Q4,-0.02
WEAV,2025Q3,-0.11
WEAV,2025Q2,-0.11
WEC,2026Q2,0.91
WEC,2026Q1,2.45
WEC,2025Q4,0.97
WEC,2025Q3,0.83
WEC,2025Q2,0.76
WELL,2026Q2,0.61
WELL,2026Q1,1.02
WELL,2025Q4,0.14
WELL,2025Q3,0.41
WELL,2025Q2,0.45
WEST,2026Q2,-0.14
WEST,2026Q1,-0.09
WEST,2025Q3,-0.2
WEST,2025Q2,-0.23
WEST,2025Q1,-0.29
WETH,2026Q1,0.32
WETH,2025Q3,0.21
WEX,2026Q2,3.11
WEX,2026Q1,2.22
WEX,2025Q4,2.41
WEX,2025Q3,2.3
WEX,2025Q2,1.98
WEYS,2026Q2,1.39
WEYS,2026Q1,0.64
WEYS,2025Q4,0.91
WEYS,2025Q3,0.69
WEYS,2025Q2,0.24
WF,2026Q1,2322.0
WF,2025Q3,4953.0
WF,2025Q2,3675.0
WF,2025Q1,2343.0
WFC,2026Q2,2.0
WFC,2026Q1,1.6
WFC,2025Q4,1.62
WFC,2025Q3,1.66
WFC,2025Q2,1.6
WFCF,2026Q2,0.08
WFCF,2026Q1,0.02
WFCF,2025Q4,-0.04
WFCF,2025Q3,0.22
WFCF,2025Q2,0.11
WFG,2026Q2,-0.78
WFG,2026Q1,-2.4
WFG,2025Q3,-2.63
WFG,2025Q2,-0.38
WFG,2025Q1,0.46
WGO,2026Q2,0.51
WGO,2026Q1,0.17
WGO,2025Q4,0.19
WGO,2025Q3,0.49
WGO,2025Q2,0.62
WGRX,2026Q1,-3.5
WGRX,2025Q3,-23.0
WGRX,2025Q2,-5.5
WGRX,2025Q1,-31.0
WGS,2026Q2,-0.6
WGS,2026Q1,-2.16
WGS,2025Q3,-0.27
WGS,2025Q2,0.36
WGS,2025Q1,-0.23
WH,2026Q2,1.36
WH,2026Q1,0.8
WH,2025Q4,-0.8
WH,2025Q3,1.36
WH,2025Q2,1.13
WHD,2026Q2,0.7
WHD,2026Q1,-0.7
WHD,2025Q4,0.57
WHD,2025Q3,0.6
WHD,2025Q2,0.59
WHG,2026Q2,0.17
WHG,2026Q1,0.09
WHG,2025Q4,0.21
WHG,2025Q3,0.41
WHG,2025Q2,0.12
WHR,2026Q2,1.15
WHR,2026Q1,-1.43
WHR,2025Q4,1.91
WHR,2025Q3,1.29
WHR,2025Q2,1.17
WHWK,2026Q2,-0.2
WHWK,2026Q1,-0.32
WHWK,2025Q4,-0.34
WHWK,2025Q3,-0.26
WHWK,2025Q2,-0.76
WIT,2026Q2,3.2
WIT,2026Q1,3.33
WIT,2025Q4,2.97
WIT,2025Q3,3.09
WIT,2025Q2,3.17
WK,2026Q2,0.24
WK,2026Q1,0.33
WK,2025Q4,0.21
WK,2025Q3,0.05
WK,2025Q1,-0.38
WLDN,2026Q2,1.58
WLDN,2026Q1,0.55
WLDN,2025Q4,1.23
WLDN,2025Q3,0.9
WLDN,2025Q2,1.03
WLFC,2026Q2,1.31
WLFC,2026Q1,1.163333
WLFC,2025Q4,0.506667
WLFC,2025Q3,1.083333
WLFC,2025Q2,2.81
WLK,2026Q2,2.01
WLK,2026Q1,-1.31
WLK,2025Q4,-4.22
WLK,2025Q3,-6.06
WLK,2025Q2,-1.11
WLYB,2026Q2,2.61
WLYB,2026Q1,0.56
WLYB,2025Q4,0.84
WLYB,2025Q3,0.22
WLYB,2025Q2,1.25
WM,2026Q2,0.24375
WM,2026Q1,1.79
WM,2025Q4,1.83
WM,2025Q3,1.49
WM,2025Q2,1.8
WMB,2026Q2,0.68
WMB,2026Q1,0.7
WMB,2025Q3,0.53
WMB,2025Q2,0.45
WMB,2025Q1,0.56
WMT,2026Q2,0.67
WMT,2026Q1,0.53
WMT,2025Q4,0.77
WMT,2025Q3,0.88
WMT,2025Q2,0.56
WNEB,2026Q2,0.18
WNEB,2026Q1,0.24
WNEB,2025Q4,0.26
WNEB,2025Q3,0.16
WNEB,2025Q2,0.23
WOLF,2026Q1,-3.05
WOLF,2025Q4,-5.50338
WOLF,2025Q3,2.22
WOLF,2025Q1,-1.86
WOLF,2024Q4,-2.383071
WPM,2026Q2,1.194
WPM,2026Q1,1.279
WPM,2025Q3,0.807
WPM,2025Q2,0.643
WPM,2025Q1,0.559
WRB,2026Q2,1.15
WRB,2026Q1,1.31
WRB,2025Q4,1.13
WRB,2025Q3,1.28
WRB,2025Q2,1.0
WRBY,2026Q2,0.04
WRBY,2026Q1,0.03
WRBY,2025Q4,-0.05
WRBY,2025Q3,0.05
WRBY,2025Q2,-0.01
WSBC,2026Q2,0.91
WSBC,2026Q1,0.88
WSBC,2025Q4,0.81
WSBC,2025Q3,0.84
WSBC,2025Q2,0.57
WSC,2026Q2,0.26
WSC,2026Q1,0.15
WSC,2025Q4,-1.03
WSC,2025Q3,0.24
WSC,2025Q2,0.26
WSO,2026Q2,4.0
WSO,2026Q1,1.87
WSO,2025Q4,1.571055
WSO,2025Q3,3.720959
WSO,2025Q2,4.232209
WSO-B,2026Q2,4.0
WSO-B,2026Q1,1.87
WSO-B,2025Q4,1.571055
WSO-B,2025Q3,3.720959
WSO-B,2025Q2,4.232209
WST,2026Q2,2.15
WST,2026Q1,1.92
WST,2025Q4,1.82
WST,2025Q3,1.92
WST,2025Q2,1.82
WT,2026Q2,0.28
WT,2026Q1,-0.17
WT,2025Q4,0.28
WT,2025Q3,0.13
WT,2025Q2,0.17
WTFC,2026Q2,3.3
WTFC,2026Q1,3.22
WTFC,2025Q4,3.15
WTFC,2025Q3,2.78
WTFC,2025Q2,2.78
WTI,2026Q2,0.08
WTI,2026Q1,-0.15
WTI,2025Q4,-0.18
WTI,2025Q3,-0.48
WTI,2025Q2,-0.14
WTRG,2026Q2,0.37
WTRG,2026Q1,0.79
WTRG,2025Q4,0.47
WTRG,2025Q3,0.33
WTRG,2025Q2,0.38
WWD,2026Q2,2.4
WWD,2026Q1,2.19
WWD,2025Q4,2.17
WWD,2025Q3,2.23
WWD,2025Q2,1.76
WWW,2026Q1,0.24
WWW,2025Q4,0.38
WWW,2025Q3,0.3
WWW,2025Q2,0.32
WWW,2025Q1,0.15
WY,2026Q2,0.224408
WY,2026Q1,0.22
WY,2025Q4,0.1
WY,2025Q3,0.11
WY,2025Q2,0.12
WYNN,2026Q2,1.32
WYNN,2026Q1,1.04
WYNN,2025Q4,0.82
WYNN,2025Q3,0.85
WYNN,2025Q2,0.64
XAIR,2026Q1,-15.4
XAIR,2025Q4,-17.0
XAIR,2025Q3,-25.0
XAIR,2025Q2,-30.6
XAIR,2025Q1,-36.0
XBIT,2026Q1,-0.18
XBIT,2025Q3,-0.2
XBIT,2025Q2,-0.06
XBIT,2025Q1,-0.36
XBP,2026Q1,-2.28
XBP,2025Q2,-1.9
XBP,2025Q1,11.095309
XEL,2026Q2,0.93
XEL,2026Q1,0.89
XEL,2025Q4,0.95
XEL,2025Q3,0.88
XEL,2025Q2,0.75
XHR,2026Q2,-0.21
XHR,2026Q1,0.21
XHR,2025Q4,0.07
XHR,2025Q3,-0.14
XHR,2025Q2,0.56
XMTR,2026Q2,-0.1
XMTR,2026Q1,-0.1
XMTR,2025Q4,-0.17
XMTR,2025Q3,-0.23
XMTR,2025Q2,-0.52
XOM,2026Q2,3.48
XOM,2026Q1,1.0
XOM,2025Q4,1.53
XOM,2025Q3,1.76
XOM,2025Q2,1.64
XPEL,2026Q2,0.65
XPEL,2026Q1,0.37
XPEL,2025Q4,0.48
XPEL,2025Q3,0.47
XPEL,2025Q2,0.59
XPO,2026Q2,1.36
XPO,2026Q1,0.85
XPO,2025Q4,0.5
XPO,2025Q3,0.68
XPO,2025Q2,0.89
XPON,2026Q1,-2.04
XPON,2025Q3,1.2
XPON,2025Q2,-4.92
XPON,2025Q1,-4.44
XPRO,2026Q2,0.02
XPRO,2026Q1,-0.01
XPRO,2025Q4,0.05
XPRO,2025Q3,0.12
XPRO,2025Q2,0.16
XTIA,2026Q1,-1.0
XTIA,2025Q4,-0.66
XTIA,2025Q3,-0.61
XTIA,2025Q2,-2.93
XTIA,2025Q1,-3.8
XYL,2026Q2,1.11
XYL,2026Q1,0.79
XYL,2025Q3,0.93
XYL,2025Q1,0.69
XYZ,2026Q2,0.15
XYZ,2026Q1,-0.52
XYZ,2025Q3,0.74
XYZ,2025Q2,0.87
XYZ,2025Q1,0.3
XZO,2026Q2,0.26
XZO,2026Q1,0.22
XZO,2025Q4,0.25
XZO,2025Q3,0.233194
XZO,2025Q2,0.238839
YELP,2026Q2,0.57
YELP,2026Q1,0.3
YELP,2025Q4,0.61
YELP,2025Q3,0.61
YELP,2025Q2,0.67
YEXT,2026Q2,0.02
YEXT,2026Q1,0.01
YEXT,2025Q4,0.01
YEXT,2025Q3,0.03
YEXT,2025Q2,0.01
YHC,2026Q1,-4.0
YHC,2025Q3,-150.0
YHC,2025Q2,-110.0
YHC,2025Q1,-385.0
ZBH,2026Q2,1.03
ZBH,2026Q1,1.22
ZBH,2025Q3,1.16
ZBH,2025Q2,0.77
ZBH,2025Q1,0.91
ZBRA,2026Q2,4.85
ZBRA,2026Q1,2.72
ZBRA,2025Q4,1.39
ZBRA,2025Q3,1.97
ZBRA,2025Q2,2.19
ZETA,2026Q2,0.032646
ZETA,2026Q1,-0.053264
ZETA,2025Q4,0.026709
ZETA,2025Q3,-0.01528
ZETA,2025Q2,-0.053986
ZS,2026Q2,-0.09
ZS,2026Q1,-0.21
ZS,2025Q4,-0.07
ZS,2025Q3,-0.11
ZS,2025Q2,-0.03
ZTEK,2025Q4,-0.02
ZTEK,2025Q3,-0.02
ZTEK,2025Q2,-0.01
ZTEK,2024Q4,-0.02
ZTS,2026Q2,1.65
ZTS,2026Q1,1.42
ZTS,2025Q4,1.37
ZTS,2025Q3,1.63
ZTS,2025Q2,1.63
ZVIA,2026Q2,-0.04
ZVIA,2026Q1,-0.03
ZVIA,2025Q4,-0.02
ZVIA,2025Q3,-0.04
ZVIA,2025Q2,-0.01
ZWS,2026Q2,0.67
ZWS,2026Q1,0.35
ZWS,2025Q4,0.24
ZWS,2025Q3,0.35
ZWS,2025Q2,0.29
